Date,OrderID,WarehouseID,ProductID,Stage,OpenUnits,OpenValueUSD,OverdueUnits,AgeUnitDays
2024-01-31,824,1,28,Pack,18,282.06,0,0
2024-01-31,825,1,9,Pack,4,63.36,0,0
2024-01-31,826,1,21,Pack,4,132.56,0,0
2024-01-31,827,1,3,Pack,16,840.48,0,0
2024-01-31,828,1,15,Pack,16,1146.08,0,0
2024-01-31,829,1,24,Pack,19,2389.25,0,0
2024-01-31,830,1,16,Pack,13,449.15,0,0
2024-01-31,831,1,19,Pack,9,190.26,0,0
2024-01-31,832,1,7,Pack,4,350.84,0,0
2024-01-31,833,1,3,Pack,8,420.24,0,0
2024-01-31,834,1,18,Pack,18,1303.74,0,0
2024-01-31,787,1,32,Dispatch,6,98.22,0,6
2024-01-31,788,1,10,Dispatch,11,1083.17,0,11
2024-01-31,789,1,14,Dispatch,12,1116.24,0,12
2024-01-31,790,1,20,Dispatch,16,1450.72,0,16
2024-01-31,791,1,30,Dispatch,20,928.2,0,20
2024-01-31,792,1,12,Dispatch,14,1271.9,0,14
2024-01-31,793,1,16,Dispatch,16,552.8,0,16
2024-01-31,794,1,15,Dispatch,6,429.78,0,6
2024-01-31,795,1,27,Dispatch,7,854.0,0,7
2024-01-31,796,1,31,Dispatch,5,166.25,0,5
2024-01-31,797,1,32,Dispatch,20,327.4,0,20
2024-01-31,845,2,27,Pick,3,366.0,0,0
2024-01-31,846,2,8,Pick,12,865.8,0,0
2024-01-31,847,2,15,Pick,8,573.04,0,0
2024-01-31,848,2,15,Pick,11,787.93,0,0
2024-01-31,849,2,5,Pick,20,174.2,0,0
2024-01-31,440,2,24,Pack,8,1006.0,8,120
2024-01-31,542,2,24,Pack,10,1257.5,10,120
2024-01-31,582,2,24,Pack,15,1886.25,15,135
2024-01-31,659,2,24,Pack,16,2012.0,16,112
2024-01-31,697,2,24,Pack,21,2640.75,21,126
2024-01-31,768,2,24,Pack,11,1383.25,0,22
2024-01-31,835,2,5,Pack,5,43.55,0,0
2024-01-31,836,2,9,Pack,20,316.8,0,0
2024-01-31,837,2,8,Pack,3,216.45,0,0
2024-01-31,838,2,1,Pack,5,599.3,0,0
2024-01-31,839,2,24,Pack,18,2263.5,0,0
2024-01-31,840,2,29,Pack,15,337.65,0,0
2024-01-31,841,2,3,Pack,20,1050.6,0,0
2024-01-31,842,2,30,Pack,19,881.79,0,0
2024-01-31,843,2,8,Pack,7,505.05,0,0
2024-01-31,844,2,22,Pack,10,290.6,0,0
2024-01-31,845,2,27,Pack,2,244.0,0,0
2024-01-31,798,2,13,Dispatch,3,340.38,0,3
2024-01-31,799,2,18,Dispatch,3,217.29,0,3
2024-01-31,800,2,10,Dispatch,13,1280.11,0,13
2024-01-31,801,2,6,Dispatch,7,119.77,0,7
2024-01-31,802,2,12,Dispatch,8,726.8,0,8
2024-01-31,803,2,16,Dispatch,14,483.7,0,14
2024-01-31,804,2,11,Dispatch,9,745.38,0,9
2024-01-31,805,2,13,Dispatch,3,340.38,0,3
2024-01-31,806,2,3,Dispatch,19,998.07,0,19
2024-01-31,807,2,8,Dispatch,12,865.8,0,12
2024-01-31,808,2,14,Dispatch,16,1488.32,0,16
2024-01-31,809,2,23,Dispatch,8,992.4,0,8
2024-01-31,810,2,13,Dispatch,18,2042.28,0,18
2024-01-31,811,2,22,Dispatch,11,319.66,0,11
2024-01-31,812,2,19,Dispatch,18,380.52,0,18
2024-01-31,850,3,32,Pack,7,114.59,0,0
2024-01-31,851,3,20,Pack,18,1632.06,0,0
2024-01-31,852,3,19,Pack,14,295.96,0,0
2024-01-31,853,3,27,Pack,17,2074.0,0,0
2024-01-31,854,3,12,Pack,11,999.35,0,0
2024-01-31,855,3,26,Pack,6,517.38,0,0
2024-01-31,856,3,23,Pack,15,1860.75,0,0
2024-01-31,857,3,12,Pack,7,635.95,0,0
2024-01-31,858,3,11,Pack,21,1739.22,0,0
2024-01-31,859,3,24,Pack,3,377.25,0,0
2024-01-31,860,3,21,Pack,15,497.1,0,0
2024-01-31,861,3,6,Pack,21,359.31,0,0
2024-01-31,813,3,16,Dispatch,16,552.8,0,16
2024-01-31,814,3,14,Dispatch,15,1395.3,0,15
2024-01-31,815,3,23,Dispatch,16,1984.8,0,16
2024-01-31,816,3,16,Dispatch,4,138.2,0,4
2024-01-31,817,3,2,Dispatch,5,455.7,0,5
2024-01-31,818,3,21,Dispatch,4,132.56,0,4
2024-01-31,819,3,5,Dispatch,5,43.55,0,5
2024-01-31,820,3,14,Dispatch,15,1395.3,0,15
2024-01-31,821,3,2,Dispatch,20,1822.8,0,20
2024-01-31,822,3,26,Dispatch,7,603.61,0,7
2024-01-31,823,3,20,Dispatch,15,1360.05,0,15
2024-02-29,1618,1,14,Pack,13,1209.26,0,0
2024-02-29,1619,1,31,Pack,14,465.5,0,0
2024-02-29,1620,1,17,Pack,5,573.35,0,0
2024-02-29,1621,1,3,Pack,14,735.42,0,0
2024-02-29,1622,1,28,Pack,6,94.02,0,0
2024-02-29,1623,1,30,Pack,7,324.87,0,0
2024-02-29,1624,1,25,Pack,4,81.2,0,0
2024-02-29,1625,1,7,Pack,5,438.55,0,0
2024-02-29,1626,1,10,Pack,9,886.23,0,0
2024-02-29,1627,1,3,Pack,12,630.36,0,0
2024-02-29,1628,1,11,Pack,4,331.28,0,0
2024-02-29,1629,1,11,Pack,20,1656.4,0,0
2024-02-29,1630,1,25,Pack,5,101.5,0,0
2024-02-29,1578,1,6,Dispatch,11,188.21,0,11
2024-02-29,1579,1,22,Dispatch,9,261.54,0,9
2024-02-29,1580,1,10,Dispatch,13,1280.11,0,13
2024-02-29,1581,1,31,Dispatch,14,465.5,0,14
2024-02-29,1582,1,32,Dispatch,19,311.03,0,19
2024-02-29,1583,1,21,Dispatch,8,265.12,0,8
2024-02-29,1584,1,29,Dispatch,10,225.1,0,10
2024-02-29,1585,1,23,Dispatch,21,2605.05,0,21
2024-02-29,1586,1,6,Dispatch,7,119.77,0,7
2024-02-29,1587,1,18,Dispatch,4,289.72,0,4
2024-02-29,1588,1,19,Dispatch,11,232.54,0,11
2024-02-29,1589,1,19,Dispatch,17,359.38,0,17
2024-02-29,1590,1,2,Dispatch,4,364.56,0,4
2024-02-29,1591,1,28,Dispatch,3,47.01,0,3
2024-02-29,1631,2,29,Pack,6,135.06,0,0
2024-02-29,1632,2,29,Pack,9,202.59,0,0
2024-02-29,1633,2,17,Pack,4,458.68,0,0
2024-02-29,1634,2,2,Pack,4,364.56,0,0
2024-02-29,1635,2,11,Pack,21,1739.22,0,0
2024-02-29,1636,2,18,Pack,12,869.16,0,0
2024-02-29,1637,2,9,Pack,3,47.52,0,0
2024-02-29,1638,2,21,Pack,12,397.68,0,0
2024-02-29,1639,2,6,Pack,7,119.77,0,0
2024-02-29,1640,2,14,Pack,8,744.16,0,0
2024-02-29,1641,2,3,Pack,7,367.71,0,0
2024-02-29,1642,2,27,Pack,17,2074.0,0,0
2024-02-29,1564,2,32,Dispatch,3,49.11,0,6
2024-02-29,1592,2,30,Dispatch,12,556.92,0,12
2024-02-29,1593,2,7,Dispatch,10,877.1,0,10
2024-02-29,1594,2,10,Dispatch,17,1673.99,0,17
2024-02-29,1595,2,9,Dispatch,3,47.52,0,3
2024-02-29,1596,2,23,Dispatch,14,1736.7,0,14
2024-02-29,1597,2,19,Dispatch,14,295.96,0,14
2024-02-29,1598,2,13,Dispatch,3,340.38,0,3
2024-02-29,1599,2,25,Dispatch,12,243.6,0,12
2024-02-29,1600,2,19,Dispatch,21,443.94,0,21
2024-02-29,1601,2,25,Dispatch,3,60.9,0,3
2024-02-29,1602,2,22,Dispatch,20,581.2,0,20
2024-02-29,1603,2,24,Dispatch,3,377.25,0,3
2024-02-29,1604,2,17,Dispatch,7,802.69,0,7
2024-02-29,1605,2,1,Dispatch,8,958.88,0,8
2024-02-29,1643,3,10,Pack,20,1969.4,0,0
2024-02-29,1644,3,7,Pack,3,263.13,0,0
2024-02-29,1645,3,6,Pack,9,153.99,0,0
2024-02-29,1646,3,14,Pack,9,837.18,0,0
2024-02-29,1647,3,19,Pack,16,338.24,0,0
2024-02-29,1648,3,11,Pack,6,496.92,0,0
2024-02-29,1649,3,15,Pack,9,644.67,0,0
2024-02-29,1650,3,23,Pack,7,868.35,0,0
2024-02-29,1651,3,8,Pack,13,937.95,0,0
2024-02-29,1652,3,14,Pack,8,744.16,0,0
2024-02-29,1653,3,24,Pack,20,2515.0,0,0
2024-02-29,1654,3,11,Pack,12,993.84,0,0
2024-02-29,1655,3,22,Pack,8,232.48,0,0
2024-02-29,1656,3,11,Pack,19,1573.58,0,0
2024-02-29,1606,3,17,Dispatch,3,344.01,0,3
2024-02-29,1607,3,22,Dispatch,15,435.9,0,15
2024-02-29,1608,3,1,Dispatch,6,719.16,0,6
2024-02-29,1609,3,5,Dispatch,20,174.2,0,20
2024-02-29,1610,3,22,Dispatch,5,145.3,0,5
2024-02-29,1611,3,32,Dispatch,20,327.4,0,20
2024-02-29,1612,3,21,Dispatch,13,430.82,0,13
2024-02-29,1613,3,7,Dispatch,18,1578.78,0,18
2024-02-29,1614,3,25,Dispatch,5,101.5,0,5
2024-02-29,1615,3,21,Dispatch,20,662.8,0,20
2024-02-29,1616,3,19,Dispatch,7,147.98,0,7
2024-02-29,1617,3,30,Dispatch,10,464.1,0,10
2024-03-31,2421,1,19,Pack,7,147.98,0,14
2024-03-31,2422,1,12,Pack,14,1271.9,0,28
2024-03-31,2423,1,19,Pack,14,295.96,0,28
2024-03-31,2424,1,1,Pack,6,719.16,0,12
2024-03-31,2425,1,18,Pack,12,869.16,0,24
2024-03-31,2426,1,26,Pack,22,1897.06,0,44
2024-03-31,2427,1,29,Pack,9,202.59,0,18
2024-03-31,2428,1,26,Pack,21,1810.83,0,42
2024-03-31,2429,1,28,Pack,21,329.07,0,42
2024-03-31,2430,1,16,Pack,10,345.5,0,20
2024-03-31,2431,1,7,Pack,5,438.55,0,10
2024-03-31,2432,1,21,Pack,14,463.96,0,28
2024-03-31,2384,1,3,Dispatch,10,525.3,0,30
2024-03-31,2385,1,32,Dispatch,22,360.14,0,66
2024-03-31,2386,1,12,Dispatch,13,1181.05,0,39
2024-03-31,2387,1,21,Dispatch,8,265.12,0,24
2024-03-31,2388,1,2,Dispatch,7,637.98,0,21
2024-03-31,2389,1,14,Dispatch,6,558.12,0,18
2024-03-31,2390,1,21,Dispatch,6,198.84,0,18
2024-03-31,2391,1,2,Dispatch,22,2005.08,0,66
2024-03-31,2392,1,23,Dispatch,10,1240.5,0,30
2024-03-31,2393,1,8,Dispatch,12,865.8,0,36
2024-03-31,2394,1,10,Dispatch,8,787.76,0,24
2024-03-31,2395,1,6,Dispatch,5,85.55,0,15
2024-03-31,2396,1,31,Dispatch,15,498.75,0,45
2024-03-31,2397,1,11,Dispatch,9,745.38,0,27
2024-03-31,2433,2,25,Pack,4,81.2,0,8
2024-03-31,2434,2,32,Pack,5,81.85,0,10
2024-03-31,2435,2,4,Pack,5,605.9,0,10
2024-03-31,2436,2,22,Pack,9,261.54,0,18
2024-03-31,2437,2,32,Pack,22,360.14,0,44
2024-03-31,2438,2,26,Pack,18,1552.14,0,36
2024-03-31,2439,2,19,Pack,21,443.94,0,42
2024-03-31,2440,2,2,Pack,4,364.56,0,8
2024-03-31,2441,2,23,Pack,11,1364.55,0,22
2024-03-31,2442,2,10,Pack,12,1181.64,0,24
2024-03-31,2443,2,3,Pack,19,998.07,0,38
2024-03-31,2398,2,20,Dispatch,21,1904.07,0,63
2024-03-31,2399,2,5,Dispatch,18,156.78,0,54
2024-03-31,2400,2,8,Dispatch,12,865.8,0,36
2024-03-31,2401,2,8,Dispatch,4,288.6,0,12
2024-03-31,2402,2,4,Dispatch,17,2060.06,0,51
2024-03-31,2403,2,1,Dispatch,6,719.16,0,18
2024-03-31,2404,2,18,Dispatch,20,1448.6,0,60
2024-03-31,2405,2,29,Dispatch,14,315.14,0,42
2024-03-31,2406,2,5,Dispatch,10,87.1,0,30
2024-03-31,2407,2,10,Dispatch,4,393.88,0,12
2024-03-31,2408,2,10,Dispatch,15,1477.05,0,45
2024-03-31,2409,2,25,Dispatch,21,426.3,0,63
2024-03-31,2410,2,3,Dispatch,18,945.54,0,54
2024-03-31,2444,3,28,Pack,21,329.07,0,42
2024-03-31,2445,3,18,Pack,3,217.29,0,6
2024-03-31,2446,3,2,Pack,8,729.12,0,16
2024-03-31,2447,3,23,Pack,3,372.15,0,6
2024-03-31,2448,3,16,Pack,8,276.4,0,16
2024-03-31,2449,3,14,Pack,13,1209.26,0,26
2024-03-31,2450,3,9,Pack,13,205.92,0,26
2024-03-31,2451,3,20,Pack,6,544.02,0,12
2024-03-31,2452,3,22,Pack,5,145.3,0,10
2024-03-31,2453,3,2,Pack,17,1549.38,0,34
2024-03-31,2454,3,9,Pack,17,269.28,0,34
2024-03-31,2455,3,4,Pack,11,1332.98,0,22
2024-03-31,2411,3,22,Dispatch,22,639.32,0,66
2024-03-31,2412,3,5,Dispatch,9,78.39,0,27
2024-03-31,2413,3,28,Dispatch,16,250.72,0,48
2024-03-31,2414,3,4,Dispatch,14,1696.52,0,42
2024-03-31,2415,3,32,Dispatch,20,327.4,0,60
2024-03-31,2416,3,17,Dispatch,5,573.35,0,15
2024-03-31,2417,3,11,Dispatch,9,745.38,0,27
2024-03-31,2418,3,32,Dispatch,8,130.96,0,24
2024-03-31,2419,3,1,Dispatch,12,1438.32,0,36
2024-03-31,2420,3,25,Dispatch,6,121.8,0,18
2024-04-30,3251,1,11,Pack,12,993.84,0,0
2024-04-30,3252,1,28,Pack,11,172.37,0,0
2024-04-30,3253,1,1,Pack,9,1078.74,0,0
2024-04-30,3254,1,30,Pack,3,139.23,0,0
2024-04-30,3255,1,24,Pack,8,1006.0,0,0
2024-04-30,3256,1,16,Pack,18,621.9,0,0
2024-04-30,3257,1,18,Pack,10,724.3,0,0
2024-04-30,3258,1,26,Pack,14,1207.22,0,0
2024-04-30,3259,1,24,Pack,6,754.5,0,0
2024-04-30,3260,1,8,Pack,18,1298.7,0,0
2024-04-30,3261,1,27,Pack,14,1708.0,0,0
2024-04-30,3262,1,19,Pack,17,359.38,0,0
2024-04-30,3177,1,9,Dispatch,10,158.4,10,40
2024-04-30,3185,1,16,Dispatch,3,103.65,3,12
2024-04-30,3210,1,28,Dispatch,3,47.01,0,3
2024-04-30,3211,1,5,Dispatch,7,60.97,0,7
2024-04-30,3212,1,28,Dispatch,21,329.07,0,21
2024-04-30,3213,1,19,Dispatch,14,295.96,0,14
2024-04-30,3214,1,21,Dispatch,5,165.7,0,5
2024-04-30,3215,1,22,Dispatch,15,435.9,0,15
2024-04-30,3216,1,25,Dispatch,10,203.0,0,10
2024-04-30,3217,1,29,Dispatch,21,472.71,0,21
2024-04-30,3218,1,11,Dispatch,4,331.28,0,4
2024-04-30,3219,1,18,Dispatch,19,1376.17,0,19
2024-04-30,3220,1,10,Dispatch,17,1673.99,0,17
2024-04-30,3221,1,31,Dispatch,20,665.0,0,20
2024-04-30,3263,2,23,Pack,3,372.15,0,0
2024-04-30,3264,2,18,Pack,21,1521.03,0,0
2024-04-30,3265,2,9,Pack,4,63.36,0,0
2024-04-30,3266,2,26,Pack,19,1638.37,0,0
2024-04-30,3267,2,29,Pack,12,270.12,0,0
2024-04-30,3268,2,9,Pack,20,316.8,0,0
2024-04-30,3269,2,9,Pack,6,95.04,0,0
2024-04-30,3270,2,28,Pack,4,62.68,0,0
2024-04-30,3271,2,32,Pack,3,49.11,0,0
2024-04-30,3272,2,15,Pack,19,1360.97,0,0
2024-04-30,3273,2,19,Pack,5,105.7,0,0
2024-04-30,3004,2,9,Dispatch,3,47.52,3,33
2024-04-30,3123,2,9,Dispatch,5,79.2,5,30
2024-04-30,3222,2,23,Dispatch,3,372.15,0,3
2024-04-30,3223,2,9,Dispatch,11,174.24,0,11
2024-04-30,3224,2,20,Dispatch,16,1450.72,0,16
2024-04-30,3225,2,16,Dispatch,15,518.25,0,15
2024-04-30,3226,2,27,Dispatch,17,2074.0,0,17
2024-04-30,3227,2,5,Dispatch,3,26.13,0,3
2024-04-30,3228,2,4,Dispatch,3,363.54,0,3
2024-04-30,3229,2,20,Dispatch,17,1541.39,0,17
2024-04-30,3230,2,31,Dispatch,20,665.0,0,20
2024-04-30,3231,2,17,Dispatch,14,1605.38,0,14
2024-04-30,3232,2,24,Dispatch,7,880.25,0,7
2024-04-30,3233,2,15,Dispatch,7,501.41,0,7
2024-04-30,3234,2,25,Dispatch,6,121.8,0,6
2024-04-30,3235,2,22,Dispatch,17,494.02,0,17
2024-04-30,3274,3,10,Pack,20,1969.4,0,0
2024-04-30,3275,3,15,Pack,3,214.89,0,0
2024-04-30,3276,3,10,Pack,3,295.41,0,0
2024-04-30,3277,3,25,Pack,18,365.4,0,0
2024-04-30,3278,3,22,Pack,16,464.96,0,0
2024-04-30,3279,3,12,Pack,13,1181.05,0,0
2024-04-30,3280,3,11,Pack,5,414.1,0,0
2024-04-30,3281,3,1,Pack,3,359.58,0,0
2024-04-30,3282,3,5,Pack,19,165.49,0,0
2024-04-30,3283,3,12,Pack,17,1544.45,0,0
2024-04-30,3284,3,2,Pack,6,546.84,0,0
2024-04-30,3285,3,32,Pack,17,278.29,0,0
2024-04-30,3286,3,12,Pack,17,1544.45,0,0
2024-04-30,3287,3,29,Pack,22,495.22,0,0
2024-04-30,3288,3,14,Pack,19,1767.38,0,0
2024-04-30,3236,3,21,Dispatch,14,463.96,0,14
2024-04-30,3237,3,22,Dispatch,7,203.42,0,7
2024-04-30,3238,3,3,Dispatch,19,998.07,0,19
2024-04-30,3239,3,12,Dispatch,22,1998.7,0,22
2024-04-30,3240,3,22,Dispatch,22,639.32,0,22
2024-04-30,3241,3,18,Dispatch,6,434.58,0,6
2024-04-30,3242,3,18,Dispatch,12,869.16,0,12
2024-04-30,3243,3,23,Dispatch,4,496.2,0,4
2024-04-30,3244,3,15,Dispatch,10,716.3,0,10
2024-04-30,3245,3,20,Dispatch,5,453.35,0,5
2024-04-30,3246,3,13,Dispatch,5,567.3,0,5
2024-04-30,3247,3,14,Dispatch,22,2046.44,0,22
2024-04-30,3248,3,31,Dispatch,7,232.75,0,7
2024-04-30,3249,3,4,Dispatch,10,1211.8,0,10
2024-04-30,3250,3,31,Dispatch,18,598.5,0,18
2024-05-31,4063,1,5,Pick,7,60.97,0,14
2024-05-31,4136,1,13,Pack,13,1474.98,0,0
2024-05-31,4137,1,23,Pack,15,1860.75,0,0
2024-05-31,4138,1,20,Pack,5,453.35,0,0
2024-05-31,4139,1,3,Pack,12,630.36,0,0
2024-05-31,4140,1,13,Pack,6,680.76,0,0
2024-05-31,4141,1,6,Pack,16,273.76,0,0
2024-05-31,4142,1,17,Pack,11,1261.37,0,0
2024-05-31,4143,1,21,Pack,21,695.94,0,0
2024-05-31,4144,1,31,Pack,7,232.75,0,0
2024-05-31,4145,1,25,Pack,20,406.0,0,0
2024-05-31,4146,1,22,Pack,4,116.24,0,0
2024-05-31,4147,1,30,Pack,12,556.92,0,0
2024-05-31,4068,1,27,Dispatch,1,122.0,0,2
2024-05-31,4068,1,27,Dispatch,6,732.0,0,12
2024-05-31,4095,1,7,Dispatch,22,1929.62,0,22
2024-05-31,4096,1,13,Dispatch,5,567.3,0,5
2024-05-31,4097,1,20,Dispatch,5,453.35,0,5
2024-05-31,4098,1,26,Dispatch,16,1379.68,0,16
2024-05-31,4099,1,12,Dispatch,22,1998.7,0,22
2024-05-31,4100,1,25,Dispatch,7,142.1,0,7
2024-05-31,4101,1,24,Dispatch,18,2263.5,0,18
2024-05-31,4102,1,13,Dispatch,15,1701.9,0,15
2024-05-31,4103,1,19,Dispatch,20,422.8,0,20
2024-05-31,4104,1,19,Dispatch,3,63.42,0,3
2024-05-31,4105,1,19,Dispatch,14,295.96,0,14
2024-05-31,4106,1,11,Dispatch,15,1242.3,0,15
2024-05-31,4107,1,12,Dispatch,18,1635.3,0,18
2024-05-31,3993,2,8,Pick,18,1298.7,18,72
2024-05-31,4029,2,12,Pick,4,363.4,0,12
2024-05-31,4031,2,12,Pick,8,726.8,0,24
2024-05-31,4077,2,8,Pick,7,505.05,0,14
2024-05-31,4117,2,8,Pick,9,649.35,0,9
2024-05-31,4159,2,12,Pick,8,726.8,0,0
2024-05-31,4121,2,24,Pack,3,377.25,0,3
2024-05-31,4148,2,31,Pack,5,166.25,0,0
2024-05-31,4149,2,32,Pack,10,163.7,0,0
2024-05-31,4150,2,5,Pack,11,95.81,0,0
2024-05-31,4151,2,24,Pack,3,377.25,0,0
2024-05-31,4152,2,21,Pack,14,463.96,0,0
2024-05-31,4153,2,24,Pack,22,2766.5,0,0
2024-05-31,4154,2,30,Pack,12,556.92,0,0
2024-05-31,4155,2,25,Pack,9,182.7,0,0
2024-05-31,4156,2,26,Pack,5,431.15,0,0
2024-05-31,4157,2,32,Pack,21,343.77,0,0
2024-05-31,4158,2,10,Pack,17,1673.99,0,0
2024-05-31,4160,2,18,Pack,4,289.72,0,0
2024-05-31,4161,2,24,Pack,14,1760.5,0,0
2024-05-31,4162,2,9,Pack,16,253.44,0,0
2024-05-31,4070,2,11,Dispatch,5,414.1,0,10
2024-05-31,4108,2,15,Dispatch,6,429.78,0,6
2024-05-31,4109,2,15,Dispatch,13,931.19,0,13
2024-05-31,4110,2,3,Dispatch,12,630.36,0,12
2024-05-31,4111,2,16,Dispatch,9,310.95,0,9
2024-05-31,4112,2,3,Dispatch,18,945.54,0,18
2024-05-31,4113,2,13,Dispatch,16,1815.36,0,16
2024-05-31,4114,2,29,Dispatch,21,472.71,0,21
2024-05-31,4115,2,2,Dispatch,20,1822.8,0,20
2024-05-31,4116,2,22,Dispatch,20,581.2,0,20
2024-05-31,4118,2,1,Dispatch,10,1198.6,0,10
2024-05-31,4119,2,3,Dispatch,22,1155.66,0,22
2024-05-31,4120,2,15,Dispatch,12,859.56,0,12
2024-05-31,4121,2,24,Dispatch,17,2137.75,0,17
2024-05-31,4163,3,5,Pack,13,113.23,0,0
2024-05-31,4164,3,29,Pack,11,247.61,0,0
2024-05-31,4165,3,18,Pack,18,1303.74,0,0
2024-05-31,4166,3,10,Pack,15,1477.05,0,0
2024-05-31,4167,3,30,Pack,10,464.1,0,0
2024-05-31,4168,3,7,Pack,18,1578.78,0,0
2024-05-31,4169,3,18,Pack,16,1158.88,0,0
2024-05-31,4170,3,10,Pack,9,886.23,0,0
2024-05-31,4171,3,32,Pack,9,147.33,0,0
2024-05-31,4172,3,18,Pack,5,362.15,0,0
2024-05-31,4173,3,6,Pack,22,376.42,0,0
2024-05-31,4174,3,20,Pack,3,272.01,0,0
2024-05-31,4175,3,20,Pack,22,1994.74,0,0
2024-05-31,4176,3,25,Pack,18,365.4,0,0
2024-05-31,4122,3,5,Dispatch,3,26.13,0,3
2024-05-31,4123,3,20,Dispatch,3,272.01,0,3
2024-05-31,4124,3,9,Dispatch,16,253.44,0,16
2024-05-31,4125,3,16,Dispatch,16,552.8,0,16
2024-05-31,4126,3,12,Dispatch,7,635.95,0,7
2024-05-31,4127,3,21,Dispatch,22,729.08,0,22
2024-05-31,4128,3,20,Dispatch,22,1994.74,0,22
2024-05-31,4129,3,23,Dispatch,18,2232.9,0,18
2024-05-31,4130,3,7,Dispatch,14,1227.94,0,14
2024-05-31,4131,3,15,Dispatch,9,644.67,0,9
2024-05-31,4132,3,6,Dispatch,6,102.66,0,6
2024-05-31,4133,3,4,Dispatch,16,1938.88,0,16
2024-05-31,4134,3,1,Dispatch,16,1917.76,0,16
2024-05-31,4135,3,25,Dispatch,5,101.5,0,5
2024-06-30,4922,1,19,Pack,15,317.1,0,30
2024-06-30,4923,1,19,Pack,4,84.56,0,8
2024-06-30,4924,1,21,Pack,15,497.1,0,30
2024-06-30,4925,1,14,Pack,9,837.18,0,18
2024-06-30,4926,1,4,Pack,14,1696.52,0,28
2024-06-30,4927,1,28,Pack,6,94.02,0,12
2024-06-30,4928,1,22,Pack,18,523.08,0,36
2024-06-30,4929,1,13,Pack,3,340.38,0,6
2024-06-30,4930,1,10,Pack,11,1083.17,0,22
2024-06-30,4931,1,24,Pack,11,1383.25,0,22
2024-06-30,4932,1,13,Pack,8,907.68,0,16
2024-06-30,4933,1,16,Pack,8,276.4,0,16
2024-06-30,4882,1,8,Dispatch,14,1010.1,0,42
2024-06-30,4883,1,26,Dispatch,7,603.61,0,21
2024-06-30,4884,1,30,Dispatch,11,510.51,0,33
2024-06-30,4885,1,31,Dispatch,7,232.75,0,21
2024-06-30,4886,1,3,Dispatch,9,472.77,0,27
2024-06-30,4887,1,31,Dispatch,18,598.5,0,54
2024-06-30,4888,1,30,Dispatch,9,417.69,0,27
2024-06-30,4889,1,24,Dispatch,21,2640.75,0,63
2024-06-30,4890,1,27,Dispatch,12,1464.0,0,36
2024-06-30,4891,1,10,Dispatch,11,1083.17,0,33
2024-06-30,4892,1,26,Dispatch,21,1810.83,0,63
2024-06-30,4893,1,10,Dispatch,20,1969.4,0,60
2024-06-30,4894,1,28,Dispatch,9,141.03,0,27
2024-06-30,4895,1,5,Dispatch,10,87.1,0,30
2024-06-30,4896,1,19,Dispatch,5,105.7,0,15
2024-06-30,4868,2,8,Pick,4,288.6,0,16
2024-06-30,4902,2,8,Pick,5,360.75,0,15
2024-06-30,4934,2,20,Pack,21,1904.07,0,42
2024-06-30,4935,2,17,Pack,12,1376.04,0,24
2024-06-30,4936,2,1,Pack,10,1198.6,0,20
2024-06-30,4937,2,18,Pack,15,1086.45,0,30
2024-06-30,4938,2,26,Pack,14,1207.22,0,28
2024-06-30,4939,2,22,Pack,21,610.26,0,42
2024-06-30,4940,2,21,Pack,7,231.98,0,14
2024-06-30,4941,2,11,Pack,17,1407.94,0,34
2024-06-30,4942,2,31,Pack,12,399.0,0,24
2024-06-30,4943,2,9,Pack,8,126.72,0,16
2024-06-30,4944,2,12,Pack,5,454.25,0,10
2024-06-30,4945,2,20,Pack,12,1088.04,0,24
2024-06-30,4946,2,28,Pack,3,47.01,0,6
2024-06-30,4897,2,19,Dispatch,8,169.12,0,24
2024-06-30,4898,2,18,Dispatch,21,1521.03,0,63
2024-06-30,4899,2,1,Dispatch,11,1318.46,0,33
2024-06-30,4900,2,2,Dispatch,17,1549.38,0,51
2024-06-30,4901,2,7,Dispatch,12,1052.52,0,36
2024-06-30,4903,2,31,Dispatch,22,731.5,0,66
2024-06-30,4904,2,17,Dispatch,15,1720.05,0,45
2024-06-30,4905,2,9,Dispatch,18,285.12,0,54
2024-06-30,4906,2,12,Dispatch,12,1090.2,0,36
2024-06-30,4907,2,5,Dispatch,20,174.2,0,60
2024-06-30,4908,2,20,Dispatch,9,816.03,0,27
2024-06-30,4909,2,11,Dispatch,3,248.46,0,9
2024-06-30,4910,2,31,Dispatch,21,698.25,0,63
2024-06-30,4712,3,18,Pick,2,144.86,2,20
2024-06-30,4721,3,18,Pick,18,1303.74,18,180
2024-06-30,4835,3,18,Pick,9,651.87,0,45
2024-06-30,4876,3,18,Pick,5,362.15,0,20
2024-06-30,4947,3,9,Pack,10,158.4,0,20
2024-06-30,4948,3,15,Pack,8,573.04,0,16
2024-06-30,4949,3,16,Pack,7,241.85,0,14
2024-06-30,4950,3,32,Pack,6,98.22,0,12
2024-06-30,4951,3,30,Pack,9,417.69,0,18
2024-06-30,4952,3,4,Pack,6,727.08,0,12
2024-06-30,4953,3,17,Pack,12,1376.04,0,24
2024-06-30,4954,3,25,Pack,18,365.4,0,36
2024-06-30,4955,3,31,Pack,10,332.5,0,20
2024-06-30,4956,3,22,Pack,19,552.14,0,38
2024-06-30,4957,3,23,Pack,18,2232.9,0,36
2024-06-30,4958,3,8,Pack,11,793.65,0,22
2024-06-30,4959,3,12,Pack,13,1181.05,0,26
2024-06-30,4911,3,5,Dispatch,7,60.97,0,21
2024-06-30,4912,3,31,Dispatch,8,266.0,0,24
2024-06-30,4913,3,21,Dispatch,9,298.26,0,27
2024-06-30,4914,3,8,Dispatch,14,1010.1,0,42
2024-06-30,4915,3,7,Dispatch,13,1140.23,0,39
2024-06-30,4916,3,32,Dispatch,15,245.55,0,45
2024-06-30,4917,3,10,Dispatch,15,1477.05,0,45
2024-06-30,4918,3,6,Dispatch,12,205.32,0,36
2024-06-30,4919,3,26,Dispatch,13,1120.99,0,39
2024-06-30,4920,3,2,Dispatch,7,637.98,0,21
2024-06-30,4921,3,4,Dispatch,15,1817.7,0,45
2024-07-31,5822,1,21,Pack,21,695.94,0,0
2024-07-31,5823,1,32,Pack,11,180.07,0,0
2024-07-31,5824,1,30,Pack,21,974.61,0,0
2024-07-31,5825,1,27,Pack,3,366.0,0,0
2024-07-31,5826,1,3,Pack,3,157.59,0,0
2024-07-31,5827,1,31,Pack,5,166.25,0,0
2024-07-31,5828,1,7,Pack,4,350.84,0,0
2024-07-31,5829,1,2,Pack,13,1184.82,0,0
2024-07-31,5830,1,17,Pack,10,1146.7,0,0
2024-07-31,5831,1,7,Pack,3,263.13,0,0
2024-07-31,5832,1,24,Pack,3,377.25,0,0
2024-07-31,5833,1,13,Pack,3,340.38,0,0
2024-07-31,5834,1,13,Pack,13,1474.98,0,0
2024-07-31,5783,1,29,Dispatch,20,450.2,0,20
2024-07-31,5784,1,12,Dispatch,16,1453.6,0,16
2024-07-31,5785,1,9,Dispatch,5,79.2,0,5
2024-07-31,5786,1,7,Dispatch,4,350.84,0,4
2024-07-31,5787,1,13,Dispatch,21,2382.66,0,21
2024-07-31,5788,1,1,Dispatch,15,1797.9,0,15
2024-07-31,5789,1,1,Dispatch,19,2277.34,0,19
2024-07-31,5790,1,20,Dispatch,4,362.68,0,4
2024-07-31,5791,1,15,Dispatch,16,1146.08,0,16
2024-07-31,5792,1,32,Dispatch,4,65.48,0,4
2024-07-31,5793,1,18,Dispatch,8,579.44,0,8
2024-07-31,5794,1,16,Dispatch,22,760.1,0,22
2024-07-31,5795,1,17,Dispatch,19,2178.73,0,19
2024-07-31,5796,1,18,Dispatch,21,1521.03,0,21
2024-07-31,5683,2,3,Pick,11,577.83,11,66
2024-07-31,5729,2,3,Pick,16,840.48,16,80
2024-07-31,5835,2,23,Pack,11,1364.55,0,0
2024-07-31,5836,2,14,Pack,21,1953.42,0,0
2024-07-31,5837,2,20,Pack,10,906.7,0,0
2024-07-31,5838,2,23,Pack,15,1860.75,0,0
2024-07-31,5839,2,21,Pack,10,331.4,0,0
2024-07-31,5840,2,15,Pack,19,1360.97,0,0
2024-07-31,5841,2,4,Pack,16,1938.88,0,0
2024-07-31,5842,2,26,Pack,10,862.3,0,0
2024-07-31,5843,2,16,Pack,16,552.8,0,0
2024-07-31,5844,2,13,Pack,6,680.76,0,0
2024-07-31,5845,2,10,Pack,11,1083.17,0,0
2024-07-31,5846,2,32,Pack,11,180.07,0,0
2024-07-31,5847,2,12,Pack,7,635.95,0,0
2024-07-31,5848,2,23,Pack,21,2605.05,0,0
2024-07-31,5849,2,25,Pack,14,284.2,0,0
2024-07-31,5797,2,29,Dispatch,7,157.57,0,7
2024-07-31,5798,2,10,Dispatch,13,1280.11,0,13
2024-07-31,5799,2,19,Dispatch,3,63.42,0,3
2024-07-31,5800,2,24,Dispatch,16,2012.0,0,16
2024-07-31,5801,2,5,Dispatch,19,165.49,0,19
2024-07-31,5802,2,24,Dispatch,16,2012.0,0,16
2024-07-31,5803,2,12,Dispatch,3,272.55,0,3
2024-07-31,5804,2,15,Dispatch,12,859.56,0,12
2024-07-31,5805,2,10,Dispatch,3,295.41,0,3
2024-07-31,5806,2,4,Dispatch,7,848.26,0,7
2024-07-31,5807,2,32,Dispatch,18,294.66,0,18
2024-07-31,5808,2,8,Dispatch,20,1443.0,0,20
2024-07-31,5809,2,22,Dispatch,16,464.96,0,16
2024-07-31,5741,3,31,Pack,12,399.0,0,60
2024-07-31,5850,3,3,Pack,19,998.07,0,0
2024-07-31,5851,3,15,Pack,9,644.67,0,0
2024-07-31,5852,3,28,Pack,16,250.72,0,0
2024-07-31,5853,3,19,Pack,7,147.98,0,0
2024-07-31,5854,3,15,Pack,10,716.3,0,0
2024-07-31,5855,3,5,Pack,7,60.97,0,0
2024-07-31,5856,3,19,Pack,14,295.96,0,0
2024-07-31,5857,3,2,Pack,16,1458.24,0,0
2024-07-31,5858,3,28,Pack,12,188.04,0,0
2024-07-31,5859,3,8,Pack,6,432.9,0,0
2024-07-31,5860,3,17,Pack,7,802.69,0,0
2024-07-31,5861,3,16,Pack,5,172.75,0,0
2024-07-31,5862,3,8,Pack,7,505.05,0,0
2024-07-31,5863,3,21,Pack,18,596.52,0,0
2024-07-31,5864,3,20,Pack,3,272.01,0,0
2024-07-31,5810,3,9,Dispatch,5,79.2,0,5
2024-07-31,5811,3,24,Dispatch,9,1131.75,0,9
2024-07-31,5812,3,32,Dispatch,5,81.85,0,5
2024-07-31,5813,3,17,Dispatch,5,573.35,0,5
2024-07-31,5814,3,16,Dispatch,22,760.1,0,22
2024-07-31,5815,3,25,Dispatch,20,406.0,0,20
2024-07-31,5816,3,18,Dispatch,15,1086.45,0,15
2024-07-31,5817,3,20,Dispatch,22,1994.74,0,22
2024-07-31,5818,3,18,Dispatch,22,1593.46,0,22
2024-07-31,5819,3,25,Dispatch,6,121.8,0,6
2024-07-31,5820,3,19,Dispatch,10,211.4,0,10
2024-07-31,5821,3,4,Dispatch,14,1696.52,0,14
2024-08-31,6712,1,23,Pack,15,1860.75,0,15
2024-08-31,6713,1,21,Pack,4,132.56,0,4
2024-08-31,6714,1,4,Pack,18,2181.24,0,18
2024-08-31,6715,1,9,Pack,16,253.44,0,16
2024-08-31,6716,1,18,Pack,22,1593.46,0,22
2024-08-31,6717,1,32,Pack,11,180.07,0,11
2024-08-31,6718,1,28,Pack,21,329.07,0,21
2024-08-31,6719,1,12,Pack,13,1181.05,0,13
2024-08-31,6720,1,23,Pack,16,1984.8,0,16
2024-08-31,6721,1,24,Pack,11,1383.25,0,11
2024-08-31,6722,1,11,Pack,15,1242.3,0,15
2024-08-31,6723,1,24,Pack,19,2389.25,0,19
2024-08-31,6724,1,28,Pack,21,329.07,0,21
2024-08-31,6674,1,9,Dispatch,4,63.36,0,8
2024-08-31,6675,1,11,Dispatch,4,331.28,0,8
2024-08-31,6676,1,22,Dispatch,19,552.14,0,38
2024-08-31,6677,1,22,Dispatch,3,87.18,0,6
2024-08-31,6678,1,28,Dispatch,11,172.37,0,22
2024-08-31,6679,1,6,Dispatch,9,153.99,0,18
2024-08-31,6680,1,7,Dispatch,16,1403.36,0,32
2024-08-31,6681,1,15,Dispatch,8,573.04,0,16
2024-08-31,6682,1,16,Dispatch,5,172.75,0,10
2024-08-31,6683,1,30,Dispatch,16,742.56,0,32
2024-08-31,6684,1,19,Dispatch,12,253.68,0,24
2024-08-31,6725,2,18,Pack,17,1231.31,0,17
2024-08-31,6726,2,27,Pack,3,366.0,0,3
2024-08-31,6727,2,29,Pack,17,382.67,0,17
2024-08-31,6728,2,29,Pack,12,270.12,0,12
2024-08-31,6729,2,8,Pack,18,1298.7,0,18
2024-08-31,6730,2,20,Pack,8,725.36,0,8
2024-08-31,6731,2,7,Pack,22,1929.62,0,22
2024-08-31,6732,2,14,Pack,20,1860.4,0,20
2024-08-31,6733,2,6,Pack,13,222.43,0,13
2024-08-31,6734,2,32,Pack,6,98.22,0,6
2024-08-31,6735,2,13,Pack,8,907.68,0,8
2024-08-31,6736,2,3,Pack,5,262.65,0,5
2024-08-31,6737,2,2,Pack,7,637.98,0,7
2024-08-31,6685,2,22,Dispatch,3,87.18,0,6
2024-08-31,6686,2,23,Dispatch,9,1116.45,0,18
2024-08-31,6687,2,16,Dispatch,11,380.05,0,22
2024-08-31,6688,2,9,Dispatch,3,47.52,0,6
2024-08-31,6689,2,29,Dispatch,5,112.55,0,10
2024-08-31,6690,2,28,Dispatch,12,188.04,0,24
2024-08-31,6691,2,7,Dispatch,16,1403.36,0,32
2024-08-31,6692,2,7,Dispatch,18,1578.78,0,36
2024-08-31,6693,2,8,Dispatch,16,1154.4,0,32
2024-08-31,6694,2,25,Dispatch,8,162.4,0,16
2024-08-31,6695,2,32,Dispatch,7,114.59,0,14
2024-08-31,6696,2,26,Dispatch,16,1379.68,0,32
2024-08-31,6697,2,3,Dispatch,20,1050.6,0,40
2024-08-31,6698,2,11,Dispatch,20,1656.4,0,40
2024-08-31,6699,2,13,Dispatch,21,2382.66,0,42
2024-08-31,6738,3,7,Pack,14,1227.94,0,14
2024-08-31,6739,3,22,Pack,11,319.66,0,11
2024-08-31,6740,3,31,Pack,21,698.25,0,21
2024-08-31,6741,3,5,Pack,8,69.68,0,8
2024-08-31,6742,3,18,Pack,12,869.16,0,12
2024-08-31,6743,3,18,Pack,10,724.3,0,10
2024-08-31,6744,3,13,Pack,13,1474.98,0,13
2024-08-31,6745,3,11,Pack,13,1076.66,0,13
2024-08-31,6746,3,19,Pack,9,190.26,0,9
2024-08-31,6747,3,31,Pack,22,731.5,0,22
2024-08-31,6748,3,26,Pack,8,689.84,0,8
2024-08-31,6749,3,19,Pack,16,338.24,0,16
2024-08-31,6750,3,26,Pack,7,603.61,0,7
2024-08-31,6751,3,15,Pack,18,1289.34,0,18
2024-08-31,6700,3,30,Dispatch,5,232.05,0,10
2024-08-31,6701,3,19,Dispatch,8,169.12,0,16
2024-08-31,6702,3,26,Dispatch,20,1724.6,0,40
2024-08-31,6703,3,2,Dispatch,3,273.42,0,6
2024-08-31,6704,3,7,Dispatch,11,964.81,0,22
2024-08-31,6705,3,31,Dispatch,9,299.25,0,18
2024-08-31,6706,3,6,Dispatch,10,171.1,0,20
2024-08-31,6707,3,11,Dispatch,16,1325.12,0,32
2024-08-31,6708,3,31,Dispatch,12,399.0,0,24
2024-08-31,6709,3,23,Dispatch,14,1736.7,0,28
2024-08-31,6710,3,7,Dispatch,17,1491.07,0,34
2024-08-31,6711,3,4,Dispatch,21,2544.78,0,42
2024-09-30,7392,1,19,Pack,4,84.56,0,24
2024-09-30,7427,1,19,Pack,22,465.08,0,110
2024-09-30,7541,1,3,Pack,19,998.07,0,0
2024-09-30,7542,1,16,Pack,13,449.15,0,0
2024-09-30,7543,1,5,Pack,18,156.78,0,0
2024-09-30,7544,1,25,Pack,7,142.1,0,0
2024-09-30,7545,1,30,Pack,15,696.15,0,0
2024-09-30,7546,1,12,Pack,6,545.1,0,0
2024-09-30,7547,1,7,Pack,21,1841.91,0,0
2024-09-30,7548,1,21,Pack,4,132.56,0,0
2024-09-30,7549,1,24,Pack,22,2766.5,0,0
2024-09-30,7550,1,8,Pack,6,432.9,0,0
2024-09-30,7551,1,28,Pack,12,188.04,0,0
2024-09-30,7552,1,8,Pack,10,721.5,0,0
2024-09-30,7553,1,31,Pack,15,498.75,0,0
2024-09-30,7505,1,32,Dispatch,3,49.11,0,9
2024-09-30,7506,1,11,Dispatch,20,1656.4,0,60
2024-09-30,7507,1,16,Dispatch,19,656.45,0,57
2024-09-30,7508,1,8,Dispatch,13,937.95,0,39
2024-09-30,7509,1,7,Dispatch,10,877.1,0,30
2024-09-30,7510,1,15,Dispatch,13,931.19,0,39
2024-09-30,7511,1,29,Dispatch,19,427.69,0,57
2024-09-30,7512,1,31,Dispatch,8,266.0,0,24
2024-09-30,7513,1,5,Dispatch,11,95.81,0,33
2024-09-30,7514,1,20,Dispatch,20,1813.4,0,60
2024-09-30,7515,1,9,Dispatch,6,95.04,0,18
2024-09-30,7554,2,7,Pack,7,613.97,0,0
2024-09-30,7555,2,1,Pack,10,1198.6,0,0
2024-09-30,7556,2,16,Pack,21,725.55,0,0
2024-09-30,7557,2,32,Pack,21,343.77,0,0
2024-09-30,7558,2,32,Pack,13,212.81,0,0
2024-09-30,7559,2,9,Pack,10,158.4,0,0
2024-09-30,7560,2,12,Pack,10,908.5,0,0
2024-09-30,7561,2,5,Pack,19,165.49,0,0
2024-09-30,7562,2,31,Pack,8,266.0,0,0
2024-09-30,7563,2,13,Pack,14,1588.44,0,0
2024-09-30,7564,2,19,Pack,11,232.54,0,0
2024-09-30,7565,2,24,Pack,12,1509.0,0,0
2024-09-30,7566,2,21,Pack,20,662.8,0,0
2024-09-30,7567,2,28,Pack,22,344.74,0,0
2024-09-30,7568,2,19,Pack,10,211.4,0,0
2024-09-30,7569,2,10,Pack,10,984.7,0,0
2024-09-30,7516,2,31,Dispatch,7,232.75,0,21
2024-09-30,7517,2,21,Dispatch,14,463.96,0,42
2024-09-30,7518,2,25,Dispatch,19,385.7,0,57
2024-09-30,7519,2,21,Dispatch,6,198.84,0,18
2024-09-30,7520,2,12,Dispatch,4,363.4,0,12
2024-09-30,7521,2,25,Dispatch,11,223.3,0,33
2024-09-30,7522,2,24,Dispatch,15,1886.25,0,45
2024-09-30,7523,2,15,Dispatch,19,1360.97,0,57
2024-09-30,7524,2,10,Dispatch,3,295.41,0,9
2024-09-30,7525,2,3,Dispatch,17,893.01,0,51
2024-09-30,7526,2,8,Dispatch,16,1154.4,0,48
2024-09-30,7570,3,2,Pack,3,273.42,0,0
2024-09-30,7571,3,32,Pack,12,196.44,0,0
2024-09-30,7572,3,28,Pack,5,78.35,0,0
2024-09-30,7573,3,30,Pack,11,510.51,0,0
2024-09-30,7574,3,17,Pack,4,458.68,0,0
2024-09-30,7575,3,5,Pack,10,87.1,0,0
2024-09-30,7576,3,12,Pack,13,1181.05,0,0
2024-09-30,7577,3,18,Pack,13,941.59,0,0
2024-09-30,7578,3,7,Pack,9,789.39,0,0
2024-09-30,7579,3,31,Pack,15,498.75,0,0
2024-09-30,7580,3,8,Pack,7,505.05,0,0
2024-09-30,7581,3,29,Pack,15,337.65,0,0
2024-09-30,7582,3,27,Pack,15,1830.0,0,0
2024-09-30,7583,3,15,Pack,4,286.52,0,0
2024-09-30,7584,3,15,Pack,8,573.04,0,0
2024-09-30,7585,3,29,Pack,20,450.2,0,0
2024-09-30,7527,3,12,Dispatch,16,1453.6,0,48
2024-09-30,7528,3,18,Dispatch,14,1014.02,0,42
2024-09-30,7529,3,18,Dispatch,14,1014.02,0,42
2024-09-30,7530,3,21,Dispatch,12,397.68,0,36
2024-09-30,7531,3,1,Dispatch,8,958.88,0,24
2024-09-30,7532,3,6,Dispatch,6,102.66,0,18
2024-09-30,7533,3,24,Dispatch,7,880.25,0,21
2024-09-30,7534,3,25,Dispatch,15,304.5,0,45
2024-09-30,7535,3,20,Dispatch,11,997.37,0,33
2024-09-30,7536,3,24,Dispatch,3,377.25,0,9
2024-09-30,7537,3,19,Dispatch,8,169.12,0,24
2024-09-30,7538,3,16,Dispatch,10,345.5,0,30
2024-09-30,7539,3,17,Dispatch,17,1949.39,0,51
2024-09-30,7540,3,2,Dispatch,9,820.26,0,27
2024-10-31,8486,1,24,Pick,6,754.5,6,36
2024-10-31,8528,1,24,Pick,9,1131.75,0,27
2024-10-31,8578,1,12,Pick,1,90.85,0,2
2024-10-31,8579,1,24,Pick,12,1509.0,0,24
2024-10-31,8584,1,12,Pick,18,1635.3,0,36
2024-10-31,8674,1,27,Pick,4,488.0,0,0
2024-10-31,8676,1,27,Pick,11,1342.0,0,0
2024-10-31,8680,1,12,Pick,20,1817.0,0,0
2024-10-31,8633,1,25,Pack,13,263.9,0,13
2024-10-31,8634,1,6,Pack,11,188.21,0,11
2024-10-31,8663,1,11,Pack,17,1407.94,0,0
2024-10-31,8664,1,6,Pack,9,153.99,0,0
2024-10-31,8665,1,14,Pack,16,1488.32,0,0
2024-10-31,8666,1,6,Pack,5,85.55,0,0
2024-10-31,8667,1,19,Pack,17,359.38,0,0
2024-10-31,8668,1,18,Pack,13,941.59,0,0
2024-10-31,8669,1,19,Pack,19,401.66,0,0
2024-10-31,8670,1,16,Pack,11,380.05,0,0
2024-10-31,8671,1,2,Pack,17,1549.38,0,0
2024-10-31,8672,1,8,Pack,19,1370.85,0,0
2024-10-31,8673,1,13,Pack,18,2042.28,0,0
2024-10-31,8674,1,27,Pack,2,244.0,0,0
2024-10-31,8675,1,15,Pack,8,573.04,0,0
2024-10-31,8677,1,14,Pack,6,558.12,0,0
2024-10-31,8678,1,29,Pack,14,315.14,0,0
2024-10-31,8679,1,7,Pack,5,438.55,0,0
2024-10-31,8681,1,19,Pack,10,211.4,0,0
2024-10-31,8617,1,5,Dispatch,15,130.65,0,15
2024-10-31,8618,1,31,Dispatch,19,631.75,0,19
2024-10-31,8619,1,5,Dispatch,9,78.39,0,9
2024-10-31,8620,1,8,Dispatch,12,865.8,0,12
2024-10-31,8621,1,31,Dispatch,8,266.0,0,8
2024-10-31,8622,1,16,Dispatch,14,483.7,0,14
2024-10-31,8623,1,30,Dispatch,22,1021.02,0,22
2024-10-31,8624,1,23,Dispatch,10,1240.5,0,10
2024-10-31,8625,1,18,Dispatch,5,362.15,0,5
2024-10-31,8626,1,18,Dispatch,16,1158.88,0,16
2024-10-31,8627,1,17,Dispatch,15,1720.05,0,15
2024-10-31,8628,1,5,Dispatch,20,174.2,0,20
2024-10-31,8629,1,26,Dispatch,18,1552.14,0,18
2024-10-31,8630,1,21,Dispatch,3,99.42,0,3
2024-10-31,8631,1,20,Dispatch,13,1178.71,0,13
2024-10-31,8632,1,8,Dispatch,18,1298.7,0,18
2024-10-31,8633,1,25,Dispatch,4,81.2,0,4
2024-10-31,8682,2,29,Pack,12,270.12,0,0
2024-10-31,8683,2,18,Pack,3,217.29,0,0
2024-10-31,8684,2,23,Pack,18,2232.9,0,0
2024-10-31,8685,2,30,Pack,16,742.56,0,0
2024-10-31,8686,2,20,Pack,12,1088.04,0,0
2024-10-31,8687,2,10,Pack,11,1083.17,0,0
2024-10-31,8688,2,17,Pack,15,1720.05,0,0
2024-10-31,8689,2,6,Pack,22,376.42,0,0
2024-10-31,8690,2,15,Pack,3,214.89,0,0
2024-10-31,8691,2,10,Pack,15,1477.05,0,0
2024-10-31,8692,2,17,Pack,4,458.68,0,0
2024-10-31,8693,2,5,Pack,18,156.78,0,0
2024-10-31,8694,2,4,Pack,6,727.08,0,0
2024-10-31,8695,2,6,Pack,17,290.87,0,0
2024-10-31,8696,2,28,Pack,3,47.01,0,0
2024-10-31,8697,2,24,Pack,9,1131.75,0,0
2024-10-31,8698,2,25,Pack,22,446.6,0,0
2024-10-31,8699,2,11,Pack,9,745.38,0,0
2024-10-31,8600,2,5,Dispatch,4,34.84,0,8
2024-10-31,8600,2,5,Dispatch,8,69.68,0,16
2024-10-31,8601,2,21,Dispatch,12,397.68,0,24
2024-10-31,8602,2,17,Dispatch,18,2064.06,0,36
2024-10-31,8635,2,27,Dispatch,7,854.0,0,7
2024-10-31,8636,2,24,Dispatch,12,1509.0,0,12
2024-10-31,8637,2,4,Dispatch,3,363.54,0,3
2024-10-31,8638,2,15,Dispatch,9,644.67,0,9
2024-10-31,8639,2,25,Dispatch,9,182.7,0,9
2024-10-31,8640,2,16,Dispatch,7,241.85,0,7
2024-10-31,8641,2,21,Dispatch,7,231.98,0,7
2024-10-31,8642,2,4,Dispatch,4,484.72,0,4
2024-10-31,8643,2,4,Dispatch,21,2544.78,0,21
2024-10-31,8644,2,26,Dispatch,17,1465.91,0,17
2024-10-31,8645,2,29,Dispatch,4,90.04,0,4
2024-10-31,8646,2,24,Dispatch,3,377.25,0,3
2024-10-31,8647,2,7,Dispatch,12,1052.52,0,12
2024-10-31,8648,2,32,Dispatch,8,130.96,0,8
2024-10-31,8568,3,17,Pick,2,229.34,0,6
2024-10-31,8610,3,17,Pick,17,1949.39,0,34
2024-10-31,8650,3,17,Pick,9,1032.03,0,9
2024-10-31,8700,3,18,Pack,17,1231.31,0,0
2024-10-31,8701,3,27,Pack,11,1342.0,0,0
2024-10-31,8702,3,13,Pack,19,2155.74,0,0
2024-10-31,8703,3,6,Pack,9,153.99,0,0
2024-10-31,8704,3,1,Pack,19,2277.34,0,0
2024-10-31,8705,3,18,Pack,22,1593.46,0,0
2024-10-31,8706,3,15,Pack,10,716.3,0,0
2024-10-31,8707,3,12,Pack,8,726.8,0,0
2024-10-31,8708,3,3,Pack,12,630.36,0,0
2024-10-31,8709,3,4,Pack,8,969.44,0,0
2024-10-31,8710,3,29,Pack,3,67.53,0,0
2024-10-31,8711,3,20,Pack,5,453.35,0,0
2024-10-31,8712,3,10,Pack,5,492.35,0,0
2024-10-31,8713,3,32,Pack,14,229.18,0,0
2024-10-31,8714,3,15,Pack,11,787.93,0,0
2024-10-31,8715,3,24,Pack,16,2012.0,0,0
2024-10-31,8716,3,8,Pack,22,1587.3,0,0
2024-10-31,8717,3,6,Pack,21,359.31,0,0
2024-10-31,8718,3,29,Pack,21,472.71,0,0
2024-10-31,8611,3,3,Dispatch,3,157.59,0,6
2024-10-31,8649,3,29,Dispatch,13,292.63,0,13
2024-10-31,8651,3,1,Dispatch,7,839.02,0,7
2024-10-31,8652,3,32,Dispatch,3,49.11,0,3
2024-10-31,8653,3,31,Dispatch,7,232.75,0,7
2024-10-31,8654,3,7,Dispatch,3,263.13,0,3
2024-10-31,8655,3,6,Dispatch,20,342.2,0,20
2024-10-31,8656,3,13,Dispatch,19,2155.74,0,19
2024-10-31,8657,3,5,Dispatch,9,78.39,0,9
2024-10-31,8658,3,10,Dispatch,8,787.76,0,8
2024-10-31,8659,3,19,Dispatch,12,253.68,0,12
2024-10-31,8660,3,16,Dispatch,18,621.9,0,18
2024-10-31,8661,3,13,Dispatch,10,1134.6,0,10
2024-10-31,8662,3,6,Dispatch,16,273.76,0,16
2024-11-30,9660,1,17,Pack,6,688.02,0,12
2024-11-30,9661,1,10,Pack,20,1969.4,0,40
2024-11-30,9701,1,25,Pack,4,81.2,0,4
2024-11-30,9702,1,4,Pack,9,1090.62,0,9
2024-11-30,9703,1,21,Pack,16,530.24,0,16
2024-11-30,9704,1,7,Pack,22,1929.62,0,22
2024-11-30,9705,1,6,Pack,17,290.87,0,17
2024-11-30,9706,1,15,Pack,10,716.3,0,10
2024-11-30,9707,1,17,Pack,20,2293.4,0,20
2024-11-30,9708,1,25,Pack,11,223.3,0,11
2024-11-30,9709,1,7,Pack,19,1666.49,0,19
2024-11-30,9710,1,6,Pack,3,51.33,0,3
2024-11-30,9711,1,11,Pack,12,993.84,0,12
2024-11-30,9712,1,5,Pack,14,121.94,0,14
2024-11-30,9713,1,25,Pack,16,324.8,0,16
2024-11-30,9714,1,29,Pack,8,180.08,0,8
2024-11-30,9715,1,4,Pack,19,2302.42,0,19
2024-11-30,9716,1,8,Pack,5,360.75,0,5
2024-11-30,9615,1,18,Dispatch,4,289.72,0,12
2024-11-30,9616,1,14,Dispatch,21,1953.42,0,63
2024-11-30,9617,1,2,Dispatch,6,546.84,0,18
2024-11-30,9617,1,2,Dispatch,5,455.7,0,15
2024-11-30,9617,1,2,Dispatch,7,637.98,0,21
2024-11-30,9647,1,23,Dispatch,7,868.35,0,14
2024-11-30,9648,1,8,Dispatch,6,432.9,0,12
2024-11-30,9649,1,14,Dispatch,8,744.16,0,16
2024-11-30,9650,1,13,Dispatch,22,2496.12,0,44
2024-11-30,9651,1,5,Dispatch,11,95.81,0,22
2024-11-30,9652,1,5,Dispatch,19,165.49,0,38
2024-11-30,9653,1,10,Dispatch,16,1575.52,0,32
2024-11-30,9654,1,23,Dispatch,5,620.25,0,10
2024-11-30,9655,1,18,Dispatch,21,1521.03,0,42
2024-11-30,9656,1,12,Dispatch,18,1635.3,0,36
2024-11-30,9657,1,30,Dispatch,20,928.2,0,40
2024-11-30,9658,1,10,Dispatch,7,689.29,0,14
2024-11-30,9659,1,8,Dispatch,5,360.75,0,10
2024-11-30,9660,1,17,Dispatch,16,1834.72,0,32
2024-11-30,9523,2,21,Pick,9,298.26,9,45
2024-11-30,9681,2,6,Pick,1,17.11,0,2
2024-11-30,9732,2,21,Pick,12,397.68,0,12
2024-11-30,9673,2,1,Pack,7,839.02,0,14
2024-11-30,9674,2,18,Pack,9,651.87,0,18
2024-11-30,9675,2,15,Pack,4,286.52,0,8
2024-11-30,9676,2,9,Pack,16,253.44,0,32
2024-11-30,9677,2,32,Pack,17,278.29,0,34
2024-11-30,9678,2,10,Pack,17,1673.99,0,34
2024-11-30,9679,2,29,Pack,5,112.55,0,10
2024-11-30,9680,2,9,Pack,12,190.08,0,24
2024-11-30,9681,2,6,Pack,2,34.22,0,4
2024-11-30,9681,2,6,Pack,8,136.88,0,16
2024-11-30,9717,2,19,Pack,13,274.82,0,13
2024-11-30,9718,2,14,Pack,10,930.2,0,10
2024-11-30,9719,2,12,Pack,17,1544.45,0,17
2024-11-30,9720,2,25,Pack,4,81.2,0,4
2024-11-30,9721,2,18,Pack,18,1303.74,0,18
2024-11-30,9722,2,20,Pack,8,725.36,0,8
2024-11-30,9723,2,32,Pack,8,130.96,0,8
2024-11-30,9724,2,4,Pack,14,1696.52,0,14
2024-11-30,9725,2,30,Pack,8,371.28,0,8
2024-11-30,9726,2,15,Pack,22,1575.86,0,22
2024-11-30,9727,2,14,Pack,7,651.14,0,7
2024-11-30,9728,2,13,Pack,14,1588.44,0,14
2024-11-30,9729,2,30,Pack,16,742.56,0,16
2024-11-30,9730,2,17,Pack,7,802.69,0,7
2024-11-30,9731,2,24,Pack,5,628.75,0,5
2024-11-30,9733,2,8,Pack,10,721.5,0,10
2024-11-30,9734,2,4,Pack,15,1817.7,0,15
2024-11-30,9627,2,29,Dispatch,5,112.55,0,15
2024-11-30,9628,2,23,Dispatch,4,496.2,0,12
2024-11-30,9629,2,3,Dispatch,16,840.48,0,48
2024-11-30,9630,2,19,Dispatch,15,317.1,0,45
2024-11-30,9631,2,5,Dispatch,14,121.94,0,42
2024-11-30,9632,2,11,Dispatch,10,828.2,0,30
2024-11-30,9662,2,28,Dispatch,10,156.7,0,20
2024-11-30,9663,2,14,Dispatch,17,1581.34,0,34
2024-11-30,9664,2,7,Dispatch,10,877.1,0,20
2024-11-30,9665,2,4,Dispatch,22,2665.96,0,44
2024-11-30,9666,2,24,Dispatch,3,377.25,0,6
2024-11-30,9667,2,7,Dispatch,19,1666.49,0,38
2024-11-30,9668,2,20,Dispatch,5,453.35,0,10
2024-11-30,9669,2,13,Dispatch,6,680.76,0,12
2024-11-30,9670,2,24,Dispatch,5,628.75,0,10
2024-11-30,9671,2,9,Dispatch,19,300.96,0,38
2024-11-30,9672,2,16,Dispatch,8,276.4,0,16
2024-11-30,9673,2,1,Dispatch,7,839.02,0,14
2024-11-30,9592,3,28,Pick,1,15.67,1,4
2024-11-30,9635,3,28,Pick,21,329.07,0,63
2024-11-30,9752,3,26,Pick,14,1207.22,0,14
2024-11-30,9753,3,9,Pick,9,142.56,0,9
2024-11-30,9754,3,7,Pick,10,877.1,0,10
2024-11-30,9700,3,26,Pack,2,172.46,0,4
2024-11-30,9641,3,8,Pack,10,721.5,0,30
2024-11-30,9735,3,13,Pack,3,340.38,0,3
2024-11-30,9736,3,30,Pack,15,696.15,0,15
2024-11-30,9737,3,18,Pack,11,796.73,0,11
2024-11-30,9738,3,20,Pack,18,1632.06,0,18
2024-11-30,9739,3,32,Pack,8,130.96,0,8
2024-11-30,9740,3,31,Pack,16,532.0,0,16
2024-11-30,9741,3,29,Pack,11,247.61,0,11
2024-11-30,9742,3,22,Pack,16,464.96,0,16
2024-11-30,9743,3,4,Pack,18,2181.24,0,18
2024-11-30,9744,3,29,Pack,9,202.59,0,9
2024-11-30,9745,3,6,Pack,19,325.09,0,19
2024-11-30,9746,3,3,Pack,9,472.77,0,9
2024-11-30,9747,3,10,Pack,6,590.82,0,6
2024-11-30,9748,3,13,Pack,7,794.22,0,7
2024-11-30,9749,3,6,Pack,10,171.1,0,10
2024-11-30,9750,3,24,Pack,22,2766.5,0,22
2024-11-30,9751,3,22,Pack,10,290.6,0,10
2024-11-30,9644,3,10,Dispatch,21,2067.87,0,63
2024-11-30,9682,3,32,Dispatch,10,163.7,0,20
2024-11-30,9683,3,17,Dispatch,22,2522.74,0,44
2024-11-30,9684,3,31,Dispatch,14,465.5,0,28
2024-11-30,9685,3,12,Dispatch,8,726.8,0,16
2024-11-30,9686,3,20,Dispatch,13,1178.71,0,26
2024-11-30,9687,3,22,Dispatch,6,174.36,0,12
2024-11-30,9688,3,6,Dispatch,6,102.66,0,12
2024-11-30,9689,3,31,Dispatch,17,565.25,0,34
2024-11-30,9690,3,20,Dispatch,11,997.37,0,22
2024-11-30,9691,3,29,Dispatch,22,495.22,0,44
2024-11-30,9692,3,3,Dispatch,19,998.07,0,38
2024-11-30,9693,3,2,Dispatch,7,637.98,0,14
2024-11-30,9694,3,7,Dispatch,7,613.97,0,14
2024-11-30,9695,3,13,Dispatch,11,1248.06,0,22
2024-11-30,9696,3,11,Dispatch,6,496.92,0,12
2024-11-30,9697,3,10,Dispatch,8,787.76,0,16
2024-11-30,9698,3,19,Dispatch,10,211.4,0,20
2024-11-30,9699,3,12,Dispatch,10,908.5,0,20
2024-11-30,9700,3,26,Dispatch,1,86.23,0,2
2024-12-31,10612,1,5,Pack,11,95.81,0,0
2024-12-31,10613,1,19,Pack,22,465.08,0,0
2024-12-31,10614,1,7,Pack,3,263.13,0,0
2024-12-31,10615,1,21,Pack,12,397.68,0,0
2024-12-31,10616,1,4,Pack,9,1090.62,0,0
2024-12-31,10617,1,23,Pack,10,1240.5,0,0
2024-12-31,10618,1,24,Pack,12,1509.0,0,0
2024-12-31,10619,1,18,Pack,19,1376.17,0,0
2024-12-31,10620,1,8,Pack,15,1082.25,0,0
2024-12-31,10621,1,31,Pack,11,365.75,0,0
2024-12-31,10622,1,28,Pack,6,94.02,0,0
2024-12-31,10623,1,13,Pack,8,907.68,0,0
2024-12-31,10571,1,29,Dispatch,6,135.06,0,6
2024-12-31,10572,1,31,Dispatch,8,266.0,0,8
2024-12-31,10573,1,20,Dispatch,17,1541.39,0,17
2024-12-31,10574,1,29,Dispatch,4,90.04,0,4
2024-12-31,10575,1,3,Dispatch,19,998.07,0,19
2024-12-31,10576,1,2,Dispatch,7,637.98,0,7
2024-12-31,10577,1,20,Dispatch,15,1360.05,0,15
2024-12-31,10578,1,22,Dispatch,7,203.42,0,7
2024-12-31,10579,1,10,Dispatch,5,492.35,0,5
2024-12-31,10580,1,32,Dispatch,15,245.55,0,15
2024-12-31,10581,1,1,Dispatch,6,719.16,0,6
2024-12-31,10582,1,10,Dispatch,13,1280.11,0,13
2024-12-31,10583,1,31,Dispatch,14,465.5,0,14
2024-12-31,10584,1,16,Dispatch,12,414.6,0,12
2024-12-31,10585,1,15,Dispatch,8,573.04,0,8
2024-12-31,10624,2,22,Pack,10,290.6,0,0
2024-12-31,10625,2,9,Pack,16,253.44,0,0
2024-12-31,10626,2,30,Pack,11,510.51,0,0
2024-12-31,10627,2,30,Pack,18,835.38,0,0
2024-12-31,10628,2,24,Pack,20,2515.0,0,0
2024-12-31,10629,2,28,Pack,20,313.4,0,0
2024-12-31,10630,2,12,Pack,19,1726.15,0,0
2024-12-31,10631,2,14,Pack,12,1116.24,0,0
2024-12-31,10632,2,1,Pack,7,839.02,0,0
2024-12-31,10633,2,16,Pack,19,656.45,0,0
2024-12-31,10634,2,13,Pack,16,1815.36,0,0
2024-12-31,10586,2,14,Dispatch,4,372.08,0,4
2024-12-31,10587,2,16,Dispatch,9,310.95,0,9
2024-12-31,10588,2,25,Dispatch,10,203.0,0,10
2024-12-31,10589,2,26,Dispatch,12,1034.76,0,12
2024-12-31,10590,2,28,Dispatch,22,344.74,0,22
2024-12-31,10591,2,30,Dispatch,15,696.15,0,15
2024-12-31,10592,2,26,Dispatch,4,344.92,0,4
2024-12-31,10593,2,21,Dispatch,9,298.26,0,9
2024-12-31,10594,2,31,Dispatch,9,299.25,0,9
2024-12-31,10595,2,11,Dispatch,12,993.84,0,12
2024-12-31,10596,2,3,Dispatch,14,735.42,0,14
2024-12-31,10597,2,25,Dispatch,10,203.0,0,10
2024-12-31,10598,2,28,Dispatch,14,219.38,0,14
2024-12-31,10599,2,6,Dispatch,18,307.98,0,18
2024-12-31,10635,3,30,Pack,15,696.15,0,0
2024-12-31,10636,3,3,Pack,7,367.71,0,0
2024-12-31,10637,3,32,Pack,3,49.11,0,0
2024-12-31,10638,3,16,Pack,14,483.7,0,0
2024-12-31,10639,3,31,Pack,12,399.0,0,0
2024-12-31,10640,3,16,Pack,10,345.5,0,0
2024-12-31,10641,3,11,Pack,9,745.38,0,0
2024-12-31,10642,3,12,Pack,16,1453.6,0,0
2024-12-31,10643,3,23,Pack,22,2729.1,0,0
2024-12-31,10644,3,12,Pack,12,1090.2,0,0
2024-12-31,10645,3,2,Pack,22,2005.08,0,0
2024-12-31,10646,3,9,Pack,11,174.24,0,0
2024-12-31,10647,3,27,Pack,20,2440.0,0,0
2024-12-31,10648,3,23,Pack,20,2481.0,0,0
2024-12-31,10600,3,14,Dispatch,21,1953.42,0,21
2024-12-31,10601,3,24,Dispatch,7,880.25,0,7
2024-12-31,10602,3,27,Dispatch,13,1586.0,0,13
2024-12-31,10603,3,29,Dispatch,11,247.61,0,11
2024-12-31,10604,3,16,Dispatch,6,207.3,0,6
2024-12-31,10605,3,16,Dispatch,22,760.1,0,22
2024-12-31,10606,3,30,Dispatch,9,417.69,0,9
2024-12-31,10607,3,4,Dispatch,22,2665.96,0,22
2024-12-31,10608,3,14,Dispatch,17,1581.34,0,17
2024-12-31,10609,3,21,Dispatch,15,497.1,0,15
2024-12-31,10610,3,22,Dispatch,12,348.72,0,12
2024-12-31,10611,3,19,Dispatch,18,380.52,0,18
2025-01-31,11380,1,16,Pick,3,103.65,3,12
2025-01-31,11538,1,16,Pick,19,656.45,0,0
2025-01-31,11534,1,29,Pack,21,472.71,0,0
2025-01-31,11535,1,31,Pack,11,365.75,0,0
2025-01-31,11536,1,9,Pack,22,348.48,0,0
2025-01-31,11537,1,25,Pack,20,406.0,0,0
2025-01-31,11539,1,14,Pack,4,372.08,0,0
2025-01-31,11540,1,10,Pack,3,295.41,0,0
2025-01-31,11541,1,11,Pack,10,828.2,0,0
2025-01-31,11542,1,20,Pack,7,634.69,0,0
2025-01-31,11543,1,25,Pack,5,101.5,0,0
2025-01-31,11544,1,27,Pack,19,2318.0,0,0
2025-01-31,11545,1,13,Pack,7,794.22,0,0
2025-01-31,11546,1,24,Pack,4,503.0,0,0
2025-01-31,11547,1,19,Pack,10,211.4,0,0
2025-01-31,11491,1,9,Dispatch,12,190.08,0,12
2025-01-31,11492,1,20,Dispatch,18,1632.06,0,18
2025-01-31,11493,1,13,Dispatch,8,907.68,0,8
2025-01-31,11494,1,25,Dispatch,17,345.1,0,17
2025-01-31,11495,1,24,Dispatch,14,1760.5,0,14
2025-01-31,11496,1,3,Dispatch,16,840.48,0,16
2025-01-31,11497,1,32,Dispatch,22,360.14,0,22
2025-01-31,11498,1,21,Dispatch,17,563.38,0,17
2025-01-31,11499,1,14,Dispatch,15,1395.3,0,15
2025-01-31,11500,1,20,Dispatch,9,816.03,0,9
2025-01-31,11501,1,6,Dispatch,5,85.55,0,5
2025-01-31,11502,1,18,Dispatch,7,507.01,0,7
2025-01-31,11503,1,17,Dispatch,12,1376.04,0,12
2025-01-31,11504,1,12,Dispatch,15,1362.75,0,15
2025-01-31,11505,1,30,Dispatch,9,417.69,0,9
2025-01-31,11548,2,15,Pack,20,1432.6,0,0
2025-01-31,11549,2,19,Pack,19,401.66,0,0
2025-01-31,11550,2,16,Pack,6,207.3,0,0
2025-01-31,11551,2,15,Pack,19,1360.97,0,0
2025-01-31,11552,2,23,Pack,3,372.15,0,0
2025-01-31,11553,2,19,Pack,3,63.42,0,0
2025-01-31,11554,2,23,Pack,3,372.15,0,0
2025-01-31,11555,2,3,Pack,7,367.71,0,0
2025-01-31,11556,2,21,Pack,7,231.98,0,0
2025-01-31,11557,2,24,Pack,15,1886.25,0,0
2025-01-31,11558,2,9,Pack,11,174.24,0,0
2025-01-31,11559,2,11,Pack,20,1656.4,0,0
2025-01-31,11560,2,8,Pack,4,288.6,0,0
2025-01-31,11561,2,13,Pack,5,567.3,0,0
2025-01-31,11562,2,26,Pack,17,1465.91,0,0
2025-01-31,11563,2,9,Pack,3,47.52,0,0
2025-01-31,11506,2,11,Dispatch,3,248.46,0,3
2025-01-31,11507,2,8,Dispatch,8,577.2,0,8
2025-01-31,11508,2,10,Dispatch,8,787.76,0,8
2025-01-31,11509,2,9,Dispatch,10,158.4,0,10
2025-01-31,11510,2,23,Dispatch,22,2729.1,0,22
2025-01-31,11511,2,10,Dispatch,8,787.76,0,8
2025-01-31,11512,2,24,Dispatch,6,754.5,0,6
2025-01-31,11513,2,2,Dispatch,17,1549.38,0,17
2025-01-31,11514,2,18,Dispatch,6,434.58,0,6
2025-01-31,11515,2,18,Dispatch,16,1158.88,0,16
2025-01-31,11516,2,11,Dispatch,22,1822.04,0,22
2025-01-31,11517,2,16,Dispatch,22,760.1,0,22
2025-01-31,11518,2,5,Dispatch,5,43.55,0,5
2025-01-31,11519,2,19,Dispatch,11,232.54,0,11
2025-01-31,11564,3,10,Pack,16,1575.52,0,0
2025-01-31,11565,3,12,Pack,20,1817.0,0,0
2025-01-31,11566,3,16,Pack,12,414.6,0,0
2025-01-31,11567,3,16,Pack,16,552.8,0,0
2025-01-31,11568,3,24,Pack,20,2515.0,0,0
2025-01-31,11569,3,21,Pack,15,497.1,0,0
2025-01-31,11570,3,16,Pack,20,691.0,0,0
2025-01-31,11571,3,18,Pack,12,869.16,0,0
2025-01-31,11572,3,15,Pack,5,358.15,0,0
2025-01-31,11573,3,27,Pack,19,2318.0,0,0
2025-01-31,11574,3,28,Pack,13,203.71,0,0
2025-01-31,11520,3,20,Dispatch,12,1088.04,0,12
2025-01-31,11521,3,26,Dispatch,3,258.69,0,3
2025-01-31,11522,3,13,Dispatch,7,794.22,0,7
2025-01-31,11523,3,24,Dispatch,21,2640.75,0,21
2025-01-31,11524,3,3,Dispatch,14,735.42,0,14
2025-01-31,11525,3,8,Dispatch,10,721.5,0,10
2025-01-31,11526,3,32,Dispatch,16,261.92,0,16
2025-01-31,11527,3,28,Dispatch,10,156.7,0,10
2025-01-31,11528,3,8,Dispatch,15,1082.25,0,15
2025-01-31,11529,3,2,Dispatch,12,1093.68,0,12
2025-01-31,11530,3,18,Dispatch,4,289.72,0,4
2025-01-31,11531,3,3,Dispatch,6,315.18,0,6
2025-01-31,11532,3,12,Dispatch,8,726.8,0,8
2025-01-31,11533,3,21,Dispatch,6,198.84,0,6
2025-02-28,12310,1,11,Pick,1,82.82,0,1
2025-02-28,12356,1,13,Pack,13,1474.98,0,0
2025-02-28,12357,1,17,Pack,13,1490.71,0,0
2025-02-28,12358,1,26,Pack,9,776.07,0,0
2025-02-28,12359,1,16,Pack,22,760.1,0,0
2025-02-28,12360,1,1,Pack,13,1558.18,0,0
2025-02-28,12361,1,12,Pack,12,1090.2,0,0
2025-02-28,12362,1,28,Pack,8,125.36,0,0
2025-02-28,12363,1,19,Pack,9,190.26,0,0
2025-02-28,12364,1,29,Pack,22,495.22,0,0
2025-02-28,12365,1,28,Pack,3,47.01,0,0
2025-02-28,12366,1,5,Pack,10,87.1,0,0
2025-02-28,12309,1,6,Dispatch,11,188.21,0,11
2025-02-28,12310,1,11,Dispatch,11,911.02,0,11
2025-02-28,12311,1,16,Dispatch,17,587.35,0,17
2025-02-28,12312,1,14,Dispatch,11,1023.22,0,11
2025-02-28,12313,1,7,Dispatch,17,1491.07,0,17
2025-02-28,12314,1,17,Dispatch,4,458.68,0,4
2025-02-28,12315,1,2,Dispatch,21,1913.94,0,21
2025-02-28,12316,1,31,Dispatch,8,266.0,0,8
2025-02-28,12317,1,3,Dispatch,3,157.59,0,3
2025-02-28,12318,1,10,Dispatch,7,689.29,0,7
2025-02-28,12319,1,14,Dispatch,11,1023.22,0,11
2025-02-28,12320,1,14,Dispatch,10,930.2,0,10
2025-02-28,12321,1,30,Dispatch,19,881.79,0,19
2025-02-28,12322,1,3,Dispatch,22,1155.66,0,22
2025-02-28,12323,1,14,Dispatch,7,651.14,0,7
2025-02-28,12337,2,29,Pack,1,22.51,0,1
2025-02-28,12338,2,9,Pack,12,190.08,0,12
2025-02-28,12339,2,19,Pack,5,105.7,0,5
2025-02-28,12367,2,1,Pack,11,1318.46,0,0
2025-02-28,12368,2,18,Pack,6,434.58,0,0
2025-02-28,12369,2,16,Pack,19,656.45,0,0
2025-02-28,12370,2,26,Pack,9,776.07,0,0
2025-02-28,12371,2,24,Pack,10,1257.5,0,0
2025-02-28,12372,2,23,Pack,11,1364.55,0,0
2025-02-28,12373,2,4,Pack,9,1090.62,0,0
2025-02-28,12374,2,32,Pack,6,98.22,0,0
2025-02-28,12375,2,29,Pack,17,382.67,0,0
2025-02-28,12376,2,15,Pack,17,1217.71,0,0
2025-02-28,12377,2,1,Pack,16,1917.76,0,0
2025-02-28,12324,2,29,Dispatch,20,450.2,0,20
2025-02-28,12325,2,18,Dispatch,20,1448.6,0,20
2025-02-28,12326,2,8,Dispatch,16,1154.4,0,16
2025-02-28,12327,2,31,Dispatch,17,565.25,0,17
2025-02-28,12328,2,26,Dispatch,6,517.38,0,6
2025-02-28,12329,2,5,Dispatch,13,113.23,0,13
2025-02-28,12330,2,26,Dispatch,20,1724.6,0,20
2025-02-28,12331,2,19,Dispatch,5,105.7,0,5
2025-02-28,12332,2,9,Dispatch,20,316.8,0,20
2025-02-28,12333,2,15,Dispatch,4,286.52,0,4
2025-02-28,12334,2,2,Dispatch,15,1367.1,0,15
2025-02-28,12335,2,13,Dispatch,15,1701.9,0,15
2025-02-28,12336,2,9,Dispatch,9,142.56,0,9
2025-02-28,12337,2,29,Dispatch,18,405.18,0,18
2025-02-28,12355,3,1,Pack,4,479.44,0,4
2025-02-28,12355,3,1,Pack,1,119.86,0,1
2025-02-28,12378,3,32,Pack,22,360.14,0,0
2025-02-28,12379,3,20,Pack,6,544.02,0,0
2025-02-28,12380,3,17,Pack,18,2064.06,0,0
2025-02-28,12381,3,3,Pack,15,787.95,0,0
2025-02-28,12382,3,22,Pack,16,464.96,0,0
2025-02-28,12383,3,1,Pack,16,1917.76,0,0
2025-02-28,12384,3,15,Pack,20,1432.6,0,0
2025-02-28,12385,3,20,Pack,19,1722.73,0,0
2025-02-28,12386,3,2,Pack,10,911.4,0,0
2025-02-28,12387,3,32,Pack,21,343.77,0,0
2025-02-28,12388,3,21,Pack,18,596.52,0,0
2025-02-28,12389,3,13,Pack,13,1474.98,0,0
2025-02-28,12390,3,15,Pack,4,286.52,0,0
2025-02-28,12391,3,25,Pack,17,345.1,0,0
2025-02-28,12340,3,3,Dispatch,7,367.71,0,7
2025-02-28,12341,3,7,Dispatch,5,438.55,0,5
2025-02-28,12342,3,10,Dispatch,8,787.76,0,8
2025-02-28,12343,3,25,Dispatch,19,385.7,0,19
2025-02-28,12344,3,23,Dispatch,17,2108.85,0,17
2025-02-28,12345,3,5,Dispatch,13,113.23,0,13
2025-02-28,12346,3,13,Dispatch,17,1928.82,0,17
2025-02-28,12347,3,13,Dispatch,16,1815.36,0,16
2025-02-28,12348,3,17,Dispatch,4,458.68,0,4
2025-02-28,12349,3,18,Dispatch,8,579.44,0,8
2025-02-28,12350,3,28,Dispatch,13,203.71,0,13
2025-02-28,12351,3,12,Dispatch,14,1271.9,0,14
2025-02-28,12352,3,27,Dispatch,22,2684.0,0,22
2025-02-28,12353,3,32,Dispatch,7,114.59,0,7
2025-02-28,12354,3,28,Dispatch,22,344.74,0,22
2025-02-28,12355,3,1,Dispatch,15,1797.9,0,15
2025-03-31,13145,1,1,Pack,2,239.72,0,8
2025-03-31,13216,1,14,Pack,11,1023.22,0,0
2025-03-31,13217,1,12,Pack,3,272.55,0,0
2025-03-31,13218,1,15,Pack,4,286.52,0,0
2025-03-31,13219,1,16,Pack,17,587.35,0,0
2025-03-31,13220,1,24,Pack,13,1634.75,0,0
2025-03-31,13221,1,9,Pack,6,95.04,0,0
2025-03-31,13222,1,30,Pack,4,185.64,0,0
2025-03-31,13223,1,14,Pack,14,1302.28,0,0
2025-03-31,13224,1,32,Pack,5,81.85,0,0
2025-03-31,13225,1,30,Pack,20,928.2,0,0
2025-03-31,13226,1,14,Pack,17,1581.34,0,0
2025-03-31,13227,1,12,Pack,6,545.1,0,0
2025-03-31,13228,1,3,Pack,10,525.3,0,0
2025-03-31,13229,1,12,Pack,13,1181.05,0,0
2025-03-31,13230,1,7,Pack,3,263.13,0,0
2025-03-31,13180,1,16,Dispatch,15,518.25,0,45
2025-03-31,13181,1,16,Dispatch,16,552.8,0,48
2025-03-31,13182,1,13,Dispatch,8,907.68,0,24
2025-03-31,13183,1,17,Dispatch,18,2064.06,0,54
2025-03-31,13184,1,13,Dispatch,4,453.84,0,12
2025-03-31,13185,1,15,Dispatch,16,1146.08,0,48
2025-03-31,13186,1,14,Dispatch,16,1488.32,0,48
2025-03-31,13187,1,4,Dispatch,21,2544.78,0,63
2025-03-31,13188,1,3,Dispatch,12,630.36,0,36
2025-03-31,13189,1,18,Dispatch,7,507.01,0,21
2025-03-31,13190,1,24,Dispatch,19,2389.25,0,57
2025-03-31,13191,1,32,Dispatch,13,212.81,0,39
2025-03-31,13194,2,22,Pack,4,116.24,0,12
2025-03-31,13195,2,22,Pack,17,494.02,0,51
2025-03-31,13231,2,29,Pack,19,427.69,0,0
2025-03-31,13232,2,6,Pack,11,188.21,0,0
2025-03-31,13233,2,2,Pack,5,455.7,0,0
2025-03-31,13234,2,31,Pack,20,665.0,0,0
2025-03-31,13235,2,9,Pack,12,190.08,0,0
2025-03-31,13236,2,21,Pack,7,231.98,0,0
2025-03-31,13237,2,8,Pack,16,1154.4,0,0
2025-03-31,13238,2,7,Pack,8,701.68,0,0
2025-03-31,13239,2,32,Pack,4,65.48,0,0
2025-03-31,13240,2,31,Pack,11,365.75,0,0
2025-03-31,13241,2,25,Pack,12,243.6,0,0
2025-03-31,13242,2,2,Pack,10,911.4,0,0
2025-03-31,13243,2,9,Pack,18,285.12,0,0
2025-03-31,13244,2,18,Pack,15,1086.45,0,0
2025-03-31,13245,2,10,Pack,16,1575.52,0,0
2025-03-31,13164,2,28,Dispatch,2,31.34,0,8
2025-03-31,13165,2,3,Dispatch,18,945.54,0,72
2025-03-31,13166,2,16,Dispatch,1,34.55,0,4
2025-03-31,13166,2,16,Dispatch,4,138.2,0,16
2025-03-31,13192,2,10,Dispatch,17,1673.99,0,51
2025-03-31,13193,2,6,Dispatch,7,119.77,0,21
2025-03-31,13194,2,22,Dispatch,11,319.66,0,33
2025-03-31,13196,2,32,Dispatch,5,81.85,0,15
2025-03-31,13197,2,1,Dispatch,8,958.88,0,24
2025-03-31,13198,2,27,Dispatch,8,976.0,0,24
2025-03-31,13199,2,13,Dispatch,7,794.22,0,21
2025-03-31,13200,2,28,Dispatch,7,109.69,0,21
2025-03-31,13201,2,31,Dispatch,7,232.75,0,21
2025-03-31,13202,2,8,Dispatch,18,1298.7,0,54
2025-03-31,13203,2,13,Dispatch,18,2042.28,0,54
2025-03-31,13204,2,11,Dispatch,11,911.02,0,33
2025-03-31,13212,3,19,Pick,13,274.82,0,39
2025-03-31,13250,3,8,Pick,3,216.45,0,0
2025-03-31,13170,3,16,Pack,8,276.4,0,32
2025-03-31,13173,3,11,Pack,8,662.56,0,32
2025-03-31,13246,3,31,Pack,15,498.75,0,0
2025-03-31,13247,3,8,Pack,20,1443.0,0,0
2025-03-31,13248,3,18,Pack,13,941.59,0,0
2025-03-31,13249,3,8,Pack,17,1226.55,0,0
2025-03-31,13250,3,8,Pack,11,793.65,0,0
2025-03-31,13251,3,4,Pack,11,1332.98,0,0
2025-03-31,13252,3,6,Pack,6,102.66,0,0
2025-03-31,13253,3,2,Pack,10,911.4,0,0
2025-03-31,13254,3,31,Pack,4,133.0,0,0
2025-03-31,13255,3,31,Pack,5,166.25,0,0
2025-03-31,13256,3,15,Pack,5,358.15,0,0
2025-03-31,13205,3,29,Dispatch,7,157.57,0,21
2025-03-31,13206,3,4,Dispatch,7,848.26,0,21
2025-03-31,13207,3,10,Dispatch,17,1673.99,0,51
2025-03-31,13208,3,29,Dispatch,7,157.57,0,21
2025-03-31,13209,3,18,Dispatch,15,1086.45,0,45
2025-03-31,13210,3,15,Dispatch,10,716.3,0,30
2025-03-31,13211,3,2,Dispatch,19,1731.66,0,57
2025-03-31,13213,3,8,Dispatch,17,1226.55,0,51
2025-03-31,13214,3,24,Dispatch,10,1257.5,0,30
2025-03-31,13215,3,28,Dispatch,17,266.39,0,51
2025-04-30,14136,1,3,Pack,10,525.3,0,0
2025-04-30,14137,1,30,Pack,5,232.05,0,0
2025-04-30,14138,1,13,Pack,10,1134.6,0,0
2025-04-30,14139,1,9,Pack,10,158.4,0,0
2025-04-30,14140,1,7,Pack,4,350.84,0,0
2025-04-30,14141,1,17,Pack,15,1720.05,0,0
2025-04-30,14142,1,3,Pack,11,577.83,0,0
2025-04-30,14143,1,30,Pack,17,788.97,0,0
2025-04-30,14144,1,3,Pack,14,735.42,0,0
2025-04-30,14145,1,3,Pack,5,262.65,0,0
2025-04-30,14146,1,7,Pack,18,1578.78,0,0
2025-04-30,14147,1,21,Pack,9,298.26,0,0
2025-04-30,14148,1,20,Pack,14,1269.38,0,0
2025-04-30,14149,1,22,Pack,11,319.66,0,0
2025-04-30,14150,1,1,Pack,20,2397.2,0,0
2025-04-30,14097,1,22,Dispatch,8,232.48,0,8
2025-04-30,14098,1,32,Dispatch,7,114.59,0,7
2025-04-30,14099,1,27,Dispatch,22,2684.0,0,22
2025-04-30,14100,1,6,Dispatch,14,239.54,0,14
2025-04-30,14101,1,3,Dispatch,7,367.71,0,7
2025-04-30,14102,1,8,Dispatch,15,1082.25,0,15
2025-04-30,14103,1,12,Dispatch,17,1544.45,0,17
2025-04-30,14104,1,11,Dispatch,10,828.2,0,10
2025-04-30,14105,1,14,Dispatch,16,1488.32,0,16
2025-04-30,14106,1,13,Dispatch,9,1021.14,0,9
2025-04-30,14107,1,30,Dispatch,11,510.51,0,11
2025-04-30,14108,1,9,Dispatch,7,110.88,0,7
2025-04-30,14109,1,6,Dispatch,13,222.43,0,13
2025-04-30,13737,2,23,Pick,17,2108.85,17,238
2025-04-30,13745,2,23,Pick,21,2605.05,21,294
2025-04-30,13771,2,23,Pick,19,2356.95,19,247
2025-04-30,13986,2,23,Pick,13,1612.65,13,78
2025-04-30,14115,2,23,Pick,16,1984.8,0,16
2025-04-30,14151,2,29,Pack,9,202.59,0,0
2025-04-30,14152,2,27,Pack,5,610.0,0,0
2025-04-30,14153,2,12,Pack,17,1544.45,0,0
2025-04-30,14154,2,26,Pack,8,689.84,0,0
2025-04-30,14155,2,6,Pack,12,205.32,0,0
2025-04-30,14156,2,9,Pack,3,47.52,0,0
2025-04-30,14157,2,26,Pack,18,1552.14,0,0
2025-04-30,14158,2,27,Pack,14,1708.0,0,0
2025-04-30,14159,2,4,Pack,22,2665.96,0,0
2025-04-30,14160,2,9,Pack,19,300.96,0,0
2025-04-30,14161,2,9,Pack,6,95.04,0,0
2025-04-30,14162,2,29,Pack,19,427.69,0,0
2025-04-30,14163,2,27,Pack,6,732.0,0,0
2025-04-30,14164,2,4,Pack,19,2302.42,0,0
2025-04-30,14165,2,10,Pack,21,2067.87,0,0
2025-04-30,14166,2,7,Pack,10,877.1,0,0
2025-04-30,14110,2,10,Dispatch,21,2067.87,0,21
2025-04-30,14111,2,28,Dispatch,19,297.73,0,19
2025-04-30,14112,2,22,Dispatch,20,581.2,0,20
2025-04-30,14113,2,27,Dispatch,11,1342.0,0,11
2025-04-30,14114,2,13,Dispatch,4,453.84,0,4
2025-04-30,14116,2,3,Dispatch,20,1050.6,0,20
2025-04-30,14117,2,5,Dispatch,16,139.36,0,16
2025-04-30,14118,2,3,Dispatch,22,1155.66,0,22
2025-04-30,14119,2,29,Dispatch,7,157.57,0,7
2025-04-30,14120,2,19,Dispatch,17,359.38,0,17
2025-04-30,14121,2,5,Dispatch,14,121.94,0,14
2025-04-30,14122,2,6,Dispatch,11,188.21,0,11
2025-04-30,14123,2,13,Dispatch,3,340.38,0,3
2025-04-30,14167,3,19,Pick,4,84.56,0,0
2025-04-30,14167,3,19,Pack,3,63.42,0,0
2025-04-30,14168,3,13,Pack,15,1701.9,0,0
2025-04-30,14169,3,30,Pack,10,464.1,0,0
2025-04-30,14170,3,2,Pack,18,1640.52,0,0
2025-04-30,14171,3,6,Pack,19,325.09,0,0
2025-04-30,14172,3,25,Pack,15,304.5,0,0
2025-04-30,14173,3,25,Pack,8,162.4,0,0
2025-04-30,14174,3,4,Pack,5,605.9,0,0
2025-04-30,14175,3,14,Pack,10,930.2,0,0
2025-04-30,14176,3,23,Pack,4,496.2,0,0
2025-04-30,14177,3,5,Pack,7,60.97,0,0
2025-04-30,14178,3,12,Pack,20,1817.0,0,0
2025-04-30,14179,3,28,Pack,16,250.72,0,0
2025-04-30,14124,3,32,Dispatch,12,196.44,0,12
2025-04-30,14125,3,16,Dispatch,9,310.95,0,9
2025-04-30,14126,3,26,Dispatch,8,689.84,0,8
2025-04-30,14127,3,1,Dispatch,6,719.16,0,6
2025-04-30,14128,3,26,Dispatch,16,1379.68,0,16
2025-04-30,14129,3,26,Dispatch,16,1379.68,0,16
2025-04-30,14130,3,27,Dispatch,10,1220.0,0,10
2025-04-30,14131,3,2,Dispatch,17,1549.38,0,17
2025-04-30,14132,3,22,Dispatch,20,581.2,0,20
2025-04-30,14133,3,11,Dispatch,9,745.38,0,9
2025-04-30,14134,3,29,Dispatch,6,135.06,0,6
2025-04-30,14135,3,29,Dispatch,18,405.18,0,18
2025-05-31,15074,1,13,Pick,2,226.92,0,2
2025-05-31,15059,1,1,Pack,22,2636.92,0,22
2025-05-31,15060,1,4,Pack,22,2665.96,0,22
2025-05-31,15061,1,17,Pack,12,1376.04,0,12
2025-05-31,15062,1,13,Pack,22,2496.12,0,22
2025-05-31,15063,1,31,Pack,4,133.0,0,4
2025-05-31,15064,1,18,Pack,14,1014.02,0,14
2025-05-31,15065,1,27,Pack,4,488.0,0,4
2025-05-31,15066,1,4,Pack,21,2544.78,0,21
2025-05-31,15067,1,20,Pack,6,544.02,0,6
2025-05-31,15068,1,14,Pack,14,1302.28,0,14
2025-05-31,15069,1,30,Pack,22,1021.02,0,22
2025-05-31,15070,1,29,Pack,20,450.2,0,20
2025-05-31,15071,1,14,Pack,9,837.18,0,9
2025-05-31,15072,1,15,Pack,11,787.93,0,11
2025-05-31,15073,1,15,Pack,14,1002.82,0,14
2025-05-31,15074,1,13,Pack,4,453.84,0,4
2025-05-31,15021,1,5,Dispatch,19,165.49,0,38
2025-05-31,15022,1,9,Dispatch,12,190.08,0,24
2025-05-31,15023,1,4,Dispatch,16,1938.88,0,32
2025-05-31,15024,1,26,Dispatch,19,1638.37,0,38
2025-05-31,15025,1,11,Dispatch,17,1407.94,0,34
2025-05-31,15026,1,11,Dispatch,12,993.84,0,24
2025-05-31,15027,1,25,Dispatch,21,426.3,0,42
2025-05-31,15028,1,5,Dispatch,7,60.97,0,14
2025-05-31,15029,1,6,Dispatch,18,307.98,0,36
2025-05-31,15030,1,26,Dispatch,12,1034.76,0,24
2025-05-31,15031,1,6,Dispatch,6,102.66,0,12
2025-05-31,15032,1,17,Dispatch,19,2178.73,0,38
2025-05-31,15075,2,18,Pack,16,1158.88,0,16
2025-05-31,15076,2,3,Pack,7,367.71,0,7
2025-05-31,15077,2,7,Pack,5,438.55,0,5
2025-05-31,15078,2,20,Pack,6,544.02,0,6
2025-05-31,15079,2,27,Pack,10,1220.0,0,10
2025-05-31,15080,2,29,Pack,6,135.06,0,6
2025-05-31,15081,2,5,Pack,22,191.62,0,22
2025-05-31,15082,2,2,Pack,17,1549.38,0,17
2025-05-31,15083,2,27,Pack,13,1586.0,0,13
2025-05-31,15084,2,26,Pack,3,258.69,0,3
2025-05-31,15085,2,14,Pack,16,1488.32,0,16
2025-05-31,15086,2,29,Pack,19,427.69,0,19
2025-05-31,15033,2,11,Dispatch,5,414.1,0,10
2025-05-31,15034,2,6,Dispatch,7,119.77,0,14
2025-05-31,15035,2,17,Dispatch,12,1376.04,0,24
2025-05-31,15036,2,23,Dispatch,7,868.35,0,14
2025-05-31,15037,2,24,Dispatch,9,1131.75,0,18
2025-05-31,15038,2,23,Dispatch,11,1364.55,0,22
2025-05-31,15039,2,14,Dispatch,16,1488.32,0,32
2025-05-31,15040,2,6,Dispatch,9,153.99,0,18
2025-05-31,15041,2,26,Dispatch,20,1724.6,0,40
2025-05-31,15042,2,18,Dispatch,14,1014.02,0,28
2025-05-31,15043,2,31,Dispatch,4,133.0,0,8
2025-05-31,15044,2,28,Dispatch,10,156.7,0,20
2025-05-31,15045,2,27,Dispatch,14,1708.0,0,28
2025-05-31,15046,2,10,Dispatch,11,1083.17,0,22
2025-05-31,15019,3,26,Pick,17,1465.91,0,51
2025-05-31,15087,3,5,Pack,8,69.68,0,8
2025-05-31,15088,3,5,Pack,13,113.23,0,13
2025-05-31,15089,3,21,Pack,8,265.12,0,8
2025-05-31,15090,3,30,Pack,8,371.28,0,8
2025-05-31,15091,3,11,Pack,13,1076.66,0,13
2025-05-31,15092,3,21,Pack,17,563.38,0,17
2025-05-31,15093,3,21,Pack,13,430.82,0,13
2025-05-31,15094,3,19,Pack,10,211.4,0,10
2025-05-31,15095,3,15,Pack,7,501.41,0,7
2025-05-31,15096,3,28,Pack,17,266.39,0,17
2025-05-31,15097,3,13,Pack,9,1021.14,0,9
2025-05-31,15098,3,11,Pack,21,1739.22,0,21
2025-05-31,15099,3,9,Pack,14,221.76,0,14
2025-05-31,15100,3,29,Pack,12,270.12,0,12
2025-05-31,15101,3,25,Pack,11,223.3,0,11
2025-05-31,15047,3,4,Dispatch,14,1696.52,0,28
2025-05-31,15048,3,2,Dispatch,14,1275.96,0,28
2025-05-31,15049,3,14,Dispatch,16,1488.32,0,32
2025-05-31,15050,3,13,Dispatch,8,907.68,0,16
2025-05-31,15051,3,13,Dispatch,8,907.68,0,16
2025-05-31,15052,3,30,Dispatch,14,649.74,0,28
2025-05-31,15053,3,15,Dispatch,8,573.04,0,16
2025-05-31,15054,3,2,Dispatch,4,364.56,0,8
2025-05-31,15055,3,31,Dispatch,12,399.0,0,24
2025-05-31,15056,3,4,Dispatch,4,484.72,0,8
2025-05-31,15057,3,10,Dispatch,12,1181.64,0,24
2025-05-31,15058,3,11,Dispatch,4,331.28,0,8
2025-06-30,15950,1,11,Pack,6,496.92,0,0
2025-06-30,15951,1,27,Pack,14,1708.0,0,0
2025-06-30,15952,1,19,Pack,6,126.84,0,0
2025-06-30,15953,1,5,Pack,20,174.2,0,0
2025-06-30,15954,1,23,Pack,6,744.3,0,0
2025-06-30,15955,1,11,Pack,10,828.2,0,0
2025-06-30,15956,1,29,Pack,20,450.2,0,0
2025-06-30,15957,1,27,Pack,6,732.0,0,0
2025-06-30,15958,1,6,Pack,8,136.88,0,0
2025-06-30,15959,1,6,Pack,18,307.98,0,0
2025-06-30,15960,1,13,Pack,13,1474.98,0,0
2025-06-30,15961,1,3,Pack,21,1103.13,0,0
2025-06-30,15962,1,22,Pack,6,174.36,0,0
2025-06-30,15963,1,25,Pack,9,182.7,0,0
2025-06-30,15964,1,26,Pack,11,948.53,0,0
2025-06-30,15965,1,13,Pack,19,2155.74,0,0
2025-06-30,15966,1,3,Pack,13,682.89,0,0
2025-06-30,15912,1,29,Dispatch,21,472.71,0,63
2025-06-30,15913,1,5,Dispatch,13,113.23,0,39
2025-06-30,15914,1,21,Dispatch,7,231.98,0,21
2025-06-30,15915,1,7,Dispatch,18,1578.78,0,54
2025-06-30,15916,1,26,Dispatch,6,517.38,0,18
2025-06-30,15917,1,20,Dispatch,5,453.35,0,15
2025-06-30,15918,1,25,Dispatch,19,385.7,0,57
2025-06-30,15919,1,3,Dispatch,21,1103.13,0,63
2025-06-30,15920,1,18,Dispatch,13,941.59,0,39
2025-06-30,15921,1,15,Dispatch,3,214.89,0,9
2025-06-30,15922,1,27,Dispatch,16,1952.0,0,48
2025-06-30,15923,1,26,Dispatch,20,1724.6,0,60
2025-06-30,15924,1,30,Dispatch,17,788.97,0,51
2025-06-30,15967,2,15,Pack,19,1360.97,0,0
2025-06-30,15968,2,18,Pack,6,434.58,0,0
2025-06-30,15969,2,13,Pack,17,1928.82,0,0
2025-06-30,15970,2,30,Pack,16,742.56,0,0
2025-06-30,15971,2,14,Pack,22,2046.44,0,0
2025-06-30,15972,2,17,Pack,3,344.01,0,0
2025-06-30,15973,2,22,Pack,11,319.66,0,0
2025-06-30,15974,2,22,Pack,10,290.6,0,0
2025-06-30,15975,2,23,Pack,12,1488.6,0,0
2025-06-30,15976,2,3,Pack,3,157.59,0,0
2025-06-30,15977,2,21,Pack,14,463.96,0,0
2025-06-30,15894,2,1,Dispatch,9,1078.74,0,36
2025-06-30,15925,2,12,Dispatch,4,363.4,0,12
2025-06-30,15926,2,26,Dispatch,14,1207.22,0,42
2025-06-30,15927,2,3,Dispatch,8,420.24,0,24
2025-06-30,15928,2,15,Dispatch,17,1217.71,0,51
2025-06-30,15929,2,10,Dispatch,19,1870.93,0,57
2025-06-30,15930,2,3,Dispatch,18,945.54,0,54
2025-06-30,15931,2,13,Dispatch,5,567.3,0,15
2025-06-30,15932,2,29,Dispatch,15,337.65,0,45
2025-06-30,15933,2,30,Dispatch,17,788.97,0,51
2025-06-30,15934,2,12,Dispatch,3,272.55,0,9
2025-06-30,15935,2,5,Dispatch,3,26.13,0,9
2025-06-30,15936,2,19,Dispatch,22,465.08,0,66
2025-06-30,15937,2,5,Dispatch,8,69.68,0,24
2025-06-30,15734,3,4,Pack,2,242.36,2,20
2025-06-30,15908,3,4,Pack,14,1696.52,0,56
2025-06-30,15978,3,5,Pack,17,148.07,0,0
2025-06-30,15979,3,20,Pack,14,1269.38,0,0
2025-06-30,15980,3,23,Pack,19,2356.95,0,0
2025-06-30,15981,3,20,Pack,7,634.69,0,0
2025-06-30,15982,3,25,Pack,13,263.9,0,0
2025-06-30,15983,3,21,Pack,7,231.98,0,0
2025-06-30,15984,3,31,Pack,10,332.5,0,0
2025-06-30,15985,3,1,Pack,17,2037.62,0,0
2025-06-30,15986,3,28,Pack,17,266.39,0,0
2025-06-30,15987,3,10,Pack,9,886.23,0,0
2025-06-30,15988,3,4,Pack,13,1575.34,0,0
2025-06-30,15989,3,31,Pack,9,299.25,0,0
2025-06-30,15938,3,28,Dispatch,8,125.36,0,24
2025-06-30,15939,3,31,Dispatch,19,631.75,0,57
2025-06-30,15940,3,23,Dispatch,5,620.25,0,15
2025-06-30,15941,3,20,Dispatch,3,272.01,0,9
2025-06-30,15942,3,13,Dispatch,17,1928.82,0,51
2025-06-30,15943,3,9,Dispatch,18,285.12,0,54
2025-06-30,15944,3,26,Dispatch,16,1379.68,0,48
2025-06-30,15945,3,11,Dispatch,20,1656.4,0,60
2025-06-30,15946,3,25,Dispatch,10,203.0,0,30
2025-06-30,15947,3,15,Dispatch,18,1289.34,0,54
2025-06-30,15948,3,11,Dispatch,7,579.74,0,21
2025-06-30,15949,3,6,Dispatch,5,85.55,0,15
2025-07-31,16952,1,9,Pack,20,316.8,0,0
2025-07-31,16953,1,13,Pack,19,2155.74,0,0
2025-07-31,16954,1,11,Pack,19,1573.58,0,0
2025-07-31,16955,1,4,Pack,7,848.26,0,0
2025-07-31,16956,1,12,Pack,11,999.35,0,0
2025-07-31,16957,1,9,Pack,5,79.2,0,0
2025-07-31,16958,1,27,Pack,20,2440.0,0,0
2025-07-31,16959,1,12,Pack,8,726.8,0,0
2025-07-31,16960,1,23,Pack,8,992.4,0,0
2025-07-31,16961,1,4,Pack,9,1090.62,0,0
2025-07-31,16962,1,2,Pack,20,1822.8,0,0
2025-07-31,16963,1,29,Pack,8,180.08,0,0
2025-07-31,16964,1,20,Pack,20,1813.4,0,0
2025-07-31,16965,1,4,Pack,22,2665.96,0,0
2025-07-31,16966,1,14,Pack,12,1116.24,0,0
2025-07-31,16883,1,25,Dispatch,16,324.8,0,32
2025-07-31,16915,1,28,Dispatch,11,172.37,0,11
2025-07-31,16916,1,21,Dispatch,21,695.94,0,21
2025-07-31,16917,1,31,Dispatch,8,266.0,0,8
2025-07-31,16918,1,20,Dispatch,7,634.69,0,7
2025-07-31,16919,1,31,Dispatch,12,399.0,0,12
2025-07-31,16920,1,28,Dispatch,10,156.7,0,10
2025-07-31,16921,1,12,Dispatch,18,1635.3,0,18
2025-07-31,16922,1,4,Dispatch,6,727.08,0,6
2025-07-31,16923,1,8,Dispatch,22,1587.3,0,22
2025-07-31,16924,1,6,Dispatch,15,256.65,0,15
2025-07-31,16925,1,18,Dispatch,15,1086.45,0,15
2025-07-31,16926,1,1,Dispatch,8,958.88,0,8
2025-07-31,16967,2,23,Pack,17,2108.85,0,0
2025-07-31,16968,2,12,Pack,7,635.95,0,0
2025-07-31,16969,2,26,Pack,21,1810.83,0,0
2025-07-31,16970,2,1,Pack,22,2636.92,0,0
2025-07-31,16971,2,17,Pack,3,344.01,0,0
2025-07-31,16972,2,28,Pack,9,141.03,0,0
2025-07-31,16973,2,24,Pack,16,2012.0,0,0
2025-07-31,16974,2,31,Pack,20,665.0,0,0
2025-07-31,16975,2,26,Pack,17,1465.91,0,0
2025-07-31,16976,2,14,Pack,10,930.2,0,0
2025-07-31,16977,2,30,Pack,13,603.33,0,0
2025-07-31,16978,2,23,Pack,17,2108.85,0,0
2025-07-31,16979,2,16,Pack,11,380.05,0,0
2025-07-31,16798,2,21,Dispatch,1,33.14,1,6
2025-07-31,16800,2,21,Dispatch,8,265.12,8,48
2025-07-31,16807,2,21,Dispatch,5,165.7,5,30
2025-07-31,16927,2,4,Dispatch,19,2302.42,0,19
2025-07-31,16928,2,6,Dispatch,12,205.32,0,12
2025-07-31,16929,2,14,Dispatch,21,1953.42,0,21
2025-07-31,16930,2,26,Dispatch,22,1897.06,0,22
2025-07-31,16931,2,11,Dispatch,18,1490.76,0,18
2025-07-31,16932,2,4,Dispatch,3,363.54,0,3
2025-07-31,16933,2,13,Dispatch,13,1474.98,0,13
2025-07-31,16934,2,27,Dispatch,21,2562.0,0,21
2025-07-31,16935,2,25,Dispatch,16,324.8,0,16
2025-07-31,16936,2,24,Dispatch,17,2137.75,0,17
2025-07-31,16937,2,20,Dispatch,16,1450.72,0,16
2025-07-31,16938,2,11,Dispatch,7,579.74,0,7
2025-07-31,16776,3,17,Pick,8,917.36,8,56
2025-07-31,16994,3,17,Pick,15,1720.05,0,0
2025-07-31,16980,3,12,Pack,11,999.35,0,0
2025-07-31,16981,3,4,Pack,17,2060.06,0,0
2025-07-31,16982,3,20,Pack,16,1450.72,0,0
2025-07-31,16983,3,7,Pack,8,701.68,0,0
2025-07-31,16984,3,18,Pack,21,1521.03,0,0
2025-07-31,16985,3,29,Pack,6,135.06,0,0
2025-07-31,16986,3,26,Pack,19,1638.37,0,0
2025-07-31,16987,3,1,Pack,18,2157.48,0,0
2025-07-31,16988,3,7,Pack,9,789.39,0,0
2025-07-31,16989,3,18,Pack,19,1376.17,0,0
2025-07-31,16990,3,23,Pack,10,1240.5,0,0
2025-07-31,16991,3,1,Pack,4,479.44,0,0
2025-07-31,16992,3,23,Pack,21,2605.05,0,0
2025-07-31,16993,3,21,Pack,18,596.52,0,0
2025-07-31,16995,3,4,Pack,16,1938.88,0,0
2025-07-31,16914,3,28,Dispatch,9,141.03,0,18
2025-07-31,16939,3,2,Dispatch,20,1822.8,0,20
2025-07-31,16940,3,18,Dispatch,15,1086.45,0,15
2025-07-31,16941,3,25,Dispatch,3,60.9,0,3
2025-07-31,16942,3,15,Dispatch,18,1289.34,0,18
2025-07-31,16943,3,16,Dispatch,11,380.05,0,11
2025-07-31,16944,3,2,Dispatch,7,637.98,0,7
2025-07-31,16945,3,2,Dispatch,15,1367.1,0,15
2025-07-31,16946,3,20,Dispatch,9,816.03,0,9
2025-07-31,16947,3,19,Dispatch,3,63.42,0,3
2025-07-31,16948,3,26,Dispatch,10,862.3,0,10
2025-07-31,16949,3,19,Dispatch,16,338.24,0,16
2025-07-31,16950,3,14,Dispatch,16,1488.32,0,16
2025-07-31,16951,3,8,Dispatch,22,1587.3,0,22
2025-08-31,17717,1,19,Pick,13,274.82,13,65
2025-08-31,17847,1,4,Pack,11,1332.98,0,22
2025-08-31,17848,1,27,Pack,12,1464.0,0,24
2025-08-31,17849,1,21,Pack,12,397.68,0,24
2025-08-31,17850,1,27,Pack,9,1098.0,0,18
2025-08-31,17851,1,18,Pack,11,796.73,0,22
2025-08-31,17852,1,6,Pack,17,290.87,0,34
2025-08-31,17853,1,7,Pack,10,877.1,0,20
2025-08-31,17854,1,25,Pack,6,121.8,0,12
2025-08-31,17855,1,3,Pack,15,787.95,0,30
2025-08-31,17856,1,7,Pack,7,613.97,0,14
2025-08-31,17857,1,17,Pack,5,573.35,0,10
2025-08-31,17858,1,30,Pack,22,1021.02,0,44
2025-08-31,17859,1,16,Pack,18,621.9,0,36
2025-08-31,17801,1,6,Dispatch,6,102.66,0,18
2025-08-31,17802,1,9,Dispatch,15,237.6,0,45
2025-08-31,17803,1,28,Dispatch,5,78.35,0,15
2025-08-31,17804,1,7,Dispatch,8,701.68,0,24
2025-08-31,17805,1,6,Dispatch,22,376.42,0,66
2025-08-31,17806,1,1,Dispatch,3,359.58,0,9
2025-08-31,17807,1,28,Dispatch,11,172.37,0,33
2025-08-31,17808,1,17,Dispatch,16,1834.72,0,48
2025-08-31,17809,1,27,Dispatch,12,1464.0,0,36
2025-08-31,17810,1,6,Dispatch,7,119.77,0,21
2025-08-31,17811,1,31,Dispatch,21,698.25,0,63
2025-08-31,17812,1,18,Dispatch,6,434.58,0,18
2025-08-31,17813,1,24,Dispatch,15,1886.25,0,45
2025-08-31,17814,1,16,Dispatch,17,587.35,0,51
2025-08-31,17815,1,12,Dispatch,13,1181.05,0,39
2025-08-31,17816,1,15,Dispatch,7,501.41,0,21
2025-08-31,17817,1,12,Dispatch,14,1271.9,0,42
2025-08-31,17860,2,14,Pack,13,1209.26,0,26
2025-08-31,17861,2,27,Pack,9,1098.0,0,18
2025-08-31,17862,2,13,Pack,20,2269.2,0,40
2025-08-31,17863,2,10,Pack,4,393.88,0,8
2025-08-31,17864,2,19,Pack,4,84.56,0,8
2025-08-31,17865,2,21,Pack,22,729.08,0,44
2025-08-31,17866,2,30,Pack,18,835.38,0,36
2025-08-31,17867,2,27,Pack,18,2196.0,0,36
2025-08-31,17868,2,11,Pack,12,993.84,0,24
2025-08-31,17869,2,18,Pack,3,217.29,0,6
2025-08-31,17870,2,23,Pack,14,1736.7,0,28
2025-08-31,17871,2,29,Pack,20,450.2,0,40
2025-08-31,17872,2,13,Pack,18,2042.28,0,36
2025-08-31,17873,2,11,Pack,12,993.84,0,24
2025-08-31,17874,2,6,Pack,22,376.42,0,44
2025-08-31,17875,2,2,Pack,10,911.4,0,20
2025-08-31,17818,2,28,Dispatch,6,94.02,0,18
2025-08-31,17819,2,12,Dispatch,15,1362.75,0,45
2025-08-31,17820,2,22,Dispatch,11,319.66,0,33
2025-08-31,17821,2,11,Dispatch,21,1739.22,0,63
2025-08-31,17822,2,21,Dispatch,8,265.12,0,24
2025-08-31,17823,2,12,Dispatch,16,1453.6,0,48
2025-08-31,17824,2,21,Dispatch,18,596.52,0,54
2025-08-31,17825,2,15,Dispatch,8,573.04,0,24
2025-08-31,17826,2,13,Dispatch,13,1474.98,0,39
2025-08-31,17827,2,27,Dispatch,4,488.0,0,12
2025-08-31,17828,2,22,Dispatch,8,232.48,0,24
2025-08-31,17829,2,20,Dispatch,13,1178.71,0,39
2025-08-31,17830,2,5,Dispatch,13,113.23,0,39
2025-08-31,17831,2,7,Dispatch,18,1578.78,0,54
2025-08-31,17845,3,21,Pack,3,99.42,0,9
2025-08-31,17846,3,22,Pack,16,464.96,0,48
2025-08-31,17876,3,31,Pack,9,299.25,0,18
2025-08-31,17877,3,5,Pack,9,78.39,0,18
2025-08-31,17878,3,31,Pack,12,399.0,0,24
2025-08-31,17879,3,11,Pack,7,579.74,0,14
2025-08-31,17880,3,2,Pack,7,637.98,0,14
2025-08-31,17881,3,13,Pack,3,340.38,0,6
2025-08-31,17882,3,7,Pack,14,1227.94,0,28
2025-08-31,17883,3,15,Pack,17,1217.71,0,34
2025-08-31,17884,3,12,Pack,15,1362.75,0,30
2025-08-31,17885,3,1,Pack,16,1917.76,0,32
2025-08-31,17886,3,28,Pack,20,313.4,0,40
2025-08-31,17887,3,1,Pack,9,1078.74,0,18
2025-08-31,17888,3,14,Pack,7,651.14,0,14
2025-08-31,17889,3,2,Pack,13,1184.82,0,26
2025-08-31,17890,3,27,Pack,19,2318.0,0,38
2025-08-31,17891,3,18,Pack,4,289.72,0,8
2025-08-31,17832,3,4,Dispatch,18,2181.24,0,54
2025-08-31,17833,3,25,Dispatch,17,345.1,0,51
2025-08-31,17834,3,26,Dispatch,8,689.84,0,24
2025-08-31,17835,3,23,Dispatch,13,1612.65,0,39
2025-08-31,17836,3,17,Dispatch,14,1605.38,0,42
2025-08-31,17837,3,13,Dispatch,18,2042.28,0,54
2025-08-31,17838,3,23,Dispatch,10,1240.5,0,30
2025-08-31,17839,3,25,Dispatch,22,446.6,0,66
2025-08-31,17840,3,3,Dispatch,18,945.54,0,54
2025-08-31,17841,3,12,Dispatch,11,999.35,0,33
2025-08-31,17842,3,23,Dispatch,17,2108.85,0,51
2025-08-31,17843,3,28,Dispatch,14,219.38,0,42
2025-08-31,17844,3,1,Dispatch,16,1917.76,0,48
2025-08-31,17845,3,21,Dispatch,4,132.56,0,12
2025-09-30,18724,1,17,Pick,8,917.36,8,32
2025-09-30,18764,1,17,Pick,21,2408.07,0,21
2025-09-30,18797,1,7,Pick,13,1140.23,0,0
2025-09-30,18802,1,7,Pick,20,1754.2,0,0
2025-09-30,18760,1,28,Pack,3,47.01,0,3
2025-09-30,18761,1,31,Pack,11,365.75,0,11
2025-09-30,18762,1,18,Pack,11,796.73,0,11
2025-09-30,18763,1,2,Pack,7,637.98,0,7
2025-09-30,18763,1,2,Pack,13,1184.82,0,13
2025-09-30,18765,1,29,Pack,3,67.53,0,3
2025-09-30,18793,1,18,Pack,17,1231.31,0,0
2025-09-30,18794,1,15,Pack,9,644.67,0,0
2025-09-30,18795,1,23,Pack,3,372.15,0,0
2025-09-30,18796,1,2,Pack,17,1549.38,0,0
2025-09-30,18797,1,7,Pack,8,701.68,0,0
2025-09-30,18798,1,10,Pack,3,295.41,0,0
2025-09-30,18799,1,20,Pack,7,634.69,0,0
2025-09-30,18800,1,5,Pack,14,121.94,0,0
2025-09-30,18801,1,5,Pack,11,95.81,0,0
2025-09-30,18803,1,23,Pack,14,1736.7,0,0
2025-09-30,18804,1,20,Pack,7,634.69,0,0
2025-09-30,18805,1,2,Pack,3,273.42,0,0
2025-09-30,18806,1,27,Pack,5,610.0,0,0
2025-09-30,18807,1,4,Pack,9,1090.62,0,0
2025-09-30,18286,1,21,Dispatch,6,198.84,6,108
2025-09-30,18331,1,21,Dispatch,22,729.08,22,330
2025-09-30,18372,1,21,Dispatch,18,596.52,18,252
2025-09-30,18410,1,21,Dispatch,8,265.12,8,104
2025-09-30,18423,1,21,Dispatch,22,729.08,22,286
2025-09-30,18720,1,21,Dispatch,9,298.26,9,36
2025-09-30,18751,1,18,Dispatch,8,579.44,0,8
2025-09-30,18752,1,19,Dispatch,10,211.4,0,10
2025-09-30,18753,1,23,Dispatch,21,2605.05,0,21
2025-09-30,18754,1,11,Dispatch,9,745.38,0,9
2025-09-30,18755,1,23,Dispatch,18,2232.9,0,18
2025-09-30,18756,1,29,Dispatch,7,157.57,0,7
2025-09-30,18757,1,11,Dispatch,6,496.92,0,6
2025-09-30,18758,1,15,Dispatch,21,1504.23,0,21
2025-09-30,18759,1,20,Dispatch,8,725.36,0,8
2025-09-30,18760,1,28,Dispatch,9,141.03,0,9
2025-09-30,18649,2,21,Pick,18,596.52,18,108
2025-09-30,18686,2,21,Pick,5,165.7,0,25
2025-09-30,18729,2,21,Pick,15,497.1,0,60
2025-09-30,18815,2,21,Pick,15,497.1,0,0
2025-09-30,18808,2,3,Pack,22,1155.66,0,0
2025-09-30,18809,2,7,Pack,19,1666.49,0,0
2025-09-30,18810,2,31,Pack,18,598.5,0,0
2025-09-30,18811,2,29,Pack,5,112.55,0,0
2025-09-30,18812,2,11,Pack,16,1325.12,0,0
2025-09-30,18813,2,19,Pack,20,422.8,0,0
2025-09-30,18814,2,9,Pack,8,126.72,0,0
2025-09-30,18816,2,30,Pack,13,603.33,0,0
2025-09-30,18817,2,26,Pack,20,1724.6,0,0
2025-09-30,18818,2,5,Pack,8,69.68,0,0
2025-09-30,18819,2,12,Pack,14,1271.9,0,0
2025-09-30,18820,2,1,Pack,19,2277.34,0,0
2025-09-30,18821,2,31,Pack,21,698.25,0,0
2025-09-30,18475,2,8,Dispatch,12,865.8,12,144
2025-09-30,18766,2,27,Dispatch,4,488.0,0,4
2025-09-30,18767,2,2,Dispatch,12,1093.68,0,12
2025-09-30,18768,2,14,Dispatch,6,558.12,0,6
2025-09-30,18769,2,28,Dispatch,5,78.35,0,5
2025-09-30,18770,2,27,Dispatch,15,1830.0,0,15
2025-09-30,18771,2,1,Dispatch,12,1438.32,0,12
2025-09-30,18772,2,29,Dispatch,22,495.22,0,22
2025-09-30,18773,2,22,Dispatch,17,494.02,0,17
2025-09-30,18774,2,26,Dispatch,12,1034.76,0,12
2025-09-30,18775,2,30,Dispatch,15,696.15,0,15
2025-09-30,18776,2,5,Dispatch,22,191.62,0,22
2025-09-30,18777,2,29,Dispatch,9,202.59,0,9
2025-09-30,18778,2,10,Dispatch,14,1378.58,0,14
2025-09-30,18779,2,20,Dispatch,8,725.36,0,8
2025-09-30,18822,3,19,Pack,8,169.12,0,0
2025-09-30,18823,3,18,Pack,13,941.59,0,0
2025-09-30,18824,3,3,Pack,7,367.71,0,0
2025-09-30,18825,3,14,Pack,17,1581.34,0,0
2025-09-30,18826,3,15,Pack,6,429.78,0,0
2025-09-30,18827,3,25,Pack,16,324.8,0,0
2025-09-30,18828,3,10,Pack,5,492.35,0,0
2025-09-30,18829,3,14,Pack,21,1953.42,0,0
2025-09-30,18830,3,11,Pack,20,1656.4,0,0
2025-09-30,18831,3,31,Pack,15,498.75,0,0
2025-09-30,18832,3,4,Pack,19,2302.42,0,0
2025-09-30,18833,3,18,Pack,17,1231.31,0,0
2025-09-30,18834,3,11,Pack,22,1822.04,0,0
2025-09-30,18835,3,13,Pack,15,1701.9,0,0
2025-09-30,18780,3,15,Dispatch,10,716.3,0,10
2025-09-30,18781,3,6,Dispatch,9,153.99,0,9
2025-09-30,18782,3,12,Dispatch,12,1090.2,0,12
2025-09-30,18783,3,23,Dispatch,14,1736.7,0,14
2025-09-30,18784,3,6,Dispatch,10,171.1,0,10
2025-09-30,18785,3,19,Dispatch,9,190.26,0,9
2025-09-30,18786,3,5,Dispatch,22,191.62,0,22
2025-09-30,18787,3,20,Dispatch,10,906.7,0,10
2025-09-30,18788,3,28,Dispatch,10,156.7,0,10
2025-09-30,18789,3,31,Dispatch,6,199.5,0,6
2025-09-30,18790,3,18,Dispatch,17,1231.31,0,17
2025-09-30,18791,3,29,Dispatch,13,292.63,0,13
2025-09-30,18792,3,29,Dispatch,3,67.53,0,3
2025-10-31,19153,1,20,Pick,11,997.37,11,242
2025-10-31,19204,1,20,Pick,13,1178.71,13,273
2025-10-31,19258,1,20,Pick,9,816.03,9,162
2025-10-31,19407,1,20,Pick,9,816.03,9,135
2025-10-31,19579,1,20,Pick,13,1178.71,13,130
2025-10-31,19629,1,18,Pick,15,1086.45,15,135
2025-10-31,19740,1,18,Pick,20,1448.6,20,140
2025-10-31,19783,1,18,Pick,20,1448.6,20,80
2025-10-31,19784,1,18,Pick,20,1448.6,0,80
2025-10-31,19994,1,18,Pick,8,579.44,0,0
2025-10-31,19944,1,10,Pack,5,492.35,0,5
2025-10-31,19945,1,1,Pack,9,1078.74,0,9
2025-10-31,19946,1,2,Pack,4,364.56,0,4
2025-10-31,19984,1,15,Pack,5,358.15,0,0
2025-10-31,19985,1,28,Pack,15,235.05,0,0
2025-10-31,19986,1,3,Pack,12,630.36,0,0
2025-10-31,19987,1,29,Pack,4,90.04,0,0
2025-10-31,19988,1,1,Pack,9,1078.74,0,0
2025-10-31,19989,1,11,Pack,9,745.38,0,0
2025-10-31,19990,1,29,Pack,4,90.04,0,0
2025-10-31,19991,1,12,Pack,11,999.35,0,0
2025-10-31,19992,1,29,Pack,7,157.57,0,0
2025-10-31,19993,1,2,Pack,13,1184.82,0,0
2025-10-31,19995,1,5,Pack,16,139.36,0,0
2025-10-31,19996,1,2,Pack,18,1640.52,0,0
2025-10-31,19997,1,6,Pack,8,136.88,0,0
2025-10-31,19998,1,4,Pack,20,2423.6,0,0
2025-10-31,19999,1,4,Pack,13,1575.34,0,0
2025-10-31,20000,1,31,Pack,19,631.75,0,0
2025-10-31,19889,1,14,Dispatch,2,186.04,0,4
2025-10-31,19890,1,29,Dispatch,20,450.2,0,40
2025-10-31,19891,1,5,Dispatch,6,52.26,0,12
2025-10-31,19891,1,5,Dispatch,6,52.26,0,12
2025-10-31,19892,1,13,Dispatch,16,1815.36,0,32
2025-10-31,19893,1,31,Dispatch,5,166.25,0,10
2025-10-31,19894,1,7,Dispatch,16,1403.36,0,32
2025-10-31,19895,1,1,Dispatch,20,2397.2,0,40
2025-10-31,19896,1,14,Dispatch,4,372.08,0,8
2025-10-31,19897,1,1,Dispatch,20,2397.2,0,40
2025-10-31,19931,1,14,Dispatch,5,465.1,0,5
2025-10-31,19932,1,3,Dispatch,6,315.18,0,6
2025-10-31,19933,1,7,Dispatch,21,1841.91,0,21
2025-10-31,19934,1,10,Dispatch,13,1280.11,0,13
2025-10-31,19935,1,4,Dispatch,8,969.44,0,8
2025-10-31,19936,1,6,Dispatch,19,325.09,0,19
2025-10-31,19937,1,5,Dispatch,5,43.55,0,5
2025-10-31,19938,1,2,Dispatch,10,911.4,0,10
2025-10-31,19939,1,15,Dispatch,8,573.04,0,8
2025-10-31,19940,1,28,Dispatch,11,172.37,0,11
2025-10-31,19941,1,31,Dispatch,17,565.25,0,17
2025-10-31,19942,1,5,Dispatch,8,69.68,0,8
2025-10-31,19943,1,19,Dispatch,5,105.7,0,5
2025-10-31,20002,2,17,Pick,3,344.01,0,0
2025-10-31,20006,2,17,Pick,16,1834.72,0,0
2025-10-31,20015,2,17,Pick,14,1605.38,0,0
2025-10-31,19542,2,10,Pack,2,196.94,2,22
2025-10-31,19543,2,24,Pack,10,1257.5,10,110
2025-10-31,19544,2,7,Pack,5,438.55,5,55
2025-10-31,19545,2,1,Pack,6,719.16,6,66
2025-10-31,19546,2,25,Pack,6,121.8,6,66
2025-10-31,19547,2,4,Pack,22,2665.96,22,242
2025-10-31,19548,2,2,Pack,16,1458.24,16,176
2025-10-31,19580,2,16,Pack,3,103.65,3,30
2025-10-31,19581,2,30,Pack,8,371.28,8,80
2025-10-31,19582,2,6,Pack,8,136.88,8,80
2025-10-31,19583,2,29,Pack,16,360.16,16,160
2025-10-31,19584,2,2,Pack,17,1549.38,17,170
2025-10-31,19585,2,3,Pack,16,840.48,16,160
2025-10-31,19586,2,1,Pack,10,1198.6,10,100
2025-10-31,19587,2,13,Pack,4,453.84,4,40
2025-10-31,19588,2,31,Pack,18,598.5,18,180
2025-10-31,19589,2,27,Pack,17,2074.0,17,170
2025-10-31,19590,2,20,Pack,12,1088.04,12,120
2025-10-31,19591,2,18,Pack,2,144.86,2,20
2025-10-31,19591,2,18,Pack,10,724.3,10,100
2025-10-31,19592,2,25,Pack,18,365.4,18,180
2025-10-31,19593,2,21,Pack,9,298.26,9,90
2025-10-31,19594,2,7,Pack,5,438.55,5,50
2025-10-31,19595,2,26,Pack,13,1120.99,13,130
2025-10-31,19596,2,23,Pack,10,1240.5,10,100
2025-10-31,19597,2,13,Pack,14,1588.44,14,140
2025-10-31,19635,2,15,Pack,10,716.3,10,90
2025-10-31,19636,2,13,Pack,4,453.84,4,36
2025-10-31,19637,2,25,Pack,17,345.1,17,153
2025-10-31,19638,2,9,Pack,19,300.96,19,171
2025-10-31,19639,2,11,Pack,8,662.56,8,72
2025-10-31,19640,2,5,Pack,9,78.39,9,81
2025-10-31,19641,2,28,Pack,16,250.72,16,144
2025-10-31,19642,2,11,Pack,5,414.1,5,45
2025-10-31,19643,2,7,Pack,22,1929.62,22,198
2025-10-31,19644,2,6,Pack,8,136.88,8,72
2025-10-31,19645,2,2,Pack,15,1367.1,15,135
2025-10-31,19646,2,13,Pack,5,567.3,5,45
2025-10-31,19647,2,6,Pack,4,68.44,4,36
2025-10-31,19648,2,19,Pack,15,317.1,15,135
2025-10-31,19649,2,27,Pack,19,2318.0,19,171
2025-10-31,19650,2,23,Pack,2,248.1,2,18
2025-10-31,19650,2,23,Pack,13,1612.65,13,117
2025-10-31,19689,2,20,Pack,7,634.69,7,56
2025-10-31,19690,2,12,Pack,3,272.55,3,24
2025-10-31,19691,2,23,Pack,5,620.25,5,40
2025-10-31,19692,2,29,Pack,9,202.59,9,72
2025-10-31,19693,2,6,Pack,14,239.54,14,112
2025-10-31,19694,2,3,Pack,18,945.54,18,144
2025-10-31,19695,2,17,Pack,13,1490.71,13,104
2025-10-31,19696,2,19,Pack,6,126.84,6,48
2025-10-31,19697,2,13,Pack,19,2155.74,19,152
2025-10-31,19698,2,4,Pack,14,1696.52,14,112
2025-10-31,19699,2,31,Pack,15,498.75,15,120
2025-10-31,19700,2,27,Pack,19,2318.0,19,152
2025-10-31,19701,2,17,Pack,14,1605.38,14,112
2025-10-31,19702,2,19,Pack,16,338.24,16,128
2025-10-31,19703,2,17,Pack,6,688.02,6,48
2025-10-31,19704,2,18,Pack,11,796.73,11,88
2025-10-31,19705,2,20,Pack,3,272.01,3,24
2025-10-31,19706,2,28,Pack,18,282.06,18,144
2025-10-31,19707,2,11,Pack,5,414.1,5,40
2025-10-31,19742,2,11,Pack,9,745.38,9,63
2025-10-31,19743,2,25,Pack,20,406.0,20,140
2025-10-31,19744,2,13,Pack,16,1815.36,16,112
2025-10-31,19745,2,15,Pack,22,1575.86,22,154
2025-10-31,19746,2,22,Pack,20,581.2,20,140
2025-10-31,19747,2,25,Pack,21,426.3,21,147
2025-10-31,19748,2,11,Pack,14,1159.48,14,98
2025-10-31,19749,2,29,Pack,18,405.18,18,126
2025-10-31,19750,2,6,Pack,14,239.54,14,98
2025-10-31,19751,2,17,Pack,10,1146.7,10,70
2025-10-31,19752,2,22,Pack,20,581.2,20,140
2025-10-31,19753,2,19,Pack,9,190.26,9,63
2025-10-31,19754,2,8,Pack,12,865.8,12,84
2025-10-31,19755,2,15,Pack,7,501.41,7,49
2025-10-31,19756,2,29,Pack,22,495.22,22,154
2025-10-31,19757,2,3,Pack,11,577.83,11,77
2025-10-31,19757,2,3,Pack,3,157.59,3,21
2025-10-31,19758,2,1,Pack,15,1797.9,15,105
2025-10-31,19798,2,30,Pack,6,278.46,6,24
2025-10-31,19799,2,11,Pack,8,662.56,8,32
2025-10-31,19800,2,5,Pack,22,191.62,0,88
2025-10-31,19801,2,1,Pack,3,359.58,3,12
2025-10-31,19802,2,11,Pack,16,1325.12,16,64
2025-10-31,19803,2,25,Pack,5,101.5,5,20
2025-10-31,19804,2,15,Pack,3,214.89,0,12
2025-10-31,19805,2,25,Pack,6,121.8,6,24
2025-10-31,19806,2,3,Pack,20,1050.6,20,80
2025-10-31,19807,2,29,Pack,9,202.59,0,36
2025-10-31,19808,2,23,Pack,6,744.3,6,24
2025-10-31,19809,2,3,Pack,10,525.3,10,40
2025-10-31,19810,2,15,Pack,11,787.93,11,44
2025-10-31,19811,2,13,Pack,17,1928.82,0,68
2025-10-31,19812,2,28,Pack,8,125.36,8,32
2025-10-31,19813,2,26,Pack,20,1724.6,0,80
2025-10-31,19848,2,6,Pack,14,239.54,0,42
2025-10-31,19849,2,15,Pack,22,1575.86,0,66
2025-10-31,19850,2,18,Pack,5,362.15,0,15
2025-10-31,19851,2,6,Pack,19,325.09,0,57
2025-10-31,19852,2,28,Pack,8,125.36,0,24
2025-10-31,19853,2,13,Pack,5,567.3,0,15
2025-10-31,19854,2,14,Pack,19,1767.38,0,57
2025-10-31,19855,2,1,Pack,3,359.58,0,9
2025-10-31,19856,2,1,Pack,6,719.16,0,18
2025-10-31,19857,2,7,Pack,11,964.81,0,33
2025-10-31,19859,2,9,Pack,15,237.6,0,45
2025-10-31,19860,2,26,Pack,8,689.84,0,24
2025-10-31,19861,2,11,Pack,12,993.84,0,36
2025-10-31,19862,2,22,Pack,12,348.72,0,36
2025-10-31,19863,2,9,Pack,3,47.52,0,9
2025-10-31,19864,2,28,Pack,11,172.37,0,33
2025-10-31,19865,2,2,Pack,4,364.56,0,12
2025-10-31,19898,2,23,Pack,9,1116.45,0,18
2025-10-31,19899,2,30,Pack,10,464.1,0,20
2025-10-31,19900,2,7,Pack,14,1227.94,0,28
2025-10-31,19901,2,18,Pack,4,289.72,0,8
2025-10-31,19902,2,22,Pack,19,552.14,0,38
2025-10-31,19903,2,4,Pack,10,1211.8,0,20
2025-10-31,19904,2,11,Pack,12,993.84,0,24
2025-10-31,19905,2,23,Pack,19,2356.95,0,38
2025-10-31,19906,2,18,Pack,6,434.58,0,12
2025-10-31,19907,2,14,Pack,10,930.2,0,20
2025-10-31,19908,2,18,Pack,11,796.73,0,22
2025-10-31,19909,2,1,Pack,18,2157.48,0,36
2025-10-31,19910,2,27,Pack,20,2440.0,0,40
2025-10-31,19911,2,22,Pack,11,319.66,0,22
2025-10-31,19912,2,11,Pack,13,1076.66,0,26
2025-10-31,19913,2,7,Pack,11,964.81,0,22
2025-10-31,19914,2,7,Pack,7,613.97,0,14
2025-10-31,19915,2,2,Pack,12,1093.68,0,24
2025-10-31,19809,2,3,Pack,1,52.53,1,4
2025-10-31,19858,2,3,Pack,18,945.54,0,54
2025-10-31,19915,2,2,Pack,2,182.28,0,4
2025-10-31,19947,2,11,Pack,14,1159.48,0,14
2025-10-31,19948,2,3,Pack,22,1155.66,0,22
2025-10-31,19949,2,7,Pack,13,1140.23,0,13
2025-10-31,19950,2,18,Pack,21,1521.03,0,21
2025-10-31,19951,2,30,Pack,12,556.92,0,12
2025-10-31,19952,2,20,Pack,4,362.68,0,4
2025-10-31,19953,2,6,Pack,8,136.88,0,8
2025-10-31,19954,2,13,Pack,5,567.3,0,5
2025-10-31,19955,2,6,Pack,20,342.2,0,20
2025-10-31,19956,2,5,Pack,8,69.68,0,8
2025-10-31,19957,2,19,Pack,17,359.38,0,17
2025-10-31,19958,2,30,Pack,7,324.87,0,7
2025-10-31,19959,2,21,Pack,3,99.42,0,3
2025-10-31,19960,2,28,Pack,19,297.73,0,19
2025-10-31,19961,2,30,Pack,4,185.64,0,4
2025-10-31,19962,2,7,Pack,18,1578.78,0,18
2025-10-31,19963,2,21,Pack,1,33.14,0,1
2025-10-31,19963,2,21,Pack,20,662.8,0,20
2025-10-31,20001,2,10,Pack,21,2067.87,0,0
2025-10-31,20002,2,17,Pack,19,2178.73,0,0
2025-10-31,20003,2,3,Pack,4,210.12,0,0
2025-10-31,20004,2,25,Pack,15,304.5,0,0
2025-10-31,20005,2,11,Pack,19,1573.58,0,0
2025-10-31,20007,2,9,Pack,8,126.72,0,0
2025-10-31,20008,2,10,Pack,10,984.7,0,0
2025-10-31,20009,2,27,Pack,20,2440.0,0,0
2025-10-31,20010,2,15,Pack,9,644.67,0,0
2025-10-31,20011,2,1,Pack,6,719.16,0,0
2025-10-31,20012,2,9,Pack,13,205.92,0,0
2025-10-31,20013,2,1,Pack,14,1678.04,0,0
2025-10-31,20014,2,3,Pack,6,315.18,0,0
2025-10-31,20016,2,21,Pack,19,629.66,0,0
2025-10-31,20017,2,11,Pack,17,1407.94,0,0
2025-10-31,19531,2,23,Dispatch,5,620.25,5,55
2025-10-31,19532,2,28,Dispatch,22,344.74,22,242
2025-10-31,19533,2,6,Dispatch,7,119.77,7,77
2025-10-31,19534,2,5,Dispatch,16,139.36,16,176
2025-10-31,19535,2,1,Dispatch,11,1318.46,11,121
2025-10-31,19536,2,1,Dispatch,11,1318.46,11,121
2025-10-31,19537,2,1,Dispatch,12,1438.32,12,132
2025-10-31,19538,2,28,Dispatch,15,235.05,15,165
2025-10-31,19539,2,21,Dispatch,3,99.42,3,33
2025-10-31,19540,2,13,Dispatch,6,680.76,6,66
2025-10-31,19541,2,26,Dispatch,16,1379.68,16,176
2025-10-31,19542,2,10,Dispatch,11,1083.17,11,121
2025-10-31,19550,3,23,Pick,9,1116.45,9,99
2025-10-31,19656,3,23,Pick,15,1860.75,15,135
2025-10-31,19714,3,23,Pick,15,1860.75,15,120
2025-10-31,19717,3,16,Pick,3,103.65,3,24
2025-10-31,19775,3,21,Pick,5,165.7,5,35
2025-10-31,19815,3,21,Pick,9,298.26,0,36
2025-10-31,19816,3,23,Pick,6,744.3,6,24
2025-10-31,19876,3,29,Pick,9,202.59,0,27
2025-10-31,19916,3,21,Pick,4,132.56,0,8
2025-10-31,19922,3,29,Pick,22,495.22,0,44
2025-10-31,19924,3,29,Pick,8,180.08,0,16
2025-10-31,19927,3,23,Pick,15,1860.75,0,30
2025-10-31,19970,3,29,Pick,6,135.06,0,6
2025-10-31,20020,3,16,Pick,3,103.65,0,0
2025-10-31,20034,3,12,Pick,13,1181.05,0,0
2025-10-31,19983,3,14,Pack,12,1116.24,0,12
2025-10-31,20018,3,17,Pack,6,688.02,0,0
2025-10-31,20019,3,31,Pack,3,99.75,0,0
2025-10-31,20021,3,31,Pack,3,99.75,0,0
2025-10-31,20022,3,1,Pack,15,1797.9,0,0
2025-10-31,20023,3,20,Pack,4,362.68,0,0
2025-10-31,20024,3,4,Pack,17,2060.06,0,0
2025-10-31,20025,3,10,Pack,7,689.29,0,0
2025-10-31,20026,3,14,Pack,17,1581.34,0,0
2025-10-31,20027,3,2,Pack,8,729.12,0,0
2025-10-31,20028,3,2,Pack,7,637.98,0,0
2025-10-31,20029,3,27,Pack,10,1220.0,0,0
2025-10-31,20030,3,9,Pack,14,221.76,0,0
2025-10-31,20031,3,14,Pack,8,744.16,0,0
2025-10-31,20032,3,17,Pack,4,458.68,0,0
2025-10-31,20033,3,9,Pack,12,190.08,0,0
2025-10-31,20034,3,12,Pack,8,726.8,0,0
2025-10-31,19964,3,9,Dispatch,4,63.36,0,4
2025-10-31,19965,3,4,Dispatch,21,2544.78,0,21
2025-10-31,19966,3,25,Dispatch,6,121.8,0,6
2025-10-31,19967,3,5,Dispatch,5,43.55,0,5
2025-10-31,19968,3,26,Dispatch,11,948.53,0,11
2025-10-31,19969,3,18,Dispatch,19,1376.17,0,19
2025-10-31,19971,3,3,Dispatch,4,210.12,0,4
2025-10-31,19972,3,7,Dispatch,15,1315.65,0,15
2025-10-31,19973,3,17,Dispatch,10,1146.7,0,10
2025-10-31,19974,3,31,Dispatch,19,631.75,0,19
2025-10-31,19975,3,28,Dispatch,6,94.02,0,6
2025-10-31,19976,3,20,Dispatch,20,1813.4,0,20
2025-10-31,19977,3,11,Dispatch,5,414.1,0,5
2025-10-31,19978,3,26,Dispatch,13,1120.99,0,13
2025-10-31,19979,3,9,Dispatch,3,47.52,0,3
2025-10-31,19980,3,11,Dispatch,14,1159.48,0,14
2025-10-31,19981,3,9,Dispatch,12,190.08,0,12
2025-10-31,19982,3,28,Dispatch,22,344.74,0,22
2025-10-31,19983,3,14,Dispatch,5,465.1,0,5
2025-11-30,20792,1,17,Pick,2,229.34,2,18
2025-11-30,20933,1,21,Pick,7,231.98,0,28
2025-11-30,20941,1,21,Pick,14,463.96,0,56
2025-11-30,20946,1,21,Pick,5,165.7,0,20
2025-11-30,20984,1,17,Pick,12,1376.04,0,36
2025-11-30,20987,1,17,Pick,3,344.01,0,9
2025-11-30,21038,1,17,Pick,9,1032.03,0,18
2025-11-30,21044,1,21,Pick,7,231.98,0,14
2025-11-30,21047,1,27,Pick,1,122.0,0,2
2025-11-30,21048,1,5,Pick,20,174.2,0,40
2025-11-30,21049,1,26,Pick,12,1034.76,0,24
2025-11-30,20943,1,30,Pack,21,974.61,0,84
2025-11-30,20944,1,5,Pack,12,104.52,0,48
2025-11-30,20945,1,1,Pack,15,1797.9,0,60
2025-11-30,20947,1,19,Pack,21,443.94,0,84
2025-11-30,20948,1,13,Pack,18,2042.28,0,72
2025-11-30,20985,1,5,Pack,14,121.94,0,42
2025-11-30,20986,1,3,Pack,16,840.48,0,48
2025-11-30,20988,1,29,Pack,22,495.22,0,66
2025-11-30,20989,1,8,Pack,10,721.5,0,30
2025-11-30,20990,1,15,Pack,6,429.78,0,18
2025-11-30,20991,1,27,Pack,17,2074.0,0,51
2025-11-30,20992,1,1,Pack,3,359.58,0,9
2025-11-30,20992,1,1,Pack,13,1558.18,0,39
2025-11-30,20993,1,25,Pack,5,101.5,0,15
2025-11-30,20994,1,20,Pack,15,1360.05,0,45
2025-11-30,20995,1,27,Pack,16,1952.0,0,48
2025-11-30,20996,1,31,Pack,11,365.75,0,33
2025-11-30,20997,1,31,Pack,10,332.5,0,30
2025-11-30,20998,1,18,Pack,8,579.44,0,24
2025-11-30,20999,1,2,Pack,15,1367.1,0,45
2025-11-30,21000,1,18,Pack,12,869.16,0,36
2025-11-30,21001,1,15,Pack,17,1217.71,0,51
2025-11-30,21035,1,30,Pack,13,603.33,0,26
2025-11-30,21036,1,26,Pack,3,258.69,0,6
2025-11-30,21037,1,1,Pack,7,839.02,0,14
2025-11-30,21039,1,28,Pack,14,219.38,0,28
2025-11-30,21040,1,12,Pack,10,908.5,0,20
2025-11-30,21041,1,22,Pack,19,552.14,0,38
2025-11-30,21042,1,4,Pack,14,1696.52,0,28
2025-11-30,21043,1,30,Pack,3,139.23,0,6
2025-11-30,21045,1,14,Pack,13,1209.26,0,26
2025-11-30,21046,1,7,Pack,19,1666.49,0,38
2025-11-30,21047,1,27,Pack,5,610.0,0,10
2025-11-30,20449,1,18,Dispatch,5,362.15,5,85
2025-11-30,20453,1,18,Dispatch,2,144.86,2,34
2025-11-30,20453,1,18,Dispatch,15,1086.45,15,255
2025-11-30,20609,1,18,Dispatch,15,1086.45,15,180
2025-11-30,20617,1,18,Dispatch,3,217.29,3,36
2025-11-30,20669,1,18,Dispatch,16,1158.88,16,176
2025-11-30,20889,1,18,Dispatch,8,579.44,8,40
2025-11-30,20891,1,18,Dispatch,5,362.15,0,25
2025-11-30,20895,1,18,Dispatch,4,289.72,0,20
2025-11-30,20931,1,12,Dispatch,15,1362.75,0,60
2025-11-30,20932,1,1,Dispatch,10,1198.6,0,40
2025-11-30,20933,1,21,Dispatch,14,463.96,0,56
2025-11-30,20934,1,23,Dispatch,18,2232.9,0,72
2025-11-30,20935,1,10,Dispatch,16,1575.52,0,64
2025-11-30,20936,1,14,Dispatch,11,1023.22,0,44
2025-11-30,20937,1,10,Dispatch,4,393.88,0,16
2025-11-30,20937,1,10,Dispatch,4,393.88,0,16
2025-11-30,20938,1,26,Dispatch,3,258.69,0,12
2025-11-30,20939,1,5,Dispatch,21,182.91,0,84
2025-11-30,20940,1,18,Dispatch,11,796.73,0,44
2025-11-30,20942,1,4,Dispatch,9,1090.62,0,36
2025-11-30,20943,1,30,Dispatch,1,46.41,0,4
2025-11-30,20472,2,21,Pick,7,231.98,7,119
2025-11-30,20531,2,21,Pick,3,99.42,3,48
2025-11-30,20697,2,21,Pick,18,596.52,18,198
2025-11-30,20741,2,21,Pick,3,99.42,3,30
2025-11-30,20950,2,21,Pick,3,99.42,0,12
2025-11-30,20954,2,21,Pick,15,497.1,0,60
2025-11-30,21010,2,13,Pick,1,113.46,0,3
2025-11-30,21018,2,13,Pick,10,1134.6,0,30
2025-11-30,21052,2,21,Pick,8,265.12,0,16
2025-11-30,21059,2,21,Pick,21,695.94,0,42
2025-11-30,20212,2,30,Pack,6,278.46,6,144
2025-11-30,20213,2,7,Pack,11,964.81,11,264
2025-11-30,20214,2,23,Pack,15,1860.75,15,360
2025-11-30,20215,2,26,Pack,6,517.38,6,144
2025-11-30,20216,2,10,Pack,19,1870.93,19,456
2025-11-30,20217,2,5,Pack,3,26.13,3,72
2025-11-30,20218,2,11,Pack,19,1573.58,19,456
2025-11-30,20219,2,30,Pack,19,881.79,19,456
2025-11-30,20220,2,9,Pack,9,142.56,9,216
2025-11-30,20261,2,13,Pack,8,907.68,8,184
2025-11-30,20262,2,11,Pack,14,1159.48,14,322
2025-11-30,20263,2,11,Pack,8,662.56,8,184
2025-11-30,20264,2,23,Pack,12,1488.6,12,276
2025-11-30,20265,2,6,Pack,12,205.32,12,276
2025-11-30,20266,2,31,Pack,22,731.5,22,506
2025-11-30,20267,2,28,Pack,6,94.02,6,138
2025-11-30,20269,2,22,Pack,16,464.96,16,368
2025-11-30,20270,2,30,Pack,7,324.87,7,161
2025-11-30,20271,2,19,Pack,11,232.54,11,253
2025-11-30,20272,2,7,Pack,6,526.26,6,138
2025-11-30,20273,2,18,Pack,18,1303.74,18,414
2025-11-30,20274,2,21,Pack,21,695.94,21,483
2025-11-30,20275,2,10,Pack,15,1477.05,15,345
2025-11-30,20220,2,9,Pack,13,205.92,13,312
2025-11-30,20308,2,9,Pack,8,126.72,8,160
2025-11-30,20309,2,14,Pack,14,1302.28,14,280
2025-11-30,20310,2,20,Pack,4,362.68,4,80
2025-11-30,20311,2,31,Pack,6,199.5,6,120
2025-11-30,20312,2,15,Pack,14,1002.82,14,280
2025-11-30,20313,2,14,Pack,18,1674.36,18,360
2025-11-30,20314,2,7,Pack,18,1578.78,18,360
2025-11-30,20315,2,32,Pack,19,311.03,19,380
2025-11-30,20316,2,1,Pack,15,1797.9,15,300
2025-11-30,20317,2,29,Pack,19,427.69,19,380
2025-11-30,20318,2,31,Pack,12,399.0,12,240
2025-11-30,20320,2,7,Pack,16,1403.36,16,320
2025-11-30,20321,2,4,Pack,15,1817.7,15,300
2025-11-30,20322,2,21,Pack,10,331.4,10,200
2025-11-30,20356,2,20,Pack,12,1088.04,12,228
2025-11-30,20357,2,25,Pack,4,81.2,4,76
2025-11-30,20358,2,23,Pack,7,868.35,7,133
2025-11-30,20359,2,6,Pack,5,85.55,5,95
2025-11-30,20360,2,7,Pack,17,1491.07,17,323
2025-11-30,20361,2,5,Pack,19,165.49,19,361
2025-11-30,20362,2,21,Pack,20,662.8,20,380
2025-11-30,20363,2,21,Pack,22,729.08,22,418
2025-11-30,20364,2,5,Pack,4,34.84,4,76
2025-11-30,20365,2,21,Pack,17,563.38,17,323
2025-11-30,20366,2,12,Pack,11,999.35,11,209
2025-11-30,20367,2,21,Pack,21,695.94,21,399
2025-11-30,20368,2,31,Pack,10,332.5,10,190
2025-11-30,20369,2,26,Pack,20,1724.6,20,380
2025-11-30,20371,2,4,Pack,7,848.26,7,133
2025-11-30,20372,2,3,Pack,15,787.95,15,285
2025-11-30,20260,2,2,Pack,20,1822.8,20,460
2025-11-30,20370,2,2,Pack,10,911.4,10,190
2025-11-30,20411,2,1,Pack,13,1558.18,13,234
2025-11-30,20412,2,12,Pack,12,1090.2,12,216
2025-11-30,20413,2,11,Pack,1,82.82,1,18
2025-11-30,20414,2,27,Pack,13,1586.0,13,234
2025-11-30,20415,2,25,Pack,7,142.1,7,126
2025-11-30,20417,2,30,Pack,16,742.56,16,288
2025-11-30,20418,2,19,Pack,3,63.42,3,54
2025-11-30,20419,2,7,Pack,4,350.84,4,72
2025-11-30,20420,2,5,Pack,13,113.23,13,234
2025-11-30,20421,2,30,Pack,11,510.51,11,198
2025-11-30,20422,2,22,Pack,18,523.08,18,324
2025-11-30,20423,2,15,Pack,15,1074.45,15,270
2025-11-30,20424,2,28,Pack,12,188.04,12,216
2025-11-30,20425,2,9,Pack,17,269.28,17,306
2025-11-30,20427,2,9,Pack,18,285.12,18,324
2025-11-30,20428,2,18,Pack,1,72.43,1,18
2025-11-30,20002,2,17,Pack,3,344.01,3,90
2025-11-30,20006,2,17,Pack,16,1834.72,16,480
2025-11-30,20015,2,17,Pack,14,1605.38,14,420
2025-11-30,20068,2,17,Pack,13,1490.71,13,351
2025-11-30,20121,2,17,Pack,3,344.01,3,78
2025-11-30,20170,2,17,Pack,16,1834.72,16,400
2025-11-30,20268,2,17,Pack,14,1605.38,14,322
2025-11-30,20319,2,17,Pack,9,1032.03,9,180
2025-11-30,20416,2,17,Pack,4,458.68,4,72
2025-11-30,20428,2,18,Pack,10,724.3,10,180
2025-11-30,20463,2,20,Pack,4,362.68,4,68
2025-11-30,20464,2,18,Pack,20,1448.6,20,340
2025-11-30,20465,2,13,Pack,12,1361.52,12,204
2025-11-30,20466,2,26,Pack,18,1552.14,18,306
2025-11-30,20467,2,14,Pack,8,744.16,8,136
2025-11-30,20468,2,25,Pack,10,203.0,10,170
2025-11-30,20469,2,28,Pack,10,156.7,10,170
2025-11-30,20470,2,31,Pack,6,199.5,6,102
2025-11-30,20471,2,18,Pack,2,144.86,2,34
2025-11-30,20472,2,21,Pack,9,298.26,9,153
2025-11-30,20473,2,20,Pack,19,1722.73,19,323
2025-11-30,20474,2,19,Pack,4,84.56,4,68
2025-11-30,20474,2,19,Pack,5,105.7,5,85
2025-11-30,20476,2,27,Pack,7,854.0,7,119
2025-11-30,20477,2,23,Pack,5,620.25,5,85
2025-11-30,20478,2,15,Pack,5,358.15,5,85
2025-11-30,20479,2,2,Pack,19,1731.66,19,323
2025-11-30,20519,2,12,Pack,14,1271.9,14,224
2025-11-30,20520,2,20,Pack,8,725.36,8,128
2025-11-30,20521,2,1,Pack,18,2157.48,18,288
2025-11-30,20522,2,19,Pack,13,274.82,13,208
2025-11-30,20523,2,7,Pack,15,1315.65,15,240
2025-11-30,20524,2,13,Pack,21,2382.66,21,336
2025-11-30,20525,2,31,Pack,14,465.5,14,224
2025-11-30,20526,2,6,Pack,11,188.21,11,176
2025-11-30,20527,2,26,Pack,13,1120.99,13,208
2025-11-30,20528,2,13,Pack,20,2269.2,20,320
2025-11-30,20529,2,20,Pack,11,997.37,11,176
2025-11-30,20530,2,4,Pack,6,727.08,6,96
2025-11-30,20532,2,1,Pack,4,479.44,4,64
2025-11-30,20534,2,26,Pack,21,1810.83,21,336
2025-11-30,20535,2,22,Pack,5,145.3,5,80
2025-11-30,20536,2,26,Pack,10,862.3,10,160
2025-11-30,20413,2,11,Pack,16,1325.12,16,288
2025-11-30,20426,2,11,Pack,16,1325.12,16,288
2025-11-30,20475,2,11,Pack,12,993.84,12,204
2025-11-30,20533,2,11,Pack,17,1407.94,17,272
2025-11-30,20536,2,26,Pack,11,948.53,11,176
2025-11-30,20537,2,26,Pack,8,689.84,8,128
2025-11-30,20538,2,10,Pack,6,590.82,6,96
2025-11-30,20576,2,30,Pack,18,835.38,18,234
2025-11-30,20577,2,14,Pack,4,372.08,4,52
2025-11-30,20578,2,17,Pack,14,1605.38,14,182
2025-11-30,20580,2,12,Pack,7,635.95,7,91
2025-11-30,20581,2,20,Pack,7,634.69,7,91
2025-11-30,20582,2,13,Pack,16,1815.36,16,208
2025-11-30,20583,2,11,Pack,12,993.84,12,156
2025-11-30,20584,2,9,Pack,20,316.8,20,260
2025-11-30,20585,2,4,Pack,17,2060.06,17,221
2025-11-30,20586,2,15,Pack,16,1146.08,16,208
2025-11-30,20587,2,15,Pack,15,1074.45,15,195
2025-11-30,20588,2,9,Pack,16,253.44,16,208
2025-11-30,20590,2,27,Pack,3,366.0,3,39
2025-11-30,20590,2,27,Pack,17,2074.0,17,221
2025-11-30,20627,2,1,Pack,6,719.16,6,72
2025-11-30,20628,2,15,Pack,19,1360.97,19,228
2025-11-30,20629,2,12,Pack,20,1817.0,20,240
2025-11-30,20630,2,29,Pack,3,67.53,3,36
2025-11-30,20631,2,28,Pack,16,250.72,16,192
2025-11-30,20632,2,19,Pack,11,232.54,11,132
2025-11-30,20633,2,14,Pack,12,1116.24,12,144
2025-11-30,20634,2,6,Pack,22,376.42,22,264
2025-11-30,20635,2,22,Pack,9,261.54,9,108
2025-11-30,20636,2,29,Pack,17,382.67,17,204
2025-11-30,20637,2,1,Pack,10,1198.6,10,120
2025-11-30,20638,2,27,Pack,21,2562.0,21,252
2025-11-30,20639,2,6,Pack,17,290.87,17,204
2025-11-30,20640,2,1,Pack,4,479.44,4,48
2025-11-30,20641,2,14,Pack,21,1953.42,21,252
2025-11-30,20642,2,14,Pack,13,1209.26,13,156
2025-11-30,20643,2,15,Pack,5,358.15,5,60
2025-11-30,20642,2,14,Pack,8,744.16,8,96
2025-11-30,20643,2,15,Pack,5,358.15,5,60
2025-11-30,20644,2,29,Pack,13,292.63,13,156
2025-11-30,20683,2,6,Pack,17,290.87,17,187
2025-11-30,20684,2,17,Pack,13,1490.71,13,143
2025-11-30,20685,2,7,Pack,19,1666.49,19,209
2025-11-30,20686,2,26,Pack,6,517.38,6,66
2025-11-30,20687,2,4,Pack,18,2181.24,18,198
2025-11-30,20688,2,9,Pack,6,95.04,6,66
2025-11-30,20689,2,2,Pack,11,1002.54,11,121
2025-11-30,20690,2,5,Pack,6,52.26,6,66
2025-11-30,20691,2,3,Pack,17,893.01,17,187
2025-11-30,20692,2,14,Pack,19,1767.38,19,209
2025-11-30,20693,2,1,Pack,14,1678.04,14,154
2025-11-30,20694,2,14,Pack,20,1860.4,20,220
2025-11-30,20695,2,11,Pack,15,1242.3,15,165
2025-11-30,20695,2,11,Pack,1,82.82,1,11
2025-11-30,20696,2,7,Pack,13,1140.23,13,143
2025-11-30,20698,2,19,Pack,22,465.08,22,242
2025-11-30,20699,2,27,Pack,14,1708.0,14,154
2025-11-30,20700,2,22,Pack,9,261.54,9,99
2025-11-30,20701,2,10,Pack,13,1280.11,13,143
2025-11-30,20702,2,28,Pack,4,62.68,4,44
2025-11-30,20742,2,9,Pack,17,269.28,17,170
2025-11-30,20743,2,12,Pack,8,726.8,8,80
2025-11-30,20744,2,1,Pack,6,719.16,6,60
2025-11-30,20746,2,20,Pack,15,1360.05,15,150
2025-11-30,20747,2,9,Pack,4,63.36,4,40
2025-11-30,20748,2,14,Pack,15,1395.3,15,150
2025-11-30,20749,2,12,Pack,12,1090.2,12,120
2025-11-30,20750,2,2,Pack,18,1640.52,18,180
2025-11-30,20751,2,15,Pack,21,1504.23,21,210
2025-11-30,20752,2,13,Pack,19,2155.74,19,190
2025-11-30,20753,2,29,Pack,11,247.61,11,110
2025-11-30,20754,2,6,Pack,4,68.44,4,40
2025-11-30,20754,2,6,Pack,8,136.88,8,80
2025-11-30,20755,2,19,Pack,15,317.1,15,150
2025-11-30,20756,2,22,Pack,16,464.96,16,160
2025-11-30,20757,2,5,Pack,9,78.39,9,90
2025-11-30,20758,2,31,Pack,10,332.5,10,100
2025-11-30,20759,2,14,Pack,22,2046.44,22,220
2025-11-30,20760,2,22,Pack,14,406.84,14,140
2025-11-30,20794,2,4,Pack,4,484.72,4,36
2025-11-30,20795,2,7,Pack,21,1841.91,21,189
2025-11-30,20796,2,22,Pack,17,494.02,17,153
2025-11-30,20797,2,25,Pack,15,304.5,15,135
2025-11-30,20798,2,15,Pack,4,286.52,4,36
2025-11-30,20801,2,4,Pack,10,1211.8,10,90
2025-11-30,20802,2,19,Pack,8,169.12,8,72
2025-11-30,20804,2,1,Pack,11,1318.46,11,99
2025-11-30,20805,2,10,Pack,14,1378.58,14,126
2025-11-30,20806,2,31,Pack,7,232.75,7,63
2025-11-30,20807,2,2,Pack,11,1002.54,11,99
2025-11-30,20808,2,20,Pack,5,453.35,5,45
2025-11-30,20810,2,13,Pack,2,226.92,2,18
2025-11-30,20477,2,23,Pack,3,372.15,3,51
2025-11-30,20579,2,23,Pack,3,372.15,3,39
2025-11-30,20589,2,23,Pack,7,868.35,7,91
2025-11-30,20745,2,23,Pack,7,868.35,7,70
2025-11-30,20810,2,13,Pack,12,1361.52,12,108
2025-11-30,20811,2,31,Pack,12,399.0,12,108
2025-11-30,20846,2,29,Pack,16,360.16,16,96
2025-11-30,20847,2,30,Pack,10,464.1,0,60
2025-11-30,20848,2,26,Pack,11,948.53,11,66
2025-11-30,20849,2,6,Pack,19,325.09,19,114
2025-11-30,20850,2,25,Pack,13,263.9,13,78
2025-11-30,20851,2,22,Pack,20,581.2,0,120
2025-11-30,20852,2,25,Pack,6,121.8,0,36
2025-11-30,20854,2,25,Pack,9,182.7,9,54
2025-11-30,20855,2,9,Pack,13,205.92,0,78
2025-11-30,20856,2,29,Pack,9,202.59,9,54
2025-11-30,20858,2,28,Pack,13,203.71,0,78
2025-11-30,20859,2,29,Pack,18,405.18,0,108
2025-11-30,20860,2,31,Pack,4,133.0,0,24
2025-11-30,20861,2,23,Pack,16,1984.8,0,96
2025-11-30,20862,2,19,Pack,7,147.98,7,42
2025-11-30,20863,2,31,Pack,13,432.25,13,78
2025-11-30,20864,2,4,Pack,1,121.18,1,6
2025-11-30,20864,2,4,Pack,19,2302.42,19,114
2025-11-30,20865,2,17,Pack,7,802.69,7,42
2025-11-30,20866,2,28,Pack,3,47.01,3,18
2025-11-30,20901,2,26,Pack,5,431.15,5,25
2025-11-30,20902,2,3,Pack,8,420.24,8,40
2025-11-30,20904,2,31,Pack,17,565.25,17,85
2025-11-30,20905,2,3,Pack,8,420.24,0,40
2025-11-30,20906,2,31,Pack,22,731.5,22,110
2025-11-30,20907,2,28,Pack,12,188.04,0,60
2025-11-30,20908,2,25,Pack,21,426.3,21,105
2025-11-30,20909,2,7,Pack,13,1140.23,0,65
2025-11-30,20910,2,7,Pack,6,526.26,0,30
2025-11-30,20911,2,31,Pack,14,465.5,14,70
2025-11-30,20912,2,11,Pack,4,331.28,4,20
2025-11-30,20913,2,6,Pack,10,171.1,10,50
2025-11-30,20914,2,11,Pack,3,248.46,3,15
2025-11-30,20471,2,18,Pack,8,579.44,8,136
2025-11-30,20699,2,27,Pack,1,122.0,1,11
2025-11-30,20799,2,18,Pack,21,1521.03,21,189
2025-11-30,20800,2,27,Pack,11,1342.0,11,99
2025-11-30,20803,2,18,Pack,7,507.01,7,63
2025-11-30,20809,2,27,Pack,13,1586.0,13,117
2025-11-30,20853,2,18,Pack,11,796.73,11,66
2025-11-30,20857,2,18,Pack,5,362.15,5,30
2025-11-30,20903,2,18,Pack,22,1593.46,22,110
2025-11-30,20915,2,18,Pack,10,724.3,0,50
2025-11-30,20949,2,23,Pack,18,2232.9,0,72
2025-11-30,20951,2,8,Pack,6,432.9,0,24
2025-11-30,20952,2,23,Pack,14,1736.7,0,56
2025-11-30,20953,2,26,Pack,7,603.61,0,28
2025-11-30,20955,2,1,Pack,22,2636.92,0,88
2025-11-30,20956,2,12,Pack,11,999.35,0,44
2025-11-30,20957,2,12,Pack,11,999.35,0,44
2025-11-30,20958,2,5,Pack,16,139.36,0,64
2025-11-30,20959,2,29,Pack,19,427.69,0,76
2025-11-30,20960,2,15,Pack,9,644.67,0,36
2025-11-30,20961,2,15,Pack,10,716.3,0,40
2025-11-30,20961,2,15,Pack,10,716.3,0,40
2025-11-30,20962,2,15,Pack,3,214.89,0,12
2025-11-30,20963,2,12,Pack,5,454.25,0,20
2025-11-30,20964,2,4,Pack,5,605.9,0,20
2025-11-30,21002,2,25,Pack,14,284.2,0,42
2025-11-30,21003,2,27,Pack,15,1830.0,0,45
2025-11-30,21004,2,13,Pack,17,1928.82,0,51
2025-11-30,21005,2,24,Pack,17,2137.75,0,51
2025-11-30,21006,2,11,Pack,21,1739.22,0,63
2025-11-30,21007,2,2,Pack,3,273.42,0,9
2025-11-30,21008,2,26,Pack,15,1293.45,0,45
2025-11-30,21009,2,13,Pack,9,1021.14,0,27
2025-11-30,21010,2,13,Pack,9,1021.14,0,27
2025-11-30,21011,2,27,Pack,8,976.0,0,24
2025-11-30,21012,2,7,Pack,6,526.26,0,18
2025-11-30,21013,2,2,Pack,5,455.7,0,15
2025-11-30,21014,2,20,Pack,10,906.7,0,30
2025-11-30,21015,2,6,Pack,13,222.43,0,39
2025-11-30,21016,2,27,Pack,11,1342.0,0,33
2025-11-30,21017,2,1,Pack,10,1198.6,0,30
2025-11-30,21019,2,15,Pack,13,931.19,0,39
2025-11-30,21050,2,32,Pack,12,196.44,0,24
2025-11-30,21051,2,14,Pack,16,1488.32,0,32
2025-11-30,21053,2,23,Pack,13,1612.65,0,26
2025-11-30,21054,2,2,Pack,18,1640.52,0,36
2025-11-30,21055,2,2,Pack,14,1275.96,0,28
2025-11-30,21056,2,25,Pack,20,406.0,0,40
2025-11-30,21057,2,22,Pack,16,464.96,0,32
2025-11-30,21058,2,28,Pack,10,156.7,0,20
2025-11-30,21060,2,19,Pack,4,84.56,0,8
2025-11-30,21061,2,29,Pack,15,337.65,0,30
2025-11-30,21062,2,7,Pack,12,1052.52,0,24
2025-11-30,21063,2,18,Pack,13,941.59,0,26
2025-11-30,21064,2,11,Pack,20,1656.4,0,40
2025-11-30,21065,2,4,Pack,3,363.54,0,6
2025-11-30,21066,2,1,Pack,18,2157.48,0,36
2025-11-30,21067,2,18,Pack,3,217.29,0,6
2025-11-30,21068,2,28,Pack,8,125.36,0,16
2025-11-30,20168,2,26,Dispatch,9,776.07,9,225
2025-11-30,20169,2,23,Dispatch,14,1736.7,14,350
2025-11-30,20171,2,10,Dispatch,10,984.7,10,250
2025-11-30,20172,2,10,Dispatch,5,492.35,5,125
2025-11-30,20173,2,23,Dispatch,10,1240.5,10,250
2025-11-30,20107,2,6,Dispatch,3,51.33,3,78
2025-11-30,20206,2,27,Dispatch,13,1586.0,13,312
2025-11-30,20207,2,11,Dispatch,4,331.28,4,96
2025-11-30,20208,2,19,Dispatch,13,274.82,13,312
2025-11-30,20209,2,29,Dispatch,10,225.1,10,240
2025-11-30,20210,2,12,Dispatch,13,1181.05,13,312
2025-11-30,20211,2,10,Dispatch,16,1575.52,16,384
2025-11-30,20212,2,30,Dispatch,15,696.15,15,360
2025-11-30,20290,3,21,Pick,13,430.82,13,299
2025-11-30,20549,3,21,Pick,11,364.54,11,176
2025-11-30,20557,3,21,Pick,16,530.24,16,256
2025-11-30,20607,3,21,Pick,22,729.08,22,286
2025-11-30,20649,3,21,Pick,22,729.08,22,264
2025-11-30,20709,3,18,Pick,10,724.3,10,110
2025-11-30,20713,3,17,Pick,8,917.36,8,88
2025-11-30,20715,3,12,Pick,1,90.85,1,11
2025-11-30,20716,3,23,Pick,4,496.2,4,44
2025-11-30,20717,3,21,Pick,16,530.24,16,176
2025-11-30,20768,3,21,Pick,16,530.24,16,160
2025-11-30,20772,3,23,Pick,17,2108.85,17,170
2025-11-30,20816,3,23,Pick,18,2232.9,18,162
2025-11-30,20823,3,12,Pick,11,999.35,11,99
2025-11-30,20826,3,17,Pick,15,1720.05,15,135
2025-11-30,20868,3,18,Pick,13,941.59,13,78
2025-11-30,20872,3,21,Pick,6,198.84,0,36
2025-11-30,20882,3,12,Pick,5,454.25,5,30
2025-11-30,20885,3,18,Pick,10,724.3,0,60
2025-11-30,20917,3,12,Pick,12,1090.2,12,60
2025-11-30,20925,3,23,Pick,9,1116.45,9,45
2025-11-30,20965,3,18,Pick,8,579.44,0,32
2025-11-30,20966,3,17,Pick,12,1376.04,0,48
2025-11-30,20971,3,12,Pick,16,1453.6,0,64
2025-11-30,20974,3,12,Pick,4,363.4,0,16
2025-11-30,20977,3,21,Pick,4,132.56,0,16
2025-11-30,20983,3,21,Pick,21,695.94,0,84
2025-11-30,21023,3,18,Pick,12,869.16,0,36
2025-11-30,21030,3,6,Pick,11,188.21,0,33
2025-11-30,21069,3,6,Pick,21,359.31,0,42
2025-11-30,21075,3,21,Pick,21,695.94,0,42
2025-11-30,21080,3,6,Pick,22,376.42,0,44
2025-11-30,21088,3,17,Pick,21,2408.07,0,42
2025-11-30,21090,3,12,Pick,20,1817.0,0,40
2025-11-30,21026,3,7,Pack,6,526.26,0,18
2025-11-30,21027,3,30,Pack,8,371.28,0,24
2025-11-30,21028,3,5,Pack,19,165.49,0,57
2025-11-30,21029,3,22,Pack,17,494.02,0,51
2025-11-30,21030,3,6,Pack,10,171.1,0,30
2025-11-30,21031,3,9,Pack,11,174.24,0,33
2025-11-30,21032,3,13,Pack,6,680.76,0,18
2025-11-30,21033,3,28,Pack,22,344.74,0,66
2025-11-30,21034,3,10,Pack,5,492.35,0,15
2025-11-30,21070,3,30,Pack,14,649.74,0,28
2025-11-30,21071,3,28,Pack,18,282.06,0,36
2025-11-30,21072,3,14,Pack,8,744.16,0,16
2025-11-30,21073,3,1,Pack,19,2277.34,0,38
2025-11-30,21074,3,31,Pack,10,332.5,0,20
2025-11-30,21076,3,9,Pack,10,158.4,0,20
2025-11-30,21077,3,7,Pack,10,877.1,0,20
2025-11-30,21078,3,15,Pack,7,501.41,0,14
2025-11-30,21079,3,5,Pack,14,121.94,0,28
2025-11-30,21081,3,4,Pack,3,363.54,0,6
2025-11-30,21082,3,8,Pack,7,505.05,0,14
2025-11-30,21083,3,20,Pack,13,1178.71,0,26
2025-11-30,21084,3,5,Pack,18,156.78,0,36
2025-11-30,21085,3,30,Pack,5,232.05,0,10
2025-11-30,21086,3,22,Pack,21,610.26,0,42
2025-11-30,21087,3,26,Pack,19,1638.37,0,38
2025-11-30,21089,3,29,Pack,7,157.57,0,14
2025-11-30,20975,3,10,Dispatch,10,984.7,0,40
2025-11-30,20976,3,25,Dispatch,7,142.1,0,28
2025-11-30,20978,3,10,Dispatch,5,492.35,0,20
2025-11-30,20979,3,28,Dispatch,18,282.06,0,72
2025-11-30,20980,3,30,Dispatch,8,371.28,0,32
2025-11-30,20981,3,1,Dispatch,5,599.3,0,20
2025-11-30,20982,3,11,Dispatch,21,1739.22,0,84
2025-11-30,20773,3,22,Dispatch,12,348.72,12,120
2025-11-30,20824,3,22,Dispatch,4,116.24,4,36
2025-11-30,20877,3,22,Dispatch,19,552.14,19,114
2025-11-30,20926,3,22,Dispatch,22,639.32,22,110
2025-11-30,21020,3,3,Dispatch,15,787.95,0,45
2025-11-30,21021,3,13,Dispatch,12,1361.52,0,36
2025-11-30,21022,3,1,Dispatch,21,2517.06,0,63
2025-11-30,21024,3,22,Dispatch,22,639.32,0,66
2025-11-30,21025,3,30,Dispatch,3,139.23,0,9
2025-12-31,21266,1,18,Pick,13,941.59,13,338
2025-12-31,21273,1,18,Pick,6,434.58,6,156
2025-12-31,21399,1,18,Pick,9,651.87,9,189
2025-12-31,21400,1,18,Pick,8,579.44,8,168
2025-12-31,21454,1,18,Pick,22,1593.46,22,440
2025-12-31,21482,1,18,Pick,15,1086.45,15,285
2025-12-31,21490,1,18,Pick,7,507.01,7,133
2025-12-31,21580,1,5,Pick,10,87.1,10,150
2025-12-31,21611,1,18,Pick,19,1376.17,19,266
2025-12-31,21710,1,5,Pick,4,34.84,4,48
2025-12-31,21711,1,18,Pick,19,1376.17,19,228
2025-12-31,21740,1,18,Pick,3,217.29,3,27
2025-12-31,21748,1,17,Pick,11,1261.37,11,99
2025-12-31,21749,1,18,Pick,19,1376.17,19,171
2025-12-31,21830,1,18,Pick,21,1521.03,21,147
2025-12-31,21866,1,18,Pick,8,579.44,8,48
2025-12-31,21873,1,5,Pick,6,52.26,6,36
2025-12-31,21917,1,5,Pick,17,148.07,0,85
2025-12-31,21954,1,17,Pick,17,1949.39,0,34
2025-12-31,22054,1,25,Pick,3,60.9,0,0
2025-12-31,22055,1,14,Pick,16,1488.32,0,0
2025-12-31,22012,1,27,Pack,13,1586.0,0,13
2025-12-31,22041,1,12,Pack,18,1635.3,0,0
2025-12-31,22042,1,3,Pack,20,1050.6,0,0
2025-12-31,22043,1,22,Pack,16,464.96,0,0
2025-12-31,22044,1,21,Pack,19,629.66,0,0
2025-12-31,22045,1,30,Pack,10,464.1,0,0
2025-12-31,22046,1,19,Pack,18,380.52,0,0
2025-12-31,22047,1,11,Pack,22,1822.04,0,0
2025-12-31,22048,1,29,Pack,15,337.65,0,0
2025-12-31,22049,1,28,Pack,18,282.06,0,0
2025-12-31,22050,1,4,Pack,21,2544.78,0,0
2025-12-31,22051,1,3,Pack,15,787.95,0,0
2025-12-31,22052,1,13,Pack,10,1134.6,0,0
2025-12-31,22053,1,9,Pack,11,174.24,0,0
2025-12-31,22054,1,25,Pack,3,60.9,0,0
2025-12-31,21969,1,4,Dispatch,3,363.54,0,6
2025-12-31,21970,1,9,Dispatch,10,158.4,0,20
2025-12-31,21968,1,20,Dispatch,4,362.68,0,8
2025-12-31,22000,1,3,Dispatch,15,787.95,0,15
2025-12-31,22001,1,12,Dispatch,21,1907.85,0,21
2025-12-31,22002,1,32,Dispatch,22,360.14,0,22
2025-12-31,22003,1,8,Dispatch,3,216.45,0,3
2025-12-31,22004,1,7,Dispatch,18,1578.78,0,18
2025-12-31,22005,1,30,Dispatch,14,649.74,0,14
2025-12-31,22006,1,27,Dispatch,16,1952.0,0,16
2025-12-31,22007,1,4,Dispatch,21,2544.78,0,21
2025-12-31,22008,1,20,Dispatch,17,1541.39,0,17
2025-12-31,22009,1,14,Dispatch,10,930.2,0,10
2025-12-31,22010,1,23,Dispatch,21,2605.05,0,21
2025-12-31,22011,1,9,Dispatch,12,190.08,0,12
2025-12-31,22012,1,27,Dispatch,9,1098.0,0,9
2025-12-31,21545,2,23,Pick,10,1240.5,10,160
2025-12-31,21677,2,23,Pick,5,620.25,5,65
2025-12-31,21681,2,23,Pick,17,2108.85,17,221
2025-12-31,21801,2,23,Pick,6,744.3,6,48
2025-12-31,21841,2,23,Pick,10,1240.5,10,70
2025-12-31,21891,2,23,Pick,6,744.3,6,36
2025-12-31,22070,2,3,Pick,20,1050.6,0,0
2025-12-31,22071,2,30,Pick,9,417.69,0,0
2025-12-31,22072,2,31,Pick,10,332.5,0,0
2025-12-31,20955,2,1,Pack,3,359.58,3,105
2025-12-31,20956,2,12,Pack,11,999.35,11,385
2025-12-31,20957,2,12,Pack,11,999.35,11,385
2025-12-31,20958,2,5,Pack,16,139.36,16,560
2025-12-31,20959,2,29,Pack,19,427.69,19,665
2025-12-31,20960,2,15,Pack,9,644.67,9,315
2025-12-31,20961,2,15,Pack,10,716.3,10,350
2025-12-31,20961,2,15,Pack,10,716.3,10,350
2025-12-31,20962,2,15,Pack,3,214.89,3,105
2025-12-31,20963,2,12,Pack,5,454.25,5,175
2025-12-31,20964,2,4,Pack,5,605.9,5,175
2025-12-31,21002,2,25,Pack,14,284.2,14,476
2025-12-31,21003,2,27,Pack,15,1830.0,15,510
2025-12-31,21004,2,13,Pack,17,1928.82,17,578
2025-12-31,21005,2,24,Pack,17,2137.75,17,578
2025-12-31,21006,2,11,Pack,21,1739.22,21,714
2025-12-31,21007,2,2,Pack,3,273.42,3,102
2025-12-31,21008,2,26,Pack,15,1293.45,15,510
2025-12-31,21009,2,13,Pack,9,1021.14,9,306
2025-12-31,21010,2,13,Pack,9,1021.14,9,306
2025-12-31,21011,2,27,Pack,8,976.0,8,272
2025-12-31,21012,2,7,Pack,6,526.26,6,204
2025-12-31,21013,2,2,Pack,5,455.7,5,170
2025-12-31,21014,2,20,Pack,10,906.7,10,340
2025-12-31,21015,2,6,Pack,13,222.43,13,442
2025-12-31,21016,2,27,Pack,11,1342.0,11,374
2025-12-31,21017,2,1,Pack,10,1198.6,10,340
2025-12-31,21019,2,15,Pack,13,931.19,13,442
2025-12-31,21050,2,32,Pack,12,196.44,12,396
2025-12-31,21051,2,14,Pack,16,1488.32,16,528
2025-12-31,21053,2,23,Pack,13,1612.65,13,429
2025-12-31,21054,2,2,Pack,18,1640.52,18,594
2025-12-31,21055,2,2,Pack,14,1275.96,14,462
2025-12-31,21056,2,25,Pack,20,406.0,20,660
2025-12-31,21057,2,22,Pack,16,464.96,16,528
2025-12-31,21058,2,28,Pack,10,156.7,10,330
2025-12-31,21060,2,19,Pack,4,84.56,4,132
2025-12-31,21061,2,29,Pack,15,337.65,15,495
2025-12-31,21062,2,7,Pack,12,1052.52,12,396
2025-12-31,21063,2,18,Pack,13,941.59,13,429
2025-12-31,21064,2,11,Pack,20,1656.4,20,660
2025-12-31,21065,2,4,Pack,3,363.54,3,99
2025-12-31,21066,2,1,Pack,18,2157.48,18,594
2025-12-31,21067,2,18,Pack,3,217.29,3,99
2025-12-31,21068,2,28,Pack,8,125.36,8,264
2025-12-31,21108,2,26,Pack,22,1897.06,22,660
2025-12-31,21110,2,31,Pack,5,166.25,5,150
2025-12-31,21111,2,19,Pack,9,190.26,9,270
2025-12-31,21113,2,30,Pack,10,464.1,10,300
2025-12-31,21114,2,3,Pack,21,1103.13,21,630
2025-12-31,21115,2,26,Pack,9,776.07,9,270
2025-12-31,21116,2,17,Pack,19,2178.73,19,570
2025-12-31,21117,2,26,Pack,14,1207.22,14,420
2025-12-31,21118,2,25,Pack,7,142.1,7,210
2025-12-31,21119,2,29,Pack,5,112.55,5,150
2025-12-31,21120,2,4,Pack,17,2060.06,17,510
2025-12-31,21121,2,11,Pack,7,579.74,7,210
2025-12-31,21122,2,20,Pack,14,1269.38,14,420
2025-12-31,21123,2,11,Pack,4,331.28,4,120
2025-12-31,21153,2,6,Pack,4,68.44,4,116
2025-12-31,21154,2,26,Pack,15,1293.45,15,435
2025-12-31,21155,2,19,Pack,8,169.12,8,232
2025-12-31,21156,2,15,Pack,20,1432.6,20,580
2025-12-31,21157,2,15,Pack,19,1360.97,19,551
2025-12-31,21158,2,29,Pack,15,337.65,15,435
2025-12-31,21159,2,14,Pack,21,1953.42,21,609
2025-12-31,21160,2,15,Pack,22,1575.86,22,638
2025-12-31,21161,2,17,Pack,8,917.36,8,232
2025-12-31,21162,2,1,Pack,12,1438.32,12,348
2025-12-31,21163,2,19,Pack,15,317.1,15,435
2025-12-31,21164,2,26,Pack,4,344.92,4,116
2025-12-31,21166,2,10,Pack,8,787.76,8,232
2025-12-31,21194,2,18,Pack,12,869.16,12,336
2025-12-31,21197,2,29,Pack,14,315.14,14,392
2025-12-31,21198,2,22,Pack,10,290.6,10,280
2025-12-31,21199,2,14,Pack,19,1767.38,19,532
2025-12-31,21200,2,3,Pack,18,945.54,18,504
2025-12-31,21201,2,28,Pack,17,266.39,17,476
2025-12-31,21202,2,2,Pack,22,2005.08,22,616
2025-12-31,21203,2,20,Pack,17,1541.39,17,476
2025-12-31,21205,2,14,Pack,4,372.08,4,112
2025-12-31,21236,2,10,Pack,9,886.23,9,243
2025-12-31,21237,2,31,Pack,20,665.0,20,540
2025-12-31,21238,2,25,Pack,18,365.4,18,486
2025-12-31,21239,2,12,Pack,12,1090.2,12,324
2025-12-31,21240,2,29,Pack,15,337.65,15,405
2025-12-31,21241,2,18,Pack,6,434.58,6,162
2025-12-31,21242,2,7,Pack,13,1140.23,13,351
2025-12-31,21243,2,26,Pack,8,689.84,8,216
2025-12-31,21244,2,14,Pack,9,837.18,9,243
2025-12-31,21245,2,1,Pack,22,2636.92,22,594
2025-12-31,21246,2,24,Pack,10,1257.5,10,270
2025-12-31,21247,2,22,Pack,14,406.84,14,378
2025-12-31,21248,2,4,Pack,5,605.9,5,135
2025-12-31,20472,2,21,Pack,7,231.98,7,336
2025-12-31,20531,2,21,Pack,3,99.42,3,141
2025-12-31,20697,2,21,Pack,18,596.52,18,756
2025-12-31,20741,2,21,Pack,3,99.42,3,123
2025-12-31,20950,2,21,Pack,3,99.42,3,105
2025-12-31,20954,2,21,Pack,15,497.1,15,525
2025-12-31,21052,2,21,Pack,8,265.12,8,264
2025-12-31,21059,2,21,Pack,21,695.94,21,693
2025-12-31,21277,2,22,Pack,16,464.96,16,416
2025-12-31,21278,2,26,Pack,19,1638.37,19,494
2025-12-31,21279,2,19,Pack,10,211.4,10,260
2025-12-31,21280,2,12,Pack,21,1907.85,21,546
2025-12-31,21281,2,21,Pack,18,596.52,18,468
2025-12-31,21282,2,4,Pack,11,1332.98,11,286
2025-12-31,21283,2,9,Pack,22,348.48,22,572
2025-12-31,21284,2,23,Pack,20,2481.0,20,520
2025-12-31,21285,2,25,Pack,7,142.1,7,182
2025-12-31,21286,2,31,Pack,22,731.5,22,572
2025-12-31,21287,2,19,Pack,6,126.84,6,156
2025-12-31,21288,2,12,Pack,1,90.85,1,26
2025-12-31,21010,2,13,Pack,1,113.46,1,34
2025-12-31,21018,2,13,Pack,10,1134.6,10,340
2025-12-31,21109,2,13,Pack,19,2155.74,19,570
2025-12-31,21112,2,13,Pack,18,2042.28,18,540
2025-12-31,21153,2,6,Pack,7,119.77,7,203
2025-12-31,21165,2,13,Pack,18,2042.28,18,522
2025-12-31,21195,2,13,Pack,7,794.22,7,196
2025-12-31,21196,2,13,Pack,20,2269.2,20,560
2025-12-31,21204,2,6,Pack,14,239.54,14,392
2025-12-31,21288,2,12,Pack,18,1635.3,18,468
2025-12-31,21316,2,19,Pack,19,401.66,19,437
2025-12-31,21317,2,20,Pack,12,1088.04,12,276
2025-12-31,21318,2,1,Pack,21,2517.06,21,483
2025-12-31,21319,2,22,Pack,4,116.24,4,92
2025-12-31,21320,2,15,Pack,16,1146.08,16,368
2025-12-31,21321,2,27,Pack,13,1586.0,13,299
2025-12-31,21322,2,29,Pack,17,382.67,17,391
2025-12-31,21322,2,29,Pack,3,67.53,3,69
2025-12-31,21323,2,25,Pack,20,406.0,20,460
2025-12-31,21324,2,8,Pack,14,1010.1,14,322
2025-12-31,21325,2,25,Pack,4,81.2,4,92
2025-12-31,21326,2,3,Pack,20,1050.6,20,460
2025-12-31,21327,2,10,Pack,11,1083.17,11,253
2025-12-31,21328,2,29,Pack,21,472.71,21,483
2025-12-31,21329,2,21,Pack,20,662.8,20,460
2025-12-31,21330,2,6,Pack,15,256.65,15,345
2025-12-31,21331,2,3,Pack,4,210.12,4,92
2025-12-31,21365,2,10,Pack,6,590.82,6,132
2025-12-31,21366,2,3,Pack,7,367.71,7,154
2025-12-31,21367,2,28,Pack,5,78.35,5,110
2025-12-31,21368,2,23,Pack,18,2232.9,18,396
2025-12-31,21369,2,31,Pack,19,631.75,19,418
2025-12-31,21370,2,19,Pack,18,380.52,18,396
2025-12-31,21371,2,30,Pack,18,835.38,18,396
2025-12-31,21372,2,13,Pack,4,453.84,4,88
2025-12-31,21372,2,13,Pack,18,2042.28,18,396
2025-12-31,21373,2,1,Pack,6,719.16,6,132
2025-12-31,21374,2,18,Pack,5,362.15,5,110
2025-12-31,21375,2,30,Pack,3,139.23,3,66
2025-12-31,21376,2,4,Pack,22,2665.96,22,484
2025-12-31,21377,2,27,Pack,20,2440.0,20,440
2025-12-31,21378,2,17,Pack,2,229.34,2,44
2025-12-31,21408,2,9,Pack,20,316.8,20,420
2025-12-31,21409,2,12,Pack,14,1271.9,14,294
2025-12-31,21410,2,7,Pack,10,877.1,10,210
2025-12-31,21411,2,25,Pack,10,203.0,10,210
2025-12-31,21412,2,10,Pack,13,1280.11,13,273
2025-12-31,21413,2,4,Pack,14,1696.52,14,294
2025-12-31,21415,2,13,Pack,20,2269.2,20,420
2025-12-31,21416,2,21,Pack,14,463.96,14,294
2025-12-31,21417,2,21,Pack,7,231.98,7,147
2025-12-31,21418,2,20,Pack,12,1088.04,12,252
2025-12-31,21419,2,19,Pack,6,126.84,6,126
2025-12-31,21420,2,7,Pack,12,1052.52,12,252
2025-12-31,21421,2,27,Pack,7,854.0,7,147
2025-12-31,21421,2,27,Pack,11,1342.0,11,231
2025-12-31,21422,2,18,Pack,18,1303.74,18,378
2025-12-31,21423,2,23,Pack,18,2232.9,18,378
2025-12-31,21424,2,4,Pack,3,363.54,3,63
2025-12-31,21456,2,28,Pack,7,109.69,7,140
2025-12-31,21457,2,11,Pack,16,1325.12,16,320
2025-12-31,21458,2,7,Pack,11,964.81,11,220
2025-12-31,21459,2,30,Pack,6,278.46,6,120
2025-12-31,21460,2,32,Pack,19,311.03,19,380
2025-12-31,21461,2,2,Pack,10,911.4,10,200
2025-12-31,21462,2,25,Pack,19,385.7,19,380
2025-12-31,21463,2,4,Pack,14,1696.52,14,280
2025-12-31,21464,2,7,Pack,8,701.68,8,160
2025-12-31,21465,2,15,Pack,22,1575.86,22,440
2025-12-31,21466,2,29,Pack,19,427.69,19,380
2025-12-31,21467,2,21,Pack,11,364.54,11,220
2025-12-31,21496,2,14,Pack,17,1581.34,17,323
2025-12-31,21497,2,12,Pack,15,1362.75,15,285
2025-12-31,21498,2,9,Pack,6,95.04,6,114
2025-12-31,21499,2,23,Pack,3,372.15,3,57
2025-12-31,21500,2,1,Pack,4,479.44,4,76
2025-12-31,21502,2,3,Pack,17,893.01,17,323
2025-12-31,21503,2,22,Pack,10,290.6,10,190
2025-12-31,21504,2,5,Pack,9,78.39,9,171
2025-12-31,21505,2,3,Pack,14,735.42,14,266
2025-12-31,21506,2,2,Pack,9,820.26,9,171
2025-12-31,21507,2,30,Pack,17,788.97,17,323
2025-12-31,21508,2,19,Pack,21,443.94,21,399
2025-12-31,21509,2,4,Pack,14,1696.52,14,266
2025-12-31,21510,2,20,Pack,7,634.69,7,133
2025-12-31,21511,2,22,Pack,13,377.78,13,247
2025-12-31,21512,2,28,Pack,21,329.07,21,399
2025-12-31,21378,2,17,Pack,2,229.34,2,44
2025-12-31,21414,2,17,Pack,10,1146.7,10,210
2025-12-31,21501,2,17,Pack,21,2408.07,21,399
2025-12-31,21539,2,12,Pack,7,635.95,7,112
2025-12-31,21540,2,10,Pack,11,1083.17,11,176
2025-12-31,21541,2,2,Pack,13,1184.82,13,208
2025-12-31,21542,2,14,Pack,10,930.2,10,160
2025-12-31,21543,2,14,Pack,3,279.06,3,48
2025-12-31,21544,2,19,Pack,17,359.38,17,272
2025-12-31,21545,2,23,Pack,7,868.35,7,112
2025-12-31,21546,2,14,Pack,15,1395.3,15,240
2025-12-31,21547,2,18,Pack,21,1521.03,21,336
2025-12-31,21548,2,3,Pack,21,1103.13,21,336
2025-12-31,21549,2,13,Pack,7,794.22,7,112
2025-12-31,21550,2,1,Pack,13,1558.18,13,208
2025-12-31,21551,2,7,Pack,22,1929.62,22,352
2025-12-31,21552,2,4,Pack,10,1211.8,10,160
2025-12-31,21553,2,12,Pack,14,1271.9,14,224
2025-12-31,21554,2,9,Pack,7,110.88,7,112
2025-12-31,21555,2,22,Pack,6,174.36,6,96
2025-12-31,21582,2,1,Pack,10,1198.6,10,150
2025-12-31,21583,2,30,Pack,18,835.38,18,270
2025-12-31,21584,2,16,Pack,22,760.1,22,330
2025-12-31,21585,2,15,Pack,21,1504.23,21,315
2025-12-31,21586,2,1,Pack,12,1438.32,12,180
2025-12-31,21587,2,13,Pack,20,2269.2,20,300
2025-12-31,21588,2,18,Pack,1,72.43,1,15
2025-12-31,21589,2,25,Pack,14,284.2,14,210
2025-12-31,21590,2,2,Pack,21,1913.94,21,315
2025-12-31,21591,2,9,Pack,7,110.88,7,105
2025-12-31,21592,2,31,Pack,19,631.75,19,285
2025-12-31,21593,2,4,Pack,13,1575.34,13,195
2025-12-31,21594,2,31,Pack,4,133.0,4,60
2025-12-31,21620,2,16,Pack,20,691.0,20,280
2025-12-31,21621,2,29,Pack,16,360.16,16,224
2025-12-31,21622,2,14,Pack,16,1488.32,16,224
2025-12-31,21624,2,12,Pack,3,272.55,3,42
2025-12-31,21625,2,2,Pack,8,729.12,8,112
2025-12-31,21626,2,1,Pack,22,2636.92,22,308
2025-12-31,21627,2,21,Pack,6,198.84,6,84
2025-12-31,21628,2,9,Pack,18,285.12,18,252
2025-12-31,21630,2,22,Pack,19,552.14,19,266
2025-12-31,21631,2,19,Pack,5,105.7,5,70
2025-12-31,21634,2,11,Pack,13,1076.66,13,182
2025-12-31,21635,2,1,Pack,9,1078.74,9,126
2025-12-31,21636,2,22,Pack,3,87.18,3,42
2025-12-31,21670,2,5,Pack,10,87.1,10,130
2025-12-31,21671,2,25,Pack,3,60.9,3,39
2025-12-31,21672,2,13,Pack,10,1134.6,10,130
2025-12-31,21673,2,31,Pack,20,665.0,20,260
2025-12-31,21674,2,17,Pack,13,1490.71,13,169
2025-12-31,21676,2,19,Pack,6,126.84,6,78
2025-12-31,21678,2,15,Pack,3,214.89,3,39
2025-12-31,21680,2,7,Pack,20,1754.2,20,260
2025-12-31,21713,2,17,Pack,18,2064.06,18,216
2025-12-31,21714,2,10,Pack,20,1969.4,20,240
2025-12-31,21715,2,11,Pack,17,1407.94,17,204
2025-12-31,21716,2,30,Pack,20,928.2,20,240
2025-12-31,21717,2,15,Pack,20,1432.6,20,240
2025-12-31,21718,2,20,Pack,14,1269.38,14,168
2025-12-31,21719,2,25,Pack,16,324.8,16,192
2025-12-31,21720,2,3,Pack,5,262.65,5,60
2025-12-31,21721,2,17,Pack,19,2178.73,19,228
2025-12-31,21722,2,1,Pack,22,2636.92,22,264
2025-12-31,21723,2,14,Pack,14,1302.28,14,168
2025-12-31,21724,2,19,Pack,17,359.38,17,204
2025-12-31,21725,2,28,Pack,8,125.36,8,96
2025-12-31,21754,2,29,Pack,7,157.57,7,63
2025-12-31,21755,2,24,Pack,13,1634.75,13,117
2025-12-31,21756,2,20,Pack,18,1632.06,18,162
2025-12-31,21757,2,14,Pack,14,1302.28,14,126
2025-12-31,21758,2,15,Pack,6,429.78,6,54
2025-12-31,21759,2,3,Pack,17,893.01,17,153
2025-12-31,21760,2,13,Pack,12,1361.52,12,108
2025-12-31,21761,2,5,Pack,21,182.91,21,189
2025-12-31,21762,2,2,Pack,18,1640.52,18,162
2025-12-31,21764,2,15,Pack,8,573.04,8,72
2025-12-31,21765,2,13,Pack,4,453.84,4,36
2025-12-31,21766,2,3,Pack,10,525.3,10,90
2025-12-31,21794,2,1,Pack,7,839.02,7,56
2025-12-31,21796,2,30,Pack,7,324.87,7,56
2025-12-31,21797,2,15,Pack,16,1146.08,16,128
2025-12-31,21798,2,19,Pack,7,147.98,7,56
2025-12-31,21799,2,17,Pack,10,1146.7,10,80
2025-12-31,21800,2,25,Pack,8,162.4,8,64
2025-12-31,21802,2,29,Pack,11,247.61,11,88
2025-12-31,21803,2,15,Pack,18,1289.34,18,144
2025-12-31,21804,2,3,Pack,14,735.42,14,112
2025-12-31,21805,2,1,Pack,7,839.02,7,56
2025-12-31,21806,2,7,Pack,15,1315.65,15,120
2025-12-31,21807,2,31,Pack,4,133.0,4,32
2025-12-31,21838,2,28,Pack,5,78.35,5,35
2025-12-31,21839,2,25,Pack,6,121.8,6,42
2025-12-31,21840,2,22,Pack,22,639.32,22,154
2025-12-31,21842,2,20,Pack,15,1360.05,15,105
2025-12-31,21843,2,7,Pack,9,789.39,9,63
2025-12-31,21844,2,26,Pack,9,776.07,9,63
2025-12-31,21845,2,13,Pack,14,1588.44,14,98
2025-12-31,21846,2,5,Pack,15,130.65,15,105
2025-12-31,21847,2,2,Pack,9,820.26,9,63
2025-12-31,21849,2,20,Pack,19,1722.73,19,133
2025-12-31,21850,2,2,Pack,8,729.12,8,56
2025-12-31,21881,2,3,Pack,3,157.59,3,18
2025-12-31,21882,2,6,Pack,12,205.32,12,72
2025-12-31,21883,2,28,Pack,4,62.68,4,24
2025-12-31,21884,2,1,Pack,11,1318.46,11,66
2025-12-31,21885,2,30,Pack,11,510.51,11,66
2025-12-31,21886,2,12,Pack,16,1453.6,16,96
2025-12-31,21887,2,30,Pack,5,232.05,5,30
2025-12-31,21888,2,10,Pack,3,295.41,3,18
2025-12-31,21889,2,9,Pack,19,300.96,19,114
2025-12-31,21890,2,20,Pack,6,544.02,6,36
2025-12-31,21892,2,7,Pack,8,701.68,8,48
2025-12-31,21893,2,1,Pack,6,719.16,6,36
2025-12-31,21588,2,18,Pack,17,1231.31,17,255
2025-12-31,21623,2,18,Pack,16,1158.88,16,224
2025-12-31,21629,2,18,Pack,21,1521.03,21,294
2025-12-31,21632,2,18,Pack,7,507.01,7,98
2025-12-31,21679,2,18,Pack,12,869.16,12,156
2025-12-31,21795,2,18,Pack,11,796.73,11,88
2025-12-31,21923,2,12,Pack,3,272.55,3,15
2025-12-31,21924,2,6,Pack,16,273.76,16,80
2025-12-31,21925,2,12,Pack,9,817.65,9,45
2025-12-31,21926,2,22,Pack,11,319.66,0,55
2025-12-31,21927,2,22,Pack,8,232.48,8,40
2025-12-31,21928,2,4,Pack,4,484.72,4,20
2025-12-31,21929,2,1,Pack,7,839.02,7,35
2025-12-31,21930,2,15,Pack,16,1146.08,16,80
2025-12-31,21931,2,8,Pack,14,1010.1,0,70
2025-12-31,21932,2,25,Pack,17,345.1,17,85
2025-12-31,21933,2,27,Pack,14,1708.0,0,70
2025-12-31,21934,2,22,Pack,15,435.9,15,75
2025-12-31,21935,2,2,Pack,11,1002.54,0,55
2025-12-31,21627,2,21,Pack,10,331.4,10,140
2025-12-31,21633,2,21,Pack,19,629.66,19,266
2025-12-31,21675,2,21,Pack,4,132.56,4,52
2025-12-31,21763,2,21,Pack,11,364.54,11,99
2025-12-31,21848,2,21,Pack,14,463.96,14,98
2025-12-31,21890,2,20,Pack,10,906.7,10,60
2025-12-31,21935,2,2,Pack,3,273.42,0,15
2025-12-31,21936,2,29,Pack,3,67.53,0,15
2025-12-31,21971,2,20,Pack,7,634.69,0,14
2025-12-31,21972,2,9,Pack,3,47.52,0,6
2025-12-31,21973,2,14,Pack,3,279.06,0,6
2025-12-31,21974,2,15,Pack,6,429.78,0,12
2025-12-31,21975,2,6,Pack,16,273.76,0,32
2025-12-31,21976,2,18,Pack,13,941.59,0,26
2025-12-31,21977,2,29,Pack,20,450.2,0,40
2025-12-31,21978,2,14,Pack,12,1116.24,0,24
2025-12-31,21979,2,11,Pack,16,1325.12,0,32
2025-12-31,21980,2,19,Pack,19,401.66,0,38
2025-12-31,21981,2,3,Pack,16,840.48,0,32
2025-12-31,21982,2,1,Pack,12,1438.32,0,24
2025-12-31,21983,2,21,Pack,1,33.14,0,2
2025-12-31,21983,2,21,Pack,3,99.42,0,6
2025-12-31,21984,2,7,Pack,10,877.1,0,20
2025-12-31,21985,2,20,Pack,20,1813.4,0,40
2025-12-31,21986,2,4,Pack,15,1817.7,0,30
2025-12-31,21987,2,7,Pack,20,1754.2,0,40
2025-12-31,22013,2,12,Pack,11,999.35,0,11
2025-12-31,22014,2,17,Pack,8,917.36,0,8
2025-12-31,22015,2,7,Pack,21,1841.91,0,21
2025-12-31,22016,2,30,Pack,18,835.38,0,18
2025-12-31,22017,2,20,Pack,22,1994.74,0,22
2025-12-31,22018,2,12,Pack,3,272.55,0,3
2025-12-31,22019,2,21,Pack,9,298.26,0,9
2025-12-31,22020,2,17,Pack,18,2064.06,0,18
2025-12-31,22021,2,28,Pack,21,329.07,0,21
2025-12-31,22022,2,6,Pack,5,85.55,0,5
2025-12-31,22023,2,30,Pack,2,92.82,0,2
2025-12-31,22023,2,30,Pack,12,556.92,0,12
2025-12-31,22024,2,29,Pack,10,225.1,0,10
2025-12-31,22025,2,21,Pack,6,198.84,0,6
2025-12-31,22026,2,1,Pack,20,2397.2,0,20
2025-12-31,22027,2,31,Pack,3,99.75,0,3
2025-12-31,22028,2,29,Pack,5,112.55,0,5
2025-12-31,22056,2,15,Pack,14,1002.82,0,0
2025-12-31,22057,2,28,Pack,19,297.73,0,0
2025-12-31,22058,2,25,Pack,6,121.8,0,0
2025-12-31,22059,2,30,Pack,16,742.56,0,0
2025-12-31,22060,2,15,Pack,17,1217.71,0,0
2025-12-31,22061,2,10,Pack,11,1083.17,0,0
2025-12-31,22062,2,3,Pack,10,525.3,0,0
2025-12-31,22063,2,17,Pack,12,1376.04,0,0
2025-12-31,22064,2,21,Pack,15,497.1,0,0
2025-12-31,22065,2,25,Pack,18,365.4,0,0
2025-12-31,22066,2,25,Pack,16,324.8,0,0
2025-12-31,22067,2,15,Pack,12,859.56,0,0
2025-12-31,22068,2,9,Pack,3,47.52,0,0
2025-12-31,22069,2,27,Pack,4,488.0,0,0
2025-12-31,20800,2,27,Dispatch,3,366.0,3,120
2025-12-31,20803,2,18,Dispatch,7,507.01,7,280
2025-12-31,20809,2,27,Dispatch,13,1586.0,13,520
2025-12-31,20853,2,18,Dispatch,11,796.73,11,407
2025-12-31,20857,2,18,Dispatch,5,362.15,5,185
2025-12-31,20903,2,18,Dispatch,22,1593.46,22,792
2025-12-31,20915,2,18,Dispatch,10,724.3,10,360
2025-12-31,20949,2,23,Dispatch,18,2232.9,18,630
2025-12-31,20951,2,8,Dispatch,6,432.9,6,210
2025-12-31,20952,2,23,Dispatch,14,1736.7,14,490
2025-12-31,20953,2,26,Dispatch,7,603.61,7,245
2025-12-31,20955,2,1,Dispatch,19,2277.34,19,665
2025-12-31,21685,3,17,Pick,6,688.02,6,78
2025-12-31,21727,3,21,Pick,4,132.56,4,48
2025-12-31,21730,3,17,Pick,3,344.01,3,36
2025-12-31,21774,3,17,Pick,22,2522.74,22,198
2025-12-31,21813,3,17,Pick,7,802.69,7,56
2025-12-31,21862,3,21,Pick,14,463.96,14,98
2025-12-31,21940,3,17,Pick,14,1605.38,14,70
2025-12-31,21995,3,20,Pick,7,634.69,0,14
2025-12-31,22033,3,20,Pick,3,272.01,0,3
2025-12-31,22073,3,25,Pack,3,60.9,0,0
2025-12-31,22074,3,14,Pack,22,2046.44,0,0
2025-12-31,22075,3,5,Pack,22,191.62,0,0
2025-12-31,22076,3,14,Pack,12,1116.24,0,0
2025-12-31,22077,3,6,Pack,10,171.1,0,0
2025-12-31,22078,3,26,Pack,22,1897.06,0,0
2025-12-31,22079,3,29,Pack,6,135.06,0,0
2025-12-31,22080,3,26,Pack,6,517.38,0,0
2025-12-31,22081,3,30,Pack,9,417.69,0,0
2025-12-31,22082,3,10,Pack,12,1181.64,0,0
2025-12-31,22083,3,27,Pack,13,1586.0,0,0
2025-12-31,22084,3,7,Pack,5,438.55,0,0
2025-12-31,22085,3,11,Pack,13,1076.66,0,0
2025-12-31,22029,3,22,Dispatch,18,523.08,0,18
2025-12-31,22030,3,7,Dispatch,19,1666.49,0,19
2025-12-31,22031,3,14,Dispatch,21,1953.42,0,21
2025-12-31,22032,3,6,Dispatch,15,256.65,0,15
2025-12-31,22034,3,3,Dispatch,14,735.42,0,14
2025-12-31,22035,3,27,Dispatch,22,2684.0,0,22
2025-12-31,22036,3,14,Dispatch,8,744.16,0,8
2025-12-31,22037,3,19,Dispatch,11,232.54,0,11
2025-12-31,22038,3,9,Dispatch,5,79.2,0,5
2025-12-31,22039,3,28,Dispatch,16,250.72,0,16
2025-12-31,22040,3,24,Dispatch,9,1131.75,0,9
2026-01-31,22581,1,23,Pick,2,248.1,2,30
2026-01-31,22661,1,23,Pick,3,372.15,3,33
2026-01-31,22704,1,23,Pick,13,1612.65,13,130
2026-01-31,22710,1,18,Pick,4,289.72,4,40
2026-01-31,22713,1,23,Pick,13,1612.65,13,130
2026-01-31,22833,1,18,Pick,6,434.58,6,30
2026-01-31,22839,1,23,Pick,3,372.15,3,15
2026-01-31,22931,1,18,Pick,16,1158.88,0,48
2026-01-31,22970,1,20,Pick,10,906.7,0,20
2026-01-31,23011,1,20,Pick,15,1360.05,0,15
2026-01-31,23012,1,23,Pick,11,1364.55,0,11
2026-01-31,23014,1,23,Pick,11,1364.55,0,11
2026-01-31,22709,1,17,Pack,8,917.36,8,80
2026-01-31,22750,1,17,Pack,3,344.01,3,27
2026-01-31,22782,1,17,Pack,6,688.02,6,48
2026-01-31,22796,1,17,Pack,11,1261.37,11,88
2026-01-31,22832,1,17,Pack,13,1490.71,13,65
2026-01-31,22927,1,9,Pack,6,95.04,0,18
2026-01-31,22964,1,17,Pack,3,344.01,0,6
2026-01-31,22976,1,17,Pack,7,802.69,0,14
2026-01-31,23008,1,3,Pack,22,1155.66,0,22
2026-01-31,23009,1,31,Pack,13,432.25,0,13
2026-01-31,23010,1,12,Pack,6,545.1,0,6
2026-01-31,23013,1,1,Pack,20,2397.2,0,20
2026-01-31,23015,1,27,Pack,22,2684.0,0,22
2026-01-31,23016,1,1,Pack,9,1078.74,0,9
2026-01-31,23017,1,17,Pack,9,1032.03,0,9
2026-01-31,23018,1,2,Pack,9,820.26,0,9
2026-01-31,23019,1,27,Pack,17,2074.0,0,17
2026-01-31,23020,1,21,Pack,19,629.66,0,19
2026-01-31,23021,1,17,Pack,5,573.35,0,5
2026-01-31,22926,1,2,Dispatch,6,546.84,0,18
2026-01-31,22927,1,9,Dispatch,15,237.6,0,45
2026-01-31,22928,1,14,Dispatch,9,837.18,0,27
2026-01-31,22929,1,4,Dispatch,19,2302.42,0,57
2026-01-31,22930,1,12,Dispatch,10,908.5,0,30
2026-01-31,22963,1,11,Dispatch,5,414.1,0,10
2026-01-31,22965,1,5,Dispatch,12,104.52,0,24
2026-01-31,22966,1,8,Dispatch,9,649.35,0,18
2026-01-31,22967,1,21,Dispatch,6,198.84,0,12
2026-01-31,22968,1,2,Dispatch,12,1093.68,0,24
2026-01-31,22969,1,13,Dispatch,19,2155.74,0,38
2026-01-31,22970,1,20,Dispatch,1,90.67,0,2
2026-01-31,22971,1,7,Dispatch,5,438.55,0,10
2026-01-31,22972,1,1,Dispatch,7,839.02,0,14
2026-01-31,22973,1,5,Dispatch,3,26.13,0,6
2026-01-31,22974,1,24,Dispatch,15,1886.25,0,30
2026-01-31,22975,1,19,Dispatch,8,169.12,0,16
2026-01-31,22977,1,14,Dispatch,14,1302.28,0,28
2026-01-31,22978,1,11,Dispatch,8,662.56,0,16
2026-01-31,22631,2,3,Pick,1,52.53,1,12
2026-01-31,22667,2,3,Pick,14,735.42,14,154
2026-01-31,22678,2,3,Pick,5,262.65,5,55
2026-01-31,22764,2,20,Pick,2,181.34,2,18
2026-01-31,22845,2,3,Pick,7,367.71,7,35
2026-01-31,22856,2,3,Pick,17,893.01,17,85
2026-01-31,22896,2,3,Pick,22,1155.66,22,88
2026-01-31,22938,2,20,Pick,12,1088.04,0,36
2026-01-31,22980,2,27,Pick,19,2318.0,0,38
2026-01-31,22982,2,27,Pick,7,854.0,0,14
2026-01-31,22987,2,27,Pick,5,610.0,0,10
2026-01-31,23022,2,3,Pick,7,367.71,0,7
2026-01-31,23029,2,27,Pick,9,1098.0,0,9
2026-01-31,23031,2,26,Pick,1,86.23,0,1
2026-01-31,21624,2,12,Pack,1,90.85,1,45
2026-01-31,21625,2,2,Pack,8,729.12,8,360
2026-01-31,21626,2,1,Pack,22,2636.92,22,990
2026-01-31,21627,2,21,Pack,6,198.84,6,270
2026-01-31,21628,2,9,Pack,18,285.12,18,810
2026-01-31,21630,2,22,Pack,19,552.14,19,855
2026-01-31,21631,2,19,Pack,5,105.7,5,225
2026-01-31,21634,2,11,Pack,13,1076.66,13,585
2026-01-31,21635,2,1,Pack,9,1078.74,9,405
2026-01-31,21636,2,22,Pack,3,87.18,3,135
2026-01-31,21670,2,5,Pack,10,87.1,10,440
2026-01-31,21671,2,25,Pack,3,60.9,3,132
2026-01-31,21672,2,13,Pack,10,1134.6,10,440
2026-01-31,21673,2,31,Pack,20,665.0,20,880
2026-01-31,21674,2,17,Pack,13,1490.71,13,572
2026-01-31,21676,2,19,Pack,6,126.84,6,264
2026-01-31,21678,2,15,Pack,3,214.89,3,132
2026-01-31,21680,2,7,Pack,20,1754.2,20,880
2026-01-31,21713,2,17,Pack,18,2064.06,18,774
2026-01-31,21714,2,10,Pack,20,1969.4,20,860
2026-01-31,21715,2,11,Pack,17,1407.94,17,731
2026-01-31,21716,2,30,Pack,20,928.2,20,860
2026-01-31,21717,2,15,Pack,20,1432.6,20,860
2026-01-31,21718,2,20,Pack,14,1269.38,14,602
2026-01-31,21719,2,25,Pack,16,324.8,16,688
2026-01-31,21720,2,3,Pack,5,262.65,5,215
2026-01-31,21721,2,17,Pack,19,2178.73,19,817
2026-01-31,21722,2,1,Pack,22,2636.92,22,946
2026-01-31,21723,2,14,Pack,14,1302.28,14,602
2026-01-31,21724,2,19,Pack,17,359.38,17,731
2026-01-31,21725,2,28,Pack,8,125.36,8,344
2026-01-31,21754,2,29,Pack,7,157.57,7,280
2026-01-31,21755,2,24,Pack,13,1634.75,13,520
2026-01-31,21756,2,20,Pack,18,1632.06,18,720
2026-01-31,21757,2,14,Pack,14,1302.28,14,560
2026-01-31,21758,2,15,Pack,6,429.78,6,240
2026-01-31,21759,2,3,Pack,17,893.01,17,680
2026-01-31,21760,2,13,Pack,12,1361.52,12,480
2026-01-31,21761,2,5,Pack,21,182.91,21,840
2026-01-31,21762,2,2,Pack,18,1640.52,18,720
2026-01-31,21764,2,15,Pack,8,573.04,8,320
2026-01-31,21765,2,13,Pack,4,453.84,4,160
2026-01-31,21766,2,3,Pack,10,525.3,10,400
2026-01-31,21794,2,1,Pack,7,839.02,7,273
2026-01-31,21796,2,30,Pack,7,324.87,7,273
2026-01-31,21797,2,15,Pack,16,1146.08,16,624
2026-01-31,21798,2,19,Pack,7,147.98,7,273
2026-01-31,21799,2,17,Pack,10,1146.7,10,390
2026-01-31,21800,2,25,Pack,8,162.4,8,312
2026-01-31,21802,2,29,Pack,11,247.61,11,429
2026-01-31,21803,2,15,Pack,18,1289.34,18,702
2026-01-31,21804,2,3,Pack,14,735.42,14,546
2026-01-31,21805,2,1,Pack,7,839.02,7,273
2026-01-31,21806,2,7,Pack,15,1315.65,15,585
2026-01-31,21807,2,31,Pack,4,133.0,4,156
2026-01-31,21838,2,28,Pack,5,78.35,5,190
2026-01-31,21839,2,25,Pack,6,121.8,6,228
2026-01-31,21840,2,22,Pack,22,639.32,22,836
2026-01-31,21842,2,20,Pack,15,1360.05,15,570
2026-01-31,21843,2,7,Pack,9,789.39,9,342
2026-01-31,21844,2,26,Pack,9,776.07,9,342
2026-01-31,21845,2,13,Pack,14,1588.44,14,532
2026-01-31,21846,2,5,Pack,15,130.65,15,570
2026-01-31,21847,2,2,Pack,9,820.26,9,342
2026-01-31,21849,2,20,Pack,19,1722.73,19,722
2026-01-31,21850,2,2,Pack,8,729.12,8,304
2026-01-31,21881,2,3,Pack,3,157.59,3,111
2026-01-31,21882,2,6,Pack,12,205.32,12,444
2026-01-31,21883,2,28,Pack,4,62.68,4,148
2026-01-31,21884,2,1,Pack,11,1318.46,11,407
2026-01-31,21885,2,30,Pack,11,510.51,11,407
2026-01-31,21886,2,12,Pack,16,1453.6,16,592
2026-01-31,21887,2,30,Pack,5,232.05,5,185
2026-01-31,21888,2,10,Pack,3,295.41,3,111
2026-01-31,21889,2,9,Pack,19,300.96,19,703
2026-01-31,21890,2,20,Pack,6,544.02,6,222
2026-01-31,21892,2,7,Pack,8,701.68,8,296
2026-01-31,21893,2,1,Pack,6,719.16,6,222
2026-01-31,21588,2,18,Pack,17,1231.31,17,782
2026-01-31,21623,2,18,Pack,16,1158.88,16,720
2026-01-31,21629,2,18,Pack,21,1521.03,21,945
2026-01-31,21632,2,18,Pack,7,507.01,7,315
2026-01-31,21679,2,18,Pack,12,869.16,12,528
2026-01-31,21795,2,18,Pack,11,796.73,11,429
2026-01-31,21923,2,12,Pack,3,272.55,3,108
2026-01-31,21924,2,6,Pack,16,273.76,16,576
2026-01-31,21925,2,12,Pack,9,817.65,9,324
2026-01-31,21926,2,22,Pack,11,319.66,11,396
2026-01-31,21927,2,22,Pack,8,232.48,8,288
2026-01-31,21928,2,4,Pack,4,484.72,4,144
2026-01-31,21929,2,1,Pack,7,839.02,7,252
2026-01-31,21930,2,15,Pack,16,1146.08,16,576
2026-01-31,21931,2,8,Pack,14,1010.1,14,504
2026-01-31,21932,2,25,Pack,17,345.1,17,612
2026-01-31,21933,2,27,Pack,14,1708.0,14,504
2026-01-31,21934,2,22,Pack,15,435.9,15,540
2026-01-31,21935,2,2,Pack,11,1002.54,11,396
2026-01-31,21627,2,21,Pack,10,331.4,10,450
2026-01-31,21633,2,21,Pack,19,629.66,19,855
2026-01-31,21675,2,21,Pack,4,132.56,4,176
2026-01-31,21763,2,21,Pack,11,364.54,11,440
2026-01-31,21848,2,21,Pack,14,463.96,14,532
2026-01-31,21890,2,20,Pack,10,906.7,10,370
2026-01-31,21935,2,2,Pack,3,273.42,3,108
2026-01-31,21936,2,29,Pack,3,67.53,3,108
2026-01-31,21971,2,20,Pack,7,634.69,7,231
2026-01-31,21972,2,9,Pack,3,47.52,3,99
2026-01-31,21973,2,14,Pack,3,279.06,3,99
2026-01-31,21974,2,15,Pack,6,429.78,6,198
2026-01-31,21975,2,6,Pack,16,273.76,16,528
2026-01-31,21976,2,18,Pack,13,941.59,13,429
2026-01-31,21977,2,29,Pack,20,450.2,20,660
2026-01-31,21978,2,14,Pack,12,1116.24,12,396
2026-01-31,21979,2,11,Pack,16,1325.12,16,528
2026-01-31,21980,2,19,Pack,19,401.66,19,627
2026-01-31,21981,2,3,Pack,16,840.48,16,528
2026-01-31,21982,2,1,Pack,12,1438.32,12,396
2026-01-31,21983,2,21,Pack,1,33.14,1,33
2026-01-31,21983,2,21,Pack,3,99.42,3,99
2026-01-31,21984,2,7,Pack,10,877.1,10,330
2026-01-31,21985,2,20,Pack,20,1813.4,20,660
2026-01-31,21986,2,4,Pack,15,1817.7,15,495
2026-01-31,21987,2,7,Pack,20,1754.2,20,660
2026-01-31,22013,2,12,Pack,11,999.35,11,352
2026-01-31,22014,2,17,Pack,8,917.36,8,256
2026-01-31,22015,2,7,Pack,21,1841.91,21,672
2026-01-31,22016,2,30,Pack,18,835.38,18,576
2026-01-31,22017,2,20,Pack,22,1994.74,22,704
2026-01-31,22018,2,12,Pack,3,272.55,3,96
2026-01-31,22019,2,21,Pack,9,298.26,9,288
2026-01-31,22020,2,17,Pack,18,2064.06,18,576
2026-01-31,22021,2,28,Pack,21,329.07,21,672
2026-01-31,22022,2,6,Pack,5,85.55,5,160
2026-01-31,22023,2,30,Pack,2,92.82,2,64
2026-01-31,22023,2,30,Pack,12,556.92,12,384
2026-01-31,22024,2,29,Pack,10,225.1,10,320
2026-01-31,22025,2,21,Pack,6,198.84,6,192
2026-01-31,22026,2,1,Pack,20,2397.2,20,640
2026-01-31,22027,2,31,Pack,3,99.75,3,96
2026-01-31,22028,2,29,Pack,5,112.55,5,160
2026-01-31,22056,2,15,Pack,14,1002.82,14,434
2026-01-31,22057,2,28,Pack,19,297.73,19,589
2026-01-31,22058,2,25,Pack,6,121.8,6,186
2026-01-31,22059,2,30,Pack,16,742.56,16,496
2026-01-31,22060,2,15,Pack,17,1217.71,17,527
2026-01-31,22061,2,10,Pack,11,1083.17,11,341
2026-01-31,22062,2,3,Pack,10,525.3,10,310
2026-01-31,22063,2,17,Pack,12,1376.04,12,372
2026-01-31,22064,2,21,Pack,15,497.1,15,465
2026-01-31,22065,2,25,Pack,18,365.4,18,558
2026-01-31,22066,2,25,Pack,16,324.8,16,496
2026-01-31,22067,2,15,Pack,12,859.56,12,372
2026-01-31,22068,2,9,Pack,3,47.52,3,93
2026-01-31,22069,2,27,Pack,4,488.0,4,124
2026-01-31,22070,2,3,Pack,20,1050.6,20,620
2026-01-31,22071,2,30,Pack,9,417.69,9,279
2026-01-31,22072,2,31,Pack,10,332.5,10,310
2026-01-31,22102,2,31,Pack,20,665.0,20,600
2026-01-31,22103,2,18,Pack,14,1014.02,14,420
2026-01-31,22104,2,9,Pack,6,95.04,6,180
2026-01-31,22105,2,15,Pack,6,429.78,6,180
2026-01-31,22106,2,4,Pack,13,1575.34,13,390
2026-01-31,22107,2,12,Pack,19,1726.15,19,570
2026-01-31,22108,2,21,Pack,6,198.84,6,180
2026-01-31,22109,2,3,Pack,12,630.36,12,360
2026-01-31,22110,2,7,Pack,4,350.84,4,120
2026-01-31,22111,2,22,Pack,6,174.36,6,180
2026-01-31,22112,2,19,Pack,12,253.68,12,360
2026-01-31,22113,2,24,Pack,7,880.25,7,210
2026-01-31,22114,2,27,Pack,20,2440.0,20,600
2026-01-31,22147,2,12,Pack,10,908.5,10,290
2026-01-31,22148,2,28,Pack,16,250.72,16,464
2026-01-31,22149,2,12,Pack,11,999.35,11,319
2026-01-31,22150,2,10,Pack,10,984.7,10,290
2026-01-31,22151,2,13,Pack,11,1248.06,11,319
2026-01-31,22152,2,29,Pack,14,315.14,14,406
2026-01-31,22153,2,30,Pack,13,603.33,13,377
2026-01-31,22154,2,22,Pack,4,116.24,4,116
2026-01-31,22155,2,3,Pack,8,420.24,8,232
2026-01-31,22156,2,10,Pack,18,1772.46,18,522
2026-01-31,22157,2,30,Pack,14,649.74,14,406
2026-01-31,22158,2,14,Pack,3,279.06,3,87
2026-01-31,22159,2,29,Pack,14,315.14,14,406
2026-01-31,22160,2,14,Pack,20,1860.4,20,580
2026-01-31,21545,2,23,Pack,10,1240.5,10,470
2026-01-31,21677,2,23,Pack,5,620.25,5,220
2026-01-31,21681,2,23,Pack,17,2108.85,17,748
2026-01-31,21801,2,23,Pack,6,744.3,6,234
2026-01-31,21841,2,23,Pack,10,1240.5,10,380
2026-01-31,21891,2,23,Pack,6,744.3,6,222
2026-01-31,22185,2,27,Pack,22,2684.0,22,572
2026-01-31,22186,2,14,Pack,15,1395.3,15,390
2026-01-31,22187,2,29,Pack,9,202.59,9,234
2026-01-31,22188,2,3,Pack,14,735.42,14,364
2026-01-31,22189,2,21,Pack,10,331.4,10,260
2026-01-31,22190,2,5,Pack,14,121.94,14,364
2026-01-31,22191,2,19,Pack,22,465.08,22,572
2026-01-31,22192,2,4,Pack,4,484.72,4,104
2026-01-31,22193,2,25,Pack,19,385.7,19,494
2026-01-31,22194,2,28,Pack,13,203.71,13,338
2026-01-31,22195,2,13,Pack,17,1928.82,17,442
2026-01-31,22195,2,13,Pack,5,567.3,5,130
2026-01-31,22196,2,30,Pack,11,510.51,11,286
2026-01-31,22197,2,3,Pack,10,525.3,10,260
2026-01-31,22198,2,2,Pack,8,729.12,8,208
2026-01-31,22233,2,18,Pack,18,1303.74,18,450
2026-01-31,22234,2,31,Pack,20,665.0,20,500
2026-01-31,22235,2,4,Pack,13,1575.34,13,325
2026-01-31,22236,2,2,Pack,14,1275.96,14,350
2026-01-31,22237,2,9,Pack,13,205.92,13,325
2026-01-31,22238,2,17,Pack,4,458.68,4,100
2026-01-31,22239,2,11,Pack,17,1407.94,17,425
2026-01-31,22240,2,17,Pack,9,1032.03,9,225
2026-01-31,22241,2,12,Pack,17,1544.45,17,425
2026-01-31,22242,2,25,Pack,19,385.7,19,475
2026-01-31,22243,2,25,Pack,14,284.2,14,350
2026-01-31,22244,2,6,Pack,11,188.21,11,275
2026-01-31,22245,2,23,Pack,22,2729.1,22,550
2026-01-31,22246,2,10,Pack,4,393.88,4,100
2026-01-31,22246,2,10,Pack,17,1673.99,17,425
2026-01-31,22280,2,31,Pack,4,133.0,4,96
2026-01-31,22281,2,14,Pack,6,558.12,6,144
2026-01-31,22282,2,28,Pack,18,282.06,18,432
2026-01-31,22283,2,3,Pack,7,367.71,7,168
2026-01-31,22284,2,3,Pack,16,840.48,16,384
2026-01-31,22285,2,7,Pack,21,1841.91,21,504
2026-01-31,22286,2,21,Pack,7,231.98,7,168
2026-01-31,22287,2,29,Pack,8,180.08,8,192
2026-01-31,22288,2,28,Pack,7,109.69,7,168
2026-01-31,22289,2,10,Pack,17,1673.99,17,408
2026-01-31,22290,2,31,Pack,21,698.25,21,504
2026-01-31,22291,2,27,Pack,4,488.0,4,96
2026-01-31,22292,2,13,Pack,9,1021.14,9,216
2026-01-31,22325,2,11,Pack,12,993.84,12,276
2026-01-31,22326,2,2,Pack,6,546.84,6,138
2026-01-31,22327,2,9,Pack,11,174.24,11,253
2026-01-31,22328,2,12,Pack,14,1271.9,14,322
2026-01-31,22329,2,30,Pack,22,1021.02,22,506
2026-01-31,22330,2,4,Pack,4,484.72,4,92
2026-01-31,22331,2,15,Pack,20,1432.6,20,460
2026-01-31,22332,2,11,Pack,14,1159.48,14,322
2026-01-31,22333,2,22,Pack,15,435.9,15,345
2026-01-31,22334,2,12,Pack,4,363.4,4,92
2026-01-31,22335,2,26,Pack,19,1638.37,19,437
2026-01-31,22336,2,31,Pack,10,332.5,10,230
2026-01-31,22337,2,29,Pack,21,472.71,21,483
2026-01-31,22363,2,30,Pack,18,835.38,18,396
2026-01-31,22364,2,14,Pack,16,1488.32,16,352
2026-01-31,22365,2,6,Pack,14,239.54,14,308
2026-01-31,22366,2,31,Pack,10,332.5,10,220
2026-01-31,22367,2,2,Pack,3,273.42,3,66
2026-01-31,22368,2,3,Pack,20,1050.6,20,440
2026-01-31,22369,2,17,Pack,22,2522.74,22,484
2026-01-31,22370,2,9,Pack,13,205.92,13,286
2026-01-31,22371,2,6,Pack,12,205.32,12,264
2026-01-31,22372,2,14,Pack,12,1116.24,12,264
2026-01-31,22373,2,30,Pack,8,371.28,8,176
2026-01-31,22374,2,15,Pack,3,214.89,3,66
2026-01-31,22375,2,12,Pack,5,454.25,5,110
2026-01-31,22376,2,12,Pack,21,1907.85,21,462
2026-01-31,22377,2,4,Pack,6,727.08,6,132
2026-01-31,22378,2,6,Pack,19,325.09,19,418
2026-01-31,22379,2,1,Pack,16,1917.76,16,352
2026-01-31,22407,2,23,Pack,20,2481.0,20,380
2026-01-31,22408,2,5,Pack,16,139.36,16,304
2026-01-31,22409,2,19,Pack,17,359.38,17,323
2026-01-31,22410,2,18,Pack,13,941.59,13,247
2026-01-31,22411,2,17,Pack,10,1146.7,10,190
2026-01-31,22412,2,25,Pack,20,406.0,20,380
2026-01-31,22413,2,20,Pack,18,1632.06,18,342
2026-01-31,22414,2,19,Pack,14,295.96,14,266
2026-01-31,22415,2,2,Pack,11,1002.54,11,209
2026-01-31,22416,2,31,Pack,4,133.0,4,76
2026-01-31,22417,2,2,Pack,9,820.26,9,171
2026-01-31,22418,2,17,Pack,20,2293.4,20,380
2026-01-31,22419,2,9,Pack,15,237.6,15,285
2026-01-31,22420,2,20,Pack,20,1813.4,20,380
2026-01-31,22421,2,4,Pack,3,363.54,3,57
2026-01-31,22421,2,4,Pack,10,1211.8,10,190
2026-01-31,22453,2,3,Pack,17,893.01,17,306
2026-01-31,22455,2,1,Pack,10,1198.6,10,180
2026-01-31,22456,2,5,Pack,5,43.55,5,90
2026-01-31,22457,2,28,Pack,11,172.37,11,198
2026-01-31,22458,2,20,Pack,6,544.02,6,108
2026-01-31,22459,2,12,Pack,9,817.65,9,162
2026-01-31,22460,2,5,Pack,16,139.36,16,288
2026-01-31,22461,2,14,Pack,13,1209.26,13,234
2026-01-31,22462,2,5,Pack,21,182.91,21,378
2026-01-31,22463,2,4,Pack,7,848.26,7,126
2026-01-31,22464,2,17,Pack,7,802.69,7,126
2026-01-31,22493,2,30,Pack,9,417.69,9,153
2026-01-31,22495,2,15,Pack,22,1575.86,22,374
2026-01-31,22496,2,24,Pack,19,2389.25,19,323
2026-01-31,22497,2,4,Pack,15,1817.7,15,255
2026-01-31,22498,2,25,Pack,18,365.4,18,306
2026-01-31,22499,2,26,Pack,6,517.38,6,102
2026-01-31,22500,2,7,Pack,4,350.84,4,68
2026-01-31,22501,2,30,Pack,3,139.23,3,51
2026-01-31,22502,2,5,Pack,18,156.78,18,306
2026-01-31,22503,2,12,Pack,7,635.95,7,119
2026-01-31,22504,2,10,Pack,9,886.23,9,153
2026-01-31,22505,2,7,Pack,5,438.55,5,85
2026-01-31,22506,2,14,Pack,15,1395.3,15,255
2026-01-31,22507,2,15,Pack,9,644.67,9,153
2026-01-31,22508,2,15,Pack,13,931.19,13,221
2026-01-31,22536,2,29,Pack,17,382.67,17,272
2026-01-31,22537,2,15,Pack,16,1146.08,16,256
2026-01-31,22539,2,17,Pack,22,2522.74,22,352
2026-01-31,22540,2,5,Pack,18,156.78,18,288
2026-01-31,22541,2,7,Pack,16,1403.36,16,256
2026-01-31,22542,2,13,Pack,4,453.84,4,64
2026-01-31,22543,2,31,Pack,21,698.25,21,336
2026-01-31,22544,2,22,Pack,8,232.48,8,128
2026-01-31,22545,2,19,Pack,18,380.52,18,288
2026-01-31,22546,2,22,Pack,9,261.54,9,144
2026-01-31,22547,2,27,Pack,5,610.0,5,80
2026-01-31,22548,2,20,Pack,6,544.02,6,96
2026-01-31,22549,2,1,Pack,13,1558.18,13,208
2026-01-31,22550,2,10,Pack,13,1280.11,13,208
2026-01-31,22582,2,27,Pack,10,1220.0,10,150
2026-01-31,22583,2,29,Pack,19,427.69,19,285
2026-01-31,22584,2,27,Pack,11,1342.0,11,165
2026-01-31,22585,2,7,Pack,14,1227.94,14,210
2026-01-31,22586,2,1,Pack,21,2517.06,21,315
2026-01-31,22587,2,13,Pack,15,1701.9,15,225
2026-01-31,22588,2,30,Pack,20,928.2,20,300
2026-01-31,22589,2,20,Pack,20,1813.4,20,300
2026-01-31,22590,2,6,Pack,9,153.99,9,135
2026-01-31,22591,2,29,Pack,9,202.59,9,135
2026-01-31,22592,2,17,Pack,5,573.35,5,75
2026-01-31,22593,2,16,Pack,7,241.85,7,105
2026-01-31,22621,2,29,Pack,18,405.18,18,216
2026-01-31,22622,2,11,Pack,15,1242.3,15,180
2026-01-31,22623,2,5,Pack,18,156.78,18,216
2026-01-31,22624,2,25,Pack,9,182.7,9,108
2026-01-31,22625,2,11,Pack,13,1076.66,13,156
2026-01-31,22626,2,2,Pack,3,273.42,3,36
2026-01-31,22627,2,22,Pack,13,377.78,13,156
2026-01-31,22628,2,21,Pack,5,165.7,5,60
2026-01-31,22629,2,7,Pack,12,1052.52,12,144
2026-01-31,22630,2,25,Pack,19,385.7,19,228
2026-01-31,22631,2,3,Pack,14,735.42,14,168
2026-01-31,22632,2,19,Pack,22,465.08,22,264
2026-01-31,22633,2,32,Pack,16,261.92,16,192
2026-01-31,22634,2,30,Pack,7,324.87,7,84
2026-01-31,22635,2,25,Pack,22,446.6,22,264
2026-01-31,22636,2,26,Pack,9,776.07,9,108
2026-01-31,22666,2,5,Pack,9,78.39,9,99
2026-01-31,22668,2,9,Pack,10,158.4,10,110
2026-01-31,22669,2,22,Pack,5,145.3,5,55
2026-01-31,22670,2,22,Pack,3,87.18,3,33
2026-01-31,22671,2,9,Pack,13,205.92,13,143
2026-01-31,22672,2,25,Pack,7,142.1,7,77
2026-01-31,22673,2,5,Pack,21,182.91,21,231
2026-01-31,22674,2,31,Pack,3,99.75,3,33
2026-01-31,22675,2,27,Pack,11,1342.0,11,121
2026-01-31,22676,2,31,Pack,11,365.75,11,121
2026-01-31,22677,2,12,Pack,6,545.1,6,66
2026-01-31,22679,2,22,Pack,9,261.54,9,99
2026-01-31,22680,2,10,Pack,10,984.7,10,110
2026-01-31,22681,2,15,Pack,13,931.19,13,143
2026-01-31,22672,2,25,Pack,13,263.9,13,143
2026-01-31,22714,2,28,Pack,6,94.02,6,60
2026-01-31,22715,2,28,Pack,9,141.03,9,90
2026-01-31,22716,2,12,Pack,4,363.4,4,40
2026-01-31,22718,2,31,Pack,14,465.5,14,140
2026-01-31,22719,2,7,Pack,5,438.55,5,50
2026-01-31,22720,2,9,Pack,20,316.8,20,200
2026-01-31,22721,2,4,Pack,14,1696.52,14,140
2026-01-31,22722,2,19,Pack,9,190.26,9,90
2026-01-31,22723,2,31,Pack,12,399.0,12,120
2026-01-31,22724,2,4,Pack,7,848.26,7,70
2026-01-31,22725,2,14,Pack,9,837.18,9,90
2026-01-31,22753,2,30,Pack,17,788.97,17,153
2026-01-31,22754,2,2,Pack,4,364.56,4,36
2026-01-31,22755,2,5,Pack,20,174.2,20,180
2026-01-31,22756,2,28,Pack,14,219.38,14,126
2026-01-31,22757,2,27,Pack,13,1586.0,13,117
2026-01-31,22758,2,6,Pack,16,273.76,16,144
2026-01-31,22759,2,31,Pack,7,232.75,7,63
2026-01-31,22760,2,13,Pack,8,907.68,8,72
2026-01-31,22761,2,11,Pack,22,1822.04,22,198
2026-01-31,22762,2,14,Pack,13,1209.26,13,117
2026-01-31,22763,2,17,Pack,8,917.36,8,72
2026-01-31,22764,2,20,Pack,19,1722.73,19,171
2026-01-31,22765,2,13,Pack,9,1021.14,9,81
2026-01-31,22766,2,31,Pack,16,532.0,16,144
2026-01-31,22767,2,15,Pack,4,286.52,4,36
2026-01-31,22797,2,7,Pack,19,1666.49,19,152
2026-01-31,22798,2,29,Pack,11,247.61,11,88
2026-01-31,22799,2,19,Pack,17,359.38,17,136
2026-01-31,22800,2,7,Pack,17,1491.07,17,136
2026-01-31,22801,2,27,Pack,20,2440.0,20,160
2026-01-31,22802,2,1,Pack,8,958.88,8,64
2026-01-31,22803,2,4,Pack,5,605.9,5,40
2026-01-31,22804,2,14,Pack,19,1767.38,19,152
2026-01-31,22805,2,2,Pack,10,911.4,10,80
2026-01-31,22807,2,2,Pack,6,546.84,6,48
2026-01-31,22808,2,27,Pack,18,2196.0,18,144
2026-01-31,22809,2,29,Pack,16,360.16,16,128
2026-01-31,22810,2,26,Pack,18,1552.14,18,144
2026-01-31,22811,2,31,Pack,3,99.75,3,24
2026-01-31,22812,2,11,Pack,15,1242.3,15,120
2026-01-31,22813,2,5,Pack,6,52.26,6,48
2026-01-31,22842,2,11,Pack,17,1407.94,17,85
2026-01-31,22843,2,27,Pack,4,488.0,4,20
2026-01-31,22844,2,25,Pack,9,182.7,9,45
2026-01-31,22846,2,12,Pack,15,1362.75,15,75
2026-01-31,22847,2,7,Pack,18,1578.78,18,90
2026-01-31,22848,2,31,Pack,22,731.5,22,110
2026-01-31,22849,2,26,Pack,14,1207.22,14,70
2026-01-31,22850,2,9,Pack,6,95.04,0,30
2026-01-31,22851,2,29,Pack,20,450.2,20,100
2026-01-31,22852,2,6,Pack,15,256.65,0,75
2026-01-31,22853,2,5,Pack,15,130.65,15,75
2026-01-31,22854,2,6,Pack,15,256.65,15,75
2026-01-31,22855,2,10,Pack,8,787.76,8,40
2026-01-31,22890,2,14,Pack,14,1302.28,14,56
2026-01-31,22891,2,10,Pack,15,1477.05,0,60
2026-01-31,22892,2,28,Pack,17,266.39,17,68
2026-01-31,22893,2,22,Pack,9,261.54,0,36
2026-01-31,22894,2,27,Pack,18,2196.0,0,72
2026-01-31,22895,2,23,Pack,20,2481.0,20,80
2026-01-31,22897,2,22,Pack,18,523.08,0,72
2026-01-31,22898,2,10,Pack,10,984.7,10,40
2026-01-31,22899,2,26,Pack,16,1379.68,16,64
2026-01-31,22900,2,12,Pack,17,1544.45,17,68
2026-01-31,22901,2,12,Pack,3,272.55,3,12
2026-01-31,22902,2,30,Pack,15,696.15,0,60
2026-01-31,22903,2,28,Pack,15,235.05,0,60
2026-01-31,22904,2,28,Pack,9,141.03,0,36
2026-01-31,22410,2,18,Pack,1,72.43,1,19
2026-01-31,22454,2,18,Pack,11,796.73,11,198
2026-01-31,22494,2,18,Pack,21,1521.03,21,357
2026-01-31,22538,2,18,Pack,21,1521.03,21,336
2026-01-31,22717,2,18,Pack,19,1376.17,19,190
2026-01-31,22806,2,18,Pack,16,1158.88,16,128
2026-01-31,22932,2,26,Pack,3,258.69,0,9
2026-01-31,22933,2,22,Pack,4,116.24,0,12
2026-01-31,22934,2,18,Pack,18,1303.74,0,54
2026-01-31,22935,2,16,Pack,13,449.15,0,39
2026-01-31,22936,2,25,Pack,9,182.7,0,27
2026-01-31,22937,2,4,Pack,6,727.08,0,18
2026-01-31,22939,2,18,Pack,10,724.3,0,30
2026-01-31,22940,2,9,Pack,10,158.4,0,30
2026-01-31,22941,2,31,Pack,18,598.5,0,54
2026-01-31,22942,2,27,Pack,12,1464.0,0,36
2026-01-31,22943,2,7,Pack,3,263.13,0,9
2026-01-31,22944,2,21,Pack,21,695.94,0,63
2026-01-31,22945,2,6,Pack,20,342.2,0,60
2026-01-31,22979,2,5,Pack,8,69.68,0,16
2026-01-31,22981,2,23,Pack,19,2356.95,0,38
2026-01-31,22983,2,6,Pack,9,153.99,0,18
2026-01-31,22984,2,22,Pack,15,435.9,0,30
2026-01-31,22985,2,18,Pack,20,1448.6,0,40
2026-01-31,22986,2,28,Pack,12,188.04,0,24
2026-01-31,22988,2,26,Pack,17,1465.91,0,34
2026-01-31,22989,2,15,Pack,9,644.67,0,18
2026-01-31,22990,2,4,Pack,7,848.26,0,14
2026-01-31,23023,2,14,Pack,6,558.12,0,6
2026-01-31,23024,2,28,Pack,14,219.38,0,14
2026-01-31,23025,2,12,Pack,21,1907.85,0,21
2026-01-31,23026,2,2,Pack,19,1731.66,0,19
2026-01-31,23027,2,26,Pack,19,1638.37,0,19
2026-01-31,23028,2,17,Pack,17,1949.39,0,17
2026-01-31,23030,2,7,Pack,5,438.55,0,5
2026-01-31,23031,2,26,Pack,3,258.69,0,3
2026-01-31,23032,2,6,Pack,12,205.32,0,12
2026-01-31,23033,2,9,Pack,13,205.92,0,13
2026-01-31,23034,2,16,Pack,3,103.65,0,3
2026-01-31,21587,2,13,Dispatch,2,226.92,2,92
2026-01-31,21588,2,18,Dispatch,1,72.43,1,46
2026-01-31,21589,2,25,Dispatch,14,284.2,14,644
2026-01-31,21590,2,2,Dispatch,21,1913.94,21,966
2026-01-31,21591,2,9,Dispatch,7,110.88,7,322
2026-01-31,21592,2,31,Dispatch,19,631.75,19,874
2026-01-31,21593,2,4,Dispatch,13,1575.34,13,598
2026-01-31,21594,2,31,Dispatch,4,133.0,4,184
2026-01-31,21620,2,16,Dispatch,20,691.0,20,900
2026-01-31,21621,2,29,Dispatch,16,360.16,16,720
2026-01-31,21622,2,14,Dispatch,16,1488.32,16,720
2026-01-31,21624,2,12,Dispatch,2,181.7,2,90
2026-01-31,22913,3,24,Pick,2,251.5,0,8
2026-01-31,22953,3,3,Pick,4,210.12,0,12
2026-01-31,22992,3,12,Pick,16,1453.6,0,32
2026-01-31,23036,3,12,Pick,9,817.65,0,9
2026-01-31,23000,3,14,Pack,2,186.04,0,4
2026-01-31,23001,3,23,Pack,18,2232.9,0,36
2026-01-31,23002,3,11,Pack,21,1739.22,0,42
2026-01-31,23003,3,19,Pack,14,295.96,0,28
2026-01-31,23004,3,8,Pack,4,288.6,0,8
2026-01-31,22996,3,18,Pack,6,434.58,0,12
2026-01-31,23004,3,8,Pack,17,1226.55,0,34
2026-01-31,23005,3,23,Pack,13,1612.65,0,26
2026-01-31,23006,3,25,Pack,20,406.0,0,40
2026-01-31,23007,3,20,Pack,6,544.02,0,12
2026-01-31,23035,3,22,Pack,17,494.02,0,17
2026-01-31,23037,3,20,Pack,6,544.02,0,6
2026-01-31,23038,3,11,Pack,9,745.38,0,9
2026-01-31,23039,3,28,Pack,4,62.68,0,4
2026-01-31,23040,3,4,Pack,6,727.08,0,6
2026-01-31,23041,3,21,Pack,6,198.84,0,6
2026-01-31,23042,3,27,Pack,18,2196.0,0,18
2026-01-31,23043,3,6,Pack,6,102.66,0,6
2026-01-31,23044,3,30,Pack,12,556.92,0,12
2026-01-31,23045,3,9,Pack,18,285.12,0,18
2026-01-31,23046,3,21,Pack,12,397.68,0,12
2026-01-31,23047,3,19,Pack,7,147.98,0,7
2026-01-31,23048,3,11,Pack,22,1822.04,0,22
2026-01-31,23049,3,29,Pack,4,90.04,0,4
2026-01-31,23050,3,2,Pack,21,1913.94,0,21
2026-01-31,22958,3,31,Dispatch,3,99.75,0,9
2026-01-31,22958,3,31,Dispatch,14,465.5,0,42
2026-01-31,22959,3,19,Dispatch,16,338.24,0,48
2026-01-31,22960,3,2,Dispatch,14,1275.96,0,42
2026-01-31,22961,3,13,Dispatch,5,567.3,0,15
2026-01-31,22961,3,13,Dispatch,10,1134.6,0,30
2026-01-31,22962,3,4,Dispatch,18,2181.24,0,54
2026-01-31,22991,3,17,Dispatch,21,2408.07,0,42
2026-01-31,22992,3,12,Dispatch,2,181.7,0,4
2026-01-31,22993,3,13,Dispatch,21,2382.66,0,42
2026-01-31,22994,3,13,Dispatch,8,907.68,0,16
2026-01-31,22995,3,30,Dispatch,19,881.79,0,38
2026-01-31,22996,3,18,Dispatch,13,941.59,0,26
2026-01-31,22997,3,31,Dispatch,21,698.25,0,42
2026-01-31,22998,3,27,Dispatch,5,610.0,0,10
2026-01-31,22999,3,29,Dispatch,15,337.65,0,30
2026-01-31,23000,3,14,Dispatch,6,558.12,0,12
2026-02-28,23497,1,4,Pick,7,848.26,7,84
2026-02-28,23621,1,4,Pick,5,605.9,5,45
2026-02-28,23670,1,8,Pick,10,721.5,10,80
2026-02-28,23745,1,4,Pick,10,1211.8,10,40
2026-02-28,23751,1,8,Pick,12,865.8,12,48
2026-02-28,23789,1,4,Pick,20,2423.6,0,60
2026-02-28,23836,1,4,Pick,12,1454.16,0,24
2026-02-28,23885,1,4,Pick,12,1454.16,0,12
2026-02-28,23872,1,29,Pack,4,90.04,0,4
2026-02-28,23873,1,23,Pack,13,1612.65,0,13
2026-02-28,23874,1,1,Pack,11,1318.46,0,11
2026-02-28,23875,1,12,Pack,17,1544.45,0,17
2026-02-28,23876,1,7,Pack,9,789.39,0,9
2026-02-28,23877,1,22,Pack,16,464.96,0,16
2026-02-28,23878,1,31,Pack,20,665.0,0,20
2026-02-28,23879,1,9,Pack,19,300.96,0,19
2026-02-28,23880,1,25,Pack,13,263.9,0,13
2026-02-28,23881,1,2,Pack,8,729.12,0,8
2026-02-28,23882,1,13,Pack,18,2042.28,0,18
2026-02-28,23883,1,13,Pack,18,2042.28,0,18
2026-02-28,23884,1,27,Pack,15,1830.0,0,15
2026-02-28,23829,1,14,Dispatch,13,1209.26,0,26
2026-02-28,23830,1,24,Dispatch,13,1634.75,0,26
2026-02-28,23831,1,23,Dispatch,4,496.2,0,8
2026-02-28,23832,1,9,Dispatch,14,221.76,0,28
2026-02-28,23833,1,10,Dispatch,13,1280.11,0,26
2026-02-28,23834,1,22,Dispatch,3,87.18,0,6
2026-02-28,23835,1,14,Dispatch,12,1116.24,0,24
2026-02-28,23837,1,7,Dispatch,16,1403.36,0,32
2026-02-28,23838,1,19,Dispatch,7,147.98,0,14
2026-02-28,23839,1,2,Dispatch,19,1731.66,0,38
2026-02-28,23840,1,20,Dispatch,8,725.36,0,16
2026-02-28,23841,1,27,Dispatch,15,1830.0,0,30
2026-02-28,22289,2,10,Pack,8,787.76,8,416
2026-02-28,22290,2,31,Pack,21,698.25,21,1092
2026-02-28,22291,2,27,Pack,4,488.0,4,208
2026-02-28,22292,2,13,Pack,9,1021.14,9,468
2026-02-28,22325,2,11,Pack,12,993.84,12,612
2026-02-28,22326,2,2,Pack,6,546.84,6,306
2026-02-28,22327,2,9,Pack,11,174.24,11,561
2026-02-28,22328,2,12,Pack,14,1271.9,14,714
2026-02-28,22329,2,30,Pack,22,1021.02,22,1122
2026-02-28,22330,2,4,Pack,4,484.72,4,204
2026-02-28,22331,2,15,Pack,20,1432.6,20,1020
2026-02-28,22332,2,11,Pack,14,1159.48,14,714
2026-02-28,22333,2,22,Pack,15,435.9,15,765
2026-02-28,22334,2,12,Pack,4,363.4,4,204
2026-02-28,22335,2,26,Pack,19,1638.37,19,969
2026-02-28,22336,2,31,Pack,10,332.5,10,510
2026-02-28,22337,2,29,Pack,21,472.71,21,1071
2026-02-28,22363,2,30,Pack,18,835.38,18,900
2026-02-28,22364,2,14,Pack,16,1488.32,16,800
2026-02-28,22365,2,6,Pack,14,239.54,14,700
2026-02-28,22366,2,31,Pack,10,332.5,10,500
2026-02-28,22367,2,2,Pack,3,273.42,3,150
2026-02-28,22368,2,3,Pack,20,1050.6,20,1000
2026-02-28,22369,2,17,Pack,22,2522.74,22,1100
2026-02-28,22370,2,9,Pack,13,205.92,13,650
2026-02-28,22371,2,6,Pack,12,205.32,12,600
2026-02-28,22372,2,14,Pack,12,1116.24,12,600
2026-02-28,22373,2,30,Pack,8,371.28,8,400
2026-02-28,22374,2,15,Pack,3,214.89,3,150
2026-02-28,22375,2,12,Pack,5,454.25,5,250
2026-02-28,22376,2,12,Pack,21,1907.85,21,1050
2026-02-28,22377,2,4,Pack,6,727.08,6,300
2026-02-28,22378,2,6,Pack,19,325.09,19,950
2026-02-28,22379,2,1,Pack,16,1917.76,16,800
2026-02-28,22407,2,23,Pack,20,2481.0,20,940
2026-02-28,22408,2,5,Pack,16,139.36,16,752
2026-02-28,22409,2,19,Pack,17,359.38,17,799
2026-02-28,22410,2,18,Pack,13,941.59,13,611
2026-02-28,22411,2,17,Pack,10,1146.7,10,470
2026-02-28,22412,2,25,Pack,20,406.0,20,940
2026-02-28,22413,2,20,Pack,18,1632.06,18,846
2026-02-28,22414,2,19,Pack,14,295.96,14,658
2026-02-28,22415,2,2,Pack,11,1002.54,11,517
2026-02-28,22416,2,31,Pack,4,133.0,4,188
2026-02-28,22417,2,2,Pack,9,820.26,9,423
2026-02-28,22418,2,17,Pack,20,2293.4,20,940
2026-02-28,22419,2,9,Pack,15,237.6,15,705
2026-02-28,22420,2,20,Pack,20,1813.4,20,940
2026-02-28,22421,2,4,Pack,3,363.54,3,141
2026-02-28,22421,2,4,Pack,10,1211.8,10,470
2026-02-28,22453,2,3,Pack,17,893.01,17,782
2026-02-28,22455,2,1,Pack,10,1198.6,10,460
2026-02-28,22456,2,5,Pack,5,43.55,5,230
2026-02-28,22457,2,28,Pack,11,172.37,11,506
2026-02-28,22458,2,20,Pack,6,544.02,6,276
2026-02-28,22459,2,12,Pack,9,817.65,9,414
2026-02-28,22460,2,5,Pack,16,139.36,16,736
2026-02-28,22461,2,14,Pack,13,1209.26,13,598
2026-02-28,22462,2,5,Pack,21,182.91,21,966
2026-02-28,22463,2,4,Pack,7,848.26,7,322
2026-02-28,22464,2,17,Pack,7,802.69,7,322
2026-02-28,22493,2,30,Pack,9,417.69,9,405
2026-02-28,22495,2,15,Pack,22,1575.86,22,990
2026-02-28,22496,2,24,Pack,19,2389.25,19,855
2026-02-28,22497,2,4,Pack,15,1817.7,15,675
2026-02-28,22498,2,25,Pack,18,365.4,18,810
2026-02-28,22499,2,26,Pack,6,517.38,6,270
2026-02-28,22500,2,7,Pack,4,350.84,4,180
2026-02-28,22501,2,30,Pack,3,139.23,3,135
2026-02-28,22502,2,5,Pack,18,156.78,18,810
2026-02-28,22503,2,12,Pack,7,635.95,7,315
2026-02-28,22504,2,10,Pack,9,886.23,9,405
2026-02-28,22505,2,7,Pack,5,438.55,5,225
2026-02-28,22506,2,14,Pack,15,1395.3,15,675
2026-02-28,22507,2,15,Pack,9,644.67,9,405
2026-02-28,22508,2,15,Pack,13,931.19,13,585
2026-02-28,22536,2,29,Pack,17,382.67,17,748
2026-02-28,22537,2,15,Pack,16,1146.08,16,704
2026-02-28,22539,2,17,Pack,22,2522.74,22,968
2026-02-28,22540,2,5,Pack,18,156.78,18,792
2026-02-28,22541,2,7,Pack,16,1403.36,16,704
2026-02-28,22542,2,13,Pack,4,453.84,4,176
2026-02-28,22543,2,31,Pack,21,698.25,21,924
2026-02-28,22544,2,22,Pack,8,232.48,8,352
2026-02-28,22545,2,19,Pack,18,380.52,18,792
2026-02-28,22546,2,22,Pack,9,261.54,9,396
2026-02-28,22547,2,27,Pack,5,610.0,5,220
2026-02-28,22548,2,20,Pack,6,544.02,6,264
2026-02-28,22549,2,1,Pack,13,1558.18,13,572
2026-02-28,22550,2,10,Pack,13,1280.11,13,572
2026-02-28,22582,2,27,Pack,10,1220.0,10,430
2026-02-28,22583,2,29,Pack,19,427.69,19,817
2026-02-28,22584,2,27,Pack,11,1342.0,11,473
2026-02-28,22585,2,7,Pack,14,1227.94,14,602
2026-02-28,22586,2,1,Pack,21,2517.06,21,903
2026-02-28,22587,2,13,Pack,15,1701.9,15,645
2026-02-28,22588,2,30,Pack,20,928.2,20,860
2026-02-28,22589,2,20,Pack,20,1813.4,20,860
2026-02-28,22590,2,6,Pack,9,153.99,9,387
2026-02-28,22591,2,29,Pack,9,202.59,9,387
2026-02-28,22592,2,17,Pack,5,573.35,5,215
2026-02-28,22593,2,16,Pack,7,241.85,7,301
2026-02-28,22621,2,29,Pack,18,405.18,18,720
2026-02-28,22622,2,11,Pack,15,1242.3,15,600
2026-02-28,22623,2,5,Pack,18,156.78,18,720
2026-02-28,22624,2,25,Pack,9,182.7,9,360
2026-02-28,22625,2,11,Pack,13,1076.66,13,520
2026-02-28,22626,2,2,Pack,3,273.42,3,120
2026-02-28,22627,2,22,Pack,13,377.78,13,520
2026-02-28,22628,2,21,Pack,5,165.7,5,200
2026-02-28,22629,2,7,Pack,12,1052.52,12,480
2026-02-28,22630,2,25,Pack,19,385.7,19,760
2026-02-28,22631,2,3,Pack,14,735.42,14,560
2026-02-28,22632,2,19,Pack,22,465.08,22,880
2026-02-28,22633,2,32,Pack,16,261.92,16,640
2026-02-28,22634,2,30,Pack,7,324.87,7,280
2026-02-28,22635,2,25,Pack,22,446.6,22,880
2026-02-28,22636,2,26,Pack,9,776.07,9,360
2026-02-28,22666,2,5,Pack,9,78.39,9,351
2026-02-28,22668,2,9,Pack,10,158.4,10,390
2026-02-28,22669,2,22,Pack,5,145.3,5,195
2026-02-28,22670,2,22,Pack,3,87.18,3,117
2026-02-28,22671,2,9,Pack,13,205.92,13,507
2026-02-28,22672,2,25,Pack,7,142.1,7,273
2026-02-28,22673,2,5,Pack,21,182.91,21,819
2026-02-28,22674,2,31,Pack,3,99.75,3,117
2026-02-28,22675,2,27,Pack,11,1342.0,11,429
2026-02-28,22676,2,31,Pack,11,365.75,11,429
2026-02-28,22677,2,12,Pack,6,545.1,6,234
2026-02-28,22679,2,22,Pack,9,261.54,9,351
2026-02-28,22680,2,10,Pack,10,984.7,10,390
2026-02-28,22681,2,15,Pack,13,931.19,13,507
2026-02-28,22672,2,25,Pack,13,263.9,13,507
2026-02-28,22714,2,28,Pack,6,94.02,6,228
2026-02-28,22715,2,28,Pack,9,141.03,9,342
2026-02-28,22716,2,12,Pack,4,363.4,4,152
2026-02-28,22718,2,31,Pack,14,465.5,14,532
2026-02-28,22719,2,7,Pack,5,438.55,5,190
2026-02-28,22720,2,9,Pack,20,316.8,20,760
2026-02-28,22721,2,4,Pack,14,1696.52,14,532
2026-02-28,22722,2,19,Pack,9,190.26,9,342
2026-02-28,22723,2,31,Pack,12,399.0,12,456
2026-02-28,22724,2,4,Pack,7,848.26,7,266
2026-02-28,22725,2,14,Pack,9,837.18,9,342
2026-02-28,22753,2,30,Pack,17,788.97,17,629
2026-02-28,22754,2,2,Pack,4,364.56,4,148
2026-02-28,22755,2,5,Pack,20,174.2,20,740
2026-02-28,22756,2,28,Pack,14,219.38,14,518
2026-02-28,22757,2,27,Pack,13,1586.0,13,481
2026-02-28,22758,2,6,Pack,16,273.76,16,592
2026-02-28,22759,2,31,Pack,7,232.75,7,259
2026-02-28,22760,2,13,Pack,8,907.68,8,296
2026-02-28,22761,2,11,Pack,22,1822.04,22,814
2026-02-28,22762,2,14,Pack,13,1209.26,13,481
2026-02-28,22763,2,17,Pack,8,917.36,8,296
2026-02-28,22764,2,20,Pack,19,1722.73,19,703
2026-02-28,22765,2,13,Pack,9,1021.14,9,333
2026-02-28,22766,2,31,Pack,16,532.0,16,592
2026-02-28,22767,2,15,Pack,4,286.52,4,148
2026-02-28,22797,2,7,Pack,19,1666.49,19,684
2026-02-28,22798,2,29,Pack,11,247.61,11,396
2026-02-28,22799,2,19,Pack,17,359.38,17,612
2026-02-28,22800,2,7,Pack,17,1491.07,17,612
2026-02-28,22801,2,27,Pack,20,2440.0,20,720
2026-02-28,22802,2,1,Pack,8,958.88,8,288
2026-02-28,22803,2,4,Pack,5,605.9,5,180
2026-02-28,22804,2,14,Pack,19,1767.38,19,684
2026-02-28,22805,2,2,Pack,10,911.4,10,360
2026-02-28,22807,2,2,Pack,6,546.84,6,216
2026-02-28,22808,2,27,Pack,18,2196.0,18,648
2026-02-28,22809,2,29,Pack,16,360.16,16,576
2026-02-28,22810,2,26,Pack,18,1552.14,18,648
2026-02-28,22811,2,31,Pack,3,99.75,3,108
2026-02-28,22812,2,11,Pack,15,1242.3,15,540
2026-02-28,22813,2,5,Pack,6,52.26,6,216
2026-02-28,22842,2,11,Pack,17,1407.94,17,561
2026-02-28,22843,2,27,Pack,4,488.0,4,132
2026-02-28,22844,2,25,Pack,9,182.7,9,297
2026-02-28,22846,2,12,Pack,15,1362.75,15,495
2026-02-28,22847,2,7,Pack,18,1578.78,18,594
2026-02-28,22848,2,31,Pack,22,731.5,22,726
2026-02-28,22849,2,26,Pack,14,1207.22,14,462
2026-02-28,22850,2,9,Pack,6,95.04,6,198
2026-02-28,22851,2,29,Pack,20,450.2,20,660
2026-02-28,22852,2,6,Pack,15,256.65,15,495
2026-02-28,22853,2,5,Pack,15,130.65,15,495
2026-02-28,22854,2,6,Pack,15,256.65,15,495
2026-02-28,22855,2,10,Pack,8,787.76,8,264
2026-02-28,22890,2,14,Pack,14,1302.28,14,448
2026-02-28,22891,2,10,Pack,15,1477.05,15,480
2026-02-28,22892,2,28,Pack,17,266.39,17,544
2026-02-28,22893,2,22,Pack,9,261.54,9,288
2026-02-28,22894,2,27,Pack,18,2196.0,18,576
2026-02-28,22895,2,23,Pack,20,2481.0,20,640
2026-02-28,22897,2,22,Pack,18,523.08,18,576
2026-02-28,22898,2,10,Pack,10,984.7,10,320
2026-02-28,22899,2,26,Pack,16,1379.68,16,512
2026-02-28,22900,2,12,Pack,17,1544.45,17,544
2026-02-28,22901,2,12,Pack,3,272.55,3,96
2026-02-28,22902,2,30,Pack,15,696.15,15,480
2026-02-28,22903,2,28,Pack,15,235.05,15,480
2026-02-28,22904,2,28,Pack,9,141.03,9,288
2026-02-28,22410,2,18,Pack,1,72.43,1,47
2026-02-28,22454,2,18,Pack,11,796.73,11,506
2026-02-28,22494,2,18,Pack,21,1521.03,21,945
2026-02-28,22538,2,18,Pack,21,1521.03,21,924
2026-02-28,22717,2,18,Pack,19,1376.17,19,722
2026-02-28,22806,2,18,Pack,16,1158.88,16,576
2026-02-28,22932,2,26,Pack,3,258.69,3,93
2026-02-28,22933,2,22,Pack,4,116.24,4,124
2026-02-28,22934,2,18,Pack,18,1303.74,18,558
2026-02-28,22935,2,16,Pack,13,449.15,13,403
2026-02-28,22936,2,25,Pack,9,182.7,9,279
2026-02-28,22937,2,4,Pack,6,727.08,6,186
2026-02-28,22939,2,18,Pack,10,724.3,10,310
2026-02-28,22940,2,9,Pack,10,158.4,10,310
2026-02-28,22941,2,31,Pack,18,598.5,18,558
2026-02-28,22942,2,27,Pack,12,1464.0,12,372
2026-02-28,22943,2,7,Pack,3,263.13,3,93
2026-02-28,22944,2,21,Pack,21,695.94,21,651
2026-02-28,22945,2,6,Pack,20,342.2,20,620
2026-02-28,22979,2,5,Pack,8,69.68,8,240
2026-02-28,22981,2,23,Pack,19,2356.95,19,570
2026-02-28,22983,2,6,Pack,9,153.99,9,270
2026-02-28,22984,2,22,Pack,15,435.9,15,450
2026-02-28,22985,2,18,Pack,20,1448.6,20,600
2026-02-28,22986,2,28,Pack,12,188.04,12,360
2026-02-28,22988,2,26,Pack,17,1465.91,17,510
2026-02-28,22989,2,15,Pack,9,644.67,9,270
2026-02-28,22990,2,4,Pack,7,848.26,7,210
2026-02-28,23023,2,14,Pack,6,558.12,6,174
2026-02-28,23024,2,28,Pack,14,219.38,14,406
2026-02-28,23025,2,12,Pack,21,1907.85,21,609
2026-02-28,23026,2,2,Pack,19,1731.66,19,551
2026-02-28,23027,2,26,Pack,19,1638.37,19,551
2026-02-28,23028,2,17,Pack,17,1949.39,17,493
2026-02-28,23030,2,7,Pack,5,438.55,5,145
2026-02-28,23031,2,26,Pack,3,258.69,3,87
2026-02-28,23032,2,6,Pack,12,205.32,12,348
2026-02-28,23033,2,9,Pack,13,205.92,13,377
2026-02-28,23034,2,16,Pack,3,103.65,3,87
2026-02-28,22631,2,3,Pack,1,52.53,1,40
2026-02-28,22667,2,3,Pack,14,735.42,14,546
2026-02-28,22678,2,3,Pack,5,262.65,5,195
2026-02-28,22845,2,3,Pack,7,367.71,7,231
2026-02-28,22856,2,3,Pack,17,893.01,17,561
2026-02-28,22896,2,3,Pack,22,1155.66,22,704
2026-02-28,23022,2,3,Pack,7,367.71,7,203
2026-02-28,23031,2,26,Pack,1,86.23,1,29
2026-02-28,23064,2,26,Pack,21,1810.83,21,546
2026-02-28,23065,2,18,Pack,8,579.44,8,208
2026-02-28,23066,2,1,Pack,21,2517.06,21,546
2026-02-28,23067,2,10,Pack,7,689.29,7,182
2026-02-28,23069,2,3,Pack,6,315.18,6,156
2026-02-28,23070,2,9,Pack,7,110.88,7,182
2026-02-28,23071,2,26,Pack,17,1465.91,17,442
2026-02-28,23072,2,2,Pack,16,1458.24,16,416
2026-02-28,23073,2,23,Pack,17,2108.85,17,442
2026-02-28,23074,2,21,Pack,4,132.56,4,104
2026-02-28,23076,2,25,Pack,15,304.5,15,390
2026-02-28,23077,2,24,Pack,10,1257.5,10,260
2026-02-28,23078,2,7,Pack,5,438.55,5,130
2026-02-28,23111,2,17,Pack,11,1261.37,11,275
2026-02-28,23112,2,29,Pack,20,450.2,20,500
2026-02-28,23113,2,14,Pack,20,1860.4,20,500
2026-02-28,23114,2,14,Pack,10,930.2,10,250
2026-02-28,23115,2,7,Pack,12,1052.52,12,300
2026-02-28,23116,2,1,Pack,12,1438.32,12,300
2026-02-28,23117,2,17,Pack,16,1834.72,16,400
2026-02-28,23118,2,10,Pack,7,689.29,7,175
2026-02-28,23119,2,5,Pack,13,113.23,13,325
2026-02-28,23120,2,19,Pack,10,211.4,10,250
2026-02-28,23121,2,28,Pack,10,156.7,10,250
2026-02-28,23122,2,7,Pack,5,438.55,5,125
2026-02-28,23123,2,21,Pack,22,729.08,22,550
2026-02-28,22980,2,27,Pack,19,2318.0,19,570
2026-02-28,22982,2,27,Pack,7,854.0,7,210
2026-02-28,22987,2,27,Pack,5,610.0,5,150
2026-02-28,23029,2,27,Pack,9,1098.0,9,261
2026-02-28,23150,2,1,Pack,16,1917.76,16,384
2026-02-28,23152,2,7,Pack,17,1491.07,17,408
2026-02-28,23153,2,4,Pack,21,2544.78,21,504
2026-02-28,23154,2,26,Pack,18,1552.14,18,432
2026-02-28,23156,2,27,Pack,4,488.0,4,96
2026-02-28,23157,2,28,Pack,21,329.07,21,504
2026-02-28,23158,2,9,Pack,8,126.72,8,192
2026-02-28,23159,2,2,Pack,15,1367.1,15,360
2026-02-28,23160,2,22,Pack,6,174.36,6,144
2026-02-28,23161,2,5,Pack,18,156.78,18,432
2026-02-28,23162,2,22,Pack,20,581.2,20,480
2026-02-28,22764,2,20,Pack,2,181.34,2,74
2026-02-28,22938,2,20,Pack,12,1088.04,12,372
2026-02-28,23075,2,20,Pack,17,1541.39,17,442
2026-02-28,23151,2,20,Pack,7,634.69,7,168
2026-02-28,23155,2,20,Pack,18,1632.06,18,432
2026-02-28,23192,2,28,Pack,5,78.35,5,115
2026-02-28,23193,2,6,Pack,16,273.76,16,368
2026-02-28,23194,2,17,Pack,12,1376.04,12,276
2026-02-28,23195,2,8,Pack,8,577.2,8,184
2026-02-28,23196,2,30,Pack,21,974.61,21,483
2026-02-28,23197,2,3,Pack,10,525.3,10,230
2026-02-28,23198,2,19,Pack,15,317.1,15,345
2026-02-28,23199,2,1,Pack,3,359.58,3,69
2026-02-28,23200,2,10,Pack,12,1181.64,12,276
2026-02-28,23201,2,14,Pack,18,1674.36,18,414
2026-02-28,23202,2,20,Pack,7,634.69,7,161
2026-02-28,23203,2,27,Pack,19,2318.0,19,437
2026-02-28,23204,2,26,Pack,3,258.69,3,69
2026-02-28,23205,2,28,Pack,22,344.74,22,506
2026-02-28,23206,2,13,Pack,10,1134.6,10,230
2026-02-28,23240,2,2,Pack,10,911.4,10,220
2026-02-28,23241,2,2,Pack,3,273.42,3,66
2026-02-28,23242,2,13,Pack,13,1474.98,13,286
2026-02-28,23243,2,27,Pack,5,610.0,5,110
2026-02-28,23244,2,29,Pack,13,292.63,13,286
2026-02-28,23245,2,23,Pack,21,2605.05,21,462
2026-02-28,23246,2,19,Pack,18,380.52,18,396
2026-02-28,23247,2,27,Pack,21,2562.0,21,462
2026-02-28,23248,2,22,Pack,21,610.26,21,462
2026-02-28,23249,2,29,Pack,19,427.69,19,418
2026-02-28,23250,2,31,Pack,18,598.5,18,396
2026-02-28,23251,2,10,Pack,7,689.29,7,154
2026-02-28,23252,2,5,Pack,18,156.78,18,396
2026-02-28,23280,2,4,Pack,7,848.26,7,133
2026-02-28,23281,2,17,Pack,7,802.69,7,133
2026-02-28,23282,2,9,Pack,15,237.6,15,285
2026-02-28,23283,2,28,Pack,20,313.4,20,380
2026-02-28,23285,2,1,Pack,5,599.3,5,95
2026-02-28,23286,2,31,Pack,10,332.5,10,190
2026-02-28,23287,2,10,Pack,7,689.29,7,133
2026-02-28,23288,2,15,Pack,6,429.78,6,114
2026-02-28,23289,2,21,Pack,7,231.98,7,133
2026-02-28,23290,2,23,Pack,7,868.35,7,133
2026-02-28,23291,2,20,Pack,6,544.02,6,114
2026-02-28,23292,2,32,Pack,21,343.77,21,399
2026-02-28,23293,2,10,Pack,5,492.35,5,95
2026-02-28,23295,2,13,Pack,21,2382.66,21,399
2026-02-28,23322,2,23,Pack,20,2481.0,20,360
2026-02-28,23323,2,27,Pack,5,610.0,5,90
2026-02-28,23324,2,28,Pack,6,94.02,6,108
2026-02-28,23325,2,12,Pack,16,1453.6,16,288
2026-02-28,23326,2,9,Pack,18,285.12,18,324
2026-02-28,23327,2,1,Pack,5,599.3,5,90
2026-02-28,23328,2,15,Pack,9,644.67,9,162
2026-02-28,23329,2,20,Pack,11,997.37,11,198
2026-02-28,23330,2,14,Pack,4,372.08,4,72
2026-02-28,23331,2,31,Pack,13,432.25,13,234
2026-02-28,23332,2,12,Pack,17,1544.45,17,306
2026-02-28,23333,2,5,Pack,14,121.94,14,252
2026-02-28,23334,2,17,Pack,7,802.69,7,126
2026-02-28,23335,2,31,Pack,11,365.75,11,198
2026-02-28,23336,2,23,Pack,12,1488.6,12,216
2026-02-28,23337,2,22,Pack,20,581.2,20,360
2026-02-28,23338,2,23,Pack,15,1860.75,15,270
2026-02-28,23065,2,18,Pack,8,579.44,8,208
2026-02-28,23068,2,18,Pack,7,507.01,7,182
2026-02-28,23284,2,18,Pack,5,362.15,5,95
2026-02-28,23294,2,18,Pack,15,1086.45,15,285
2026-02-28,23369,2,10,Pack,21,2067.87,21,357
2026-02-28,23370,2,22,Pack,11,319.66,11,187
2026-02-28,23371,2,17,Pack,21,2408.07,21,357
2026-02-28,23372,2,13,Pack,18,2042.28,18,306
2026-02-28,23373,2,31,Pack,17,565.25,17,289
2026-02-28,23374,2,1,Pack,3,359.58,3,51
2026-02-28,23375,2,25,Pack,4,81.2,4,68
2026-02-28,23376,2,9,Pack,20,316.8,20,340
2026-02-28,23377,2,5,Pack,4,34.84,4,68
2026-02-28,23378,2,9,Pack,5,79.2,5,85
2026-02-28,23379,2,22,Pack,21,610.26,21,357
2026-02-28,23380,2,9,Pack,19,300.96,19,323
2026-02-28,23381,2,19,Pack,4,84.56,4,68
2026-02-28,23382,2,19,Pack,4,84.56,4,68
2026-02-28,23383,2,15,Pack,14,1002.82,14,238
2026-02-28,23410,2,24,Pack,4,503.0,4,64
2026-02-28,23411,2,19,Pack,6,126.84,6,96
2026-02-28,23412,2,28,Pack,6,94.02,6,96
2026-02-28,23413,2,15,Pack,12,859.56,12,192
2026-02-28,23414,2,27,Pack,4,488.0,4,64
2026-02-28,23415,2,6,Pack,14,239.54,14,224
2026-02-28,23416,2,18,Pack,19,1376.17,19,304
2026-02-28,23417,2,31,Pack,11,365.75,11,176
2026-02-28,23418,2,10,Pack,15,1477.05,15,240
2026-02-28,23419,2,13,Pack,13,1474.98,13,208
2026-02-28,23420,2,30,Pack,18,835.38,18,288
2026-02-28,23421,2,10,Pack,15,1477.05,15,240
2026-02-28,23422,2,22,Pack,17,494.02,17,272
2026-02-28,23423,2,10,Pack,21,2067.87,21,336
2026-02-28,23424,2,10,Pack,14,1378.58,14,224
2026-02-28,23458,2,31,Pack,4,133.0,4,60
2026-02-28,23459,2,11,Pack,20,1656.4,20,300
2026-02-28,23460,2,25,Pack,21,426.3,21,315
2026-02-28,23461,2,4,Pack,11,1332.98,11,165
2026-02-28,23462,2,26,Pack,19,1638.37,19,285
2026-02-28,23463,2,1,Pack,19,2277.34,19,285
2026-02-28,23464,2,31,Pack,8,266.0,8,120
2026-02-28,23465,2,20,Pack,14,1269.38,14,210
2026-02-28,23466,2,29,Pack,13,292.63,13,195
2026-02-28,23467,2,26,Pack,4,344.92,4,60
2026-02-28,23468,2,21,Pack,21,695.94,21,315
2026-02-28,23469,2,5,Pack,22,191.62,22,330
2026-02-28,23470,2,7,Pack,8,701.68,8,120
2026-02-28,23471,2,4,Pack,11,1332.98,11,165
2026-02-28,23472,2,28,Pack,3,47.01,3,45
2026-02-28,23473,2,13,Pack,4,453.84,4,60
2026-02-28,23474,2,23,Pack,12,1488.6,12,180
2026-02-28,23422,2,22,Pack,3,87.18,3,48
2026-02-28,23505,2,13,Pack,3,340.38,3,36
2026-02-28,23506,2,30,Pack,4,185.64,4,48
2026-02-28,23507,2,22,Pack,10,290.6,10,120
2026-02-28,23508,2,19,Pack,6,126.84,6,72
2026-02-28,23509,2,2,Pack,17,1549.38,17,204
2026-02-28,23510,2,22,Pack,13,377.78,13,156
2026-02-28,23511,2,2,Pack,21,1913.94,21,252
2026-02-28,23512,2,31,Pack,9,299.25,9,108
2026-02-28,23513,2,8,Pack,12,865.8,12,144
2026-02-28,23514,2,18,Pack,9,651.87,9,108
2026-02-28,23515,2,4,Pack,4,484.72,4,48
2026-02-28,23516,2,23,Pack,16,1984.8,16,192
2026-02-28,23517,2,25,Pack,5,101.5,5,60
2026-02-28,23518,2,11,Pack,10,828.2,10,120
2026-02-28,23519,2,30,Pack,6,278.46,6,72
2026-02-28,23520,2,5,Pack,12,104.52,12,144
2026-02-28,23521,2,6,Pack,5,85.55,5,60
2026-02-28,23548,2,18,Pack,16,1158.88,16,176
2026-02-28,23549,2,12,Pack,3,272.55,3,33
2026-02-28,23550,2,17,Pack,16,1834.72,16,176
2026-02-28,23551,2,20,Pack,14,1269.38,14,154
2026-02-28,23553,2,9,Pack,21,332.64,21,231
2026-02-28,23554,2,11,Pack,4,331.28,4,44
2026-02-28,23555,2,1,Pack,7,839.02,7,77
2026-02-28,23557,2,9,Pack,21,332.64,21,231
2026-02-28,23558,2,15,Pack,20,1432.6,20,220
2026-02-28,23559,2,13,Pack,22,2496.12,22,242
2026-02-28,23588,2,25,Pack,19,385.7,19,190
2026-02-28,23589,2,14,Pack,22,2046.44,22,220
2026-02-28,23590,2,20,Pack,15,1360.05,15,150
2026-02-28,23591,2,31,Pack,11,365.75,11,110
2026-02-28,23592,2,25,Pack,21,426.3,21,210
2026-02-28,23593,2,5,Pack,7,60.97,7,70
2026-02-28,23594,2,7,Pack,9,789.39,9,90
2026-02-28,23595,2,25,Pack,15,304.5,15,150
2026-02-28,23596,2,28,Pack,13,203.71,13,130
2026-02-28,23597,2,4,Pack,6,727.08,6,60
2026-02-28,23598,2,19,Pack,10,211.4,10,100
2026-02-28,23599,2,11,Pack,17,1407.94,17,170
2026-02-28,23552,2,10,Pack,19,1870.93,19,209
2026-02-28,23556,2,10,Pack,16,1575.52,16,176
2026-02-28,23629,2,22,Pack,11,319.66,11,99
2026-02-28,23630,2,30,Pack,6,278.46,6,54
2026-02-28,23631,2,12,Pack,21,1907.85,21,189
2026-02-28,23632,2,3,Pack,3,157.59,3,27
2026-02-28,23633,2,29,Pack,15,337.65,15,135
2026-02-28,23634,2,7,Pack,17,1491.07,17,153
2026-02-28,23635,2,27,Pack,14,1708.0,14,126
2026-02-28,23636,2,7,Pack,9,789.39,9,81
2026-02-28,23637,2,26,Pack,17,1465.91,17,153
2026-02-28,23638,2,18,Pack,20,1448.6,20,180
2026-02-28,23639,2,27,Pack,17,2074.0,17,153
2026-02-28,23640,2,29,Pack,5,112.55,5,45
2026-02-28,23641,2,12,Pack,19,1726.15,19,171
2026-02-28,23642,2,13,Pack,5,567.3,5,45
2026-02-28,23643,2,3,Pack,17,893.01,17,153
2026-02-28,23644,2,22,Pack,16,464.96,16,144
2026-02-28,23671,2,26,Pack,9,776.07,9,72
2026-02-28,23672,2,15,Pack,12,859.56,12,96
2026-02-28,23673,2,15,Pack,3,214.89,3,24
2026-02-28,23674,2,15,Pack,21,1504.23,21,168
2026-02-28,23675,2,14,Pack,18,1674.36,18,144
2026-02-28,23676,2,29,Pack,6,135.06,6,48
2026-02-28,23677,2,18,Pack,21,1521.03,21,168
2026-02-28,23678,2,30,Pack,12,556.92,12,96
2026-02-28,23679,2,18,Pack,13,941.59,13,104
2026-02-28,23680,2,21,Pack,4,132.56,4,32
2026-02-28,23681,2,12,Pack,14,1271.9,14,112
2026-02-28,23682,2,4,Pack,6,727.08,6,48
2026-02-28,23683,2,13,Pack,12,1361.52,12,96
2026-02-28,23684,2,2,Pack,14,1275.96,14,112
2026-02-28,23685,2,18,Pack,14,1014.02,14,112
2026-02-28,23686,2,9,Pack,11,174.24,11,88
2026-02-28,23717,2,28,Pack,6,94.02,0,30
2026-02-28,23718,2,3,Pack,17,893.01,17,85
2026-02-28,23719,2,10,Pack,10,984.7,0,50
2026-02-28,23720,2,4,Pack,14,1696.52,14,70
2026-02-28,23721,2,10,Pack,14,1378.58,0,70
2026-02-28,23722,2,6,Pack,21,359.31,21,105
2026-02-28,23723,2,5,Pack,12,104.52,12,60
2026-02-28,23724,2,1,Pack,17,2037.62,17,85
2026-02-28,23725,2,4,Pack,13,1575.34,13,65
2026-02-28,23726,2,14,Pack,3,279.06,3,15
2026-02-28,23727,2,5,Pack,18,156.78,18,90
2026-02-28,23728,2,14,Pack,7,651.14,0,35
2026-02-28,23729,2,11,Pack,21,1739.22,0,105
2026-02-28,23756,2,12,Pack,21,1907.85,21,84
2026-02-28,23757,2,6,Pack,14,239.54,14,56
2026-02-28,23758,2,29,Pack,10,225.1,10,40
2026-02-28,23759,2,1,Pack,9,1078.74,9,36
2026-02-28,23760,2,20,Pack,14,1269.38,14,56
2026-02-28,23761,2,21,Pack,15,497.1,0,60
2026-02-28,23762,2,26,Pack,18,1552.14,18,72
2026-02-28,23763,2,5,Pack,17,148.07,0,68
2026-02-28,23764,2,22,Pack,7,203.42,7,28
2026-02-28,23765,2,5,Pack,7,60.97,0,28
2026-02-28,23766,2,1,Pack,16,1917.76,16,64
2026-02-28,23767,2,17,Pack,13,1490.71,13,52
2026-02-28,23768,2,10,Pack,3,295.41,3,12
2026-02-28,23769,2,1,Pack,20,2397.2,20,80
2026-02-28,23770,2,28,Pack,15,235.05,15,60
2026-02-28,23771,2,23,Pack,7,868.35,7,28
2026-02-28,23800,2,31,Pack,5,166.25,0,15
2026-02-28,23801,2,5,Pack,4,34.84,0,12
2026-02-28,23802,2,3,Pack,8,420.24,0,24
2026-02-28,23803,2,5,Pack,9,78.39,0,27
2026-02-28,23804,2,6,Pack,15,256.65,0,45
2026-02-28,23805,2,3,Pack,14,735.42,0,42
2026-02-28,23806,2,15,Pack,13,931.19,0,39
2026-02-28,23807,2,29,Pack,5,112.55,0,15
2026-02-28,23808,2,22,Pack,9,261.54,0,27
2026-02-28,23809,2,31,Pack,12,399.0,0,36
2026-02-28,23810,2,20,Pack,7,634.69,0,21
2026-02-28,23811,2,19,Pack,3,63.42,0,9
2026-02-28,23812,2,29,Pack,15,337.65,0,45
2026-02-28,23813,2,25,Pack,18,365.4,0,54
2026-02-28,23814,2,30,Pack,18,835.38,0,54
2026-02-28,23842,2,2,Pack,11,1002.54,0,22
2026-02-28,23843,2,6,Pack,17,290.87,0,34
2026-02-28,23844,2,28,Pack,3,47.01,0,6
2026-02-28,23845,2,12,Pack,19,1726.15,0,38
2026-02-28,23846,2,23,Pack,14,1736.7,0,28
2026-02-28,23847,2,23,Pack,22,2729.1,0,44
2026-02-28,23848,2,2,Pack,18,1640.52,0,36
2026-02-28,23849,2,2,Pack,8,729.12,0,16
2026-02-28,23850,2,11,Pack,20,1656.4,0,40
2026-02-28,23851,2,31,Pack,11,365.75,0,22
2026-02-28,23852,2,19,Pack,22,465.08,0,44
2026-02-28,23853,2,20,Pack,19,1722.73,0,38
2026-02-28,23854,2,13,Pack,4,453.84,0,8
2026-02-28,23855,2,6,Pack,7,119.77,0,14
2026-02-28,23856,2,26,Pack,14,1207.22,0,28
2026-02-28,23856,2,26,Pack,2,172.46,0,4
2026-02-28,23857,2,19,Pack,9,190.26,0,18
2026-02-28,23886,2,17,Pack,20,2293.4,0,20
2026-02-28,23887,2,21,Pack,8,265.12,0,8
2026-02-28,23888,2,3,Pack,4,210.12,0,4
2026-02-28,23889,2,26,Pack,19,1638.37,0,19
2026-02-28,23890,2,15,Pack,5,358.15,0,5
2026-02-28,23891,2,21,Pack,6,198.84,0,6
2026-02-28,23892,2,27,Pack,12,1464.0,0,12
2026-02-28,23893,2,10,Pack,22,2166.34,0,22
2026-02-28,23894,2,20,Pack,11,997.37,0,11
2026-02-28,23895,2,10,Pack,16,1575.52,0,16
2026-02-28,23896,2,29,Pack,5,112.55,0,5
2026-02-28,23897,2,19,Pack,6,126.84,0,6
2026-02-28,23898,2,17,Pack,9,1032.03,0,9
2026-02-28,23899,2,30,Pack,11,510.51,0,11
2026-02-28,23900,2,25,Pack,7,142.1,0,7
2026-02-28,23901,2,18,Pack,6,434.58,0,6
2026-02-28,22245,2,23,Dispatch,11,1364.55,11,583
2026-02-28,22246,2,10,Dispatch,4,393.88,4,212
2026-02-28,22246,2,10,Dispatch,17,1673.99,17,901
2026-02-28,22280,2,31,Dispatch,4,133.0,4,208
2026-02-28,22281,2,14,Dispatch,6,558.12,6,312
2026-02-28,22282,2,28,Dispatch,18,282.06,18,936
2026-02-28,22283,2,3,Dispatch,7,367.71,7,364
2026-02-28,22284,2,3,Dispatch,16,840.48,16,832
2026-02-28,22285,2,7,Dispatch,21,1841.91,21,1092
2026-02-28,22286,2,21,Dispatch,7,231.98,7,364
2026-02-28,22287,2,29,Dispatch,8,180.08,8,416
2026-02-28,22288,2,28,Dispatch,7,109.69,7,364
2026-02-28,22289,2,10,Dispatch,9,886.23,9,468
2026-02-28,23785,3,20,Pick,5,453.35,0,20
2026-02-28,23818,3,23,Pick,3,372.15,0,9
2026-02-28,23865,3,20,Pick,6,544.02,0,12
2026-02-28,23871,3,20,Pick,9,816.03,0,18
2026-02-28,23904,3,29,Pick,7,157.57,0,7
2026-02-28,23906,3,20,Pick,9,816.03,0,9
2026-02-28,23902,3,25,Pack,4,81.2,0,4
2026-02-28,23903,3,7,Pack,19,1666.49,0,19
2026-02-28,23904,3,29,Pack,10,225.1,0,10
2026-02-28,23905,3,7,Pack,18,1578.78,0,18
2026-02-28,23907,3,10,Pack,22,2166.34,0,22
2026-02-28,23908,3,21,Pack,16,530.24,0,16
2026-02-28,23909,3,2,Pack,14,1275.96,0,14
2026-02-28,23910,3,28,Pack,21,329.07,0,21
2026-02-28,23911,3,9,Pack,18,285.12,0,18
2026-02-28,23912,3,18,Pack,10,724.3,0,10
2026-02-28,23913,3,15,Pack,3,214.89,0,3
2026-02-28,23914,3,9,Pack,12,190.08,0,12
2026-02-28,23915,3,2,Pack,18,1640.52,0,18
2026-02-28,23916,3,31,Pack,10,332.5,0,10
2026-02-28,23917,3,28,Pack,15,235.05,0,15
2026-02-28,23650,3,24,Dispatch,5,628.75,5,45
2026-02-28,23743,3,24,Dispatch,4,503.0,0,20
2026-02-28,23858,3,8,Dispatch,21,1515.15,0,42
2026-02-28,23859,3,31,Dispatch,7,232.75,0,14
2026-02-28,23860,3,6,Dispatch,13,222.43,0,26
2026-02-28,23861,3,14,Dispatch,9,837.18,0,18
2026-02-28,23862,3,2,Dispatch,18,1640.52,0,36
2026-02-28,23863,3,27,Dispatch,19,2318.0,0,38
2026-02-28,23864,3,17,Dispatch,20,2293.4,0,40
2026-02-28,23866,3,14,Dispatch,15,1395.3,0,30
2026-02-28,23867,3,6,Dispatch,13,222.43,0,26
2026-02-28,23868,3,15,Dispatch,6,429.78,0,12
2026-02-28,23869,3,3,Dispatch,13,682.89,0,26
2026-02-28,23870,3,12,Dispatch,18,1635.3,0,36
2026-03-31,24472,1,26,Pick,1,86.23,1,13
2026-03-31,24513,1,26,Pick,10,862.3,10,120
2026-03-31,24741,1,26,Pick,6,517.38,0,30
2026-03-31,24743,1,26,Pick,21,1810.83,21,105
2026-03-31,24877,1,26,Pick,17,1465.91,0,0
2026-03-31,24862,1,21,Pack,18,596.52,0,0
2026-03-31,24863,1,3,Pack,22,1155.66,0,0
2026-03-31,24864,1,5,Pack,22,191.62,0,0
2026-03-31,24865,1,1,Pack,11,1318.46,0,0
2026-03-31,24866,1,23,Pack,3,372.15,0,0
2026-03-31,24867,1,2,Pack,21,1913.94,0,0
2026-03-31,24868,1,28,Pack,10,156.7,0,0
2026-03-31,24869,1,30,Pack,18,835.38,0,0
2026-03-31,24870,1,11,Pack,7,579.74,0,0
2026-03-31,24871,1,29,Pack,21,472.71,0,0
2026-03-31,24872,1,5,Pack,22,191.62,0,0
2026-03-31,24873,1,2,Pack,19,1731.66,0,0
2026-03-31,24874,1,7,Pack,8,701.68,0,0
2026-03-31,24875,1,7,Pack,3,263.13,0,0
2026-03-31,24876,1,18,Pack,18,1303.74,0,0
2026-03-31,24817,1,8,Dispatch,3,216.45,0,3
2026-03-31,24818,1,13,Dispatch,9,1021.14,0,9
2026-03-31,24819,1,28,Dispatch,22,344.74,0,22
2026-03-31,24820,1,25,Dispatch,11,223.3,0,11
2026-03-31,24821,1,14,Dispatch,16,1488.32,0,16
2026-03-31,24822,1,3,Dispatch,4,210.12,0,4
2026-03-31,24823,1,11,Dispatch,21,1739.22,0,21
2026-03-31,24824,1,2,Dispatch,6,546.84,0,6
2026-03-31,24825,1,15,Dispatch,22,1575.86,0,22
2026-03-31,24826,1,17,Dispatch,12,1376.04,0,12
2026-03-31,24827,1,1,Dispatch,9,1078.74,0,9
2026-03-31,24828,1,18,Dispatch,15,1086.45,0,15
2026-03-31,24829,1,3,Dispatch,10,525.3,0,10
2026-03-31,24830,1,14,Dispatch,9,837.18,0,9
2026-03-31,23636,2,7,Pack,6,526.26,6,240
2026-03-31,23637,2,26,Pack,17,1465.91,17,680
2026-03-31,23638,2,18,Pack,20,1448.6,20,800
2026-03-31,23639,2,27,Pack,17,2074.0,17,680
2026-03-31,23640,2,29,Pack,5,112.55,5,200
2026-03-31,23641,2,12,Pack,19,1726.15,19,760
2026-03-31,23642,2,13,Pack,5,567.3,5,200
2026-03-31,23643,2,3,Pack,17,893.01,17,680
2026-03-31,23644,2,22,Pack,16,464.96,16,640
2026-03-31,23671,2,26,Pack,9,776.07,9,351
2026-03-31,23672,2,15,Pack,12,859.56,12,468
2026-03-31,23673,2,15,Pack,3,214.89,3,117
2026-03-31,23674,2,15,Pack,21,1504.23,21,819
2026-03-31,23675,2,14,Pack,18,1674.36,18,702
2026-03-31,23676,2,29,Pack,6,135.06,6,234
2026-03-31,23677,2,18,Pack,21,1521.03,21,819
2026-03-31,23678,2,30,Pack,12,556.92,12,468
2026-03-31,23679,2,18,Pack,13,941.59,13,507
2026-03-31,23680,2,21,Pack,4,132.56,4,156
2026-03-31,23681,2,12,Pack,14,1271.9,14,546
2026-03-31,23682,2,4,Pack,6,727.08,6,234
2026-03-31,23683,2,13,Pack,12,1361.52,12,468
2026-03-31,23684,2,2,Pack,14,1275.96,14,546
2026-03-31,23685,2,18,Pack,14,1014.02,14,546
2026-03-31,23686,2,9,Pack,11,174.24,11,429
2026-03-31,23717,2,28,Pack,6,94.02,6,216
2026-03-31,23718,2,3,Pack,17,893.01,17,612
2026-03-31,23719,2,10,Pack,10,984.7,10,360
2026-03-31,23720,2,4,Pack,14,1696.52,14,504
2026-03-31,23721,2,10,Pack,14,1378.58,14,504
2026-03-31,23722,2,6,Pack,21,359.31,21,756
2026-03-31,23723,2,5,Pack,12,104.52,12,432
2026-03-31,23724,2,1,Pack,17,2037.62,17,612
2026-03-31,23725,2,4,Pack,13,1575.34,13,468
2026-03-31,23726,2,14,Pack,3,279.06,3,108
2026-03-31,23727,2,5,Pack,18,156.78,18,648
2026-03-31,23728,2,14,Pack,7,651.14,7,252
2026-03-31,23729,2,11,Pack,21,1739.22,21,756
2026-03-31,23756,2,12,Pack,21,1907.85,21,735
2026-03-31,23757,2,6,Pack,14,239.54,14,490
2026-03-31,23758,2,29,Pack,10,225.1,10,350
2026-03-31,23759,2,1,Pack,9,1078.74,9,315
2026-03-31,23760,2,20,Pack,14,1269.38,14,490
2026-03-31,23761,2,21,Pack,15,497.1,15,525
2026-03-31,23762,2,26,Pack,18,1552.14,18,630
2026-03-31,23763,2,5,Pack,17,148.07,17,595
2026-03-31,23764,2,22,Pack,7,203.42,7,245
2026-03-31,23765,2,5,Pack,7,60.97,7,245
2026-03-31,23766,2,1,Pack,16,1917.76,16,560
2026-03-31,23767,2,17,Pack,13,1490.71,13,455
2026-03-31,23768,2,10,Pack,3,295.41,3,105
2026-03-31,23769,2,1,Pack,20,2397.2,20,700
2026-03-31,23770,2,28,Pack,15,235.05,15,525
2026-03-31,23771,2,23,Pack,7,868.35,7,245
2026-03-31,23800,2,31,Pack,5,166.25,5,170
2026-03-31,23801,2,5,Pack,4,34.84,4,136
2026-03-31,23802,2,3,Pack,8,420.24,8,272
2026-03-31,23803,2,5,Pack,9,78.39,9,306
2026-03-31,23804,2,6,Pack,15,256.65,15,510
2026-03-31,23805,2,3,Pack,14,735.42,14,476
2026-03-31,23806,2,15,Pack,13,931.19,13,442
2026-03-31,23807,2,29,Pack,5,112.55,5,170
2026-03-31,23808,2,22,Pack,9,261.54,9,306
2026-03-31,23809,2,31,Pack,12,399.0,12,408
2026-03-31,23810,2,20,Pack,7,634.69,7,238
2026-03-31,23811,2,19,Pack,3,63.42,3,102
2026-03-31,23812,2,29,Pack,15,337.65,15,510
2026-03-31,23813,2,25,Pack,18,365.4,18,612
2026-03-31,23814,2,30,Pack,18,835.38,18,612
2026-03-31,23842,2,2,Pack,11,1002.54,11,363
2026-03-31,23843,2,6,Pack,17,290.87,17,561
2026-03-31,23844,2,28,Pack,3,47.01,3,99
2026-03-31,23845,2,12,Pack,19,1726.15,19,627
2026-03-31,23846,2,23,Pack,14,1736.7,14,462
2026-03-31,23847,2,23,Pack,22,2729.1,22,726
2026-03-31,23848,2,2,Pack,18,1640.52,18,594
2026-03-31,23849,2,2,Pack,8,729.12,8,264
2026-03-31,23850,2,11,Pack,20,1656.4,20,660
2026-03-31,23851,2,31,Pack,11,365.75,11,363
2026-03-31,23852,2,19,Pack,22,465.08,22,726
2026-03-31,23853,2,20,Pack,19,1722.73,19,627
2026-03-31,23854,2,13,Pack,4,453.84,4,132
2026-03-31,23855,2,6,Pack,7,119.77,7,231
2026-03-31,23856,2,26,Pack,14,1207.22,14,462
2026-03-31,23856,2,26,Pack,2,172.46,2,66
2026-03-31,23857,2,19,Pack,9,190.26,9,297
2026-03-31,23886,2,17,Pack,20,2293.4,20,640
2026-03-31,23887,2,21,Pack,8,265.12,8,256
2026-03-31,23888,2,3,Pack,4,210.12,4,128
2026-03-31,23889,2,26,Pack,19,1638.37,19,608
2026-03-31,23890,2,15,Pack,5,358.15,5,160
2026-03-31,23891,2,21,Pack,6,198.84,6,192
2026-03-31,23892,2,27,Pack,12,1464.0,12,384
2026-03-31,23893,2,10,Pack,22,2166.34,22,704
2026-03-31,23894,2,20,Pack,11,997.37,11,352
2026-03-31,23895,2,10,Pack,16,1575.52,16,512
2026-03-31,23896,2,29,Pack,5,112.55,5,160
2026-03-31,23897,2,19,Pack,6,126.84,6,192
2026-03-31,23898,2,17,Pack,9,1032.03,9,288
2026-03-31,23899,2,30,Pack,11,510.51,11,352
2026-03-31,23900,2,25,Pack,7,142.1,7,224
2026-03-31,23901,2,18,Pack,6,434.58,6,192
2026-03-31,23934,2,15,Pack,5,358.15,5,145
2026-03-31,23935,2,10,Pack,19,1870.93,19,551
2026-03-31,23936,2,20,Pack,13,1178.71,13,377
2026-03-31,23937,2,11,Pack,22,1822.04,22,638
2026-03-31,23938,2,14,Pack,6,558.12,6,174
2026-03-31,23939,2,7,Pack,21,1841.91,21,609
2026-03-31,23940,2,21,Pack,16,530.24,16,464
2026-03-31,23941,2,14,Pack,16,1488.32,16,464
2026-03-31,23942,2,23,Pack,12,1488.6,12,348
2026-03-31,23943,2,12,Pack,17,1544.45,17,493
2026-03-31,23944,2,9,Pack,16,253.44,16,464
2026-03-31,23945,2,10,Pack,20,1969.4,20,580
2026-03-31,23946,2,30,Pack,13,603.33,13,377
2026-03-31,23947,2,31,Pack,15,498.75,15,435
2026-03-31,23948,2,11,Pack,4,331.28,4,116
2026-03-31,23942,2,23,Pack,4,496.2,4,116
2026-03-31,23979,2,12,Pack,11,999.35,11,308
2026-03-31,23980,2,11,Pack,16,1325.12,16,448
2026-03-31,23981,2,17,Pack,15,1720.05,15,420
2026-03-31,23982,2,14,Pack,13,1209.26,13,364
2026-03-31,23983,2,21,Pack,11,364.54,11,308
2026-03-31,23984,2,5,Pack,6,52.26,6,168
2026-03-31,23985,2,22,Pack,16,464.96,16,448
2026-03-31,23986,2,3,Pack,16,840.48,16,448
2026-03-31,23987,2,13,Pack,8,907.68,8,224
2026-03-31,23988,2,29,Pack,17,382.67,17,476
2026-03-31,23989,2,22,Pack,9,261.54,9,252
2026-03-31,23990,2,28,Pack,12,188.04,12,336
2026-03-31,23991,2,26,Pack,10,862.3,10,280
2026-03-31,24025,2,12,Pack,22,1998.7,22,594
2026-03-31,24026,2,10,Pack,8,787.76,8,216
2026-03-31,24027,2,2,Pack,8,729.12,8,216
2026-03-31,24028,2,10,Pack,1,98.47,1,27
2026-03-31,24029,2,24,Pack,17,2137.75,17,459
2026-03-31,24030,2,7,Pack,6,526.26,6,162
2026-03-31,24031,2,1,Pack,9,1078.74,9,243
2026-03-31,24032,2,17,Pack,18,2064.06,18,486
2026-03-31,24033,2,5,Pack,22,191.62,22,594
2026-03-31,24034,2,25,Pack,18,365.4,18,486
2026-03-31,24035,2,6,Pack,15,256.65,15,405
2026-03-31,24036,2,13,Pack,14,1588.44,14,378
2026-03-31,24062,2,30,Pack,12,556.92,12,312
2026-03-31,24063,2,31,Pack,9,299.25,9,234
2026-03-31,24064,2,2,Pack,17,1549.38,17,442
2026-03-31,24065,2,6,Pack,3,51.33,3,78
2026-03-31,24066,2,31,Pack,15,498.75,15,390
2026-03-31,24067,2,28,Pack,11,172.37,11,286
2026-03-31,24068,2,18,Pack,12,869.16,12,312
2026-03-31,24069,2,3,Pack,21,1103.13,21,546
2026-03-31,24070,2,18,Pack,3,217.29,3,78
2026-03-31,24071,2,26,Pack,3,258.69,3,78
2026-03-31,24072,2,20,Pack,17,1541.39,17,442
2026-03-31,24073,2,20,Pack,8,725.36,8,208
2026-03-31,24074,2,23,Pack,14,1736.7,14,364
2026-03-31,24075,2,30,Pack,4,185.64,4,104
2026-03-31,24076,2,5,Pack,10,87.1,10,260
2026-03-31,24108,2,18,Pack,8,579.44,8,200
2026-03-31,24109,2,22,Pack,14,406.84,14,350
2026-03-31,24110,2,29,Pack,17,382.67,17,425
2026-03-31,24111,2,26,Pack,4,344.92,4,100
2026-03-31,24112,2,17,Pack,12,1376.04,12,300
2026-03-31,24113,2,4,Pack,13,1575.34,13,325
2026-03-31,24114,2,21,Pack,20,662.8,20,500
2026-03-31,24115,2,3,Pack,9,472.77,9,225
2026-03-31,24116,2,1,Pack,22,2636.92,22,550
2026-03-31,24117,2,15,Pack,6,429.78,6,150
2026-03-31,24118,2,20,Pack,14,1269.38,14,350
2026-03-31,24119,2,7,Pack,17,1491.07,17,425
2026-03-31,24120,2,17,Pack,3,344.01,3,75
2026-03-31,24121,2,19,Pack,20,422.8,20,500
2026-03-31,24122,2,6,Pack,6,102.66,6,150
2026-03-31,24123,2,13,Pack,16,1815.36,16,400
2026-03-31,24124,2,5,Pack,11,95.81,11,275
2026-03-31,24028,2,10,Pack,9,886.23,9,243
2026-03-31,24107,2,10,Pack,10,984.7,10,250
2026-03-31,24156,2,12,Pack,5,454.25,5,110
2026-03-31,24157,2,7,Pack,11,964.81,11,242
2026-03-31,24158,2,31,Pack,22,731.5,22,484
2026-03-31,24159,2,22,Pack,13,377.78,13,286
2026-03-31,24160,2,5,Pack,22,191.62,22,484
2026-03-31,24161,2,5,Pack,17,148.07,17,374
2026-03-31,24162,2,11,Pack,4,331.28,4,88
2026-03-31,24163,2,18,Pack,4,289.72,4,88
2026-03-31,24164,2,28,Pack,12,188.04,12,264
2026-03-31,24165,2,20,Pack,4,362.68,4,88
2026-03-31,24166,2,23,Pack,9,1116.45,9,198
2026-03-31,24167,2,30,Pack,18,835.38,18,396
2026-03-31,24168,2,25,Pack,16,324.8,16,352
2026-03-31,24199,2,29,Pack,10,225.1,10,210
2026-03-31,24200,2,28,Pack,4,62.68,4,84
2026-03-31,24201,2,29,Pack,13,292.63,13,273
2026-03-31,24202,2,6,Pack,17,290.87,17,357
2026-03-31,24203,2,2,Pack,16,1458.24,16,336
2026-03-31,24204,2,12,Pack,16,1453.6,16,336
2026-03-31,24205,2,7,Pack,8,701.68,8,168
2026-03-31,24206,2,28,Pack,4,62.68,4,84
2026-03-31,24207,2,23,Pack,19,2356.95,19,399
2026-03-31,24208,2,19,Pack,22,465.08,22,462
2026-03-31,24209,2,6,Pack,6,102.66,6,126
2026-03-31,24210,2,18,Pack,17,1231.31,17,357
2026-03-31,24211,2,25,Pack,16,324.8,16,336
2026-03-31,24212,2,31,Pack,8,266.0,8,168
2026-03-31,24247,2,2,Pack,10,911.4,10,200
2026-03-31,24248,2,23,Pack,12,1488.6,12,240
2026-03-31,24249,2,14,Pack,16,1488.32,16,320
2026-03-31,24250,2,31,Pack,11,365.75,11,220
2026-03-31,24251,2,28,Pack,6,94.02,6,120
2026-03-31,24252,2,17,Pack,6,688.02,6,120
2026-03-31,24253,2,12,Pack,5,454.25,5,100
2026-03-31,24254,2,28,Pack,10,156.7,10,200
2026-03-31,24255,2,31,Pack,9,299.25,9,180
2026-03-31,24256,2,28,Pack,10,156.7,10,200
2026-03-31,24257,2,22,Pack,9,261.54,9,180
2026-03-31,24258,2,3,Pack,7,367.71,7,140
2026-03-31,24259,2,30,Pack,13,603.33,13,260
2026-03-31,24260,2,7,Pack,5,438.55,5,100
2026-03-31,24261,2,20,Pack,19,1722.73,19,380
2026-03-31,24262,2,18,Pack,6,434.58,6,120
2026-03-31,24292,2,21,Pack,17,563.38,17,323
2026-03-31,24293,2,14,Pack,6,558.12,6,114
2026-03-31,24294,2,12,Pack,20,1817.0,20,380
2026-03-31,24295,2,19,Pack,9,190.26,9,171
2026-03-31,24296,2,11,Pack,7,579.74,7,133
2026-03-31,24297,2,27,Pack,5,610.0,5,95
2026-03-31,24298,2,9,Pack,9,142.56,9,171
2026-03-31,24299,2,23,Pack,10,1240.5,10,190
2026-03-31,24300,2,26,Pack,14,1207.22,14,266
2026-03-31,24301,2,11,Pack,6,496.92,6,114
2026-03-31,24302,2,31,Pack,12,399.0,12,228
2026-03-31,24303,2,23,Pack,15,1860.75,15,285
2026-03-31,24304,2,11,Pack,9,745.38,9,171
2026-03-31,24305,2,7,Pack,10,877.1,10,190
2026-03-31,24337,2,12,Pack,5,454.25,5,90
2026-03-31,24338,2,12,Pack,7,635.95,7,126
2026-03-31,24339,2,20,Pack,14,1269.38,14,252
2026-03-31,24340,2,22,Pack,4,116.24,4,72
2026-03-31,24341,2,7,Pack,14,1227.94,14,252
2026-03-31,24342,2,28,Pack,4,62.68,4,72
2026-03-31,24343,2,7,Pack,9,789.39,9,162
2026-03-31,24344,2,19,Pack,11,232.54,11,198
2026-03-31,24345,2,19,Pack,21,443.94,21,378
2026-03-31,24346,2,2,Pack,12,1093.68,12,216
2026-03-31,24347,2,10,Pack,17,1673.99,17,306
2026-03-31,24348,2,28,Pack,13,203.71,13,234
2026-03-31,24349,2,15,Pack,14,1002.82,14,252
2026-03-31,24350,2,28,Pack,22,344.74,22,396
2026-03-31,24351,2,25,Pack,21,426.3,21,378
2026-03-31,24352,2,19,Pack,16,338.24,16,288
2026-03-31,24383,2,27,Pack,18,2196.0,18,270
2026-03-31,24384,2,5,Pack,4,34.84,4,60
2026-03-31,24385,2,3,Pack,8,420.24,8,120
2026-03-31,24386,2,16,Pack,22,760.1,22,330
2026-03-31,24387,2,15,Pack,5,358.15,5,75
2026-03-31,24388,2,18,Pack,18,1303.74,18,270
2026-03-31,24389,2,12,Pack,13,1181.05,13,195
2026-03-31,24390,2,21,Pack,18,596.52,18,270
2026-03-31,24391,2,4,Pack,9,1090.62,9,135
2026-03-31,24392,2,30,Pack,18,835.38,18,270
2026-03-31,24393,2,23,Pack,20,2481.0,20,300
2026-03-31,24394,2,28,Pack,6,94.02,6,90
2026-03-31,24395,2,11,Pack,19,1573.58,19,285
2026-03-31,24396,2,25,Pack,9,182.7,9,135
2026-03-31,24397,2,5,Pack,4,34.84,4,60
2026-03-31,24398,2,22,Pack,20,581.2,20,300
2026-03-31,24399,2,29,Pack,6,135.06,6,90
2026-03-31,24427,2,27,Pack,21,2562.0,21,294
2026-03-31,24428,2,9,Pack,21,332.64,21,294
2026-03-31,24429,2,26,Pack,6,517.38,6,84
2026-03-31,24430,2,25,Pack,12,243.6,12,168
2026-03-31,24431,2,6,Pack,14,239.54,14,196
2026-03-31,24432,2,26,Pack,5,431.15,5,70
2026-03-31,24433,2,28,Pack,12,188.04,12,168
2026-03-31,24434,2,21,Pack,20,662.8,20,280
2026-03-31,24435,2,2,Pack,19,1731.66,19,266
2026-03-31,24436,2,11,Pack,19,1573.58,19,266
2026-03-31,24437,2,9,Pack,9,142.56,9,126
2026-03-31,24438,2,7,Pack,20,1754.2,20,280
2026-03-31,24439,2,23,Pack,17,2108.85,17,238
2026-03-31,24440,2,3,Pack,10,525.3,10,140
2026-03-31,24441,2,13,Pack,14,1588.44,14,196
2026-03-31,24442,2,13,Pack,20,2269.2,20,280
2026-03-31,24443,2,20,Pack,2,181.34,2,28
2026-03-31,24443,2,20,Pack,9,816.03,9,126
2026-03-31,24474,2,3,Pack,14,735.42,14,182
2026-03-31,24475,2,9,Pack,10,158.4,10,130
2026-03-31,24476,2,27,Pack,6,732.0,6,78
2026-03-31,24477,2,5,Pack,22,191.62,22,286
2026-03-31,24478,2,21,Pack,13,430.82,13,169
2026-03-31,24479,2,29,Pack,11,247.61,11,143
2026-03-31,24480,2,4,Pack,5,605.9,5,65
2026-03-31,24481,2,20,Pack,13,1178.71,13,169
2026-03-31,24482,2,13,Pack,13,1474.98,13,169
2026-03-31,24483,2,9,Pack,10,158.4,10,130
2026-03-31,24484,2,23,Pack,16,1984.8,16,208
2026-03-31,24485,2,23,Pack,8,992.4,8,104
2026-03-31,24486,2,22,Pack,9,261.54,9,117
2026-03-31,24487,2,14,Pack,18,1674.36,18,234
2026-03-31,24488,2,9,Pack,14,221.76,14,182
2026-03-31,24489,2,26,Pack,10,862.3,10,130
2026-03-31,24522,2,21,Pack,5,165.7,5,60
2026-03-31,24523,2,1,Pack,19,2277.34,19,228
2026-03-31,24524,2,26,Pack,8,689.84,8,96
2026-03-31,24525,2,29,Pack,8,180.08,8,96
2026-03-31,24526,2,22,Pack,7,203.42,7,84
2026-03-31,24527,2,1,Pack,21,2517.06,21,252
2026-03-31,24528,2,31,Pack,21,698.25,21,252
2026-03-31,24529,2,19,Pack,14,295.96,14,168
2026-03-31,24530,2,19,Pack,12,253.68,12,144
2026-03-31,24531,2,18,Pack,17,1231.31,17,204
2026-03-31,24532,2,11,Pack,9,745.38,9,108
2026-03-31,24533,2,4,Pack,21,2544.78,21,252
2026-03-31,24534,2,14,Pack,3,279.06,3,36
2026-03-31,24535,2,13,Pack,10,1134.6,10,120
2026-03-31,24536,2,26,Pack,17,1465.91,17,204
2026-03-31,24537,2,31,Pack,5,166.25,5,60
2026-03-31,24567,2,5,Pack,15,130.65,15,165
2026-03-31,24568,2,17,Pack,19,2178.73,19,209
2026-03-31,24569,2,18,Pack,18,1303.74,18,198
2026-03-31,24570,2,9,Pack,14,221.76,14,154
2026-03-31,24571,2,17,Pack,7,802.69,7,77
2026-03-31,24572,2,10,Pack,16,1575.52,16,176
2026-03-31,24573,2,17,Pack,6,688.02,6,66
2026-03-31,24574,2,22,Pack,3,87.18,3,33
2026-03-31,24575,2,31,Pack,6,199.5,6,66
2026-03-31,24576,2,4,Pack,7,848.26,7,77
2026-03-31,24577,2,14,Pack,10,930.2,10,110
2026-03-31,24578,2,13,Pack,8,907.68,8,88
2026-03-31,24579,2,11,Pack,4,331.28,4,44
2026-03-31,24580,2,31,Pack,17,565.25,17,187
2026-03-31,24581,2,7,Pack,22,1929.62,22,242
2026-03-31,24612,2,26,Pack,6,517.38,6,48
2026-03-31,24613,2,26,Pack,15,1293.45,15,120
2026-03-31,24614,2,27,Pack,21,2562.0,21,168
2026-03-31,24615,2,13,Pack,5,567.3,5,40
2026-03-31,24616,2,16,Pack,5,172.75,5,40
2026-03-31,24617,2,20,Pack,12,1088.04,12,96
2026-03-31,24618,2,17,Pack,9,1032.03,9,72
2026-03-31,24619,2,15,Pack,19,1360.97,19,152
2026-03-31,24620,2,1,Pack,18,2157.48,18,144
2026-03-31,24621,2,31,Pack,21,698.25,21,168
2026-03-31,24622,2,11,Pack,8,662.56,8,64
2026-03-31,24623,2,22,Pack,8,232.48,8,64
2026-03-31,24624,2,18,Pack,11,796.73,11,88
2026-03-31,24625,2,21,Pack,17,563.38,17,136
2026-03-31,24656,2,18,Pack,6,434.58,6,42
2026-03-31,24657,2,3,Pack,17,893.01,17,119
2026-03-31,24658,2,3,Pack,9,472.77,9,63
2026-03-31,24659,2,31,Pack,8,266.0,8,56
2026-03-31,24660,2,11,Pack,7,579.74,7,49
2026-03-31,24661,2,5,Pack,22,191.62,22,154
2026-03-31,24663,2,21,Pack,22,729.08,22,154
2026-03-31,24664,2,15,Pack,5,358.15,5,35
2026-03-31,24665,2,13,Pack,10,1134.6,10,70
2026-03-31,24666,2,7,Pack,16,1403.36,16,112
2026-03-31,24667,2,12,Pack,20,1817.0,20,140
2026-03-31,24668,2,7,Pack,13,1140.23,13,91
2026-03-31,24669,2,15,Pack,14,1002.82,14,98
2026-03-31,24670,2,18,Pack,20,1448.6,20,140
2026-03-31,24671,2,2,Pack,14,1275.96,14,98
2026-03-31,24699,2,5,Pack,22,191.62,22,132
2026-03-31,24700,2,3,Pack,17,893.01,17,102
2026-03-31,24701,2,3,Pack,7,367.71,7,42
2026-03-31,24702,2,2,Pack,19,1731.66,19,114
2026-03-31,24703,2,18,Pack,12,869.16,12,72
2026-03-31,24704,2,1,Pack,17,2037.62,17,102
2026-03-31,24705,2,30,Pack,3,139.23,3,18
2026-03-31,24706,2,2,Pack,13,1184.82,13,78
2026-03-31,24707,2,4,Pack,9,1090.62,9,54
2026-03-31,24708,2,30,Pack,19,881.79,19,114
2026-03-31,24709,2,26,Pack,5,431.15,5,30
2026-03-31,24710,2,12,Pack,4,363.4,4,24
2026-03-31,24711,2,19,Pack,6,126.84,6,36
2026-03-31,24485,2,23,Pack,2,248.1,2,26
2026-03-31,24659,2,31,Pack,2,66.5,2,14
2026-03-31,24662,2,31,Pack,20,665.0,20,140
2026-03-31,24744,2,3,Pack,5,262.65,5,25
2026-03-31,24745,2,31,Pack,17,565.25,17,85
2026-03-31,24746,2,25,Pack,20,406.0,20,100
2026-03-31,24747,2,27,Pack,20,2440.0,20,100
2026-03-31,24748,2,29,Pack,14,315.14,0,70
2026-03-31,24749,2,14,Pack,12,1116.24,0,60
2026-03-31,24750,2,18,Pack,13,941.59,13,65
2026-03-31,24751,2,5,Pack,12,104.52,0,60
2026-03-31,24752,2,6,Pack,7,119.77,7,35
2026-03-31,24753,2,1,Pack,5,599.3,5,25
2026-03-31,24754,2,29,Pack,14,315.14,14,70
2026-03-31,24755,2,15,Pack,22,1575.86,0,110
2026-03-31,24756,2,1,Pack,11,1318.46,11,55
2026-03-31,24787,2,31,Pack,11,365.75,11,44
2026-03-31,24788,2,14,Pack,19,1767.38,0,76
2026-03-31,24789,2,1,Pack,6,719.16,0,24
2026-03-31,24790,2,20,Pack,10,906.7,10,40
2026-03-31,24791,2,1,Pack,16,1917.76,16,64
2026-03-31,24792,2,20,Pack,18,1632.06,0,72
2026-03-31,24793,2,9,Pack,4,63.36,0,16
2026-03-31,24794,2,6,Pack,7,119.77,7,28
2026-03-31,24795,2,17,Pack,7,802.69,0,28
2026-03-31,24796,2,12,Pack,9,817.65,9,36
2026-03-31,24797,2,19,Pack,11,232.54,11,44
2026-03-31,24798,2,20,Pack,3,272.01,0,12
2026-03-31,24799,2,27,Pack,7,854.0,7,28
2026-03-31,24800,2,6,Pack,4,68.44,0,16
2026-03-31,24831,2,5,Pack,3,26.13,0,3
2026-03-31,24832,2,22,Pack,4,116.24,0,4
2026-03-31,24833,2,27,Pack,8,976.0,0,8
2026-03-31,24834,2,28,Pack,16,250.72,0,16
2026-03-31,24835,2,29,Pack,14,315.14,0,14
2026-03-31,24836,2,31,Pack,5,166.25,0,5
2026-03-31,24837,2,4,Pack,22,2665.96,0,22
2026-03-31,24838,2,3,Pack,10,525.3,0,10
2026-03-31,24839,2,14,Pack,19,1767.38,0,19
2026-03-31,24840,2,29,Pack,8,180.08,0,8
2026-03-31,24841,2,3,Pack,21,1103.13,0,21
2026-03-31,24842,2,11,Pack,12,993.84,0,12
2026-03-31,24843,2,10,Pack,21,2067.87,0,21
2026-03-31,24844,2,7,Pack,10,877.1,0,10
2026-03-31,24845,2,17,Pack,10,1146.7,0,10
2026-03-31,24878,2,22,Pack,3,87.18,0,0
2026-03-31,24879,2,30,Pack,3,139.23,0,0
2026-03-31,24880,2,6,Pack,13,222.43,0,0
2026-03-31,24881,2,29,Pack,14,315.14,0,0
2026-03-31,24882,2,25,Pack,18,365.4,0,0
2026-03-31,24883,2,7,Pack,10,877.1,0,0
2026-03-31,24884,2,16,Pack,15,518.25,0,0
2026-03-31,24885,2,30,Pack,17,788.97,0,0
2026-03-31,24886,2,30,Pack,3,139.23,0,0
2026-03-31,24887,2,3,Pack,18,945.54,0,0
2026-03-31,24888,2,23,Pack,10,1240.5,0,0
2026-03-31,24889,2,29,Pack,9,202.59,0,0
2026-03-31,24890,2,21,Pack,8,265.12,0,0
2026-03-31,23508,2,19,Dispatch,4,84.56,4,172
2026-03-31,23509,2,2,Dispatch,17,1549.38,17,731
2026-03-31,23510,2,22,Dispatch,13,377.78,13,559
2026-03-31,23511,2,2,Dispatch,21,1913.94,21,903
2026-03-31,23512,2,31,Dispatch,9,299.25,9,387
2026-03-31,23513,2,8,Dispatch,3,216.45,3,129
2026-03-31,23513,2,8,Dispatch,9,649.35,9,387
2026-03-31,23514,2,18,Dispatch,9,651.87,9,387
2026-03-31,23515,2,4,Dispatch,4,484.72,4,172
2026-03-31,23516,2,23,Dispatch,16,1984.8,16,688
2026-03-31,23517,2,25,Dispatch,5,101.5,5,215
2026-03-31,23518,2,11,Dispatch,10,828.2,10,430
2026-03-31,23519,2,30,Dispatch,6,278.46,6,258
2026-03-31,23520,2,5,Dispatch,12,104.52,12,516
2026-03-31,23521,2,6,Dispatch,5,85.55,5,215
2026-03-31,23548,2,18,Dispatch,16,1158.88,16,672
2026-03-31,23549,2,12,Dispatch,3,272.55,3,126
2026-03-31,23550,2,17,Dispatch,16,1834.72,16,672
2026-03-31,23551,2,20,Dispatch,14,1269.38,14,588
2026-03-31,23553,2,9,Dispatch,21,332.64,21,882
2026-03-31,23554,2,11,Dispatch,4,331.28,4,168
2026-03-31,23555,2,1,Dispatch,7,839.02,7,294
2026-03-31,23557,2,9,Dispatch,21,332.64,21,882
2026-03-31,23558,2,15,Dispatch,20,1432.6,20,840
2026-03-31,23559,2,13,Dispatch,22,2496.12,22,924
2026-03-31,23588,2,25,Dispatch,19,385.7,19,779
2026-03-31,23589,2,14,Dispatch,16,1488.32,16,656
2026-03-31,23589,2,14,Dispatch,6,558.12,6,246
2026-03-31,23590,2,20,Dispatch,15,1360.05,15,615
2026-03-31,23591,2,31,Dispatch,11,365.75,11,451
2026-03-31,23592,2,25,Dispatch,21,426.3,21,861
2026-03-31,23593,2,5,Dispatch,7,60.97,7,287
2026-03-31,23594,2,7,Dispatch,9,789.39,9,369
2026-03-31,23595,2,25,Dispatch,15,304.5,15,615
2026-03-31,23596,2,28,Dispatch,13,203.71,13,533
2026-03-31,23597,2,4,Dispatch,6,727.08,6,246
2026-03-31,23598,2,19,Dispatch,10,211.4,10,410
2026-03-31,23599,2,11,Dispatch,17,1407.94,17,697
2026-03-31,23552,2,10,Dispatch,19,1870.93,19,798
2026-03-31,23556,2,10,Dispatch,16,1575.52,16,672
2026-03-31,23629,2,22,Dispatch,11,319.66,11,440
2026-03-31,23630,2,30,Dispatch,6,278.46,6,240
2026-03-31,23631,2,12,Dispatch,21,1907.85,21,840
2026-03-31,23632,2,3,Dispatch,3,157.59,3,120
2026-03-31,23633,2,29,Dispatch,15,337.65,15,600
2026-03-31,23634,2,7,Dispatch,17,1491.07,17,680
2026-03-31,23635,2,27,Dispatch,14,1708.0,14,560
2026-03-31,23636,2,7,Dispatch,3,263.13,3,120
2026-03-31,24858,3,12,Pack,5,454.25,0,5
2026-03-31,24859,3,12,Pack,13,1181.05,0,13
2026-03-31,24860,3,8,Pack,10,721.5,0,10
2026-03-31,24861,3,19,Pack,4,84.56,0,4
2026-03-31,24891,3,23,Pack,20,2481.0,0,0
2026-03-31,24892,3,20,Pack,14,1269.38,0,0
2026-03-31,24893,3,21,Pack,11,364.54,0,0
2026-03-31,24894,3,29,Pack,5,112.55,0,0
2026-03-31,24895,3,9,Pack,15,237.6,0,0
2026-03-31,24896,3,5,Pack,14,121.94,0,0
2026-03-31,24897,3,23,Pack,11,1364.55,0,0
2026-03-31,24898,3,32,Pack,8,130.96,0,0
2026-03-31,24899,3,20,Pack,12,1088.04,0,0
2026-03-31,24900,3,14,Pack,8,744.16,0,0
2026-03-31,24901,3,27,Pack,7,854.0,0,0
2026-03-31,24902,3,17,Pack,15,1720.05,0,0
2026-03-31,24814,3,18,Dispatch,18,1303.74,18,72
2026-03-31,24815,3,9,Dispatch,22,348.48,22,88
2026-03-31,24816,3,17,Dispatch,12,1376.04,12,48
2026-03-31,24816,3,17,Dispatch,3,344.01,3,12
2026-03-31,24846,3,5,Dispatch,21,182.91,0,21
2026-03-31,24847,3,31,Dispatch,7,232.75,0,7
2026-03-31,24848,3,29,Dispatch,17,382.67,0,17
2026-03-31,24849,3,9,Dispatch,6,95.04,0,6
2026-03-31,24850,3,23,Dispatch,16,1984.8,0,16
2026-03-31,24851,3,30,Dispatch,7,324.87,0,7
2026-03-31,24852,3,28,Dispatch,21,329.07,0,21
2026-03-31,24853,3,21,Dispatch,22,729.08,0,22
2026-03-31,24854,3,5,Dispatch,13,113.23,0,13
2026-03-31,24855,3,4,Dispatch,8,969.44,0,8
2026-03-31,24856,3,14,Dispatch,4,372.08,0,4
2026-03-31,24857,3,10,Dispatch,11,1083.17,0,11
2026-03-31,24858,3,12,Dispatch,13,1181.05,0,13
2026-04-30,25794,1,18,Pick,3,217.29,0,3
2026-04-30,25841,1,18,Pick,22,1593.46,0,0
2026-04-30,25830,1,19,Pack,14,295.96,0,0
2026-04-30,25831,1,4,Pack,5,605.9,0,0
2026-04-30,25832,1,3,Pack,3,157.59,0,0
2026-04-30,25833,1,1,Pack,6,719.16,0,0
2026-04-30,25834,1,2,Pack,8,729.12,0,0
2026-04-30,25835,1,7,Pack,21,1841.91,0,0
2026-04-30,25836,1,6,Pack,7,119.77,0,0
2026-04-30,25837,1,1,Pack,16,1917.76,0,0
2026-04-30,25838,1,23,Pack,8,992.4,0,0
2026-04-30,25839,1,17,Pack,9,1032.03,0,0
2026-04-30,25840,1,14,Pack,14,1302.28,0,0
2026-04-30,25842,1,7,Pack,5,438.55,0,0
2026-04-30,25785,1,7,Dispatch,11,964.81,0,11
2026-04-30,25786,1,10,Dispatch,22,2166.34,0,22
2026-04-30,25787,1,18,Dispatch,19,1376.17,0,19
2026-04-30,25788,1,7,Dispatch,5,438.55,0,5
2026-04-30,25789,1,19,Dispatch,10,211.4,0,10
2026-04-30,25790,1,28,Dispatch,8,125.36,0,8
2026-04-30,25791,1,12,Dispatch,13,1181.05,0,13
2026-04-30,25792,1,25,Dispatch,18,365.4,0,18
2026-04-30,25793,1,27,Dispatch,3,366.0,0,3
2026-04-30,25794,1,18,Dispatch,15,1086.45,0,15
2026-04-30,25795,1,29,Dispatch,7,157.57,0,7
2026-04-30,25796,1,13,Dispatch,22,2496.12,0,22
2026-04-30,25797,1,4,Dispatch,13,1575.34,0,13
2026-04-30,24975,2,23,Pack,9,1116.45,9,252
2026-04-30,24976,2,11,Pack,22,1822.04,22,616
2026-04-30,25007,2,21,Pack,4,132.56,4,108
2026-04-30,25008,2,20,Pack,16,1450.72,16,432
2026-04-30,25009,2,32,Pack,10,163.7,10,270
2026-04-30,25010,2,31,Pack,7,232.75,7,189
2026-04-30,25011,2,14,Pack,19,1767.38,19,513
2026-04-30,25012,2,5,Pack,12,104.52,12,324
2026-04-30,25013,2,26,Pack,19,1638.37,19,513
2026-04-30,25014,2,19,Pack,10,211.4,10,270
2026-04-30,25015,2,22,Pack,15,435.9,15,405
2026-04-30,25016,2,22,Pack,15,435.9,15,405
2026-04-30,25017,2,19,Pack,13,274.82,13,351
2026-04-30,25018,2,15,Pack,11,787.93,11,297
2026-04-30,25019,2,17,Pack,21,2408.07,21,567
2026-04-30,25020,2,28,Pack,22,344.74,22,594
2026-04-30,25021,2,26,Pack,8,689.84,8,216
2026-04-30,25022,2,12,Pack,21,1907.85,21,567
2026-04-30,25052,2,15,Pack,5,358.15,5,120
2026-04-30,25053,2,16,Pack,5,172.75,5,120
2026-04-30,25054,2,22,Pack,20,581.2,20,480
2026-04-30,25055,2,23,Pack,4,496.2,4,96
2026-04-30,25056,2,29,Pack,12,270.12,12,288
2026-04-30,25057,2,19,Pack,6,126.84,6,144
2026-04-30,25058,2,11,Pack,20,1656.4,20,480
2026-04-30,25059,2,22,Pack,12,348.72,12,288
2026-04-30,25060,2,19,Pack,19,401.66,19,456
2026-04-30,25061,2,6,Pack,15,256.65,15,360
2026-04-30,25062,2,5,Pack,15,130.65,15,360
2026-04-30,25063,2,19,Pack,12,253.68,12,288
2026-04-30,25064,2,4,Pack,8,969.44,8,192
2026-04-30,25065,2,5,Pack,10,87.1,10,240
2026-04-30,25066,2,4,Pack,17,2060.06,17,408
2026-04-30,25067,2,11,Pack,16,1325.12,16,384
2026-04-30,25093,2,30,Pack,15,696.15,15,345
2026-04-30,25094,2,30,Pack,17,788.97,17,391
2026-04-30,25095,2,27,Pack,14,1708.0,14,322
2026-04-30,25096,2,31,Pack,19,631.75,19,437
2026-04-30,25097,2,22,Pack,12,348.72,12,276
2026-04-30,25098,2,17,Pack,3,344.01,3,69
2026-04-30,25099,2,9,Pack,8,126.72,8,184
2026-04-30,25100,2,14,Pack,6,558.12,6,138
2026-04-30,25101,2,30,Pack,22,1021.02,22,506
2026-04-30,25102,2,2,Pack,13,1184.82,13,299
2026-04-30,25103,2,31,Pack,4,133.0,4,92
2026-04-30,25104,2,20,Pack,22,1994.74,22,506
2026-04-30,25105,2,1,Pack,15,1797.9,15,345
2026-04-30,25106,2,15,Pack,18,1289.34,18,414
2026-04-30,25107,2,21,Pack,17,563.38,17,391
2026-04-30,25108,2,19,Pack,1,21.14,1,23
2026-04-30,25108,2,19,Pack,2,42.28,2,46
2026-04-30,25109,2,22,Pack,5,145.3,5,115
2026-04-30,25137,2,18,Pack,13,941.59,13,286
2026-04-30,25138,2,25,Pack,14,284.2,14,308
2026-04-30,25139,2,30,Pack,3,139.23,3,66
2026-04-30,25140,2,5,Pack,9,78.39,9,198
2026-04-30,25141,2,4,Pack,21,2544.78,21,462
2026-04-30,25142,2,6,Pack,3,51.33,3,66
2026-04-30,25143,2,6,Pack,10,171.1,10,220
2026-04-30,25144,2,11,Pack,19,1573.58,19,418
2026-04-30,25145,2,4,Pack,9,1090.62,9,198
2026-04-30,25146,2,9,Pack,8,126.72,8,176
2026-04-30,25147,2,15,Pack,10,716.3,10,220
2026-04-30,25148,2,11,Pack,21,1739.22,21,462
2026-04-30,25181,2,29,Pack,10,225.1,10,210
2026-04-30,25182,2,6,Pack,11,188.21,11,231
2026-04-30,25183,2,6,Pack,5,85.55,5,105
2026-04-30,25184,2,27,Pack,5,610.0,5,105
2026-04-30,25185,2,29,Pack,20,450.2,20,420
2026-04-30,25186,2,15,Pack,12,859.56,12,252
2026-04-30,25187,2,4,Pack,20,2423.6,20,420
2026-04-30,25188,2,28,Pack,15,235.05,15,315
2026-04-30,25189,2,25,Pack,12,243.6,12,252
2026-04-30,25190,2,5,Pack,22,191.62,22,462
2026-04-30,25191,2,9,Pack,14,221.76,14,294
2026-04-30,25192,2,26,Pack,11,948.53,11,231
2026-04-30,25193,2,29,Pack,3,67.53,3,63
2026-04-30,25194,2,23,Pack,17,2108.85,17,357
2026-04-30,25195,2,26,Pack,3,258.69,3,63
2026-04-30,25225,2,25,Pack,7,142.1,7,140
2026-04-30,25226,2,23,Pack,10,1240.5,10,200
2026-04-30,25227,2,12,Pack,12,1090.2,12,240
2026-04-30,25228,2,2,Pack,3,273.42,3,60
2026-04-30,25229,2,5,Pack,13,113.23,13,260
2026-04-30,25230,2,5,Pack,14,121.94,14,280
2026-04-30,25231,2,19,Pack,11,232.54,11,220
2026-04-30,25232,2,17,Pack,12,1376.04,12,240
2026-04-30,25233,2,27,Pack,8,976.0,8,160
2026-04-30,25234,2,12,Pack,8,726.8,8,160
2026-04-30,25235,2,14,Pack,5,465.1,5,100
2026-04-30,25236,2,1,Pack,4,479.44,4,80
2026-04-30,25109,2,22,Pack,6,174.36,6,138
2026-04-30,25265,2,21,Pack,18,596.52,18,306
2026-04-30,25266,2,6,Pack,3,51.33,3,51
2026-04-30,25267,2,5,Pack,4,34.84,4,68
2026-04-30,25268,2,10,Pack,4,393.88,4,68
2026-04-30,25269,2,18,Pack,20,1448.6,20,340
2026-04-30,25270,2,31,Pack,21,698.25,21,357
2026-04-30,25271,2,2,Pack,22,2005.08,22,374
2026-04-30,25272,2,27,Pack,5,610.0,5,85
2026-04-30,25273,2,30,Pack,6,278.46,6,102
2026-04-30,25274,2,13,Pack,22,2496.12,22,374
2026-04-30,25275,2,28,Pack,9,141.03,9,153
2026-04-30,25276,2,6,Pack,17,290.87,17,289
2026-04-30,25277,2,2,Pack,14,1275.96,14,238
2026-04-30,25278,2,6,Pack,13,222.43,13,221
2026-04-30,25279,2,10,Pack,22,2166.34,22,374
2026-04-30,25280,2,2,Pack,6,546.84,6,102
2026-04-30,25281,2,17,Pack,5,573.35,5,85
2026-04-30,25309,2,20,Pack,5,453.35,5,80
2026-04-30,25310,2,21,Pack,8,265.12,8,128
2026-04-30,25311,2,31,Pack,17,565.25,17,272
2026-04-30,25312,2,30,Pack,20,928.2,20,320
2026-04-30,25313,2,19,Pack,14,295.96,14,224
2026-04-30,25314,2,27,Pack,4,488.0,4,64
2026-04-30,25315,2,10,Pack,5,492.35,5,80
2026-04-30,25316,2,7,Pack,8,701.68,8,128
2026-04-30,25317,2,2,Pack,8,729.12,8,128
2026-04-30,25318,2,20,Pack,15,1360.05,15,240
2026-04-30,25319,2,17,Pack,11,1261.37,11,176
2026-04-30,25320,2,12,Pack,17,1544.45,17,272
2026-04-30,25321,2,13,Pack,9,1021.14,9,144
2026-04-30,25053,2,16,Pack,12,414.6,12,288
2026-04-30,25351,2,20,Pack,5,453.35,5,75
2026-04-30,25352,2,22,Pack,5,145.3,5,75
2026-04-30,25353,2,7,Pack,10,877.1,10,150
2026-04-30,25354,2,23,Pack,17,2108.85,17,255
2026-04-30,25355,2,29,Pack,21,472.71,21,315
2026-04-30,25356,2,14,Pack,21,1953.42,21,315
2026-04-30,25357,2,17,Pack,11,1261.37,11,165
2026-04-30,25358,2,25,Pack,20,406.0,20,300
2026-04-30,25359,2,22,Pack,19,552.14,19,285
2026-04-30,25360,2,10,Pack,5,492.35,5,75
2026-04-30,25361,2,5,Pack,14,121.94,14,210
2026-04-30,25362,2,23,Pack,14,1736.7,14,210
2026-04-30,25363,2,3,Pack,8,420.24,8,120
2026-04-30,25364,2,6,Pack,22,376.42,22,330
2026-04-30,25396,2,5,Pack,3,26.13,3,42
2026-04-30,25397,2,6,Pack,21,359.31,21,294
2026-04-30,25398,2,19,Pack,11,232.54,11,154
2026-04-30,25399,2,9,Pack,22,348.48,22,308
2026-04-30,25400,2,9,Pack,11,174.24,11,154
2026-04-30,25401,2,30,Pack,10,464.1,10,140
2026-04-30,25402,2,9,Pack,19,300.96,19,266
2026-04-30,25403,2,28,Pack,6,94.02,6,84
2026-04-30,25404,2,3,Pack,5,262.65,5,70
2026-04-30,25405,2,30,Pack,11,510.51,11,154
2026-04-30,25406,2,10,Pack,11,1083.17,11,154
2026-04-30,25407,2,1,Pack,17,2037.62,17,238
2026-04-30,25408,2,24,Pack,16,2012.0,16,224
2026-04-30,25409,2,18,Pack,16,1158.88,16,224
2026-04-30,25410,2,18,Pack,8,579.44,8,112
2026-04-30,25411,2,2,Pack,7,637.98,7,98
2026-04-30,25441,2,19,Pack,12,253.68,12,156
2026-04-30,25442,2,15,Pack,20,1432.6,20,260
2026-04-30,25443,2,28,Pack,21,329.07,21,273
2026-04-30,25444,2,13,Pack,19,2155.74,19,247
2026-04-30,25445,2,18,Pack,19,1376.17,19,247
2026-04-30,25446,2,18,Pack,3,217.29,3,39
2026-04-30,25447,2,2,Pack,11,1002.54,11,143
2026-04-30,25448,2,20,Pack,10,906.7,10,130
2026-04-30,25449,2,2,Pack,6,546.84,6,78
2026-04-30,25450,2,3,Pack,22,1155.66,22,286
2026-04-30,25451,2,21,Pack,13,430.82,13,169
2026-04-30,25452,2,10,Pack,11,1083.17,11,143
2026-04-30,25453,2,4,Pack,20,2423.6,20,260
2026-04-30,25485,2,23,Pack,21,2605.05,21,210
2026-04-30,25486,2,17,Pack,18,2064.06,18,180
2026-04-30,25487,2,12,Pack,14,1271.9,14,140
2026-04-30,25488,2,6,Pack,3,51.33,3,30
2026-04-30,25489,2,9,Pack,20,316.8,20,200
2026-04-30,25490,2,20,Pack,7,634.69,7,70
2026-04-30,25491,2,27,Pack,8,976.0,8,80
2026-04-30,25492,2,20,Pack,21,1904.07,21,210
2026-04-30,25493,2,1,Pack,13,1558.18,13,130
2026-04-30,25494,2,3,Pack,22,1155.66,22,220
2026-04-30,25495,2,6,Pack,17,290.87,17,170
2026-04-30,25496,2,13,Pack,17,1928.82,17,170
2026-04-30,25497,2,28,Pack,4,62.68,4,40
2026-04-30,25498,2,27,Pack,14,1708.0,14,140
2026-04-30,25499,2,18,Pack,15,1086.45,15,150
2026-04-30,25500,2,10,Pack,9,886.23,9,90
2026-04-30,25501,2,20,Pack,20,1813.4,20,200
2026-04-30,25530,2,14,Pack,4,372.08,4,36
2026-04-30,25531,2,27,Pack,22,2684.0,22,198
2026-04-30,25532,2,30,Pack,8,371.28,8,72
2026-04-30,25533,2,6,Pack,18,307.98,18,162
2026-04-30,25534,2,23,Pack,8,992.4,8,72
2026-04-30,25535,2,21,Pack,7,231.98,7,63
2026-04-30,25536,2,31,Pack,7,232.75,7,63
2026-04-30,25537,2,20,Pack,10,906.7,10,90
2026-04-30,25538,2,22,Pack,10,290.6,10,90
2026-04-30,25539,2,6,Pack,8,136.88,8,72
2026-04-30,25540,2,19,Pack,8,169.12,8,72
2026-04-30,25541,2,25,Pack,10,203.0,10,90
2026-04-30,25542,2,27,Pack,7,854.0,7,63
2026-04-30,25568,2,12,Pack,3,272.55,3,24
2026-04-30,25569,2,4,Pack,21,2544.78,21,168
2026-04-30,25570,2,25,Pack,17,345.1,17,136
2026-04-30,25571,2,19,Pack,8,169.12,8,64
2026-04-30,25572,2,20,Pack,19,1722.73,19,152
2026-04-30,25573,2,31,Pack,16,532.0,16,128
2026-04-30,25574,2,9,Pack,6,95.04,6,48
2026-04-30,25575,2,5,Pack,18,156.78,18,144
2026-04-30,25576,2,4,Pack,15,1817.7,15,120
2026-04-30,25577,2,4,Pack,13,1575.34,13,104
2026-04-30,25578,2,20,Pack,8,725.36,8,64
2026-04-30,25579,2,4,Pack,20,2423.6,20,160
2026-04-30,25609,2,7,Pack,16,1403.36,16,112
2026-04-30,25610,2,19,Pack,19,401.66,19,133
2026-04-30,25611,2,4,Pack,3,363.54,3,21
2026-04-30,25612,2,13,Pack,3,340.38,3,21
2026-04-30,25613,2,17,Pack,4,458.68,4,28
2026-04-30,25614,2,9,Pack,9,142.56,9,63
2026-04-30,25615,2,27,Pack,11,1342.0,11,77
2026-04-30,25616,2,26,Pack,6,517.38,6,42
2026-04-30,25617,2,15,Pack,10,716.3,10,70
2026-04-30,25618,2,5,Pack,21,182.91,21,147
2026-04-30,25619,2,27,Pack,17,2074.0,17,119
2026-04-30,25620,2,15,Pack,10,716.3,10,70
2026-04-30,25621,2,20,Pack,7,634.69,7,49
2026-04-30,25622,2,19,Pack,9,190.26,9,63
2026-04-30,25623,2,14,Pack,20,1860.4,20,140
2026-04-30,25624,2,25,Pack,6,121.8,6,42
2026-04-30,25658,2,10,Pack,8,787.76,8,48
2026-04-30,25659,2,23,Pack,9,1116.45,9,54
2026-04-30,25660,2,14,Pack,9,837.18,9,54
2026-04-30,25661,2,25,Pack,17,345.1,17,102
2026-04-30,25662,2,1,Pack,10,1198.6,10,60
2026-04-30,25663,2,2,Pack,19,1731.66,19,114
2026-04-30,25664,2,2,Pack,15,1367.1,15,90
2026-04-30,25665,2,3,Pack,14,735.42,14,84
2026-04-30,25666,2,12,Pack,3,272.55,3,18
2026-04-30,25667,2,31,Pack,19,631.75,19,114
2026-04-30,25668,2,7,Pack,8,701.68,8,48
2026-04-30,25669,2,18,Pack,7,507.01,7,42
2026-04-30,25670,2,15,Pack,3,214.89,3,18
2026-04-30,25671,2,21,Pack,11,364.54,11,66
2026-04-30,25672,2,21,Pack,5,165.7,5,30
2026-04-30,25673,2,22,Pack,9,261.54,9,54
2026-04-30,25706,2,13,Pack,9,1021.14,0,27
2026-04-30,25707,2,1,Pack,21,2517.06,0,63
2026-04-30,25708,2,26,Pack,3,258.69,0,9
2026-04-30,25709,2,3,Pack,7,367.71,0,21
2026-04-30,25710,2,10,Pack,4,393.88,0,12
2026-04-30,25711,2,28,Pack,15,235.05,0,45
2026-04-30,25712,2,22,Pack,19,552.14,0,57
2026-04-30,25713,2,26,Pack,6,517.38,0,18
2026-04-30,25714,2,25,Pack,22,446.6,0,66
2026-04-30,25715,2,19,Pack,12,253.68,0,36
2026-04-30,25716,2,23,Pack,16,1984.8,0,48
2026-04-30,25717,2,20,Pack,13,1178.71,0,39
2026-04-30,25718,2,18,Pack,7,507.01,0,21
2026-04-30,25719,2,9,Pack,11,174.24,0,33
2026-04-30,25720,2,27,Pack,17,2074.0,0,51
2026-04-30,25721,2,27,Pack,12,1464.0,0,36
2026-04-30,25722,2,17,Pack,22,2522.74,0,66
2026-04-30,25754,2,6,Pack,7,119.77,0,14
2026-04-30,25755,2,31,Pack,19,631.75,0,38
2026-04-30,25756,2,12,Pack,16,1453.6,0,32
2026-04-30,25757,2,23,Pack,21,2605.05,0,42
2026-04-30,25758,2,25,Pack,16,324.8,0,32
2026-04-30,25759,2,13,Pack,20,2269.2,0,40
2026-04-30,25760,2,25,Pack,8,162.4,0,16
2026-04-30,25761,2,15,Pack,16,1146.08,0,32
2026-04-30,25762,2,5,Pack,17,148.07,0,34
2026-04-30,25763,2,27,Pack,7,854.0,0,14
2026-04-30,25764,2,4,Pack,8,969.44,0,16
2026-04-30,25765,2,25,Pack,15,304.5,0,30
2026-04-30,25766,2,23,Pack,19,2356.95,0,38
2026-04-30,25767,2,23,Pack,7,868.35,0,14
2026-04-30,25768,2,12,Pack,17,1544.45,0,34
2026-04-30,25754,2,6,Pack,6,102.66,0,12
2026-04-30,25768,2,12,Pack,4,363.4,0,8
2026-04-30,25798,2,10,Pack,9,886.23,0,9
2026-04-30,25799,2,21,Pack,11,364.54,0,11
2026-04-30,25800,2,27,Pack,4,488.0,0,4
2026-04-30,25801,2,9,Pack,14,221.76,0,14
2026-04-30,25802,2,4,Pack,12,1454.16,0,12
2026-04-30,25803,2,10,Pack,3,295.41,0,3
2026-04-30,25804,2,11,Pack,21,1739.22,0,21
2026-04-30,25805,2,26,Pack,19,1638.37,0,19
2026-04-30,25806,2,28,Pack,20,313.4,0,20
2026-04-30,25807,2,3,Pack,15,787.95,0,15
2026-04-30,25808,2,10,Pack,20,1969.4,0,20
2026-04-30,25809,2,18,Pack,11,796.73,0,11
2026-04-30,25810,2,18,Pack,18,1303.74,0,18
2026-04-30,25811,2,11,Pack,13,1076.66,0,13
2026-04-30,25812,2,32,Pack,9,147.33,0,9
2026-04-30,25813,2,4,Pack,2,242.36,0,2
2026-04-30,25813,2,4,Pack,15,1817.7,0,15
2026-04-30,25843,2,15,Pack,9,644.67,0,0
2026-04-30,25844,2,23,Pack,4,496.2,0,0
2026-04-30,25845,2,5,Pack,15,130.65,0,0
2026-04-30,25846,2,6,Pack,17,290.87,0,0
2026-04-30,25847,2,22,Pack,21,610.26,0,0
2026-04-30,25848,2,10,Pack,15,1477.05,0,0
2026-04-30,25849,2,19,Pack,13,274.82,0,0
2026-04-30,25850,2,4,Pack,13,1575.34,0,0
2026-04-30,25851,2,27,Pack,7,854.0,0,0
2026-04-30,25852,2,1,Pack,5,599.3,0,0
2026-04-30,25853,2,31,Pack,22,731.5,0,0
2026-04-30,25854,2,27,Pack,18,2196.0,0,0
2026-04-30,24699,2,5,Dispatch,1,8.71,1,36
2026-04-30,24700,2,3,Dispatch,17,893.01,17,612
2026-04-30,24701,2,3,Dispatch,7,367.71,7,252
2026-04-30,24702,2,2,Dispatch,19,1731.66,19,684
2026-04-30,24703,2,18,Dispatch,12,869.16,12,432
2026-04-30,24704,2,1,Dispatch,17,2037.62,17,612
2026-04-30,24705,2,30,Dispatch,3,139.23,3,108
2026-04-30,24706,2,2,Dispatch,13,1184.82,13,468
2026-04-30,24707,2,4,Dispatch,9,1090.62,9,324
2026-04-30,24708,2,30,Dispatch,19,881.79,19,684
2026-04-30,24709,2,26,Dispatch,5,431.15,5,180
2026-04-30,24710,2,12,Dispatch,4,363.4,4,144
2026-04-30,24711,2,19,Dispatch,6,126.84,6,216
2026-04-30,24485,2,23,Dispatch,2,248.1,2,86
2026-04-30,24659,2,31,Dispatch,2,66.5,2,74
2026-04-30,24662,2,31,Dispatch,20,665.0,20,740
2026-04-30,24744,2,3,Dispatch,5,262.65,5,175
2026-04-30,24745,2,31,Dispatch,2,66.5,2,70
2026-04-30,24745,2,31,Dispatch,15,498.75,15,525
2026-04-30,24746,2,25,Dispatch,20,406.0,20,700
2026-04-30,24747,2,27,Dispatch,20,2440.0,20,700
2026-04-30,24748,2,29,Dispatch,14,315.14,14,490
2026-04-30,24749,2,14,Dispatch,12,1116.24,12,420
2026-04-30,24750,2,18,Dispatch,13,941.59,13,455
2026-04-30,24751,2,5,Dispatch,12,104.52,12,420
2026-04-30,24752,2,6,Dispatch,7,119.77,7,245
2026-04-30,24753,2,1,Dispatch,5,599.3,5,175
2026-04-30,24754,2,29,Dispatch,14,315.14,14,490
2026-04-30,24755,2,15,Dispatch,22,1575.86,22,770
2026-04-30,24756,2,1,Dispatch,11,1318.46,11,385
2026-04-30,24787,2,31,Dispatch,11,365.75,11,374
2026-04-30,24788,2,14,Dispatch,19,1767.38,19,646
2026-04-30,24789,2,1,Dispatch,6,719.16,6,204
2026-04-30,24790,2,20,Dispatch,10,906.7,10,340
2026-04-30,24791,2,1,Dispatch,16,1917.76,16,544
2026-04-30,24792,2,20,Dispatch,18,1632.06,18,612
2026-04-30,24793,2,9,Dispatch,4,63.36,4,136
2026-04-30,24794,2,6,Dispatch,6,102.66,6,204
2026-04-30,24794,2,6,Dispatch,1,17.11,1,34
2026-04-30,24795,2,17,Dispatch,7,802.69,7,238
2026-04-30,24796,2,12,Dispatch,9,817.65,9,306
2026-04-30,24797,2,19,Dispatch,11,232.54,11,374
2026-04-30,24798,2,20,Dispatch,3,272.01,3,102
2026-04-30,24799,2,27,Dispatch,7,854.0,7,238
2026-04-30,24800,2,6,Dispatch,4,68.44,4,136
2026-04-30,24831,2,5,Dispatch,3,26.13,3,93
2026-04-30,24832,2,22,Dispatch,4,116.24,4,124
2026-04-30,24833,2,27,Dispatch,8,976.0,8,248
2026-04-30,24834,2,28,Dispatch,16,250.72,16,496
2026-04-30,24835,2,29,Dispatch,14,315.14,14,434
2026-04-30,24836,2,31,Dispatch,5,166.25,5,155
2026-04-30,24837,2,4,Dispatch,22,2665.96,22,682
2026-04-30,24838,2,3,Dispatch,10,525.3,10,310
2026-04-30,24839,2,14,Dispatch,19,1767.38,19,589
2026-04-30,24840,2,29,Dispatch,8,180.08,8,248
2026-04-30,24841,2,3,Dispatch,21,1103.13,21,651
2026-04-30,24842,2,11,Dispatch,12,993.84,12,372
2026-04-30,24843,2,10,Dispatch,21,2067.87,21,651
2026-04-30,24844,2,7,Dispatch,10,877.1,10,310
2026-04-30,24845,2,17,Dispatch,10,1146.7,10,310
2026-04-30,24878,2,22,Dispatch,3,87.18,3,90
2026-04-30,24879,2,30,Dispatch,3,139.23,3,90
2026-04-30,24880,2,6,Dispatch,13,222.43,13,390
2026-04-30,24881,2,29,Dispatch,11,247.61,11,330
2026-04-30,24881,2,29,Dispatch,3,67.53,3,90
2026-04-30,24882,2,25,Dispatch,18,365.4,18,540
2026-04-30,24883,2,7,Dispatch,10,877.1,10,300
2026-04-30,24884,2,16,Dispatch,15,518.25,15,450
2026-04-30,24885,2,30,Dispatch,17,788.97,17,510
2026-04-30,24886,2,30,Dispatch,3,139.23,3,90
2026-04-30,24887,2,3,Dispatch,18,945.54,18,540
2026-04-30,24888,2,23,Dispatch,10,1240.5,10,300
2026-04-30,24889,2,29,Dispatch,9,202.59,9,270
2026-04-30,24890,2,21,Dispatch,8,265.12,8,240
2026-04-30,24918,2,27,Dispatch,15,1830.0,15,435
2026-04-30,24919,2,22,Dispatch,20,581.2,20,580
2026-04-30,24920,2,7,Dispatch,3,263.13,3,87
2026-04-30,24921,2,21,Dispatch,22,729.08,22,638
2026-04-30,24922,2,29,Dispatch,16,360.16,16,464
2026-04-30,24923,2,28,Dispatch,18,282.06,18,522
2026-04-30,24924,2,31,Dispatch,9,299.25,9,261
2026-04-30,24925,2,9,Dispatch,7,110.88,7,203
2026-04-30,24926,2,15,Dispatch,13,931.19,13,377
2026-04-30,24927,2,3,Dispatch,3,157.59,3,87
2026-04-30,24928,2,30,Dispatch,11,510.51,11,319
2026-04-30,24929,2,18,Dispatch,7,507.01,7,203
2026-04-30,24929,2,18,Dispatch,1,72.43,1,29
2026-04-30,24930,2,21,Dispatch,14,463.96,14,406
2026-04-30,24931,2,7,Dispatch,10,877.1,10,290
2026-04-30,24927,2,3,Dispatch,6,315.18,6,174
2026-04-30,24960,2,18,Dispatch,18,1303.74,18,504
2026-04-30,24961,2,20,Dispatch,14,1269.38,14,392
2026-04-30,24962,2,14,Dispatch,4,372.08,4,112
2026-04-30,24963,2,3,Dispatch,18,945.54,18,504
2026-04-30,24964,2,2,Dispatch,6,546.84,6,168
2026-04-30,24965,2,7,Dispatch,17,1491.07,17,476
2026-04-30,24966,2,29,Dispatch,17,382.67,17,476
2026-04-30,24967,2,2,Dispatch,21,1913.94,21,588
2026-04-30,24968,2,3,Dispatch,13,682.89,13,364
2026-04-30,24969,2,2,Dispatch,4,364.56,4,112
2026-04-30,24970,2,1,Dispatch,16,1917.76,16,448
2026-04-30,24971,2,28,Dispatch,13,203.71,13,364
2026-04-30,24972,2,21,Dispatch,20,662.8,20,560
2026-04-30,24973,2,25,Dispatch,21,426.3,21,588
2026-04-30,24974,2,12,Dispatch,17,1544.45,17,476
2026-04-30,24975,2,23,Dispatch,4,496.2,4,112
2026-04-30,24975,2,23,Dispatch,1,124.05,1,28
2026-04-30,25871,3,18,Pick,17,1231.31,0,0
2026-04-30,25825,3,17,Pack,15,1720.05,0,15
2026-04-30,25826,3,21,Pack,22,729.08,0,22
2026-04-30,25827,3,27,Pack,11,1342.0,0,11
2026-04-30,25828,3,15,Pack,20,1432.6,0,20
2026-04-30,25829,3,13,Pack,10,1134.6,0,10
2026-04-30,25855,3,28,Pack,22,344.74,0,0
2026-04-30,25856,3,30,Pack,16,742.56,0,0
2026-04-30,25857,3,14,Pack,10,930.2,0,0
2026-04-30,25858,3,5,Pack,19,165.49,0,0
2026-04-30,25859,3,12,Pack,6,545.1,0,0
2026-04-30,25860,3,22,Pack,18,523.08,0,0
2026-04-30,25861,3,19,Pack,3,63.42,0,0
2026-04-30,25862,3,19,Pack,22,465.08,0,0
2026-04-30,25863,3,22,Pack,4,116.24,0,0
2026-04-30,25864,3,14,Pack,20,1860.4,0,0
2026-04-30,25865,3,30,Pack,10,464.1,0,0
2026-04-30,25866,3,19,Pack,9,190.26,0,0
2026-04-30,25867,3,21,Pack,17,563.38,0,0
2026-04-30,25868,3,25,Pack,11,223.3,0,0
2026-04-30,25869,3,5,Pack,14,121.94,0,0
2026-04-30,25870,3,6,Pack,11,188.21,0,0
2026-04-30,25871,3,18,Pack,2,144.86,0,0
2026-04-30,25780,3,23,Dispatch,20,2481.0,0,40
2026-04-30,25781,3,10,Dispatch,12,1181.64,0,24
2026-04-30,25782,3,12,Dispatch,18,1635.3,0,36
2026-04-30,25783,3,26,Dispatch,8,689.84,0,16
2026-04-30,25784,3,18,Dispatch,6,434.58,0,12
2026-04-30,25776,3,15,Dispatch,6,429.78,0,12
2026-04-30,25784,3,18,Dispatch,16,1158.88,0,32
2026-04-30,25814,3,22,Dispatch,3,87.18,0,3
2026-04-30,25815,3,10,Dispatch,6,590.82,0,6
2026-04-30,25816,3,30,Dispatch,14,649.74,0,14
2026-04-30,25817,3,25,Dispatch,8,162.4,0,8
2026-04-30,25818,3,28,Dispatch,3,47.01,0,3
2026-04-30,25819,3,20,Dispatch,7,634.69,0,7
2026-04-30,25820,3,21,Dispatch,16,530.24,0,16
2026-04-30,25821,3,31,Dispatch,14,465.5,0,14
2026-04-30,25822,3,14,Dispatch,21,1953.42,0,21
2026-04-30,25823,3,17,Dispatch,11,1261.37,0,11
2026-04-30,25824,3,15,Dispatch,15,1074.45,0,15
2026-04-30,25825,3,17,Dispatch,2,229.34,0,2
2026-05-31,26791,1,18,Pick,5,362.15,0,10
2026-05-31,26781,1,30,Pack,16,742.56,0,32
2026-05-31,26782,1,25,Pack,9,182.7,0,18
2026-05-31,26783,1,14,Pack,20,1860.4,0,40
2026-05-31,26784,1,26,Pack,21,1810.83,0,42
2026-05-31,26785,1,28,Pack,16,250.72,0,32
2026-05-31,26786,1,12,Pack,16,1453.6,0,32
2026-05-31,26787,1,22,Pack,12,348.72,0,24
2026-05-31,26788,1,3,Pack,19,998.07,0,38
2026-05-31,26789,1,20,Pack,8,725.36,0,16
2026-05-31,26790,1,26,Pack,14,1207.22,0,28
2026-05-31,26791,1,18,Pack,7,507.01,0,14
2026-05-31,26792,1,5,Pack,22,191.62,0,44
2026-05-31,26793,1,20,Pack,7,634.69,0,14
2026-05-31,26794,1,9,Pack,16,253.44,0,32
2026-05-31,26795,1,10,Pack,19,1870.93,0,38
2026-05-31,26796,1,4,Pack,19,2302.42,0,38
2026-05-31,26737,1,26,Dispatch,11,948.53,0,33
2026-05-31,26738,1,14,Dispatch,7,651.14,0,21
2026-05-31,26739,1,31,Dispatch,21,698.25,0,63
2026-05-31,26740,1,17,Dispatch,7,802.69,0,21
2026-05-31,26741,1,4,Dispatch,7,848.26,0,21
2026-05-31,26742,1,12,Dispatch,10,908.5,0,30
2026-05-31,26743,1,12,Dispatch,12,1090.2,0,36
2026-05-31,26744,1,19,Dispatch,7,147.98,0,21
2026-05-31,26745,1,26,Dispatch,20,1724.6,0,60
2026-05-31,26746,1,4,Dispatch,3,363.54,0,9
2026-05-31,26747,1,1,Dispatch,6,719.16,0,18
2026-05-31,26748,1,12,Dispatch,3,272.55,0,9
2026-05-31,26749,1,23,Dispatch,14,1736.7,0,42
2026-05-31,26808,2,30,Pick,9,417.69,0,18
2026-05-31,26809,2,21,Pick,20,662.8,0,40
2026-05-31,26810,2,9,Pick,17,269.28,0,34
2026-05-31,26206,2,9,Pack,11,174.24,11,209
2026-05-31,26207,2,12,Pack,16,1453.6,16,304
2026-05-31,26208,2,4,Pack,8,969.44,8,152
2026-05-31,26209,2,6,Pack,14,239.54,14,266
2026-05-31,26210,2,18,Pack,8,579.44,8,152
2026-05-31,26211,2,9,Pack,16,253.44,16,304
2026-05-31,26212,2,4,Pack,4,484.72,4,76
2026-05-31,26213,2,30,Pack,15,696.15,15,285
2026-05-31,26244,2,30,Pack,6,278.46,6,108
2026-05-31,26245,2,17,Pack,10,1146.7,10,180
2026-05-31,26246,2,1,Pack,21,2517.06,21,378
2026-05-31,26247,2,25,Pack,6,121.8,6,108
2026-05-31,26248,2,6,Pack,6,102.66,6,108
2026-05-31,26249,2,21,Pack,19,629.66,19,342
2026-05-31,26251,2,2,Pack,5,455.7,5,90
2026-05-31,26252,2,5,Pack,4,34.84,4,72
2026-05-31,26253,2,6,Pack,8,136.88,8,144
2026-05-31,26255,2,25,Pack,21,426.3,21,378
2026-05-31,26256,2,11,Pack,14,1159.48,14,252
2026-05-31,26203,2,20,Pack,6,544.02,6,114
2026-05-31,26250,2,20,Pack,21,1904.07,21,378
2026-05-31,26254,2,20,Pack,8,725.36,8,144
2026-05-31,26286,2,4,Pack,21,2544.78,21,357
2026-05-31,26287,2,16,Pack,16,552.8,16,272
2026-05-31,26288,2,16,Pack,5,172.75,5,85
2026-05-31,26289,2,3,Pack,21,1103.13,21,357
2026-05-31,26290,2,29,Pack,11,247.61,11,187
2026-05-31,26291,2,11,Pack,18,1490.76,18,306
2026-05-31,26292,2,1,Pack,4,479.44,4,68
2026-05-31,26293,2,26,Pack,13,1120.99,13,221
2026-05-31,26294,2,23,Pack,22,2729.1,22,374
2026-05-31,26295,2,19,Pack,11,232.54,11,187
2026-05-31,26296,2,11,Pack,10,828.2,10,170
2026-05-31,26297,2,21,Pack,20,662.8,20,340
2026-05-31,26298,2,9,Pack,4,63.36,4,68
2026-05-31,26299,2,19,Pack,22,465.08,22,374
2026-05-31,26300,2,29,Pack,21,472.71,21,357
2026-05-31,26331,2,6,Pack,14,239.54,14,224
2026-05-31,26332,2,29,Pack,16,360.16,16,256
2026-05-31,26333,2,20,Pack,9,816.03,9,144
2026-05-31,26334,2,3,Pack,4,210.12,4,64
2026-05-31,26335,2,26,Pack,15,1293.45,15,240
2026-05-31,26336,2,25,Pack,20,406.0,20,320
2026-05-31,26337,2,25,Pack,7,142.1,7,112
2026-05-31,26338,2,31,Pack,4,133.0,4,64
2026-05-31,26339,2,14,Pack,5,465.1,5,80
2026-05-31,26340,2,22,Pack,11,319.66,11,176
2026-05-31,26341,2,25,Pack,20,406.0,20,320
2026-05-31,26342,2,14,Pack,18,1674.36,18,288
2026-05-31,26343,2,28,Pack,4,62.68,4,64
2026-05-31,26298,2,9,Pack,6,95.04,6,102
2026-05-31,26377,2,2,Pack,17,1549.38,17,221
2026-05-31,26378,2,26,Pack,4,344.92,4,52
2026-05-31,26379,2,5,Pack,17,148.07,17,221
2026-05-31,26380,2,7,Pack,13,1140.23,13,169
2026-05-31,26381,2,14,Pack,5,465.1,5,65
2026-05-31,26382,2,26,Pack,15,1293.45,15,195
2026-05-31,26383,2,21,Pack,9,298.26,9,117
2026-05-31,26384,2,18,Pack,6,434.58,6,78
2026-05-31,26385,2,25,Pack,9,182.7,9,117
2026-05-31,26386,2,22,Pack,3,87.18,3,39
2026-05-31,26387,2,30,Pack,19,881.79,19,247
2026-05-31,26388,2,2,Pack,3,273.42,3,39
2026-05-31,26389,2,31,Pack,8,266.0,8,104
2026-05-31,26390,2,7,Pack,7,613.97,7,91
2026-05-31,26391,2,4,Pack,4,484.72,4,52
2026-05-31,26392,2,3,Pack,19,998.07,19,247
2026-05-31,26424,2,7,Pack,22,1929.62,22,264
2026-05-31,26425,2,10,Pack,7,689.29,7,84
2026-05-31,26426,2,12,Pack,19,1726.15,19,228
2026-05-31,26427,2,19,Pack,15,317.1,15,180
2026-05-31,26428,2,21,Pack,11,364.54,11,132
2026-05-31,26429,2,4,Pack,18,2181.24,18,216
2026-05-31,26430,2,13,Pack,10,1134.6,10,120
2026-05-31,26431,2,25,Pack,20,406.0,20,240
2026-05-31,26432,2,13,Pack,22,2496.12,22,264
2026-05-31,26433,2,26,Pack,13,1120.99,13,156
2026-05-31,26434,2,27,Pack,16,1952.0,16,192
2026-05-31,26435,2,12,Pack,17,1544.45,17,204
2026-05-31,26437,2,3,Pack,9,472.77,9,108
2026-05-31,26438,2,17,Pack,16,1834.72,16,192
2026-05-31,26439,2,19,Pack,18,380.52,18,216
2026-05-31,26440,2,27,Pack,15,1830.0,15,180
2026-05-31,26476,2,18,Pack,13,941.59,13,143
2026-05-31,26477,2,21,Pack,22,729.08,22,242
2026-05-31,26478,2,14,Pack,5,465.1,5,55
2026-05-31,26479,2,15,Pack,4,286.52,4,44
2026-05-31,26480,2,28,Pack,22,344.74,22,242
2026-05-31,26481,2,22,Pack,17,494.02,17,187
2026-05-31,26482,2,12,Pack,3,272.55,3,33
2026-05-31,26483,2,26,Pack,16,1379.68,16,176
2026-05-31,26484,2,26,Pack,14,1207.22,14,154
2026-05-31,26485,2,22,Pack,5,145.3,5,55
2026-05-31,26487,2,3,Pack,21,1103.13,21,231
2026-05-31,26488,2,3,Pack,17,893.01,17,187
2026-05-31,26489,2,11,Pack,21,1739.22,21,231
2026-05-31,26490,2,3,Pack,21,1103.13,21,231
2026-05-31,26491,2,16,Pack,19,656.45,19,209
2026-05-31,26492,2,22,Pack,19,552.14,19,209
2026-05-31,26517,2,2,Pack,16,1458.24,16,160
2026-05-31,26518,2,26,Pack,11,948.53,11,110
2026-05-31,26519,2,15,Pack,17,1217.71,17,170
2026-05-31,26520,2,5,Pack,16,139.36,16,160
2026-05-31,26521,2,11,Pack,7,579.74,7,70
2026-05-31,26522,2,18,Pack,17,1231.31,17,170
2026-05-31,26523,2,11,Pack,11,911.02,11,110
2026-05-31,26524,2,4,Pack,20,2423.6,20,200
2026-05-31,26525,2,19,Pack,5,105.7,5,50
2026-05-31,26526,2,19,Pack,6,126.84,6,60
2026-05-31,26527,2,21,Pack,5,165.7,5,50
2026-05-31,26528,2,13,Pack,8,907.68,8,80
2026-05-31,26530,2,7,Pack,14,1227.94,14,140
2026-05-31,26531,2,22,Pack,13,377.78,13,130
2026-05-31,26532,2,29,Pack,11,247.61,11,110
2026-05-31,26436,2,25,Pack,20,406.0,20,240
2026-05-31,26486,2,25,Pack,19,385.7,19,209
2026-05-31,26529,2,25,Pack,22,446.6,22,220
2026-05-31,26567,2,15,Pack,7,501.41,7,63
2026-05-31,26568,2,10,Pack,5,492.35,5,45
2026-05-31,26569,2,14,Pack,18,1674.36,18,162
2026-05-31,26570,2,15,Pack,5,358.15,5,45
2026-05-31,26571,2,7,Pack,6,526.26,6,54
2026-05-31,26572,2,25,Pack,16,324.8,16,144
2026-05-31,26573,2,26,Pack,16,1379.68,16,144
2026-05-31,26574,2,5,Pack,11,95.81,11,99
2026-05-31,26575,2,28,Pack,22,344.74,22,198
2026-05-31,26576,2,13,Pack,21,2382.66,21,189
2026-05-31,26577,2,6,Pack,8,136.88,8,72
2026-05-31,26578,2,11,Pack,11,911.02,11,99
2026-05-31,26577,2,6,Pack,12,205.32,12,108
2026-05-31,26578,2,11,Pack,7,579.74,7,63
2026-05-31,26579,2,23,Pack,18,2232.9,18,162
2026-05-31,26580,2,10,Pack,20,1969.4,20,180
2026-05-31,26581,2,19,Pack,19,401.66,19,171
2026-05-31,26582,2,28,Pack,21,329.07,21,189
2026-05-31,26583,2,14,Pack,17,1581.34,17,153
2026-05-31,26617,2,17,Pack,4,458.68,4,24
2026-05-31,26618,2,28,Pack,7,109.69,7,42
2026-05-31,26619,2,3,Pack,14,735.42,14,84
2026-05-31,26620,2,31,Pack,21,698.25,21,126
2026-05-31,26621,2,31,Pack,11,365.75,0,66
2026-05-31,26622,2,20,Pack,9,816.03,0,54
2026-05-31,26623,2,28,Pack,5,78.35,5,30
2026-05-31,26624,2,32,Pack,15,245.55,15,90
2026-05-31,26625,2,14,Pack,4,372.08,4,24
2026-05-31,26626,2,21,Pack,8,265.12,0,48
2026-05-31,26627,2,13,Pack,17,1928.82,17,102
2026-05-31,26628,2,13,Pack,12,1361.52,0,72
2026-05-31,26629,2,22,Pack,8,232.48,8,48
2026-05-31,26630,2,7,Pack,1,87.71,1,6
2026-05-31,26630,2,7,Pack,6,526.26,6,36
2026-05-31,26631,2,11,Pack,3,248.46,0,18
2026-05-31,26632,2,12,Pack,12,1090.2,12,72
2026-05-31,26633,2,19,Pack,11,232.54,11,66
2026-05-31,26634,2,9,Pack,11,174.24,0,66
2026-05-31,26661,2,32,Pack,19,311.03,0,95
2026-05-31,26662,2,14,Pack,10,930.2,10,50
2026-05-31,26663,2,21,Pack,3,99.42,3,15
2026-05-31,26664,2,13,Pack,8,907.68,8,40
2026-05-31,26665,2,4,Pack,20,2423.6,20,100
2026-05-31,26666,2,21,Pack,15,497.1,0,75
2026-05-31,26667,2,27,Pack,15,1830.0,15,75
2026-05-31,26668,2,22,Pack,22,639.32,22,110
2026-05-31,26669,2,26,Pack,7,603.61,7,35
2026-05-31,26670,2,23,Pack,22,2729.1,0,110
2026-05-31,26671,2,17,Pack,6,688.02,6,30
2026-05-31,26672,2,4,Pack,9,1090.62,9,45
2026-05-31,26673,2,32,Pack,4,65.48,4,20
2026-05-31,26674,2,29,Pack,2,45.02,2,10
2026-05-31,26674,2,29,Pack,18,405.18,18,90
2026-05-31,26675,2,15,Pack,6,429.78,6,30
2026-05-31,26676,2,18,Pack,21,1521.03,21,105
2026-05-31,26677,2,4,Pack,8,969.44,0,40
2026-05-31,26705,2,14,Pack,22,2046.44,0,88
2026-05-31,26706,2,1,Pack,14,1678.04,0,56
2026-05-31,26707,2,9,Pack,15,237.6,0,60
2026-05-31,26708,2,20,Pack,4,362.68,0,16
2026-05-31,26709,2,23,Pack,3,372.15,0,12
2026-05-31,26710,2,5,Pack,12,104.52,0,48
2026-05-31,26711,2,4,Pack,19,2302.42,0,76
2026-05-31,26712,2,15,Pack,15,1074.45,0,60
2026-05-31,26713,2,7,Pack,3,263.13,0,12
2026-05-31,26714,2,2,Pack,22,2005.08,0,88
2026-05-31,26715,2,22,Pack,19,552.14,0,76
2026-05-31,26716,2,13,Pack,4,453.84,0,16
2026-05-31,26717,2,2,Pack,14,1275.96,0,56
2026-05-31,26718,2,12,Pack,4,363.4,0,16
2026-05-31,26718,2,12,Pack,16,1453.6,0,64
2026-05-31,26719,2,31,Pack,3,99.75,0,12
2026-05-31,26720,2,25,Pack,21,426.3,0,84
2026-05-31,26750,2,18,Pack,21,1521.03,0,63
2026-05-31,26751,2,9,Pack,15,237.6,0,45
2026-05-31,26752,2,10,Pack,20,1969.4,0,60
2026-05-31,26753,2,2,Pack,16,1458.24,0,48
2026-05-31,26754,2,30,Pack,12,556.92,0,36
2026-05-31,26755,2,11,Pack,12,993.84,0,36
2026-05-31,26756,2,15,Pack,21,1504.23,0,63
2026-05-31,26757,2,23,Pack,16,1984.8,0,48
2026-05-31,26758,2,18,Pack,18,1303.74,0,54
2026-05-31,26759,2,7,Pack,8,701.68,0,24
2026-05-31,26760,2,1,Pack,13,1558.18,0,39
2026-05-31,26760,2,1,Pack,1,119.86,0,3
2026-05-31,26761,2,11,Pack,5,414.1,0,15
2026-05-31,26762,2,19,Pack,4,84.56,0,12
2026-05-31,26763,2,2,Pack,18,1640.52,0,54
2026-05-31,26764,2,1,Pack,20,2397.2,0,60
2026-05-31,26765,2,19,Pack,17,359.38,0,51
2026-05-31,26766,2,25,Pack,7,142.1,0,21
2026-05-31,26767,2,21,Pack,10,331.4,0,30
2026-05-31,26797,2,22,Pack,10,290.6,0,20
2026-05-31,26798,2,22,Pack,12,348.72,0,24
2026-05-31,26799,2,3,Pack,13,682.89,0,26
2026-05-31,26800,2,29,Pack,11,247.61,0,22
2026-05-31,26801,2,20,Pack,20,1813.4,0,40
2026-05-31,26802,2,30,Pack,4,185.64,0,8
2026-05-31,26803,2,16,Pack,5,172.75,0,10
2026-05-31,26804,2,6,Pack,12,205.32,0,24
2026-05-31,26805,2,20,Pack,3,272.01,0,6
2026-05-31,26806,2,18,Pack,15,1086.45,0,30
2026-05-31,26807,2,22,Pack,22,639.32,0,44
2026-05-31,26808,2,30,Pack,2,92.82,0,4
2026-05-31,25890,2,20,Dispatch,6,544.02,6,180
2026-05-31,25891,2,10,Dispatch,18,1772.46,18,540
2026-05-31,25892,2,19,Dispatch,9,190.26,9,270
2026-05-31,25893,2,20,Dispatch,6,544.02,6,180
2026-05-31,25893,2,20,Dispatch,15,1360.05,15,450
2026-05-31,25894,2,31,Dispatch,22,731.5,22,660
2026-05-31,25895,2,17,Dispatch,17,1949.39,17,510
2026-05-31,25896,2,28,Dispatch,11,172.37,11,330
2026-05-31,25897,2,9,Dispatch,20,316.8,20,600
2026-05-31,25898,2,19,Dispatch,19,401.66,19,570
2026-05-31,25899,2,10,Dispatch,16,1575.52,16,480
2026-05-31,25931,2,26,Dispatch,18,1552.14,18,486
2026-05-31,25932,2,4,Dispatch,15,1817.7,15,405
2026-05-31,25933,2,32,Dispatch,21,343.77,21,567
2026-05-31,25934,2,25,Dispatch,14,284.2,14,378
2026-05-31,25935,2,29,Dispatch,22,495.22,22,594
2026-05-31,25936,2,4,Dispatch,13,1575.34,13,351
2026-05-31,25937,2,4,Dispatch,16,1938.88,16,432
2026-05-31,25938,2,13,Dispatch,11,1248.06,11,297
2026-05-31,25939,2,11,Dispatch,5,414.1,5,135
2026-05-31,25939,2,11,Dispatch,11,911.02,11,297
2026-05-31,25940,2,15,Dispatch,11,787.93,11,297
2026-05-31,25941,2,16,Dispatch,21,725.55,21,567
2026-05-31,25942,2,13,Dispatch,13,1474.98,13,351
2026-05-31,25943,2,30,Dispatch,4,185.64,4,108
2026-05-31,25944,2,20,Dispatch,7,634.69,7,189
2026-05-31,25945,2,7,Dispatch,21,1841.91,21,567
2026-05-31,25946,2,18,Dispatch,16,1158.88,16,432
2026-05-31,25947,2,23,Dispatch,12,1488.6,12,324
2026-05-31,25948,2,14,Dispatch,17,1581.34,17,459
2026-05-31,25978,2,9,Dispatch,6,95.04,6,156
2026-05-31,25979,2,20,Dispatch,14,1269.38,14,364
2026-05-31,25980,2,17,Dispatch,20,2293.4,20,520
2026-05-31,25981,2,5,Dispatch,22,191.62,22,572
2026-05-31,25982,2,9,Dispatch,20,316.8,20,520
2026-05-31,25983,2,14,Dispatch,10,930.2,10,260
2026-05-31,25984,2,12,Dispatch,5,454.25,5,130
2026-05-31,25985,2,6,Dispatch,5,85.55,5,130
2026-05-31,25986,2,19,Dispatch,7,147.98,7,182
2026-05-31,25987,2,15,Dispatch,13,931.19,13,338
2026-05-31,25987,2,15,Dispatch,9,644.67,9,234
2026-05-31,25988,2,14,Dispatch,15,1395.3,15,390
2026-05-31,25989,2,7,Dispatch,20,1754.2,20,520
2026-05-31,25990,2,30,Dispatch,20,928.2,20,520
2026-05-31,25991,2,4,Dispatch,8,969.44,8,208
2026-05-31,25991,2,4,Dispatch,12,1454.16,12,312
2026-05-31,25992,2,29,Dispatch,21,472.71,21,546
2026-05-31,25993,2,17,Dispatch,8,917.36,8,208
2026-05-31,26022,2,31,Dispatch,15,498.75,15,375
2026-05-31,26023,2,26,Dispatch,16,1379.68,16,400
2026-05-31,26024,2,6,Dispatch,22,376.42,22,550
2026-05-31,26025,2,22,Dispatch,5,145.3,5,125
2026-05-31,26026,2,13,Dispatch,19,2155.74,19,475
2026-05-31,26027,2,10,Dispatch,12,1181.64,12,300
2026-05-31,26028,2,30,Dispatch,12,556.92,12,300
2026-05-31,26029,2,26,Dispatch,7,603.61,7,175
2026-05-31,26030,2,21,Dispatch,9,298.26,9,225
2026-05-31,26031,2,29,Dispatch,21,472.71,21,525
2026-05-31,26032,2,22,Dispatch,4,116.24,4,100
2026-05-31,26032,2,22,Dispatch,4,116.24,4,100
2026-05-31,26033,2,12,Dispatch,10,908.5,10,250
2026-05-31,26034,2,18,Dispatch,5,362.15,5,125
2026-05-31,26035,2,17,Dispatch,3,344.01,3,75
2026-05-31,26036,2,5,Dispatch,12,104.52,12,300
2026-05-31,26037,2,27,Dispatch,19,2318.0,19,475
2026-05-31,26038,2,13,Dispatch,5,567.3,5,125
2026-05-31,26067,2,11,Dispatch,4,331.28,4,96
2026-05-31,26068,2,24,Dispatch,20,2515.0,20,480
2026-05-31,26069,2,17,Dispatch,14,1605.38,14,336
2026-05-31,26070,2,5,Dispatch,12,104.52,12,288
2026-05-31,26071,2,14,Dispatch,9,837.18,9,216
2026-05-31,26072,2,9,Dispatch,20,316.8,20,480
2026-05-31,26073,2,23,Dispatch,20,2481.0,20,480
2026-05-31,26074,2,9,Dispatch,7,110.88,7,168
2026-05-31,26075,2,5,Dispatch,17,148.07,17,408
2026-05-31,26076,2,28,Dispatch,15,235.05,15,360
2026-05-31,26077,2,27,Dispatch,15,1830.0,15,360
2026-05-31,26078,2,9,Dispatch,17,269.28,17,408
2026-05-31,26079,2,10,Dispatch,14,1378.58,14,336
2026-05-31,26106,2,26,Dispatch,13,1120.99,13,299
2026-05-31,26106,2,26,Dispatch,3,258.69,3,69
2026-05-31,26107,2,22,Dispatch,9,261.54,9,207
2026-05-31,26108,2,6,Dispatch,5,85.55,5,115
2026-05-31,26109,2,19,Dispatch,22,465.08,22,506
2026-05-31,26110,2,6,Dispatch,17,290.87,17,391
2026-05-31,26111,2,30,Dispatch,19,881.79,19,437
2026-05-31,26112,2,5,Dispatch,17,148.07,17,391
2026-05-31,26113,2,1,Dispatch,13,1558.18,13,299
2026-05-31,26114,2,17,Dispatch,22,2522.74,22,506
2026-05-31,26115,2,11,Dispatch,18,1490.76,18,414
2026-05-31,26116,2,18,Dispatch,4,289.72,4,92
2026-05-31,26117,2,6,Dispatch,20,342.2,20,460
2026-05-31,26118,2,13,Dispatch,15,1701.9,15,345
2026-05-31,26119,2,4,Dispatch,16,1938.88,16,368
2026-05-31,26120,2,21,Dispatch,6,198.84,6,138
2026-05-31,26120,2,21,Dispatch,15,497.1,15,345
2026-05-31,26121,2,26,Dispatch,4,344.92,4,92
2026-05-31,26153,2,18,Dispatch,5,362.15,5,100
2026-05-31,26154,2,28,Dispatch,11,172.37,11,220
2026-05-31,26155,2,27,Dispatch,13,1586.0,13,260
2026-05-31,26156,2,30,Dispatch,1,46.41,1,20
2026-05-31,26156,2,30,Dispatch,9,417.69,9,180
2026-05-31,26157,2,10,Dispatch,18,1772.46,18,360
2026-05-31,26158,2,13,Dispatch,17,1928.82,17,340
2026-05-31,26159,2,31,Dispatch,4,133.0,4,80
2026-05-31,26160,2,31,Dispatch,8,266.0,8,160
2026-05-31,26161,2,12,Dispatch,12,1090.2,12,240
2026-05-31,26162,2,9,Dispatch,9,142.56,9,180
2026-05-31,26163,2,26,Dispatch,11,948.53,11,220
2026-05-31,26164,2,12,Dispatch,18,1635.3,18,360
2026-05-31,26165,2,4,Dispatch,13,1575.34,13,260
2026-05-31,26166,2,3,Dispatch,20,1050.6,20,400
2026-05-31,26167,2,13,Dispatch,3,340.38,3,60
2026-05-31,26168,2,6,Dispatch,18,307.98,18,360
2026-05-31,26199,2,28,Dispatch,17,266.39,17,323
2026-05-31,26200,2,11,Dispatch,14,1159.48,14,266
2026-05-31,26201,2,6,Dispatch,9,153.99,9,171
2026-05-31,26202,2,30,Dispatch,11,510.51,11,209
2026-05-31,26203,2,20,Dispatch,5,453.35,5,95
2026-05-31,26204,2,9,Dispatch,19,300.96,19,361
2026-05-31,26205,2,9,Dispatch,15,237.6,15,285
2026-05-31,26206,2,9,Dispatch,5,79.2,5,95
2026-05-31,26778,3,3,Pick,1,52.53,0,3
2026-05-31,26780,3,3,Pick,21,1103.13,0,63
2026-05-31,26817,3,13,Pick,9,1021.14,0,18
2026-05-31,26818,3,3,Pick,4,210.12,0,8
2026-05-31,26821,3,13,Pick,12,1361.52,0,24
2026-05-31,26811,3,6,Pack,7,119.77,0,14
2026-05-31,26812,3,11,Pack,5,414.1,0,10
2026-05-31,26813,3,10,Pack,18,1772.46,0,36
2026-05-31,26814,3,15,Pack,15,1074.45,0,30
2026-05-31,26815,3,5,Pack,14,121.94,0,28
2026-05-31,26816,3,10,Pack,18,1772.46,0,36
2026-05-31,26817,3,13,Pack,3,340.38,0,6
2026-05-31,26819,3,15,Pack,16,1146.08,0,32
2026-05-31,26820,3,12,Pack,13,1181.05,0,26
2026-05-31,26822,3,4,Pack,4,484.72,0,8
2026-05-31,26823,3,30,Pack,21,974.61,0,42
2026-05-31,26824,3,10,Pack,8,787.76,0,16
2026-05-31,26825,3,10,Pack,22,2166.34,0,44
2026-05-31,26826,3,6,Pack,7,119.77,0,14
2026-05-31,26827,3,14,Pack,10,930.2,0,20
2026-05-31,26828,3,31,Pack,4,133.0,0,8
2026-05-31,26734,3,3,Dispatch,2,105.06,0,8
2026-05-31,26735,3,12,Dispatch,14,1271.9,0,56
2026-05-31,26736,3,17,Dispatch,6,688.02,0,24
2026-05-31,26768,3,18,Dispatch,5,362.15,0,15
2026-05-31,26769,3,31,Dispatch,12,399.0,0,36
2026-05-31,26770,3,17,Dispatch,3,344.01,0,9
2026-05-31,26771,3,25,Dispatch,11,223.3,0,33
2026-05-31,26772,3,29,Dispatch,9,202.59,0,27
2026-05-31,26773,3,1,Dispatch,3,359.58,0,9
2026-05-31,26774,3,9,Dispatch,5,79.2,0,15
2026-05-31,26775,3,3,Dispatch,12,630.36,0,36
2026-05-31,26776,3,2,Dispatch,5,455.7,0,15
2026-05-31,26777,3,5,Dispatch,15,130.65,0,45
2026-05-31,26778,3,3,Dispatch,16,840.48,0,48
2026-05-31,26779,3,18,Dispatch,13,941.59,0,39
2026-06-30,27795,1,13,Pick,21,2382.66,0,0
2026-06-30,27753,1,20,Pack,1,90.67,0,1
2026-06-30,27788,1,13,Pack,5,567.3,0,0
2026-06-30,27789,1,12,Pack,13,1181.05,0,0
2026-06-30,27790,1,22,Pack,5,145.3,0,0
2026-06-30,27791,1,6,Pack,11,188.21,0,0
2026-06-30,27792,1,2,Pack,3,273.42,0,0
2026-06-30,27793,1,21,Pack,16,530.24,0,0
2026-06-30,27794,1,13,Pack,20,2269.2,0,0
2026-06-30,27795,1,13,Pack,1,113.46,0,0
2026-06-30,27796,1,12,Pack,9,817.65,0,0
2026-06-30,27797,1,4,Pack,15,1817.7,0,0
2026-06-30,27798,1,25,Pack,14,284.2,0,0
2026-06-30,27799,1,12,Pack,5,454.25,0,0
2026-06-30,27800,1,31,Pack,20,665.0,0,0
2026-06-30,27801,1,25,Pack,8,162.4,0,0
2026-06-30,27802,1,31,Pack,4,133.0,0,0
2026-06-30,27803,1,9,Pack,7,110.88,0,0
2026-06-30,27804,1,19,Pack,14,295.96,0,0
2026-06-30,27710,1,4,Dispatch,13,1575.34,13,52
2026-06-30,27571,1,21,Dispatch,8,265.12,8,56
2026-06-30,27610,1,21,Dispatch,15,497.1,15,90
2026-06-30,27613,1,3,Dispatch,16,840.48,16,96
2026-06-30,27617,1,3,Dispatch,16,840.48,16,96
2026-06-30,27698,1,21,Dispatch,16,530.24,16,64
2026-06-30,27740,1,9,Dispatch,8,126.72,0,8
2026-06-30,27741,1,9,Dispatch,22,348.48,0,22
2026-06-30,27742,1,14,Dispatch,8,744.16,0,8
2026-06-30,27743,1,1,Dispatch,3,359.58,0,3
2026-06-30,27744,1,8,Dispatch,5,360.75,0,5
2026-06-30,27745,1,11,Dispatch,17,1407.94,0,17
2026-06-30,27746,1,25,Dispatch,22,446.6,0,22
2026-06-30,27747,1,4,Dispatch,9,1090.62,0,9
2026-06-30,27748,1,13,Dispatch,22,2496.12,0,22
2026-06-30,27749,1,12,Dispatch,7,635.95,0,7
2026-06-30,27750,1,19,Dispatch,10,211.4,0,10
2026-06-30,27751,1,6,Dispatch,9,153.99,0,9
2026-06-30,27752,1,25,Dispatch,3,60.9,0,3
2026-06-30,27753,1,20,Dispatch,5,453.35,0,5
2026-06-30,27452,2,17,Pick,3,344.01,3,36
2026-06-30,27495,2,17,Pick,16,1834.72,16,176
2026-06-30,27543,2,17,Pick,4,458.68,4,32
2026-06-30,27544,2,17,Pick,6,688.02,6,48
2026-06-30,27581,2,17,Pick,15,1720.05,15,105
2026-06-30,27621,2,17,Pick,7,802.69,7,42
2026-06-30,27632,2,17,Pick,22,2522.74,22,132
2026-06-30,27817,2,20,Pick,10,906.7,0,0
2026-06-30,27818,2,28,Pick,4,62.68,0,0
2026-06-30,27819,2,20,Pick,16,1450.72,0,0
2026-06-30,27820,2,15,Pick,19,1360.97,0,0
2026-06-30,27821,2,29,Pick,14,315.14,0,0
2026-06-30,27822,2,4,Pick,17,2060.06,0,0
2026-06-30,27452,2,17,Pack,13,1490.71,13,156
2026-06-30,27454,2,29,Pack,17,382.67,17,204
2026-06-30,27455,2,11,Pack,20,1656.4,20,240
2026-06-30,27487,2,7,Pack,18,1578.78,18,198
2026-06-30,27488,2,28,Pack,4,62.68,4,44
2026-06-30,27489,2,14,Pack,9,837.18,9,99
2026-06-30,27490,2,5,Pack,22,191.62,22,242
2026-06-30,27491,2,21,Pack,8,265.12,8,88
2026-06-30,27492,2,13,Pack,18,2042.28,18,198
2026-06-30,27493,2,13,Pack,14,1588.44,14,154
2026-06-30,27494,2,21,Pack,19,629.66,19,209
2026-06-30,27496,2,20,Pack,20,1813.4,20,220
2026-06-30,27497,2,22,Pack,20,581.2,20,220
2026-06-30,27499,2,30,Pack,3,139.23,3,33
2026-06-30,27500,2,7,Pack,22,1929.62,22,242
2026-06-30,27194,2,31,Pack,1,33.25,1,20
2026-06-30,27235,2,31,Pack,13,432.25,13,247
2026-06-30,27453,2,31,Pack,5,166.25,5,60
2026-06-30,27498,2,31,Pack,18,598.5,18,198
2026-06-30,27535,2,22,Pack,21,610.26,21,168
2026-06-30,27536,2,14,Pack,5,465.1,5,40
2026-06-30,27537,2,14,Pack,18,1674.36,18,144
2026-06-30,27538,2,12,Pack,8,726.8,8,64
2026-06-30,27539,2,24,Pack,10,1257.5,10,80
2026-06-30,27540,2,15,Pack,20,1432.6,20,160
2026-06-30,27541,2,4,Pack,11,1332.98,11,88
2026-06-30,27542,2,8,Pack,15,1082.25,15,120
2026-06-30,27545,2,20,Pack,18,1632.06,18,144
2026-06-30,27546,2,12,Pack,18,1635.3,18,144
2026-06-30,27547,2,1,Pack,21,2517.06,21,168
2026-06-30,27576,2,9,Pack,11,174.24,11,77
2026-06-30,27577,2,9,Pack,13,205.92,13,91
2026-06-30,27578,2,31,Pack,5,166.25,5,35
2026-06-30,27579,2,19,Pack,19,401.66,19,133
2026-06-30,27580,2,2,Pack,12,1093.68,12,84
2026-06-30,27582,2,22,Pack,11,319.66,11,77
2026-06-30,27583,2,7,Pack,4,350.84,4,28
2026-06-30,27584,2,14,Pack,14,1302.28,14,98
2026-06-30,27585,2,22,Pack,16,464.96,16,112
2026-06-30,27586,2,25,Pack,6,121.8,6,42
2026-06-30,27587,2,27,Pack,17,2074.0,17,119
2026-06-30,27588,2,21,Pack,8,265.12,8,56
2026-06-30,27589,2,14,Pack,18,1674.36,18,126
2026-06-30,27590,2,25,Pack,11,223.3,11,77
2026-06-30,27591,2,26,Pack,11,948.53,11,77
2026-06-30,27618,2,15,Pack,17,1217.71,17,102
2026-06-30,27619,2,20,Pack,19,1722.73,19,114
2026-06-30,27620,2,20,Pack,16,1450.72,16,96
2026-06-30,27622,2,1,Pack,4,479.44,4,24
2026-06-30,27623,2,7,Pack,8,701.68,8,48
2026-06-30,27624,2,11,Pack,20,1656.4,20,120
2026-06-30,27625,2,27,Pack,11,1342.0,11,66
2026-06-30,27626,2,4,Pack,6,727.08,6,36
2026-06-30,27627,2,19,Pack,21,443.94,21,126
2026-06-30,27628,2,1,Pack,20,2397.2,20,120
2026-06-30,27629,2,5,Pack,7,60.97,7,42
2026-06-30,27630,2,18,Pack,21,1521.03,21,126
2026-06-30,27631,2,6,Pack,8,136.88,8,48
2026-06-30,27633,2,23,Pack,12,1488.6,12,72
2026-06-30,27634,2,13,Pack,10,1134.6,10,60
2026-06-30,27664,2,21,Pack,18,596.52,18,90
2026-06-30,27665,2,14,Pack,9,837.18,0,45
2026-06-30,27666,2,6,Pack,22,376.42,22,110
2026-06-30,27667,2,22,Pack,2,58.12,2,10
2026-06-30,27668,2,6,Pack,19,325.09,19,95
2026-06-30,27669,2,25,Pack,5,101.5,0,25
2026-06-30,27670,2,27,Pack,15,1830.0,15,75
2026-06-30,27671,2,27,Pack,19,2318.0,19,95
2026-06-30,27672,2,13,Pack,15,1701.9,15,75
2026-06-30,27673,2,26,Pack,20,1724.6,20,100
2026-06-30,27674,2,19,Pack,4,84.56,4,20
2026-06-30,27675,2,13,Pack,9,1021.14,0,45
2026-06-30,27676,2,4,Pack,14,1696.52,14,70
2026-06-30,27677,2,18,Pack,4,289.72,4,20
2026-06-30,27678,2,3,Pack,4,210.12,0,20
2026-06-30,27680,2,2,Pack,19,1731.66,19,95
2026-06-30,27681,2,26,Pack,15,1293.45,15,75
2026-06-30,27711,2,3,Pack,14,735.42,14,56
2026-06-30,27712,2,11,Pack,16,1325.12,16,64
2026-06-30,27713,2,5,Pack,11,95.81,11,44
2026-06-30,27714,2,13,Pack,16,1815.36,16,64
2026-06-30,27716,2,10,Pack,15,1477.05,0,60
2026-06-30,27717,2,4,Pack,12,1454.16,0,48
2026-06-30,27718,2,23,Pack,20,2481.0,20,80
2026-06-30,27719,2,28,Pack,18,282.06,18,72
2026-06-30,27720,2,13,Pack,21,2382.66,0,84
2026-06-30,27721,2,6,Pack,12,205.32,12,48
2026-06-30,27722,2,9,Pack,12,190.08,0,48
2026-06-30,27723,2,7,Pack,8,701.68,0,32
2026-06-30,27724,2,31,Pack,4,133.0,4,16
2026-06-30,27725,2,14,Pack,18,1674.36,0,72
2026-06-30,27667,2,22,Pack,16,464.96,16,80
2026-06-30,27679,2,22,Pack,21,610.26,21,105
2026-06-30,27715,2,22,Pack,3,87.18,3,12
2026-06-30,27754,2,10,Pack,11,1083.17,0,11
2026-06-30,27755,2,5,Pack,16,139.36,0,16
2026-06-30,27756,2,6,Pack,6,102.66,0,6
2026-06-30,27757,2,28,Pack,15,235.05,0,15
2026-06-30,27758,2,27,Pack,6,732.0,0,6
2026-06-30,27759,2,11,Pack,16,1325.12,0,16
2026-06-30,27760,2,9,Pack,11,174.24,0,11
2026-06-30,27761,2,6,Pack,17,290.87,0,17
2026-06-30,27762,2,27,Pack,18,2196.0,0,18
2026-06-30,27763,2,14,Pack,4,372.08,0,4
2026-06-30,27764,2,23,Pack,18,2232.9,0,18
2026-06-30,27765,2,10,Pack,15,1477.05,0,15
2026-06-30,27766,2,19,Pack,22,465.08,0,22
2026-06-30,27767,2,31,Pack,6,199.5,0,6
2026-06-30,27768,2,6,Pack,11,188.21,0,11
2026-06-30,27769,2,22,Pack,8,232.48,0,8
2026-06-30,27770,2,20,Pack,21,1904.07,0,21
2026-06-30,27805,2,13,Pack,18,2042.28,0,0
2026-06-30,27806,2,21,Pack,13,430.82,0,0
2026-06-30,27807,2,11,Pack,18,1490.76,0,0
2026-06-30,27808,2,27,Pack,19,2318.0,0,0
2026-06-30,27809,2,30,Pack,8,371.28,0,0
2026-06-30,27810,2,19,Pack,16,338.24,0,0
2026-06-30,27811,2,3,Pack,3,157.59,0,0
2026-06-30,27812,2,15,Pack,21,1504.23,0,0
2026-06-30,27813,2,21,Pack,10,331.4,0,0
2026-06-30,27814,2,1,Pack,12,1438.32,0,0
2026-06-30,27815,2,9,Pack,21,332.64,0,0
2026-06-30,27816,2,19,Pack,11,232.54,0,0
2026-06-30,27817,2,20,Pack,3,272.01,0,0
2026-06-30,27006,2,3,Dispatch,3,157.59,3,78
2026-06-30,27007,2,7,Dispatch,13,1140.23,13,338
2026-06-30,27008,2,2,Dispatch,20,1822.8,20,520
2026-06-30,27009,2,26,Dispatch,19,1638.37,19,494
2026-06-30,27010,2,2,Dispatch,17,1549.38,17,442
2026-06-30,27040,2,11,Dispatch,10,828.2,10,250
2026-06-30,27041,2,22,Dispatch,21,610.26,21,525
2026-06-30,27042,2,19,Dispatch,13,274.82,13,325
2026-06-30,27043,2,25,Dispatch,21,426.3,21,525
2026-06-30,27044,2,18,Dispatch,19,1376.17,19,475
2026-06-30,27045,2,29,Dispatch,3,67.53,3,75
2026-06-30,27046,2,14,Dispatch,4,372.08,4,100
2026-06-30,27047,2,2,Dispatch,9,820.26,9,225
2026-06-30,27048,2,3,Dispatch,19,998.07,19,475
2026-06-30,27049,2,7,Dispatch,18,1578.78,18,450
2026-06-30,27050,2,13,Dispatch,7,794.22,7,175
2026-06-30,27051,2,17,Dispatch,2,229.34,2,50
2026-06-30,27051,2,17,Dispatch,3,344.01,3,75
2026-06-30,27052,2,29,Dispatch,12,270.12,12,300
2026-06-30,27053,2,22,Dispatch,17,494.02,17,425
2026-06-30,27089,2,31,Dispatch,14,465.5,14,308
2026-06-30,27090,2,7,Dispatch,3,263.13,3,66
2026-06-30,27091,2,5,Dispatch,6,52.26,6,132
2026-06-30,27092,2,3,Dispatch,11,577.83,11,242
2026-06-30,27093,2,3,Dispatch,10,525.3,10,220
2026-06-30,27094,2,31,Dispatch,20,665.0,20,440
2026-06-30,27095,2,17,Dispatch,16,1834.72,16,352
2026-06-30,27096,2,2,Dispatch,18,1640.52,18,396
2026-06-30,27097,2,2,Dispatch,17,1549.38,17,374
2026-06-30,27098,2,18,Dispatch,15,1086.45,15,330
2026-06-30,27099,2,21,Dispatch,10,331.4,10,220
2026-06-30,27100,2,30,Dispatch,13,603.33,13,286
2026-06-30,27101,2,17,Dispatch,11,1261.37,11,242
2026-06-30,27102,2,13,Dispatch,20,2269.2,20,440
2026-06-30,27103,2,5,Dispatch,6,52.26,6,132
2026-06-30,27104,2,11,Dispatch,7,579.74,7,154
2026-06-30,27133,2,2,Dispatch,18,1640.52,18,378
2026-06-30,27134,2,31,Dispatch,8,266.0,8,168
2026-06-30,27134,2,31,Dispatch,6,199.5,6,126
2026-06-30,27135,2,11,Dispatch,21,1739.22,21,441
2026-06-30,27136,2,1,Dispatch,10,1198.6,10,210
2026-06-30,27137,2,20,Dispatch,15,1360.05,15,315
2026-06-30,27138,2,14,Dispatch,20,1860.4,20,420
2026-06-30,27139,2,12,Dispatch,6,545.1,6,126
2026-06-30,27140,2,13,Dispatch,4,453.84,4,84
2026-06-30,27141,2,7,Dispatch,16,1403.36,16,336
2026-06-30,27142,2,10,Dispatch,8,787.76,8,168
2026-06-30,27143,2,19,Dispatch,21,443.94,21,441
2026-06-30,27144,2,28,Dispatch,18,282.06,18,378
2026-06-30,27145,2,6,Dispatch,17,290.87,17,357
2026-06-30,27146,2,22,Dispatch,22,639.32,22,462
2026-06-30,27147,2,2,Dispatch,14,1275.96,14,294
2026-06-30,27148,2,22,Dispatch,6,174.36,6,126
2026-06-30,27149,2,15,Dispatch,9,644.67,9,189
2026-06-30,27178,2,12,Dispatch,10,908.5,10,200
2026-06-30,27179,2,1,Dispatch,12,1438.32,12,240
2026-06-30,27180,2,22,Dispatch,3,87.18,3,60
2026-06-30,27181,2,31,Dispatch,6,199.5,6,120
2026-06-30,27182,2,31,Dispatch,11,365.75,11,220
2026-06-30,27182,2,31,Dispatch,7,232.75,7,140
2026-06-30,27183,2,23,Dispatch,14,1736.7,14,280
2026-06-30,27184,2,17,Dispatch,20,2293.4,20,400
2026-06-30,27185,2,13,Dispatch,8,907.68,8,160
2026-06-30,27186,2,29,Dispatch,21,472.71,21,420
2026-06-30,27187,2,28,Dispatch,16,250.72,16,320
2026-06-30,27188,2,30,Dispatch,14,649.74,14,280
2026-06-30,27189,2,26,Dispatch,4,344.92,4,80
2026-06-30,27190,2,4,Dispatch,18,2181.24,18,360
2026-06-30,27191,2,19,Dispatch,21,443.94,21,420
2026-06-30,27192,2,4,Dispatch,21,2544.78,21,420
2026-06-30,27193,2,15,Dispatch,3,214.89,3,60
2026-06-30,27194,2,31,Dispatch,11,365.75,11,220
2026-06-30,27195,2,27,Dispatch,5,610.0,5,100
2026-06-30,27223,2,19,Dispatch,19,401.66,19,361
2026-06-30,27224,2,22,Dispatch,3,87.18,3,57
2026-06-30,27225,2,5,Dispatch,21,182.91,21,399
2026-06-30,27226,2,15,Dispatch,16,1146.08,16,304
2026-06-30,27227,2,32,Dispatch,5,81.85,5,95
2026-06-30,27228,2,4,Dispatch,8,969.44,8,152
2026-06-30,27228,2,4,Dispatch,12,1454.16,12,228
2026-06-30,27229,2,15,Dispatch,4,286.52,4,76
2026-06-30,27230,2,26,Dispatch,11,948.53,11,209
2026-06-30,27231,2,12,Dispatch,20,1817.0,20,380
2026-06-30,27232,2,10,Dispatch,12,1181.64,12,228
2026-06-30,27233,2,20,Dispatch,10,906.7,10,190
2026-06-30,27234,2,26,Dispatch,12,1034.76,12,228
2026-06-30,27236,2,17,Dispatch,12,1376.04,12,228
2026-06-30,27237,2,7,Dispatch,20,1754.2,20,380
2026-06-30,27238,2,22,Dispatch,3,87.18,3,57
2026-06-30,27268,2,30,Dispatch,3,139.23,3,54
2026-06-30,27269,2,14,Dispatch,16,1488.32,16,288
2026-06-30,27270,2,11,Dispatch,21,1739.22,21,378
2026-06-30,27271,2,12,Dispatch,10,908.5,10,180
2026-06-30,27272,2,19,Dispatch,7,147.98,7,126
2026-06-30,27273,2,17,Dispatch,9,1032.03,9,162
2026-06-30,27274,2,4,Dispatch,10,1211.8,10,180
2026-06-30,27275,2,27,Dispatch,4,488.0,4,72
2026-06-30,27276,2,25,Dispatch,16,324.8,16,288
2026-06-30,27278,2,27,Dispatch,14,1708.0,14,252
2026-06-30,27279,2,7,Dispatch,13,1140.23,13,234
2026-06-30,27280,2,23,Dispatch,5,620.25,5,90
2026-06-30,27311,2,15,Dispatch,8,573.04,8,120
2026-06-30,27312,2,5,Dispatch,3,26.13,3,45
2026-06-30,27312,2,5,Dispatch,13,113.23,13,195
2026-06-30,27314,2,19,Dispatch,16,338.24,16,240
2026-06-30,27315,2,30,Dispatch,15,696.15,15,225
2026-06-30,27316,2,14,Dispatch,18,1674.36,18,270
2026-06-30,27317,2,14,Dispatch,15,1395.3,15,225
2026-06-30,27318,2,22,Dispatch,22,639.32,22,330
2026-06-30,27319,2,30,Dispatch,20,928.2,20,300
2026-06-30,27320,2,6,Dispatch,4,68.44,4,60
2026-06-30,27321,2,12,Dispatch,14,1271.9,14,210
2026-06-30,27322,2,18,Dispatch,21,1521.03,21,315
2026-06-30,27323,2,26,Dispatch,13,1120.99,13,195
2026-06-30,27324,2,21,Dispatch,10,331.4,10,150
2026-06-30,27325,2,27,Dispatch,10,1220.0,10,150
2026-06-30,27179,2,1,Dispatch,3,359.58,3,60
2026-06-30,27277,2,1,Dispatch,22,2636.92,22,396
2026-06-30,27313,2,1,Dispatch,9,1078.74,9,135
2026-06-30,27357,2,29,Dispatch,16,360.16,16,224
2026-06-30,27358,2,11,Dispatch,5,414.1,5,70
2026-06-30,27359,2,4,Dispatch,9,1090.62,9,126
2026-06-30,27359,2,4,Dispatch,11,1332.98,11,154
2026-06-30,27360,2,20,Dispatch,10,906.7,10,140
2026-06-30,27361,2,14,Dispatch,21,1953.42,21,294
2026-06-30,27362,2,1,Dispatch,18,2157.48,18,252
2026-06-30,27363,2,17,Dispatch,16,1834.72,16,224
2026-06-30,27364,2,32,Dispatch,19,311.03,19,266
2026-06-30,27365,2,29,Dispatch,17,382.67,17,238
2026-06-30,27366,2,11,Dispatch,19,1573.58,19,266
2026-06-30,27367,2,2,Dispatch,7,637.98,7,98
2026-06-30,27368,2,3,Dispatch,8,420.24,8,112
2026-06-30,27368,2,3,Dispatch,3,157.59,3,42
2026-06-30,27369,2,4,Dispatch,11,1332.98,11,154
2026-06-30,27370,2,4,Dispatch,5,605.9,5,70
2026-06-30,27371,2,28,Dispatch,12,188.04,12,168
2026-06-30,27400,2,17,Dispatch,19,2178.73,19,247
2026-06-30,27401,2,26,Dispatch,6,517.38,6,78
2026-06-30,27402,2,19,Dispatch,19,401.66,19,247
2026-06-30,27403,2,10,Dispatch,12,1181.64,12,156
2026-06-30,27404,2,17,Dispatch,10,1146.7,10,130
2026-06-30,27405,2,15,Dispatch,12,859.56,12,156
2026-06-30,27405,2,15,Dispatch,1,71.63,1,13
2026-06-30,27406,2,30,Dispatch,10,464.1,10,130
2026-06-30,27407,2,6,Dispatch,11,188.21,11,143
2026-06-30,27408,2,10,Dispatch,8,787.76,8,104
2026-06-30,27409,2,27,Dispatch,20,2440.0,20,260
2026-06-30,27410,2,13,Dispatch,6,680.76,6,78
2026-06-30,27411,2,19,Dispatch,16,338.24,16,208
2026-06-30,27412,2,27,Dispatch,10,1220.0,10,130
2026-06-30,27413,2,29,Dispatch,18,405.18,18,234
2026-06-30,27440,2,7,Dispatch,10,877.1,10,120
2026-06-30,27441,2,9,Dispatch,19,300.96,19,228
2026-06-30,27442,2,15,Dispatch,4,286.52,4,48
2026-06-30,27443,2,2,Dispatch,8,729.12,8,96
2026-06-30,27444,2,20,Dispatch,7,634.69,7,84
2026-06-30,27445,2,26,Dispatch,20,1724.6,20,240
2026-06-30,27446,2,28,Dispatch,18,282.06,18,216
2026-06-30,27447,2,23,Dispatch,16,1984.8,16,192
2026-06-30,27448,2,27,Dispatch,16,1952.0,16,192
2026-06-30,27449,2,21,Dispatch,11,364.54,11,132
2026-06-30,27450,2,26,Dispatch,20,1724.6,20,240
2026-06-30,27451,2,21,Dispatch,6,198.84,6,72
2026-06-30,27775,3,20,Pick,3,272.01,0,3
2026-06-30,27786,3,8,Pick,1,72.15,0,1
2026-06-30,27784,3,2,Pack,1,91.14,0,1
2026-06-30,27785,3,25,Pack,7,142.1,0,7
2026-06-30,27786,3,8,Pack,1,72.15,0,1
2026-06-30,27786,3,8,Pack,13,937.95,0,13
2026-06-30,27787,3,14,Pack,17,1581.34,0,17
2026-06-30,27823,3,29,Pack,10,225.1,0,0
2026-06-30,27824,3,14,Pack,21,1953.42,0,0
2026-06-30,27825,3,18,Pack,21,1521.03,0,0
2026-06-30,27826,3,29,Pack,5,112.55,0,0
2026-06-30,27827,3,30,Pack,22,1021.02,0,0
2026-06-30,27828,3,15,Pack,11,787.93,0,0
2026-06-30,27829,3,5,Pack,6,52.26,0,0
2026-06-30,27830,3,23,Pack,16,1984.8,0,0
2026-06-30,27831,3,9,Pack,17,269.28,0,0
2026-06-30,27832,3,14,Pack,13,1209.26,0,0
2026-06-30,27833,3,18,Pack,8,579.44,0,0
2026-06-30,27834,3,25,Pack,17,345.1,0,0
2026-06-30,27835,3,30,Pack,10,464.1,0,0
2026-06-30,27836,3,6,Pack,5,85.55,0,0
2026-06-30,27837,3,7,Pack,10,877.1,0,0
2026-06-30,27838,3,14,Pack,6,558.12,0,0
2026-06-30,27690,3,17,Dispatch,5,573.35,0,25
2026-06-30,27691,3,17,Dispatch,19,2178.73,19,95
2026-06-30,27771,3,11,Dispatch,12,993.84,0,12
2026-06-30,27772,3,31,Dispatch,20,665.0,0,20
2026-06-30,27773,3,3,Dispatch,20,1050.6,0,20
2026-06-30,27774,3,1,Dispatch,6,719.16,0,6
2026-06-30,27775,3,20,Dispatch,4,362.68,0,4
2026-06-30,27776,3,10,Dispatch,6,590.82,0,6
2026-06-30,27777,3,14,Dispatch,16,1488.32,0,16
2026-06-30,27778,3,23,Dispatch,20,2481.0,0,20
2026-06-30,27779,3,17,Dispatch,10,1146.7,0,10
2026-06-30,27780,3,3,Dispatch,16,840.48,0,16
2026-06-30,27781,3,10,Dispatch,6,590.82,0,6
2026-06-30,27782,3,32,Dispatch,18,294.66,0,18
2026-06-30,27783,3,4,Dispatch,22,2665.96,0,22
2026-06-30,27784,3,2,Dispatch,16,1458.24,0,16
2026-07-31,28857,1,23,Pick,7,868.35,0,0
2026-07-31,28841,1,26,Pack,13,1120.99,0,0
2026-07-31,28842,1,20,Pack,4,362.68,0,0
2026-07-31,28843,1,12,Pack,11,999.35,0,0
2026-07-31,28844,1,22,Pack,4,116.24,0,0
2026-07-31,28845,1,30,Pack,14,649.74,0,0
2026-07-31,28846,1,20,Pack,15,1360.05,0,0
2026-07-31,28847,1,20,Pack,18,1632.06,0,0
2026-07-31,28848,1,18,Pack,14,1014.02,0,0
2026-07-31,28849,1,32,Pack,13,212.81,0,0
2026-07-31,28850,1,15,Pack,9,644.67,0,0
2026-07-31,28851,1,10,Pack,13,1280.11,0,0
2026-07-31,28852,1,20,Pack,5,453.35,0,0
2026-07-31,28853,1,31,Pack,9,299.25,0,0
2026-07-31,28854,1,29,Pack,16,360.16,0,0
2026-07-31,28855,1,7,Pack,19,1666.49,0,0
2026-07-31,28856,1,4,Pack,17,2060.06,0,0
2026-07-31,28857,1,23,Pack,1,124.05,0,0
2026-07-31,28754,1,21,Dispatch,1,33.14,0,2
2026-07-31,28755,1,31,Dispatch,7,232.75,0,14
2026-07-31,28756,1,12,Dispatch,9,817.65,0,18
2026-07-31,28788,1,23,Dispatch,17,2108.85,0,17
2026-07-31,28789,1,5,Dispatch,15,130.65,0,15
2026-07-31,28790,1,4,Dispatch,4,484.72,0,4
2026-07-31,28791,1,23,Dispatch,15,1860.75,0,15
2026-07-31,28792,1,23,Dispatch,9,1116.45,0,9
2026-07-31,28793,1,13,Dispatch,10,1134.6,0,10
2026-07-31,28794,1,27,Dispatch,20,2440.0,0,20
2026-07-31,28795,1,11,Dispatch,13,1076.66,0,13
2026-07-31,28796,1,15,Dispatch,3,214.89,0,3
2026-07-31,28797,1,21,Dispatch,18,596.52,0,18
2026-07-31,28798,1,26,Dispatch,13,1120.99,0,13
2026-07-31,28799,1,6,Dispatch,15,256.65,0,15
2026-07-31,28800,1,9,Dispatch,8,126.72,0,8
2026-07-31,28801,1,28,Dispatch,3,47.01,0,3
2026-07-31,28802,1,19,Dispatch,10,211.4,0,10
2026-07-31,28803,1,30,Dispatch,18,835.38,0,18
2026-07-31,28804,1,1,Dispatch,16,1917.76,0,16
2026-07-31,28807,2,15,Pack,15,1074.45,0,15
2026-07-31,28808,2,13,Pack,4,453.84,0,4
2026-07-31,28809,2,18,Pack,9,651.87,0,9
2026-07-31,28810,2,15,Pack,12,859.56,0,12
2026-07-31,28811,2,6,Pack,3,51.33,0,3
2026-07-31,28812,2,5,Pack,5,43.55,0,5
2026-07-31,28813,2,9,Pack,14,221.76,0,14
2026-07-31,28814,2,2,Pack,7,637.98,0,7
2026-07-31,28815,2,31,Pack,4,133.0,0,4
2026-07-31,28816,2,3,Pack,16,840.48,0,16
2026-07-31,28817,2,14,Pack,12,1116.24,0,12
2026-07-31,28818,2,12,Pack,5,454.25,0,5
2026-07-31,28819,2,27,Pack,17,2074.0,0,17
2026-07-31,28820,2,31,Pack,7,232.75,0,7
2026-07-31,28821,2,10,Pack,21,2067.87,0,21
2026-07-31,28822,2,27,Pack,22,2684.0,0,22
2026-07-31,28858,2,9,Pack,5,79.2,0,0
2026-07-31,28859,2,22,Pack,14,406.84,0,0
2026-07-31,28860,2,1,Pack,12,1438.32,0,0
2026-07-31,28861,2,31,Pack,22,731.5,0,0
2026-07-31,28862,2,29,Pack,3,67.53,0,0
2026-07-31,28863,2,2,Pack,19,1731.66,0,0
2026-07-31,28864,2,14,Pack,12,1116.24,0,0
2026-07-31,28865,2,12,Pack,11,999.35,0,0
2026-07-31,28866,2,13,Pack,12,1361.52,0,0
2026-07-31,28867,2,29,Pack,8,180.08,0,0
2026-07-31,28868,2,3,Pack,21,1103.13,0,0
2026-07-31,28869,2,13,Pack,15,1701.9,0,0
2026-07-31,28870,2,7,Pack,15,1315.65,0,0
2026-07-31,28871,2,12,Pack,8,726.8,0,0
2026-07-31,28872,2,6,Pack,20,342.2,0,0
2026-07-31,28873,2,9,Pack,21,332.64,0,0
2026-07-31,28874,2,8,Pack,9,649.35,0,0
2026-07-31,28176,2,4,Dispatch,8,969.44,8,168
2026-07-31,28177,2,27,Dispatch,15,1830.0,15,315
2026-07-31,28178,2,26,Dispatch,18,1552.14,18,378
2026-07-31,28179,2,3,Dispatch,4,210.12,4,84
2026-07-31,28211,2,11,Dispatch,10,828.2,10,180
2026-07-31,28212,2,2,Dispatch,15,1367.1,15,270
2026-07-31,28213,2,5,Dispatch,22,191.62,22,396
2026-07-31,28214,2,26,Dispatch,20,1724.6,20,360
2026-07-31,28215,2,10,Dispatch,12,1181.64,12,216
2026-07-31,28216,2,23,Dispatch,4,496.2,4,72
2026-07-31,28217,2,4,Dispatch,3,363.54,3,54
2026-07-31,28218,2,25,Dispatch,12,243.6,12,216
2026-07-31,28219,2,27,Dispatch,10,1220.0,10,180
2026-07-31,28220,2,3,Dispatch,16,840.48,16,288
2026-07-31,28221,2,3,Dispatch,12,630.36,12,216
2026-07-31,28222,2,11,Dispatch,4,331.28,4,72
2026-07-31,28223,2,27,Dispatch,5,610.0,5,90
2026-07-31,28224,2,15,Dispatch,12,859.56,12,216
2026-07-31,28225,2,7,Dispatch,12,1052.52,12,216
2026-07-31,28226,2,27,Dispatch,3,366.0,3,54
2026-07-31,28227,2,31,Dispatch,7,232.75,7,126
2026-07-31,28227,2,31,Dispatch,3,99.75,3,54
2026-07-31,28261,2,22,Dispatch,4,116.24,4,68
2026-07-31,28262,2,18,Dispatch,10,724.3,10,170
2026-07-31,28263,2,1,Dispatch,20,2397.2,20,340
2026-07-31,28264,2,1,Dispatch,3,359.58,3,51
2026-07-31,28265,2,29,Dispatch,17,382.67,17,289
2026-07-31,28266,2,17,Dispatch,13,1490.71,13,221
2026-07-31,28267,2,23,Dispatch,9,1116.45,9,153
2026-07-31,28268,2,12,Dispatch,18,1635.3,18,306
2026-07-31,28269,2,9,Dispatch,17,269.28,17,289
2026-07-31,28270,2,30,Dispatch,11,510.51,11,187
2026-07-31,28271,2,18,Dispatch,7,507.01,7,119
2026-07-31,28272,2,21,Dispatch,10,331.4,10,170
2026-07-31,28273,2,2,Dispatch,9,820.26,9,153
2026-07-31,28274,2,15,Dispatch,6,429.78,6,102
2026-07-31,28275,2,12,Dispatch,15,1362.75,15,255
2026-07-31,28276,2,30,Dispatch,9,417.69,9,153
2026-07-31,28277,2,1,Dispatch,21,2517.06,21,357
2026-07-31,28278,2,11,Dispatch,22,1822.04,22,374
2026-07-31,28309,2,28,Dispatch,21,329.07,21,336
2026-07-31,28310,2,8,Dispatch,5,360.75,5,80
2026-07-31,28311,2,15,Dispatch,5,358.15,5,80
2026-07-31,28311,2,15,Dispatch,5,358.15,5,80
2026-07-31,28312,2,7,Dispatch,12,1052.52,12,192
2026-07-31,28313,2,9,Dispatch,10,158.4,10,160
2026-07-31,28314,2,26,Dispatch,10,862.3,10,160
2026-07-31,28315,2,23,Dispatch,14,1736.7,14,224
2026-07-31,28316,2,7,Dispatch,11,964.81,11,176
2026-07-31,28317,2,29,Dispatch,13,292.63,13,208
2026-07-31,28318,2,22,Dispatch,13,377.78,13,208
2026-07-31,28319,2,11,Dispatch,16,1325.12,16,256
2026-07-31,28320,2,11,Dispatch,5,414.1,5,80
2026-07-31,28321,2,4,Dispatch,13,1575.34,13,208
2026-07-31,28322,2,4,Dispatch,15,1817.7,15,240
2026-07-31,28351,2,3,Dispatch,14,735.42,14,210
2026-07-31,28352,2,30,Dispatch,15,696.15,15,225
2026-07-31,28353,2,21,Dispatch,22,729.08,22,330
2026-07-31,28354,2,5,Dispatch,8,69.68,8,120
2026-07-31,28355,2,7,Dispatch,10,877.1,10,150
2026-07-31,28357,2,2,Dispatch,12,1093.68,12,180
2026-07-31,28358,2,7,Dispatch,9,789.39,9,135
2026-07-31,28359,2,4,Dispatch,16,1938.88,16,240
2026-07-31,28360,2,20,Dispatch,8,725.36,8,120
2026-07-31,28361,2,21,Dispatch,4,132.56,4,60
2026-07-31,28361,2,21,Dispatch,8,265.12,8,120
2026-07-31,28362,2,18,Dispatch,19,1376.17,19,285
2026-07-31,28363,2,14,Dispatch,10,930.2,10,150
2026-07-31,28364,2,11,Dispatch,9,745.38,9,135
2026-07-31,28365,2,13,Dispatch,15,1701.9,15,225
2026-07-31,28366,2,21,Dispatch,4,132.56,4,60
2026-07-31,28367,2,12,Dispatch,20,1817.0,20,300
2026-07-31,28402,2,8,Dispatch,20,1443.0,20,280
2026-07-31,28403,2,7,Dispatch,14,1227.94,14,196
2026-07-31,28404,2,23,Dispatch,11,1364.55,11,154
2026-07-31,28405,2,5,Dispatch,17,148.07,17,238
2026-07-31,28406,2,19,Dispatch,12,253.68,12,168
2026-07-31,28407,2,16,Dispatch,20,691.0,20,280
2026-07-31,28408,2,26,Dispatch,12,1034.76,12,168
2026-07-31,28409,2,16,Dispatch,11,380.05,11,154
2026-07-31,28410,2,29,Dispatch,10,225.1,10,140
2026-07-31,28411,2,23,Dispatch,11,1364.55,11,154
2026-07-31,28412,2,9,Dispatch,10,158.4,10,140
2026-07-31,28413,2,20,Dispatch,4,362.68,4,56
2026-07-31,28414,2,26,Dispatch,18,1552.14,18,252
2026-07-31,28414,2,26,Dispatch,4,344.92,4,56
2026-07-31,28447,2,3,Dispatch,5,262.65,5,55
2026-07-31,28448,2,19,Dispatch,21,443.94,21,231
2026-07-31,28449,2,20,Dispatch,6,544.02,6,66
2026-07-31,28450,2,32,Dispatch,6,98.22,6,66
2026-07-31,28451,2,12,Dispatch,11,999.35,11,121
2026-07-31,28452,2,31,Dispatch,9,299.25,9,99
2026-07-31,28453,2,25,Dispatch,4,81.2,4,44
2026-07-31,28454,2,20,Dispatch,21,1904.07,21,231
2026-07-31,28455,2,23,Dispatch,8,992.4,8,88
2026-07-31,28456,2,28,Dispatch,15,235.05,15,165
2026-07-31,28458,2,25,Dispatch,8,162.4,8,88
2026-07-31,28459,2,17,Dispatch,11,1261.37,11,121
2026-07-31,28489,2,21,Dispatch,17,563.38,17,170
2026-07-31,28490,2,29,Dispatch,11,247.61,11,110
2026-07-31,28492,2,15,Dispatch,17,1217.71,17,170
2026-07-31,28493,2,4,Dispatch,12,1454.16,12,120
2026-07-31,28494,2,30,Dispatch,3,139.23,3,30
2026-07-31,28495,2,11,Dispatch,11,911.02,11,110
2026-07-31,28496,2,19,Dispatch,13,274.82,13,130
2026-07-31,28497,2,19,Dispatch,18,380.52,18,180
2026-07-31,28498,2,13,Dispatch,12,1361.52,12,120
2026-07-31,28499,2,2,Dispatch,4,364.56,4,40
2026-07-31,28500,2,25,Dispatch,8,162.4,8,80
2026-07-31,28500,2,25,Dispatch,10,203.0,10,100
2026-07-31,28501,2,14,Dispatch,22,2046.44,22,220
2026-07-31,28530,2,19,Dispatch,21,443.94,21,189
2026-07-31,28531,2,29,Dispatch,21,472.71,21,189
2026-07-31,28532,2,2,Dispatch,10,911.4,10,90
2026-07-31,28533,2,30,Dispatch,16,742.56,16,144
2026-07-31,28534,2,23,Dispatch,16,1984.8,16,144
2026-07-31,28535,2,10,Dispatch,19,1870.93,19,171
2026-07-31,28537,2,25,Dispatch,16,324.8,16,144
2026-07-31,28538,2,3,Dispatch,3,157.59,3,27
2026-07-31,28539,2,20,Dispatch,21,1904.07,21,189
2026-07-31,28540,2,17,Dispatch,10,1146.7,10,90
2026-07-31,28541,2,26,Dispatch,5,431.15,5,45
2026-07-31,28542,2,4,Dispatch,9,1090.62,9,81
2026-07-31,28543,2,9,Dispatch,22,348.48,22,198
2026-07-31,28544,2,20,Dispatch,6,544.02,6,54
2026-07-31,28575,2,28,Dispatch,16,250.72,16,128
2026-07-31,28576,2,17,Dispatch,12,1376.04,12,96
2026-07-31,28576,2,17,Dispatch,5,573.35,5,40
2026-07-31,28577,2,11,Dispatch,4,331.28,4,32
2026-07-31,28578,2,27,Dispatch,13,1586.0,13,104
2026-07-31,28580,2,28,Dispatch,9,141.03,9,72
2026-07-31,28581,2,11,Dispatch,9,745.38,9,72
2026-07-31,28582,2,15,Dispatch,8,573.04,8,64
2026-07-31,28583,2,4,Dispatch,17,2060.06,17,136
2026-07-31,28584,2,27,Dispatch,11,1342.0,11,88
2026-07-31,28585,2,25,Dispatch,22,446.6,22,176
2026-07-31,28586,2,25,Dispatch,20,406.0,20,160
2026-07-31,28587,2,26,Dispatch,16,1379.68,16,128
2026-07-31,28588,2,31,Dispatch,14,465.5,14,112
2026-07-31,28589,2,20,Dispatch,22,1994.74,22,176
2026-07-31,28590,2,3,Dispatch,12,630.36,12,96
2026-07-31,28591,2,12,Dispatch,12,1090.2,12,96
2026-07-31,28620,2,2,Dispatch,15,1367.1,15,105
2026-07-31,28621,2,29,Dispatch,8,180.08,8,56
2026-07-31,28622,2,26,Dispatch,4,344.92,4,28
2026-07-31,28623,2,15,Dispatch,5,358.15,5,35
2026-07-31,28624,2,20,Dispatch,14,1269.38,14,98
2026-07-31,28625,2,13,Dispatch,15,1701.9,15,105
2026-07-31,28626,2,4,Dispatch,22,2665.96,22,154
2026-07-31,28627,2,19,Dispatch,22,465.08,22,154
2026-07-31,28628,2,1,Dispatch,10,1198.6,10,70
2026-07-31,28629,2,26,Dispatch,3,258.69,3,21
2026-07-31,28630,2,15,Dispatch,15,1074.45,15,105
2026-07-31,28631,2,2,Dispatch,17,1549.38,17,119
2026-07-31,28632,2,28,Dispatch,8,125.36,8,56
2026-07-31,28318,2,22,Dispatch,2,58.12,2,32
2026-07-31,28356,2,22,Dispatch,5,145.3,5,75
2026-07-31,28368,2,22,Dispatch,3,87.18,3,45
2026-07-31,28409,2,16,Dispatch,4,138.2,4,56
2026-07-31,28457,2,22,Dispatch,15,435.9,15,165
2026-07-31,28491,2,22,Dispatch,17,494.02,17,170
2026-07-31,28529,2,22,Dispatch,11,319.66,11,99
2026-07-31,28536,2,22,Dispatch,8,232.48,8,72
2026-07-31,28579,2,22,Dispatch,19,552.14,19,152
2026-07-31,28665,2,23,Dispatch,3,372.15,3,12
2026-07-31,28666,2,6,Dispatch,11,188.21,11,44
2026-07-31,28667,2,5,Dispatch,10,87.1,10,40
2026-07-31,28668,2,10,Dispatch,19,1870.93,0,76
2026-07-31,28669,2,18,Dispatch,3,217.29,0,12
2026-07-31,28670,2,22,Dispatch,4,116.24,4,16
2026-07-31,28671,2,6,Dispatch,21,359.31,21,84
2026-07-31,28672,2,27,Dispatch,3,366.0,0,12
2026-07-31,28672,2,27,Dispatch,4,488.0,0,16
2026-07-31,28673,2,31,Dispatch,3,99.75,3,12
2026-07-31,28674,2,23,Dispatch,15,1860.75,15,60
2026-07-31,28675,2,12,Dispatch,18,1635.3,18,72
2026-07-31,28676,2,28,Dispatch,17,266.39,0,68
2026-07-31,28677,2,28,Dispatch,16,250.72,16,64
2026-07-31,28677,2,28,Dispatch,3,47.01,3,12
2026-07-31,28678,2,28,Dispatch,9,141.03,0,36
2026-07-31,28679,2,28,Dispatch,7,109.69,0,28
2026-07-31,28709,2,23,Dispatch,21,2605.05,0,63
2026-07-31,28710,2,20,Dispatch,10,906.7,0,30
2026-07-31,28711,2,3,Dispatch,20,1050.6,0,60
2026-07-31,28712,2,26,Dispatch,10,862.3,0,30
2026-07-31,28713,2,2,Dispatch,21,1913.94,0,63
2026-07-31,28714,2,28,Dispatch,12,188.04,0,36
2026-07-31,28715,2,6,Dispatch,20,342.2,0,60
2026-07-31,28716,2,28,Dispatch,18,282.06,0,54
2026-07-31,28717,2,22,Dispatch,5,145.3,0,15
2026-07-31,28718,2,22,Dispatch,22,639.32,0,66
2026-07-31,28719,2,5,Dispatch,4,34.84,0,12
2026-07-31,28720,2,3,Dispatch,6,315.18,0,18
2026-07-31,28721,2,4,Dispatch,8,969.44,0,24
2026-07-31,28722,2,31,Dispatch,11,365.75,0,33
2026-07-31,28723,2,9,Dispatch,6,95.04,0,18
2026-07-31,28724,2,30,Dispatch,9,417.69,0,27
2026-07-31,28724,2,30,Dispatch,3,139.23,0,9
2026-07-31,28757,2,10,Dispatch,18,1772.46,0,36
2026-07-31,28758,2,3,Dispatch,4,210.12,0,8
2026-07-31,28759,2,9,Dispatch,10,158.4,0,20
2026-07-31,28760,2,1,Dispatch,17,2037.62,0,34
2026-07-31,28761,2,13,Dispatch,11,1248.06,0,22
2026-07-31,28762,2,26,Dispatch,14,1207.22,0,28
2026-07-31,28763,2,25,Dispatch,6,121.8,0,12
2026-07-31,28764,2,2,Dispatch,6,546.84,0,12
2026-07-31,28765,2,26,Dispatch,19,1638.37,0,38
2026-07-31,28766,2,15,Dispatch,20,1432.6,0,40
2026-07-31,28767,2,14,Dispatch,14,1302.28,0,28
2026-07-31,28768,2,15,Dispatch,17,1217.71,0,34
2026-07-31,28769,2,26,Dispatch,5,431.15,0,10
2026-07-31,28770,2,23,Dispatch,15,1860.75,0,30
2026-07-31,28805,2,18,Dispatch,14,1014.02,0,14
2026-07-31,28806,2,1,Dispatch,18,2157.48,0,18
2026-07-31,28807,2,15,Dispatch,4,286.52,0,4
2026-07-31,28837,3,23,Pack,16,1984.8,0,16
2026-07-31,28838,3,22,Pack,13,377.78,0,13
2026-07-31,28839,3,26,Pack,9,776.07,0,9
2026-07-31,28840,3,12,Pack,5,454.25,0,5
2026-07-31,28840,3,12,Pack,16,1453.6,0,16
2026-07-31,28875,3,3,Pack,3,157.59,0,0
2026-07-31,28876,3,15,Pack,21,1504.23,0,0
2026-07-31,28877,3,3,Pack,16,840.48,0,0
2026-07-31,28878,3,28,Pack,4,62.68,0,0
2026-07-31,28879,3,10,Pack,17,1673.99,0,0
2026-07-31,28880,3,3,Pack,13,682.89,0,0
2026-07-31,28881,3,10,Pack,8,787.76,0,0
2026-07-31,28882,3,30,Pack,6,278.46,0,0
2026-07-31,28883,3,3,Pack,18,945.54,0,0
2026-07-31,28884,3,21,Pack,21,695.94,0,0
2026-07-31,28885,3,19,Pack,5,105.7,0,0
2026-07-31,28886,3,20,Pack,3,272.01,0,0
2026-07-31,28887,3,31,Pack,16,532.0,0,0
2026-07-31,28888,3,1,Pack,11,1318.46,0,0
2026-07-31,28889,3,19,Pack,7,147.98,0,0
2026-07-31,28890,3,25,Pack,6,121.8,0,0
2026-07-31,28787,3,15,Dispatch,14,1002.82,0,28
2026-07-31,28823,3,20,Dispatch,3,272.01,0,3
2026-07-31,28824,3,15,Dispatch,3,214.89,0,3
2026-07-31,28825,3,7,Dispatch,13,1140.23,0,13
2026-07-31,28826,3,17,Dispatch,18,2064.06,0,18
2026-07-31,28827,3,22,Dispatch,15,435.9,0,15
2026-07-31,28828,3,18,Dispatch,8,579.44,0,8
2026-07-31,28829,3,9,Dispatch,20,316.8,0,20
2026-07-31,28830,3,18,Dispatch,16,1158.88,0,16
2026-07-31,28831,3,9,Dispatch,3,47.52,0,3
2026-07-31,28832,3,17,Dispatch,8,917.36,0,8
2026-07-31,28833,3,28,Dispatch,20,313.4,0,20
2026-07-31,28834,3,23,Dispatch,12,1488.6,0,12
2026-07-31,28835,3,13,Dispatch,21,2382.66,0,21
2026-07-31,28836,3,20,Dispatch,8,725.36,0,8
2026-07-31,28837,3,23,Dispatch,4,496.2,0,4
2026-08-31,29766,1,14,Pack,9,837.18,0,27
2026-08-31,29767,1,15,Pack,17,1217.71,0,51
2026-08-31,29768,1,21,Pack,17,563.38,0,51
2026-08-31,29769,1,18,Pack,20,1448.6,0,60
2026-08-31,29770,1,2,Pack,19,1731.66,0,57
2026-08-31,29771,1,7,Pack,11,964.81,0,33
2026-08-31,29771,1,7,Pack,4,350.84,0,12
2026-08-31,29772,1,11,Pack,7,579.74,0,21
2026-08-31,29773,1,6,Pack,14,239.54,0,42
2026-08-31,29774,1,11,Pack,15,1242.3,0,45
2026-08-31,29775,1,20,Pack,3,272.01,0,9
2026-08-31,29776,1,17,Pack,20,2293.4,0,60
2026-08-31,29777,1,1,Pack,3,359.58,0,9
2026-08-31,29809,1,12,Pack,7,635.95,0,0
2026-08-31,29810,1,23,Pack,14,1736.7,0,0
2026-08-31,29811,1,5,Pack,3,26.13,0,0
2026-08-31,29812,1,25,Pack,12,243.6,0,0
2026-08-31,29813,1,1,Pack,9,1078.74,0,0
2026-08-31,29814,1,13,Pack,12,1361.52,0,0
2026-08-31,29815,1,7,Pack,6,526.26,0,0
2026-08-31,29816,1,12,Pack,15,1362.75,0,0
2026-08-31,29817,1,9,Pack,21,332.64,0,0
2026-08-31,29818,1,6,Pack,17,290.87,0,0
2026-08-31,29819,1,18,Pack,20,1448.6,0,0
2026-08-31,29820,1,17,Pack,9,1032.03,0,0
2026-08-31,29821,1,27,Pack,13,1586.0,0,0
2026-08-31,29720,1,12,Dispatch,11,999.35,0,44
2026-08-31,29721,1,20,Dispatch,13,1178.71,0,52
2026-08-31,29723,1,7,Dispatch,4,350.84,0,16
2026-08-31,29725,1,17,Dispatch,3,344.01,0,12
2026-08-31,29726,1,17,Dispatch,14,1605.38,0,56
2026-08-31,29727,1,15,Dispatch,19,1360.97,0,76
2026-08-31,29634,1,29,Dispatch,10,225.1,10,60
2026-08-31,29682,1,29,Dispatch,18,405.18,0,90
2026-08-31,29722,1,29,Dispatch,19,427.69,0,76
2026-08-31,29724,1,29,Dispatch,12,270.12,0,48
2026-08-31,29762,1,5,Dispatch,9,78.39,0,27
2026-08-31,29763,1,17,Dispatch,17,1949.39,0,51
2026-08-31,29764,1,21,Dispatch,16,530.24,0,48
2026-08-31,29765,1,14,Dispatch,21,1953.42,0,63
2026-08-31,29766,1,14,Dispatch,7,651.14,0,21
2026-08-31,29245,2,8,Pick,4,288.6,4,76
2026-08-31,29778,2,23,Pick,21,2605.05,0,63
2026-08-31,29833,2,25,Pick,3,60.9,0,0
2026-08-31,29834,2,11,Pick,10,828.2,0,0
2026-08-31,29835,2,23,Pick,6,744.3,0,0
2026-08-31,29547,2,6,Pack,9,153.99,9,90
2026-08-31,29560,2,6,Pack,15,256.65,15,150
2026-08-31,29597,2,6,Pack,21,359.31,0,147
2026-08-31,29600,2,6,Pack,19,325.09,19,133
2026-08-31,29822,2,3,Pack,17,893.01,0,0
2026-08-31,29823,2,21,Pack,19,629.66,0,0
2026-08-31,29824,2,27,Pack,5,610.0,0,0
2026-08-31,29825,2,12,Pack,3,272.55,0,0
2026-08-31,29826,2,19,Pack,6,126.84,0,0
2026-08-31,29827,2,25,Pack,14,284.2,0,0
2026-08-31,29828,2,11,Pack,5,414.1,0,0
2026-08-31,29829,2,13,Pack,13,1474.98,0,0
2026-08-31,29830,2,32,Pack,15,245.55,0,0
2026-08-31,29831,2,28,Pack,8,125.36,0,0
2026-08-31,29832,2,30,Pack,19,881.79,0,0
2026-08-31,29833,2,25,Pack,18,365.4,0,0
2026-08-31,29423,2,18,Dispatch,12,869.16,12,156
2026-08-31,29424,2,6,Dispatch,14,239.54,14,182
2026-08-31,29425,2,18,Dispatch,20,1448.6,20,260
2026-08-31,29426,2,3,Dispatch,4,210.12,4,52
2026-08-31,29427,2,2,Dispatch,12,1093.68,12,156
2026-08-31,29428,2,10,Dispatch,10,984.7,10,130
2026-08-31,29460,2,19,Dispatch,9,190.26,9,108
2026-08-31,29461,2,23,Dispatch,19,2356.95,19,228
2026-08-31,29462,2,28,Dispatch,18,282.06,18,216
2026-08-31,29463,2,1,Dispatch,16,1917.76,16,192
2026-08-31,29464,2,17,Dispatch,12,1376.04,12,144
2026-08-31,29465,2,20,Dispatch,14,1269.38,14,168
2026-08-31,29466,2,9,Dispatch,13,205.92,13,156
2026-08-31,29467,2,2,Dispatch,7,637.98,7,84
2026-08-31,29468,2,13,Dispatch,14,1588.44,14,168
2026-08-31,29469,2,4,Dispatch,14,1696.52,14,168
2026-08-31,29470,2,13,Dispatch,12,1361.52,12,144
2026-08-31,29471,2,29,Dispatch,14,315.14,14,168
2026-08-31,29503,2,10,Dispatch,6,590.82,6,66
2026-08-31,29504,2,23,Dispatch,15,1860.75,15,165
2026-08-31,29505,2,19,Dispatch,5,105.7,5,55
2026-08-31,29506,2,23,Dispatch,3,372.15,3,33
2026-08-31,29507,2,9,Dispatch,5,79.2,5,55
2026-08-31,29508,2,30,Dispatch,18,835.38,18,198
2026-08-31,29509,2,28,Dispatch,14,219.38,14,154
2026-08-31,29510,2,29,Dispatch,19,427.69,19,209
2026-08-31,29511,2,31,Dispatch,7,232.75,7,77
2026-08-31,29512,2,31,Dispatch,8,266.0,8,88
2026-08-31,29513,2,7,Dispatch,4,350.84,4,44
2026-08-31,29514,2,23,Dispatch,13,1612.65,13,143
2026-08-31,29515,2,6,Dispatch,17,290.87,17,187
2026-08-31,29516,2,21,Dispatch,16,530.24,16,176
2026-08-31,29546,2,26,Dispatch,16,1379.68,16,160
2026-08-31,29547,2,6,Dispatch,2,34.22,2,20
2026-08-31,29548,2,28,Dispatch,21,329.07,21,210
2026-08-31,29549,2,21,Dispatch,20,662.8,20,200
2026-08-31,29550,2,20,Dispatch,5,453.35,5,50
2026-08-31,29551,2,13,Dispatch,10,1134.6,10,100
2026-08-31,29552,2,11,Dispatch,18,1490.76,18,180
2026-08-31,29553,2,26,Dispatch,19,1638.37,19,190
2026-08-31,29554,2,31,Dispatch,4,133.0,4,40
2026-08-31,29555,2,14,Dispatch,3,279.06,3,30
2026-08-31,29556,2,30,Dispatch,18,835.38,18,180
2026-08-31,29557,2,21,Dispatch,21,695.94,21,210
2026-08-31,29558,2,29,Dispatch,6,135.06,6,60
2026-08-31,29559,2,3,Dispatch,5,262.65,5,50
2026-08-31,29561,2,10,Dispatch,8,787.76,8,80
2026-08-31,29562,2,27,Dispatch,9,1098.0,9,90
2026-08-31,29380,2,32,Dispatch,11,180.07,11,154
2026-08-31,29594,2,28,Dispatch,19,297.73,19,133
2026-08-31,29595,2,4,Dispatch,19,2302.42,0,133
2026-08-31,29596,2,11,Dispatch,11,911.02,11,77
2026-08-31,29598,2,16,Dispatch,17,587.35,0,119
2026-08-31,29599,2,13,Dispatch,20,2269.2,0,140
2026-08-31,29601,2,30,Dispatch,12,556.92,12,84
2026-08-31,29602,2,15,Dispatch,11,787.93,0,77
2026-08-31,29603,2,26,Dispatch,7,603.61,0,49
2026-08-31,29604,2,20,Dispatch,5,453.35,5,35
2026-08-31,29605,2,20,Dispatch,13,1178.71,13,91
2026-08-31,29606,2,5,Dispatch,22,191.62,22,154
2026-08-31,29607,2,15,Dispatch,14,1002.82,14,98
2026-08-31,29635,2,23,Dispatch,5,620.25,5,30
2026-08-31,29636,2,20,Dispatch,7,634.69,7,42
2026-08-31,29637,2,25,Dispatch,5,101.5,0,30
2026-08-31,29638,2,25,Dispatch,12,243.6,12,72
2026-08-31,29639,2,29,Dispatch,20,450.2,20,120
2026-08-31,29640,2,14,Dispatch,5,465.1,5,30
2026-08-31,29641,2,22,Dispatch,3,87.18,3,18
2026-08-31,29642,2,5,Dispatch,7,60.97,7,42
2026-08-31,29643,2,23,Dispatch,14,1736.7,0,84
2026-08-31,29644,2,17,Dispatch,17,1949.39,0,102
2026-08-31,29645,2,28,Dispatch,7,109.69,7,42
2026-08-31,29646,2,10,Dispatch,17,1673.99,0,102
2026-08-31,29647,2,5,Dispatch,20,174.2,20,120
2026-08-31,29648,2,23,Dispatch,12,1488.6,12,72
2026-08-31,29649,2,15,Dispatch,7,501.41,0,42
2026-08-31,29650,2,4,Dispatch,12,1454.16,12,72
2026-08-31,29651,2,9,Dispatch,17,269.28,17,102
2026-08-31,29652,2,20,Dispatch,3,272.01,3,18
2026-08-31,29688,2,15,Dispatch,8,573.04,0,40
2026-08-31,29689,2,30,Dispatch,14,649.74,0,70
2026-08-31,29690,2,14,Dispatch,8,744.16,0,40
2026-08-31,29691,2,30,Dispatch,9,417.69,0,45
2026-08-31,29692,2,26,Dispatch,10,862.3,0,50
2026-08-31,29693,2,4,Dispatch,3,363.54,0,15
2026-08-31,29694,2,4,Dispatch,5,605.9,0,25
2026-08-31,29695,2,2,Dispatch,8,729.12,0,40
2026-08-31,29696,2,11,Dispatch,19,1573.58,0,95
2026-08-31,29697,2,14,Dispatch,21,1953.42,0,105
2026-08-31,29698,2,18,Dispatch,9,651.87,0,45
2026-08-31,29699,2,15,Dispatch,22,1575.86,0,110
2026-08-31,29728,2,26,Dispatch,18,1552.14,0,72
2026-08-31,29729,2,29,Dispatch,18,405.18,0,72
2026-08-31,29730,2,12,Dispatch,22,1998.7,0,88
2026-08-31,29731,2,18,Dispatch,11,796.73,0,44
2026-08-31,29732,2,18,Dispatch,10,724.3,0,40
2026-08-31,29733,2,5,Dispatch,17,148.07,0,68
2026-08-31,29734,2,15,Dispatch,9,644.67,0,36
2026-08-31,29735,2,28,Dispatch,10,156.7,0,40
2026-08-31,29736,2,11,Dispatch,6,496.92,0,24
2026-08-31,29737,2,28,Dispatch,21,329.07,0,84
2026-08-31,29738,2,4,Dispatch,19,2302.42,0,76
2026-08-31,29739,2,21,Dispatch,20,662.8,0,80
2026-08-31,29740,2,28,Dispatch,18,282.06,0,72
2026-08-31,29741,2,9,Dispatch,3,47.52,0,12
2026-08-31,29742,2,12,Dispatch,18,1635.3,0,72
2026-08-31,29743,2,16,Dispatch,21,725.55,0,84
2026-08-31,29744,2,23,Dispatch,11,1364.55,0,44
2026-08-31,29778,2,23,Dispatch,1,124.05,0,3
2026-08-31,29779,2,14,Dispatch,6,558.12,0,18
2026-08-31,29780,2,13,Dispatch,22,2496.12,0,66
2026-08-31,29781,2,24,Dispatch,19,2389.25,0,57
2026-08-31,29782,2,27,Dispatch,13,1586.0,0,39
2026-08-31,29783,2,13,Dispatch,17,1928.82,0,51
2026-08-31,29784,2,9,Dispatch,15,237.6,0,45
2026-08-31,29785,2,3,Dispatch,17,893.01,0,51
2026-08-31,29786,2,18,Dispatch,5,362.15,0,15
2026-08-31,29787,2,18,Dispatch,18,1303.74,0,54
2026-08-31,29788,2,25,Dispatch,13,263.9,0,39
2026-08-31,29789,2,17,Dispatch,7,802.69,0,21
2026-08-31,29790,2,12,Dispatch,12,1090.2,0,36
2026-08-31,29791,2,18,Dispatch,16,1158.88,0,48
2026-08-31,29707,3,32,Pick,3,49.11,0,15
2026-08-31,29521,3,14,Pack,3,279.06,3,33
2026-08-31,29530,3,14,Pack,9,837.18,9,99
2026-08-31,29659,3,14,Pack,6,558.12,6,36
2026-08-31,29705,3,14,Pack,21,1953.42,0,105
2026-08-31,29801,3,16,Pack,12,414.6,0,36
2026-08-31,29836,3,4,Pack,4,484.72,0,0
2026-08-31,29837,3,26,Pack,7,603.61,0,0
2026-08-31,29838,3,30,Pack,6,278.46,0,0
2026-08-31,29839,3,11,Pack,3,248.46,0,0
2026-08-31,29840,3,23,Pack,9,1116.45,0,0
2026-08-31,29841,3,12,Pack,8,726.8,0,0
2026-08-31,29842,3,9,Pack,20,316.8,0,0
2026-08-31,29843,3,2,Pack,15,1367.1,0,0
2026-08-31,29844,3,12,Pack,8,726.8,0,0
2026-08-31,29845,3,28,Pack,13,203.71,0,0
2026-08-31,29846,3,23,Pack,16,1984.8,0,0
2026-08-31,29847,3,27,Pack,13,1586.0,0,0
2026-08-31,29848,3,21,Pack,22,729.08,0,0
2026-08-31,29849,3,13,Pack,14,1588.44,0,0
2026-08-31,29850,3,17,Pack,7,802.69,0,0
2026-08-31,29851,3,4,Pack,12,1454.16,0,0
2026-08-31,29852,3,20,Pack,9,816.03,0,0
2026-08-31,29792,3,18,Dispatch,13,941.59,0,39
2026-08-31,29793,3,19,Dispatch,6,126.84,0,18
2026-08-31,29794,3,30,Dispatch,10,464.1,0,30
2026-08-31,29795,3,7,Dispatch,12,1052.52,0,36
2026-08-31,29796,3,21,Dispatch,17,563.38,0,51
2026-08-31,29797,3,9,Dispatch,9,142.56,0,27
2026-08-31,29798,3,2,Dispatch,7,637.98,0,21
2026-08-31,29799,3,15,Dispatch,13,931.19,0,39
2026-08-31,29800,3,11,Dispatch,13,1076.66,0,39
2026-08-31,29801,3,16,Dispatch,1,34.55,0,3
2026-08-31,29802,3,3,Dispatch,19,998.07,0,57
2026-08-31,29803,3,6,Dispatch,11,188.21,0,33
2026-08-31,29804,3,11,Dispatch,16,1325.12,0,48
2026-08-31,29805,3,4,Dispatch,15,1817.7,0,45
2026-08-31,29806,3,9,Dispatch,9,142.56,0,27
2026-08-31,29807,3,18,Dispatch,11,796.73,0,33
2026-08-31,29808,3,5,Dispatch,3,26.13,0,9
