Date,WarehouseID,ProductID,OpeningUnits,ReceivedUnits,ShippedUnits,StorageUnits,WIPUnits,ClosingUnits,ClosingValueUSD,DailyValueSumUSD,CalendarDays,StockoutDays,Age0to30USD,Age31to60USD,Age61to90USD,Age91to180USD,AgeOver180USD
2024-01-31,1,1,220,0,90,130,0,130,10052.9,441167.65,31,0,0.0,0.0,10052.9,0.0,0.0
2024-01-31,1,2,144,142,71,215,0,215,12642.0,296763.6,31,0,8349.6,4292.4,0.0,0.0,0.0
2024-01-31,1,3,179,145,59,241,24,265,8980.85,158706.87,31,0,4914.05,0.0,0.0,3253.44,0.0
2024-01-31,1,4,145,144,138,151,0,151,11805.18,300758.46,31,0,11257.92,547.26,0.0,0.0,0.0
2024-01-31,1,5,174,149,144,179,0,179,1005.98,23907.48,31,0,837.38,168.6,0.0,0.0,0.0
2024-01-31,1,6,179,0,87,92,0,92,1015.68,53036.16,31,0,0.0,1015.68,0.0,0.0,0.0
2024-01-31,1,7,189,0,59,126,4,130,7356.7,317130.36,31,0,0.0,0.0,0.0,7130.34,0.0
2024-01-31,1,8,126,126,49,203,0,203,9449.65,157571.75,31,0,5865.3,3584.35,0.0,0.0,0.0
2024-01-31,1,9,207,0,148,55,4,59,602.98,39009.74,31,0,0.0,562.1,0.0,0.0,0.0
2024-01-31,1,10,261,0,36,214,11,225,14294.25,498011.67,31,0,0.0,0.0,13595.42,0.0,0.0
2024-01-31,1,11,229,0,78,151,0,151,8067.93,313740.96,31,0,0.0,8067.93,0.0,0.0,0.0
2024-01-31,1,12,153,147,192,94,14,108,6329.88,207010.52,31,0,5509.34,0.0,0.0,0.0,0.0
2024-01-31,1,13,226,0,81,145,0,145,10614.0,427122.0,31,0,0.0,0.0,10614.0,0.0,0.0
2024-01-31,1,14,170,0,99,59,12,71,4260.71,244120.68,31,0,0.0,0.0,3540.59,0.0,0.0
2024-01-31,1,15,224,0,81,121,22,143,6608.03,247223.5,31,0,0.0,5591.41,0.0,0.0,0.0
2024-01-31,1,16,117,154,175,67,29,96,2139.84,76164.93,31,0,1493.43,0.0,0.0,0.0,0.0
2024-01-31,1,17,270,0,148,122,0,122,9025.56,484716.96,31,0,0.0,0.0,0.0,9025.56,0.0
2024-01-31,1,18,193,0,125,50,18,68,3177.64,180190.88,31,0,0.0,2336.5,0.0,0.0,0.0
2024-01-31,1,19,233,0,114,110,9,119,1623.16,64421.72,31,0,0.0,1500.4,0.0,0.0,0.0
2024-01-31,1,20,206,0,123,67,16,83,4855.5,327483.0,31,0,0.0,0.0,3919.5,0.0,0.0
2024-01-31,1,21,238,0,87,147,4,151,3228.38,136147.84,31,0,0.0,3142.86,0.0,0.0,0.0
2024-01-31,1,22,166,144,117,193,0,193,3618.75,81618.75,31,0,2700.0,918.75,0.0,0.0,0.0
2024-01-31,1,23,260,0,156,104,0,104,8323.12,495145.61,31,0,0.0,0.0,0.0,8323.12,0.0
2024-01-31,1,24,165,128,31,243,19,262,21256.06,395021.97,31,0,10384.64,0.0,0.0,9329.95,0.0
2024-01-31,1,25,155,171,168,158,0,158,2069.8,55177.2,31,0,2069.8,0.0,0.0,0.0,0.0
2024-01-31,1,26,167,0,66,101,0,101,5618.63,245272.67,31,0,0.0,5618.63,0.0,0.0,0.0
2024-01-31,1,27,173,0,60,106,7,113,8894.23,353880.16,31,0,0.0,0.0,8343.26,0.0,0.0
2024-01-31,1,28,225,0,120,87,18,105,1061.55,45909.51,31,0,0.0,0.0,879.57,0.0,0.0
2024-01-31,1,29,223,0,67,156,0,156,2265.12,91403.4,31,0,0.0,2265.12,0.0,0.0,0.0
2024-01-31,1,30,251,0,88,143,20,163,4880.22,192454.32,31,0,0.0,0.0,0.0,4281.42,0.0
2024-01-31,1,31,165,0,101,59,5,64,1372.8,70098.6,31,0,0.0,1265.55,0.0,0.0,0.0
2024-01-31,1,32,164,0,98,40,26,66,696.96,40286.4,31,0,0.0,422.4,0.0,0.0,0.0
2024-01-31,2,1,154,0,35,114,5,119,9202.27,322930.08,31,0,0.0,0.0,8815.62,0.0,0.0
2024-01-31,2,2,178,0,57,121,0,121,7114.8,273714.0,31,0,0.0,0.0,0.0,7114.8,0.0
2024-01-31,2,3,160,145,103,163,39,202,6845.78,137390.06,31,0,4914.05,610.02,0.0,0.0,0.0
2024-01-31,2,4,166,0,63,103,0,103,8052.54,307716.48,31,0,0.0,0.0,8052.54,0.0,0.0
2024-01-31,2,5,258,0,83,170,5,175,983.5,39958.2,31,0,0.0,0.0,955.4,0.0,0.0
2024-01-31,2,6,172,0,47,118,7,125,1380.0,50596.32,31,0,0.0,0.0,0.0,1302.72,0.0
2024-01-31,2,7,168,0,124,44,0,44,2489.96,221210.31,31,0,0.0,0.0,2489.96,0.0,0.0
2024-01-31,2,8,144,122,140,104,22,126,5865.3,153894.3,31,0,4841.2,0.0,0.0,0.0,0.0
2024-01-31,2,9,242,0,108,114,20,134,1369.48,61963.86,31,0,0.0,0.0,0.0,1165.08,0.0
2024-01-31,2,10,252,0,157,82,13,95,6035.35,312122.89,31,0,0.0,0.0,0.0,5209.46,0.0
2024-01-31,2,11,268,0,147,112,9,121,6465.03,341631.42,31,0,0.0,0.0,0.0,5984.16,0.0
2024-01-31,2,12,250,0,92,150,8,158,9260.38,375983.15,31,0,0.0,0.0,8791.5,0.0,0.0
2024-01-31,2,13,250,0,50,176,24,200,14640.0,539630.4,31,0,0.0,0.0,0.0,12883.2,0.0
2024-01-31,2,14,213,0,86,111,16,127,7621.27,308511.41,31,0,0.0,0.0,6661.11,0.0,0.0
2024-01-31,2,15,144,0,67,77,0,77,3558.17,168897.55,31,0,0.0,0.0,3558.17,0.0,0.0
2024-01-31,2,16,157,142,147,138,14,152,3388.08,88402.14,31,0,3076.02,0.0,0.0,0.0,0.0
2024-01-31,2,17,148,190,130,208,0,208,15387.84,174148.92,31,0,14056.2,1331.64,0.0,0.0,0.0
2024-01-31,2,18,198,148,69,274,3,277,12944.21,227481.64,31,0,6916.04,5887.98,0.0,0.0,0.0
2024-01-31,2,19,186,0,69,99,18,117,1595.88,62716.72,31,0,0.0,1350.36,0.0,0.0,0.0
2024-01-31,2,20,220,0,97,123,0,123,7195.5,288580.5,31,0,0.0,0.0,7195.5,0.0,0.0
2024-01-31,2,21,237,0,135,102,0,102,2180.76,109978.72,31,0,0.0,0.0,2180.76,0.0,0.0
2024-01-31,2,22,269,0,75,173,21,194,3637.5,137400.0,31,0,0.0,3243.75,0.0,0.0,0.0
2024-01-31,2,23,237,0,92,137,8,145,11604.35,466814.99,31,0,0.0,0.0,10964.11,0.0,0.0
2024-01-31,2,24,128,164,128,65,99,164,13305.32,122344.04,31,11,5273.45,0.0,0.0,0.0,0.0
2024-01-31,2,25,168,141,100,209,0,209,2737.9,60849.5,31,0,1847.1,0.0,890.8,0.0,0.0
2024-01-31,2,26,213,0,181,32,0,32,1780.16,236594.39,31,0,0.0,0.0,1780.16,0.0,0.0
2024-01-31,2,27,176,0,18,156,2,158,12436.18,389771.92,31,0,0.0,12278.76,0.0,0.0,0.0
2024-01-31,2,28,268,0,207,61,0,61,616.71,48881.85,31,0,0.0,0.0,0.0,616.71,0.0
2024-01-31,2,29,218,0,84,119,15,134,1945.68,73776.12,31,0,0.0,0.0,0.0,1727.88,0.0
2024-01-31,2,30,218,0,135,64,19,83,2485.02,158053.26,31,0,0.0,0.0,0.0,1916.16,0.0
2024-01-31,2,31,257,0,62,195,0,195,4182.75,162183.45,31,0,0.0,0.0,0.0,4182.75,0.0
2024-01-31,2,32,165,140,136,169,0,169,1784.64,39695.04,31,0,1478.4,0.0,0.0,306.24,0.0
2024-01-31,3,1,264,0,129,135,0,135,10439.55,450292.59,31,0,0.0,0.0,10439.55,0.0,0.0
2024-01-31,3,2,181,0,78,78,25,103,6056.4,268186.8,31,0,0.0,0.0,0.0,4586.4,0.0
2024-01-31,3,3,256,0,155,101,0,101,3422.89,190292.35,31,0,0.0,0.0,0.0,3422.89,0.0
2024-01-31,3,4,166,152,84,234,0,234,18294.12,325385.16,31,0,11883.36,0.0,6410.76,0.0,0.0
2024-01-31,3,5,182,0,106,71,5,76,427.12,23334.24,31,0,0.0,0.0,399.02,0.0,0.0
2024-01-31,3,6,217,0,65,131,21,152,1678.08,63756.0,31,0,0.0,0.0,0.0,1446.24,0.0
2024-01-31,3,7,229,0,112,117,0,117,6621.03,265859.82,31,0,0.0,6621.03,0.0,0.0,0.0
2024-01-31,3,8,170,0,155,15,0,15,698.25,167440.35,31,0,0.0,0.0,698.25,0.0,0.0
2024-01-31,3,9,268,0,92,176,0,176,1798.72,69925.24,31,0,0.0,0.0,1798.72,0.0,0.0
2024-01-31,3,10,251,0,107,144,0,144,9148.32,372285.8,31,0,0.0,0.0,0.0,9148.32,0.0
2024-01-31,3,11,256,0,58,177,21,198,10579.14,396236.88,31,0,0.0,0.0,9457.11,0.0,0.0
2024-01-31,3,12,208,0,71,119,18,137,8029.57,321300.02,31,0,0.0,0.0,6974.59,0.0,0.0
2024-01-31,3,13,235,0,62,173,0,173,12663.6,483778.8,31,0,0.0,0.0,0.0,12663.6,0.0
2024-01-31,3,14,238,0,94,114,30,144,8641.44,352918.81,31,0,0.0,0.0,6841.14,0.0,0.0
2024-01-31,3,15,206,0,85,121,0,121,5591.41,238120.13,31,0,0.0,0.0,5591.41,0.0,0.0
2024-01-31,3,16,139,126,62,183,20,203,4524.87,74782.95,31,0,2808.54,0.0,0.0,1270.53,0.0
2024-01-31,3,17,185,153,67,271,0,271,20048.58,378629.64,31,0,11318.94,0.0,0.0,8729.64,0.0
2024-01-31,3,18,174,164,33,305,0,305,14252.65,239771.63,31,0,7663.72,0.0,0.0,6588.93,0.0
2024-01-31,3,19,202,0,118,70,14,84,1145.76,69318.48,31,0,0.0,0.0,954.8,0.0,0.0
2024-01-31,3,20,142,0,71,38,33,71,4153.5,197847.0,31,0,0.0,0.0,0.0,2223.0,0.0
2024-01-31,3,21,191,0,119,53,19,72,1539.36,76861.1,31,0,0.0,1133.14,0.0,0.0,0.0
2024-01-31,3,22,200,0,100,100,0,100,1875.0,91425.0,31,0,0.0,0.0,0.0,1875.0,0.0
2024-01-31,3,23,241,0,128,82,31,113,9043.39,405111.86,31,0,0.0,0.0,0.0,6562.46,0.0
2024-01-31,3,24,136,162,108,187,3,190,15414.7,228867.73,31,0,13143.06,2028.25,0.0,0.0,0.0
2024-01-31,3,25,206,0,156,50,0,50,655.0,50919.7,31,0,0.0,0.0,0.0,655.0,0.0
2024-01-31,3,26,171,0,65,93,13,106,5896.78,243325.62,31,0,0.0,0.0,5173.59,0.0,0.0
2024-01-31,3,27,146,144,126,147,17,164,12908.44,310825.79,31,0,11334.24,0.0,0.0,236.13,0.0
2024-01-31,3,28,236,0,129,107,0,107,1081.77,55453.35,31,0,0.0,0.0,0.0,1081.77,0.0
2024-01-31,3,29,201,0,108,93,0,93,1350.36,62421.48,31,0,0.0,0.0,1350.36,0.0,0.0
2024-01-31,3,30,213,0,122,91,0,91,2724.54,148232.94,31,0,0.0,0.0,2724.54,0.0,0.0
2024-01-31,3,31,201,156,154,203,0,203,4354.35,102938.55,31,0,3346.2,0.0,1008.15,0.0,0.0
2024-01-31,3,32,131,0,44,80,7,87,918.72,34362.24,31,0,0.0,844.8,0.0,0.0,0.0
2024-02-29,1,1,130,169,185,114,0,114,8815.62,263849.96,29,3,8815.62,0.0,0.0,0.0,0.0
2024-02-29,1,2,215,0,93,118,4,122,7173.6,283768.8,29,0,0.0,6938.4,0.0,0.0,0.0
2024-02-29,1,3,265,0,92,147,26,173,5862.97,221437.26,29,0,0.0,4914.05,0.0,67.78,0.0
2024-02-29,1,4,151,0,102,49,0,49,3830.82,261668.46,29,0,0.0,3830.82,0.0,0.0,0.0
2024-02-29,1,5,179,0,84,95,0,95,533.9,22047.26,29,0,0.0,533.9,0.0,0.0,0.0
2024-02-29,1,6,92,143,92,125,18,143,1578.72,52605.6,29,0,1380.0,0.0,0.0,0.0,0.0
2024-02-29,1,7,130,141,78,188,5,193,10921.87,185275.66,29,0,7979.19,0.0,0.0,2659.73,0.0
2024-02-29,1,8,203,0,146,57,0,57,2653.35,185175.9,29,0,0.0,2653.35,0.0,0.0,0.0
2024-02-29,1,9,59,151,71,139,0,139,1420.58,44661.4,29,0,1420.58,0.0,0.0,0.0,0.0
2024-02-29,1,10,225,0,83,120,22,142,9021.26,339440.79,29,0,0.0,0.0,0.0,7623.6,0.0
2024-02-29,1,11,151,0,14,113,24,137,7319.91,226703.49,29,0,0.0,0.0,6037.59,0.0,0.0
2024-02-29,1,12,108,148,165,91,0,91,5333.51,198394.85,29,0,5333.51,0.0,0.0,0.0,0.0
2024-02-29,1,13,145,146,173,118,0,118,8637.6,278013.6,29,0,8637.6,0.0,0.0,0.0,0.0
2024-02-29,1,14,71,158,129,87,13,100,6001.0,291168.52,29,0,5220.87,0.0,0.0,0.0,0.0
2024-02-29,1,15,143,0,60,83,0,83,3835.43,144591.09,29,0,0.0,0.0,3835.43,0.0,0.0
2024-02-29,1,16,96,122,172,46,0,46,1025.34,64128.33,29,0,1025.34,0.0,0.0,0.0,0.0
2024-02-29,1,17,122,145,70,192,5,197,14574.06,311973.66,29,0,10727.1,0.0,0.0,3477.06,0.0
2024-02-29,1,18,68,159,66,157,4,161,7523.53,243977.33,29,0,7336.61,0.0,0.0,0.0,0.0
2024-02-29,1,19,119,142,132,101,28,129,1759.56,48476.56,29,0,1377.64,0.0,0.0,0.0,0.0
2024-02-29,1,20,83,154,81,156,0,156,9126.0,212998.5,29,0,9009.0,0.0,117.0,0.0,0.0
2024-02-29,1,21,151,149,121,171,8,179,3827.02,92725.06,29,0,3185.62,0.0,470.36,0.0,0.0
2024-02-29,1,22,193,0,46,138,9,147,2756.25,95118.75,29,0,0.0,2587.5,0.0,0.0,0.0
2024-02-29,1,23,104,148,68,163,21,184,14725.52,406232.28,29,0,11844.44,0.0,0.0,1200.45,0.0
2024-02-29,1,24,262,0,90,172,0,172,13954.36,524829.97,29,0,10384.64,0.0,0.0,3569.72,0.0
2024-02-29,1,25,158,0,44,105,9,114,1493.4,49098.8,29,0,0.0,1375.5,0.0,0.0,0.0
2024-02-29,1,26,101,141,56,186,0,186,10347.18,227916.11,29,0,7843.83,0.0,2503.35,0.0,0.0
2024-02-29,1,27,113,141,105,149,0,149,11727.79,264701.73,29,0,11098.11,0.0,0.0,629.68,0.0
2024-02-29,1,28,105,147,137,106,9,115,1162.65,37882.17,29,0,1071.66,0.0,0.0,0.0,0.0
2024-02-29,1,29,156,0,124,22,10,32,464.64,40176.84,29,0,0.0,0.0,319.44,0.0,0.0
2024-02-29,1,30,163,0,84,72,7,79,2365.26,103023.54,29,0,0.0,0.0,0.0,2155.68,0.0
2024-02-29,1,31,64,154,100,90,28,118,2531.1,65036.4,29,0,1930.5,0.0,0.0,0.0,0.0
2024-02-29,1,32,66,128,126,49,19,68,718.08,26579.52,29,0,517.44,0.0,0.0,0.0,0.0
2024-02-29,2,1,119,142,116,137,8,145,11212.85,286584.98,29,0,10594.21,0.0,0.0,0.0,0.0
2024-02-29,2,2,121,144,98,163,4,167,9819.6,344038.8,29,0,8467.2,0.0,0.0,1117.2,0.0
2024-02-29,2,3,202,0,73,122,7,129,4371.81,151657.75,29,0,0.0,4134.58,0.0,0.0,0.0
2024-02-29,2,4,103,145,125,123,0,123,9616.14,295051.32,29,0,9616.14,0.0,0.0,0.0,0.0
2024-02-29,2,5,175,0,84,91,0,91,511.42,21356.0,29,0,0.0,0.0,0.0,511.42,0.0
2024-02-29,2,6,125,147,131,134,7,141,1556.64,47604.48,29,0,1479.36,0.0,0.0,0.0,0.0
2024-02-29,2,7,44,288,114,208,10,218,12336.62,124158.46,29,0,11770.72,0.0,0.0,0.0,0.0
2024-02-29,2,8,126,126,80,172,0,172,8006.6,152590.9,29,0,5865.3,2141.3,0.0,0.0,0.0
2024-02-29,2,9,134,170,143,155,6,161,1645.42,41155.94,29,0,1584.1,0.0,0.0,0.0,0.0
2024-02-29,2,10,95,152,145,85,17,102,6480.06,113591.64,29,4,5400.05,0.0,0.0,0.0,0.0
2024-02-29,2,11,121,0,60,40,21,61,3259.23,151901.49,29,0,0.0,0.0,0.0,2137.2,0.0
2024-02-29,2,12,158,0,122,36,0,36,2109.96,204607.51,29,0,0.0,0.0,0.0,2109.96,0.0
2024-02-29,2,13,200,0,106,91,3,94,6880.8,267326.4,29,0,0.0,0.0,0.0,6661.2,0.0
2024-02-29,2,14,127,162,122,159,8,167,10021.67,222457.07,29,0,9541.59,0.0,0.0,0.0,0.0
2024-02-29,2,15,77,152,78,151,0,151,6977.71,217972.57,29,0,6977.71,0.0,0.0,0.0,0.0
2024-02-29,2,16,152,0,38,114,0,114,2541.06,83587.5,29,0,0.0,2541.06,0.0,0.0,0.0
2024-02-29,2,17,208,0,97,100,11,111,8211.78,343933.02,29,0,7398.0,0.0,0.0,0.0,0.0
2024-02-29,2,18,277,0,181,84,12,96,4486.08,282716.5,29,0,3925.32,0.0,0.0,0.0,0.0
2024-02-29,2,19,117,142,94,130,35,165,2250.6,53550.64,29,0,1773.2,0.0,0.0,0.0,0.0
2024-02-29,2,20,123,141,57,207,0,207,12109.5,362700.0,29,0,8248.5,0.0,0.0,3861.0,0.0
2024-02-29,2,21,102,150,13,227,12,239,5109.82,138328.6,29,0,3207.0,0.0,0.0,1646.26,0.0
2024-02-29,2,22,194,0,58,116,20,136,2550.0,82031.25,29,0,0.0,0.0,2175.0,0.0,0.0
2024-02-29,2,23,145,151,112,170,14,184,14725.52,429040.83,29,0,12084.53,0.0,0.0,1520.57,0.0
2024-02-29,2,24,164,128,251,38,3,41,3326.33,184814.14,29,0,3082.94,0.0,0.0,0.0,0.0
2024-02-29,2,25,209,0,166,28,15,43,563.3,49203.6,29,0,0.0,366.8,0.0,0.0,0.0
2024-02-29,2,26,32,154,127,59,0,59,3282.17,196818.94,29,0,3282.17,0.0,0.0,0.0,0.0
2024-02-29,2,27,158,143,139,145,17,162,12751.02,297602.51,29,0,11255.53,0.0,157.42,0.0,0.0
2024-02-29,2,28,61,173,117,117,0,117,1182.87,53057.28,29,0,1182.87,0.0,0.0,0.0,0.0
2024-02-29,2,29,134,156,147,128,15,143,2076.36,69942.84,29,0,1858.56,0.0,0.0,0.0,0.0
2024-02-29,2,30,83,141,131,81,12,93,2784.42,84670.32,29,2,2425.14,0.0,0.0,0.0,0.0
2024-02-29,2,31,195,0,103,92,0,92,1973.4,96289.05,29,0,0.0,0.0,0.0,1973.4,0.0
2024-02-29,2,32,169,138,169,135,3,138,1457.28,34710.72,29,1,1425.6,0.0,0.0,0.0,0.0
2024-02-29,3,1,135,0,22,107,6,113,8738.29,272897.57,29,0,0.0,0.0,0.0,8274.31,0.0
2024-02-29,3,2,103,148,65,186,0,186,10936.8,330220.8,29,0,8702.4,0.0,0.0,2234.4,0.0
2024-02-29,3,3,101,144,196,49,0,49,1660.61,106075.7,29,0,1660.61,0.0,0.0,0.0,0.0
2024-02-29,3,4,234,0,102,132,0,132,10319.76,454773.06,29,0,0.0,10319.76,0.0,0.0,0.0
2024-02-29,3,5,76,156,122,90,20,110,618.2,26037.46,29,0,505.8,0.0,0.0,0.0,0.0
2024-02-29,3,6,152,148,110,181,9,190,2097.6,46809.6,29,0,1633.92,0.0,0.0,364.32,0.0
2024-02-29,3,7,117,0,25,71,21,92,5206.28,171920.42,29,0,0.0,0.0,4017.89,0.0,0.0
2024-02-29,3,8,15,282,101,183,13,196,9123.8,137555.25,29,0,8518.65,0.0,0.0,0.0,0.0
2024-02-29,3,9,176,0,40,136,0,136,1389.92,47349.26,29,0,0.0,0.0,0.0,1389.92,0.0
2024-02-29,3,10,144,145,126,143,20,163,10355.39,206599.56,29,0,9084.79,0.0,0.0,0.0,0.0
2024-02-29,3,11,198,0,120,41,37,78,4167.54,228466.68,29,0,0.0,0.0,0.0,2190.63,0.0
2024-02-29,3,12,137,145,217,65,0,65,3809.65,169969.0,29,1,3809.65,0.0,0.0,0.0,0.0
2024-02-29,3,13,173,0,52,121,0,121,8857.2,346016.4,29,0,0.0,0.0,0.0,8857.2,0.0
2024-02-29,3,14,144,152,93,186,17,203,12182.03,265424.23,29,0,9121.52,0.0,0.0,2040.34,0.0
2024-02-29,3,15,121,160,114,158,9,167,7717.07,160810.8,29,0,7301.18,0.0,0.0,0.0,0.0
2024-02-29,3,16,203,0,96,107,0,107,2385.03,100773.09,29,0,0.0,2385.03,0.0,0.0,0.0
2024-02-29,3,17,271,0,69,199,3,202,14943.96,526145.76,29,0,11318.94,0.0,0.0,3403.08,0.0
2024-02-29,3,18,305,0,103,202,0,202,9439.46,333418.55,29,0,7663.72,0.0,0.0,1775.74,0.0
2024-02-29,3,19,84,292,174,179,23,202,2755.28,53168.72,29,0,2441.56,0.0,0.0,0.0,0.0
2024-02-29,3,20,71,196,78,189,0,189,11056.5,250029.0,29,0,11056.5,0.0,0.0,0.0,0.0
2024-02-29,3,21,72,166,62,143,33,176,3762.88,88769.76,29,0,3057.34,0.0,0.0,0.0,0.0
2024-02-29,3,22,100,148,70,150,28,178,3337.5,76725.0,29,0,2775.0,0.0,0.0,37.5,0.0
2024-02-29,3,23,113,164,155,115,7,122,9763.66,266659.96,29,0,9203.45,0.0,0.0,0.0,0.0
2024-02-29,3,24,190,0,84,86,20,106,8599.78,378390.32,29,0,6977.18,0.0,0.0,0.0,0.0
2024-02-29,3,25,50,291,133,203,5,208,2724.8,49242.9,29,0,2659.3,0.0,0.0,0.0,0.0
2024-02-29,3,26,106,154,105,155,0,155,8622.65,179351.12,29,0,8567.02,0.0,0.0,55.63,0.0
2024-02-29,3,27,164,0,72,92,0,92,7241.32,269030.78,29,0,0.0,7241.32,0.0,0.0,0.0
2024-02-29,3,28,107,147,72,182,0,182,1840.02,47041.83,29,0,1486.17,0.0,0.0,353.85,0.0
2024-02-29,3,29,93,148,79,162,0,162,2352.24,36938.88,29,0,2148.96,0.0,0.0,203.28,0.0
2024-02-29,3,30,91,158,118,121,10,131,3922.14,88293.06,29,0,3622.74,0.0,0.0,0.0,0.0
2024-02-29,3,31,203,0,64,139,0,139,2981.55,104718.9,29,0,0.0,2981.55,0.0,0.0,0.0
2024-02-29,3,32,87,130,163,34,20,54,570.24,26875.2,29,3,359.04,0.0,0.0,0.0,0.0
2024-03-31,1,1,114,160,149,119,6,125,9666.25,235624.51,31,2,9202.27,0.0,0.0,0.0,0.0
2024-03-31,1,2,122,143,125,111,29,140,8232.0,251017.2,31,0,6526.8,0.0,0.0,0.0,0.0
2024-03-31,1,3,173,0,157,6,10,16,542.24,63001.51,31,0,0.0,0.0,203.34,0.0,0.0
2024-03-31,1,4,49,295,162,182,0,182,14228.76,297787.62,31,0,14228.76,0.0,0.0,0.0,0.0
2024-03-31,1,5,95,151,127,119,0,119,668.78,33624.46,31,0,668.78,0.0,0.0,0.0,0.0
2024-03-31,1,6,143,154,140,152,5,157,1733.28,45782.88,31,0,1678.08,0.0,0.0,0.0,0.0
2024-03-31,1,7,193,0,36,152,5,157,8884.63,315206.3,31,0,0.0,7979.19,0.0,622.49,0.0
2024-03-31,1,8,57,266,115,196,12,208,9682.4,172048.8,31,0,9123.8,0.0,0.0,0.0,0.0
2024-03-31,1,9,139,149,136,152,0,152,1553.44,39725.14,31,0,1522.78,30.66,0.0,0.0,0.0
2024-03-31,1,10,142,153,108,179,8,187,11880.11,255708.25,31,0,9720.09,0.0,0.0,1651.78,0.0
2024-03-31,1,11,137,143,141,130,9,139,7426.77,223711.41,31,0,6945.9,0.0,0.0,0.0,0.0
2024-03-31,1,12,91,163,73,154,27,181,10608.41,278514.72,31,0,9025.94,0.0,0.0,0.0,0.0
2024-03-31,1,13,118,154,111,161,0,161,11785.2,273036.0,31,0,11272.8,512.4,0.0,0.0,0.0
2024-03-31,1,14,100,142,120,116,6,122,7321.22,290748.45,31,0,6961.16,0.0,0.0,0.0,0.0
2024-03-31,1,15,83,146,40,189,0,189,8733.69,261178.92,31,0,6746.66,0.0,0.0,1987.03,0.0
2024-03-31,1,16,46,138,39,135,10,145,3232.05,103403.31,31,0,3009.15,0.0,0.0,0.0,0.0
2024-03-31,1,17,197,141,60,278,0,278,20566.44,467627.58,31,0,10431.18,10135.26,0.0,0.0,0.0
2024-03-31,1,18,161,149,59,239,12,251,11729.23,328839.01,31,0,6962.77,4205.7,0.0,0.0,0.0
2024-03-31,1,19,129,145,96,157,21,178,2427.92,43075.12,31,0,1977.8,163.68,0.0,0.0,0.0
2024-03-31,1,20,156,153,114,195,0,195,11407.5,283257.0,31,0,8950.5,2457.0,0.0,0.0,0.0
2024-03-31,1,21,179,159,56,254,28,282,6029.16,117162.4,31,0,3399.42,2031.1,0.0,0.0,0.0
2024-03-31,1,22,147,0,9,138,0,138,2587.5,80212.5,31,0,0.0,0.0,2587.5,0.0,0.0
2024-03-31,1,23,184,143,102,215,10,225,18006.75,397909.16,31,0,11444.29,5762.16,0.0,0.0,0.0
2024-03-31,1,24,172,0,155,17,0,17,1379.21,237792.03,31,0,0.0,1379.21,0.0,0.0,0.0
2024-03-31,1,25,114,151,187,78,0,78,1021.8,47382.7,31,0,1021.8,0.0,0.0,0.0,0.0
2024-03-31,1,26,186,0,46,97,43,140,7788.2,293615.14,31,0,0.0,5396.11,0.0,0.0,0.0
2024-03-31,1,27,149,150,81,218,0,218,17158.78,319247.76,31,0,11806.5,5352.28,0.0,0.0,0.0
2024-03-31,1,28,115,147,65,176,21,197,1991.67,34141.47,31,0,1486.17,293.19,0.0,0.0,0.0
2024-03-31,1,29,32,180,100,103,9,112,1626.24,68766.72,31,0,1495.56,0.0,0.0,0.0,0.0
2024-03-31,1,30,79,145,102,122,0,122,3652.68,160568.22,31,0,3652.68,0.0,0.0,0.0,0.0
2024-03-31,1,31,118,160,141,122,15,137,2938.65,91763.1,31,0,2616.9,0.0,0.0,0.0,0.0
2024-03-31,1,32,68,126,114,58,22,80,844.8,37889.28,31,0,612.48,0.0,0.0,0.0,0.0
2024-03-31,2,1,145,157,207,89,6,95,7346.35,176080.41,31,4,6882.37,0.0,0.0,0.0,0.0
2024-03-31,2,2,167,0,74,89,4,93,5468.4,238375.2,31,0,0.0,5233.2,0.0,0.0,0.0
2024-03-31,2,3,129,143,39,196,37,233,7896.37,176329.67,31,0,4846.27,0.0,1796.17,0.0,0.0
2024-03-31,2,4,123,148,43,206,22,228,17825.04,356657.16,31,0,11570.64,4534.44,0.0,0.0,0.0
2024-03-31,2,5,91,148,97,114,28,142,798.04,28959.86,31,0,640.68,0.0,0.0,0.0,0.0
2024-03-31,2,6,141,151,80,212,0,212,2340.48,51424.32,31,0,1667.04,673.44,0.0,0.0,0.0
2024-03-31,2,7,218,0,64,154,0,154,8714.86,307000.75,31,0,0.0,8714.86,0.0,0.0,0.0
2024-03-31,2,8,172,0,104,52,16,68,3165.4,173724.6,31,0,0.0,2420.6,0.0,0.0,0.0
2024-03-31,2,9,161,0,71,90,0,90,919.8,42147.28,31,0,0.0,919.8,0.0,0.0,0.0
2024-03-31,2,10,102,149,58,162,31,193,12261.29,327751.27,31,0,9465.97,825.89,0.0,0.0,0.0
2024-03-31,2,11,61,150,122,89,0,89,4755.27,104081.64,31,1,4755.27,0.0,0.0,0.0,0.0
2024-03-31,2,12,36,151,119,68,0,68,3985.48,254894.89,31,0,3985.48,0.0,0.0,0.0,0.0
2024-03-31,2,13,94,145,77,162,0,162,11858.4,291336.0,31,0,10614.0,0.0,0.0,1244.4,0.0
2024-03-31,2,14,167,149,148,168,0,168,10081.68,243820.63,31,0,8941.49,1140.19,0.0,0.0,0.0
2024-03-31,2,15,151,156,82,225,0,225,10397.25,193157.8,31,0,7208.76,3188.49,0.0,0.0,0.0
2024-03-31,2,16,114,130,96,148,0,148,3298.92,84612.84,31,0,2897.7,0.0,401.22,0.0,0.0
2024-03-31,2,17,111,143,51,203,0,203,15017.94,404670.6,31,0,10579.14,4438.8,0.0,0.0,0.0
2024-03-31,2,18,96,157,97,136,20,156,7289.88,124535.45,31,0,6355.28,0.0,0.0,0.0,0.0
2024-03-31,2,19,165,141,146,139,21,160,2182.4,57888.16,31,0,1895.96,0.0,0.0,0.0,0.0
2024-03-31,2,20,207,0,127,59,21,80,4680.0,269451.0,31,0,0.0,3451.5,0.0,0.0,0.0
2024-03-31,2,21,239,0,144,95,0,95,2031.1,110363.56,31,0,0.0,2031.1,0.0,0.0,0.0
2024-03-31,2,22,136,144,103,168,9,177,3318.75,81206.25,31,0,2700.0,0.0,0.0,450.0,0.0
2024-03-31,2,23,184,154,98,229,11,240,19207.2,428000.44,31,0,12324.62,6002.25,0.0,0.0,0.0
2024-03-31,2,24,41,144,85,100,0,100,8113.0,171103.17,31,4,8113.0,0.0,0.0,0.0,0.0
2024-03-31,2,25,43,294,151,161,25,186,2436.6,46780.1,31,1,2109.1,0.0,0.0,0.0,0.0
2024-03-31,2,26,59,289,141,189,18,207,11515.41,259847.73,31,0,10514.07,0.0,0.0,0.0,0.0
2024-03-31,2,27,162,0,65,97,0,97,7634.87,308543.2,31,0,0.0,7634.87,0.0,0.0,0.0
2024-03-31,2,28,117,174,93,198,0,198,2001.78,36557.76,31,0,1759.14,242.64,0.0,0.0,0.0
2024-03-31,2,29,143,149,188,90,14,104,1510.08,41396.52,31,1,1306.8,0.0,0.0,0.0,0.0
2024-03-31,2,30,93,143,168,68,0,68,2035.92,118113.3,31,0,2035.92,0.0,0.0,0.0,0.0
2024-03-31,2,31,92,146,115,123,0,123,2638.35,75160.8,31,0,2638.35,0.0,0.0,0.0,0.0
2024-03-31,2,32,138,134,129,116,27,143,1510.08,37762.56,31,0,1224.96,0.0,0.0,0.0,0.0
2024-03-31,3,1,113,166,99,168,12,180,13919.4,286352.99,31,0,12836.78,0.0,0.0,154.66,0.0
2024-03-31,3,2,186,0,121,40,25,65,3822.0,243020.4,31,0,0.0,2352.0,0.0,0.0,0.0
2024-03-31,3,3,49,158,79,128,0,128,4337.92,128510.88,31,0,4337.92,0.0,0.0,0.0,0.0
2024-03-31,3,4,132,149,110,146,25,171,13368.78,312329.1,31,0,11414.28,0.0,0.0,0.0,0.0
2024-03-31,3,5,110,152,104,149,9,158,887.96,31185.38,31,0,837.38,0.0,0.0,0.0,0.0
2024-03-31,3,6,190,0,92,98,0,98,1081.92,50198.88,31,0,0.0,1081.92,0.0,0.0,0.0
2024-03-31,3,7,92,144,134,102,0,102,5772.18,240620.68,31,0,5772.18,0.0,0.0,0.0,0.0
2024-03-31,3,8,196,0,141,55,0,55,2560.25,160969.9,31,0,0.0,2560.25,0.0,0.0,0.0
2024-03-31,3,9,136,0,52,54,30,84,858.48,38549.84,31,0,0.0,0.0,0.0,551.88,0.0
2024-03-31,3,10,163,0,89,74,0,74,4701.22,220258.51,31,0,0.0,4701.22,0.0,0.0,0.0
2024-03-31,3,11,78,151,134,86,9,95,5075.85,225581.46,31,0,4594.98,0.0,0.0,0.0,0.0
2024-03-31,3,12,65,141,141,65,0,65,3809.65,234615.83,31,0,3809.65,0.0,0.0,0.0,0.0
2024-03-31,3,13,121,0,102,19,0,19,1390.8,208400.4,31,0,0.0,0.0,0.0,0.0,1390.8
2024-03-31,3,14,203,0,70,120,13,133,7981.33,306171.02,31,0,0.0,7201.2,0.0,0.0,0.0
2024-03-31,3,15,167,0,97,70,0,70,3234.7,169405.86,31,0,0.0,3234.7,0.0,0.0,0.0
2024-03-31,3,16,107,124,135,88,8,96,2139.84,62768.64,31,0,1961.52,0.0,0.0,0.0,0.0
2024-03-31,3,17,202,0,79,118,5,123,9099.54,347558.04,31,0,0.0,8729.64,0.0,0.0,0.0
2024-03-31,3,18,202,0,91,108,3,111,5187.03,243042.73,31,0,0.0,5046.84,0.0,0.0,0.0
2024-03-31,3,19,202,0,115,87,0,87,1186.68,51081.8,31,0,0.0,1186.68,0.0,0.0,0.0
2024-03-31,3,20,189,0,37,146,6,152,8892.0,297589.5,31,0,0.0,8541.0,0.0,0.0,0.0
2024-03-31,3,21,176,162,178,160,0,160,3420.8,76454.88,31,0,3420.8,0.0,0.0,0.0,0.0
2024-03-31,3,22,178,0,75,76,27,103,1931.25,75243.75,31,0,0.0,1425.0,0.0,0.0,0.0
2024-03-31,3,23,122,154,87,186,3,189,15125.67,369018.33,31,0,12324.62,2560.96,0.0,0.0,0.0
2024-03-31,3,24,106,132,130,108,0,108,8762.04,273083.58,31,0,8762.04,0.0,0.0,0.0,0.0
2024-03-31,3,25,208,0,109,93,6,99,1296.9,61150.8,31,0,0.0,1218.3,0.0,0.0,0.0
2024-03-31,3,26,155,0,86,69,0,69,3838.47,192757.95,31,0,0.0,3838.47,0.0,0.0,0.0
2024-03-31,3,27,92,152,133,111,0,111,8736.81,334911.05,31,0,8736.81,0.0,0.0,0.0,0.0
2024-03-31,3,28,182,0,72,73,37,110,1112.1,45676.98,31,0,0.0,738.03,0.0,0.0,0.0
2024-03-31,3,29,162,0,102,60,0,60,871.2,52344.6,31,0,0.0,871.2,0.0,0.0,0.0
2024-03-31,3,30,131,152,72,211,0,211,6317.34,115837.86,31,0,4550.88,1766.46,0.0,0.0,0.0
2024-03-31,3,31,139,0,35,104,0,104,2230.8,83311.8,31,0,0.0,0.0,2230.8,0.0,0.0
2024-03-31,3,32,54,132,93,65,28,93,982.08,39821.76,31,0,686.4,0.0,0.0,0.0,0.0
2024-04-30,1,1,125,150,153,113,9,122,9434.26,227582.19,30,1,8738.29,0.0,0.0,0.0,0.0
2024-04-30,1,2,140,154,159,135,0,135,7938.0,230496.0,30,0,7938.0,0.0,0.0,0.0,0.0
2024-04-30,1,3,16,154,49,121,0,121,4100.69,149522.68,30,0,4100.69,0.0,0.0,0.0,0.0
2024-04-30,1,4,182,0,142,40,0,40,3127.2,288249.66,30,0,0.0,3127.2,0.0,0.0,0.0
2024-04-30,1,5,119,146,73,185,7,192,1079.04,27448.08,30,0,820.52,219.18,0.0,0.0,0.0
2024-04-30,1,6,157,152,86,223,0,223,2461.92,39203.04,30,0,1678.08,783.84,0.0,0.0,0.0
2024-04-30,1,7,157,162,167,152,0,152,8601.68,198517.72,30,0,8601.68,0.0,0.0,0.0,0.0
2024-04-30,1,8,208,0,130,60,18,78,3630.9,170652.3,30,0,0.0,2793.0,0.0,0.0,0.0
2024-04-30,1,9,152,151,152,141,10,151,1543.22,27144.32,30,1,1441.02,0.0,0.0,0.0,0.0
2024-04-30,1,10,187,0,131,39,17,56,3557.68,237538.67,30,0,0.0,2477.67,0.0,0.0,0.0
2024-04-30,1,11,139,142,73,192,16,208,11113.44,180753.69,30,0,7587.06,2671.5,0.0,0.0,0.0
2024-04-30,1,12,181,158,184,155,0,155,9084.55,232974.75,30,0,9084.55,0.0,0.0,0.0,0.0
2024-04-30,1,13,161,0,32,129,0,129,9442.8,303048.0,30,0,0.0,9442.8,0.0,0.0,0.0
2024-04-30,1,14,122,0,44,78,0,78,4680.78,176789.46,30,0,0.0,4680.78,0.0,0.0,0.0
2024-04-30,1,15,189,0,162,27,0,27,1247.67,165385.59,30,0,0.0,1247.67,0.0,0.0,0.0
2024-04-30,1,16,145,140,145,119,21,140,3120.6,63793.98,30,1,2652.51,0.0,0.0,0.0,0.0
2024-04-30,1,17,278,0,99,179,0,179,13242.42,481387.86,30,0,0.0,10431.18,2811.24,0.0,0.0
2024-04-30,1,18,251,0,145,77,29,106,4953.38,255659.83,30,0,0.0,3598.21,0.0,0.0,0.0
2024-04-30,1,19,178,0,129,18,31,49,668.36,47808.2,30,0,0.0,245.52,0.0,0.0,0.0
2024-04-30,1,20,195,0,79,116,0,116,6786.0,273604.5,30,0,0.0,6786.0,0.0,0.0,0.0
2024-04-30,1,21,282,0,169,108,5,113,2415.94,119150.74,30,0,0.0,2309.04,0.0,0.0,0.0
2024-04-30,1,22,138,149,64,208,15,223,4181.25,87843.75,30,0,2793.75,0.0,0.0,1106.25,0.0
2024-04-30,1,23,225,0,154,71,0,71,5682.13,336286.06,30,0,0.0,5682.13,0.0,0.0,0.0
2024-04-30,1,24,17,276,88,191,14,205,16631.65,320706.89,30,0,15495.83,0.0,0.0,0.0,0.0
2024-04-30,1,25,78,153,56,165,10,175,2292.5,50972.1,30,0,2004.3,157.2,0.0,0.0,0.0
2024-04-30,1,26,140,147,76,197,14,211,11737.93,251447.6,30,0,8177.61,0.0,2781.5,0.0,0.0
2024-04-30,1,27,218,0,122,82,14,96,7556.16,373715.08,30,0,0.0,6454.22,0.0,0.0,0.0
2024-04-30,1,28,197,0,74,88,35,123,1243.53,43260.69,30,0,0.0,889.68,0.0,0.0,0.0
2024-04-30,1,29,112,147,113,125,21,146,2119.92,64134.84,30,0,1815.0,0.0,0.0,0.0,0.0
2024-04-30,1,30,122,154,85,188,3,191,5718.54,118921.68,30,0,4610.76,1017.96,0.0,0.0,0.0
2024-04-30,1,31,137,141,60,198,20,218,4676.1,84362.85,30,0,3024.45,1222.65,0.0,0.0,0.0
2024-04-30,1,32,80,136,54,162,0,162,1710.72,49441.92,30,0,1436.16,274.56,0.0,0.0,0.0
2024-04-30,2,1,95,150,47,198,0,198,15311.34,356723.29,30,0,11599.5,3711.84,0.0,0.0,0.0
2024-04-30,2,2,93,147,97,143,0,143,8408.4,349742.4,30,0,8408.4,0.0,0.0,0.0,0.0
2024-04-30,2,3,233,0,133,100,0,100,3389.0,151013.84,30,0,0.0,3389.0,0.0,0.0,0.0
2024-04-30,2,4,228,0,174,51,3,54,4221.72,292862.28,30,0,0.0,3987.18,0.0,0.0,0.0
2024-04-30,2,5,142,151,92,198,3,201,1129.62,19962.24,30,0,848.62,264.14,0.0,0.0,0.0
2024-04-30,2,6,212,0,150,62,0,62,684.48,48498.72,30,0,0.0,684.48,0.0,0.0,0.0
2024-04-30,2,7,154,161,113,202,0,202,11431.18,188331.52,30,0,9110.99,0.0,2320.19,0.0,0.0
2024-04-30,2,8,68,156,83,141,0,141,6563.55,195091.05,30,0,6563.55,0.0,0.0,0.0,0.0
2024-04-30,2,9,90,169,90,120,49,169,1727.18,16413.32,30,6,1226.4,0.0,0.0,0.0,0.0
2024-04-30,2,10,193,0,99,94,0,94,5971.82,243701.08,30,0,0.0,5971.82,0.0,0.0,0.0
2024-04-30,2,11,89,156,102,143,0,143,7640.49,207628.98,30,0,7640.49,0.0,0.0,0.0,0.0
2024-04-30,2,12,68,144,92,120,0,120,7033.2,208417.16,30,0,7033.2,0.0,0.0,0.0,0.0
2024-04-30,2,13,162,0,62,100,0,100,7320.0,305756.4,30,0,0.0,7320.0,0.0,0.0,0.0
2024-04-30,2,14,168,145,158,155,0,155,9301.55,226717.78,30,0,8701.45,600.1,0.0,0.0,0.0
2024-04-30,2,15,225,0,97,102,26,128,5914.88,241816.93,30,0,0.0,4713.42,0.0,0.0,0.0
2024-04-30,2,16,148,124,81,176,15,191,4257.39,90430.53,30,0,2763.96,1159.08,0.0,0.0,0.0
2024-04-30,2,17,203,0,113,76,14,90,6658.2,363093.84,30,0,0.0,5622.48,0.0,0.0,0.0
2024-04-30,2,18,156,157,83,209,21,230,10747.9,232294.83,30,0,7336.61,2429.96,0.0,0.0,0.0
2024-04-30,2,19,160,157,141,171,5,176,2400.64,49704.16,30,0,2141.48,190.96,0.0,0.0,0.0
2024-04-30,2,20,80,167,128,86,33,119,6961.5,243711.0,30,0,5031.0,0.0,0.0,0.0,0.0
2024-04-30,2,21,95,147,129,113,0,113,2415.94,111453.94,30,0,2415.94,0.0,0.0,0.0,0.0
2024-04-30,2,22,177,0,78,82,17,99,1856.25,78881.25,30,0,0.0,1537.5,0.0,0.0,0.0
2024-04-30,2,23,240,0,165,69,6,75,6002.25,390946.55,30,0,0.0,5522.07,0.0,0.0,0.0
2024-04-30,2,24,100,122,80,135,7,142,11520.46,267647.87,30,0,9897.86,1054.69,0.0,0.0,0.0
2024-04-30,2,25,186,176,178,178,6,184,2410.4,57928.2,30,0,2305.6,26.2,0.0,0.0,0.0
2024-04-30,2,26,207,0,119,69,19,88,4895.44,233868.52,30,0,0.0,3838.47,0.0,0.0,0.0
2024-04-30,2,27,97,155,52,183,17,200,15742.0,328299.41,30,0,12200.05,0.0,2203.88,0.0,0.0
2024-04-30,2,28,198,0,47,147,4,151,1526.61,53663.88,30,0,0.0,1486.17,0.0,0.0,0.0
2024-04-30,2,29,104,166,156,102,12,114,1655.28,49150.2,30,3,1481.04,0.0,0.0,0.0,0.0
2024-04-30,2,30,68,152,95,125,0,125,3742.5,152125.14,30,0,3742.5,0.0,0.0,0.0,0.0
2024-04-30,2,31,123,141,88,156,20,176,3775.2,88266.75,30,0,3024.45,321.75,0.0,0.0,0.0
2024-04-30,2,32,143,0,66,74,3,77,813.12,33844.8,30,0,0.0,781.44,0.0,0.0,0.0
2024-04-30,3,1,180,0,76,101,3,104,8042.32,309783.98,30,0,0.0,7810.33,0.0,0.0,0.0
2024-04-30,3,2,65,144,122,81,6,87,5115.6,263776.8,30,0,4762.8,0.0,0.0,0.0,0.0
2024-04-30,3,3,128,150,88,171,19,190,6439.1,159350.78,30,0,5083.5,711.69,0.0,0.0,0.0
2024-04-30,3,4,171,0,110,51,10,61,4768.98,244312.5,30,0,0.0,3987.18,0.0,0.0,0.0
2024-04-30,3,5,158,144,123,160,19,179,1005.98,21080.62,30,0,809.28,89.92,0.0,0.0,0.0
2024-04-30,3,6,98,141,150,89,0,89,982.56,36167.04,30,0,982.56,0.0,0.0,0.0,0.0
2024-04-30,3,7,102,155,89,168,0,168,9507.12,188048.57,30,0,8771.45,735.67,0.0,0.0,0.0
2024-04-30,3,8,55,256,211,100,0,100,4655.0,140999.95,30,0,4655.0,0.0,0.0,0.0,0.0
2024-04-30,3,9,84,145,92,137,0,137,1400.14,38887.1,30,0,1400.14,0.0,0.0,0.0,0.0
2024-04-30,3,10,74,147,107,91,23,114,7242.42,320254.73,30,0,5781.23,0.0,0.0,0.0,0.0
2024-04-30,3,11,95,143,97,136,5,141,7533.63,132987.27,30,0,7266.48,0.0,0.0,0.0,0.0
2024-04-30,3,12,65,142,52,86,69,155,9084.55,259700.91,30,0,5040.46,0.0,0.0,0.0,0.0
2024-04-30,3,13,19,296,97,213,5,218,15957.6,173191.2,30,2,15591.6,0.0,0.0,0.0,0.0
2024-04-30,3,14,133,148,124,116,41,157,9421.57,224377.39,30,0,6961.16,0.0,0.0,0.0,0.0
2024-04-30,3,15,70,155,107,105,13,118,5452.78,255448.88,30,0,4852.05,0.0,0.0,0.0,0.0
2024-04-30,3,16,96,126,98,124,0,124,2763.96,72732.27,30,0,2763.96,0.0,0.0,0.0,0.0
2024-04-30,3,17,123,151,94,180,0,180,13316.4,512385.48,30,0,11170.98,0.0,2145.42,0.0,0.0
2024-04-30,3,18,111,157,55,195,18,213,9953.49,299492.57,30,0,7336.61,0.0,1775.74,0.0,0.0
2024-04-30,3,19,87,141,84,144,0,144,1964.16,57533.52,30,0,1923.24,0.0,40.92,0.0,0.0
2024-04-30,3,20,152,145,101,191,5,196,11466.0,372060.0,30,0,8482.5,0.0,2691.0,0.0,0.0
2024-04-30,3,21,160,156,124,178,14,192,4104.96,87144.88,30,0,3335.28,470.36,0.0,0.0,0.0
2024-04-30,3,22,103,153,145,66,45,111,2081.25,58725.0,30,0,1237.5,0.0,0.0,0.0,0.0
2024-04-30,3,23,189,149,36,298,4,302,24169.06,499227.14,30,0,11924.47,11924.47,0.0,0.0,0.0
2024-04-30,3,24,108,130,108,130,0,130,10546.9,236088.3,30,0,10546.9,0.0,0.0,0.0,0.0
2024-04-30,3,25,99,146,99,128,18,146,1912.6,42876.3,30,0,1676.8,0.0,0.0,0.0,0.0
2024-04-30,3,26,69,155,88,136,0,136,7565.68,183189.59,30,0,7565.68,0.0,0.0,0.0,0.0
2024-04-30,3,27,111,144,73,182,0,182,14325.22,336327.83,30,0,11334.24,2990.98,0.0,0.0,0.0
2024-04-30,3,28,110,161,193,78,0,78,788.58,12344.31,30,12,788.58,0.0,0.0,0.0,0.0
2024-04-30,3,29,60,155,116,77,22,99,1437.48,50413.44,30,2,1118.04,0.0,0.0,0.0,0.0
2024-04-30,3,30,211,0,100,111,0,111,3323.34,152364.66,30,0,0.0,3323.34,0.0,0.0,0.0
2024-04-30,3,31,104,161,50,190,25,215,4611.75,58708.65,30,0,3453.45,0.0,0.0,622.05,0.0
2024-04-30,3,32,93,250,175,151,17,168,1774.08,41733.12,30,0,1594.56,0.0,0.0,0.0,0.0
2024-05-31,1,1,122,179,168,133,0,133,10284.89,229128.79,31,0,10284.89,0.0,0.0,0.0,0.0
2024-05-31,1,2,135,150,88,197,0,197,11583.6,221382.0,31,0,8820.0,2763.6,0.0,0.0,0.0
2024-05-31,1,3,121,144,60,193,12,205,6947.45,183582.13,31,0,4880.16,1660.61,0.0,0.0,0.0
2024-05-31,1,4,40,152,116,76,0,76,5941.68,323508.84,31,0,5941.68,0.0,0.0,0.0,0.0
2024-05-31,1,5,192,0,192,0,0,0,0.0,18034.58,31,3,0.0,0.0,0.0,0.0,0.0
2024-05-31,1,6,223,0,48,159,16,175,1932.0,64451.52,31,0,0.0,1678.08,77.28,0.0,0.0
2024-05-31,1,7,152,0,74,56,22,78,4414.02,196084.35,31,0,0.0,3169.04,0.0,0.0,0.0
2024-05-31,1,8,78,124,117,85,0,85,3956.75,218226.4,31,0,3956.75,0.0,0.0,0.0,0.0
2024-05-31,1,9,151,141,140,152,0,152,1553.44,43721.16,31,0,1441.02,112.42,0.0,0.0,0.0
2024-05-31,1,10,56,156,112,100,0,100,6353.0,250244.67,31,1,6353.0,0.0,0.0,0.0,0.0
2024-05-31,1,11,208,150,164,179,15,194,10365.42,228092.67,31,0,8014.5,1549.47,0.0,0.0,0.0
2024-05-31,1,12,155,0,94,21,40,61,3575.21,220314.99,31,0,0.0,1230.81,0.0,0.0,0.0
2024-05-31,1,13,129,149,130,109,39,148,10833.6,207302.4,31,0,7978.8,0.0,0.0,0.0,0.0
2024-05-31,1,14,78,141,129,90,0,90,5400.9,217356.22,31,0,5400.9,0.0,0.0,0.0,0.0
2024-05-31,1,15,27,150,66,111,0,111,5129.31,149443.14,31,2,5129.31,0.0,0.0,0.0,0.0
2024-05-31,1,16,140,0,65,75,0,75,1671.75,74916.69,31,0,0.0,1671.75,0.0,0.0,0.0
2024-05-31,1,17,179,146,156,158,11,169,12502.62,307164.96,31,0,10801.08,0.0,887.76,0.0,0.0
2024-05-31,1,18,106,153,145,114,0,114,5327.22,212014.01,31,0,5327.22,0.0,0.0,0.0,0.0
2024-05-31,1,19,49,151,146,17,37,54,736.56,45762.2,31,0,231.88,0.0,0.0,0.0,0.0
2024-05-31,1,20,116,143,37,212,10,222,12987.0,379021.5,31,0,8365.5,0.0,4036.5,0.0,0.0
2024-05-31,1,21,113,155,112,135,21,156,3335.28,97770.74,31,0,2886.3,0.0,0.0,0.0,0.0
2024-05-31,1,22,223,0,151,68,4,72,1350.0,86625.0,31,0,0.0,1275.0,0.0,0.0,0.0
2024-05-31,1,23,71,153,71,138,15,153,12244.59,420397.59,31,0,11044.14,0.0,0.0,0.0,0.0
2024-05-31,1,24,205,0,132,55,18,73,5922.49,371981.05,31,0,0.0,4462.15,0.0,0.0,0.0
2024-05-31,1,25,175,0,144,4,27,31,406.1,43793.3,31,0,0.0,52.4,0.0,0.0,0.0
2024-05-31,1,26,211,0,95,100,16,116,6453.08,290110.45,31,0,0.0,5563.0,0.0,0.0,0.0
2024-05-31,1,27,96,142,64,167,7,174,13695.54,437312.76,31,0,11176.82,0.0,1967.75,0.0,0.0
2024-05-31,1,28,123,146,131,138,0,138,1395.18,44443.56,31,0,1395.18,0.0,0.0,0.0,0.0
2024-05-31,1,29,146,144,75,215,0,215,3121.8,60374.16,31,0,2090.88,1030.92,0.0,0.0,0.0
2024-05-31,1,30,191,0,148,31,12,43,1287.42,114670.2,31,0,0.0,928.14,0.0,0.0,0.0
2024-05-31,1,31,218,0,132,79,7,86,1844.7,102166.35,31,0,0.0,1694.55,0.0,0.0,0.0
2024-05-31,1,32,162,0,119,43,0,43,454.08,43739.52,31,0,0.0,454.08,0.0,0.0,0.0
2024-05-31,2,1,198,0,97,91,10,101,7810.33,361827.07,31,0,0.0,7037.03,0.0,0.0,0.0
2024-05-31,2,2,143,0,66,57,20,77,4527.6,216325.2,31,0,0.0,3351.6,0.0,0.0,0.0
2024-05-31,2,3,100,143,106,85,52,137,4642.93,168501.08,31,0,2880.65,0.0,0.0,0.0,0.0
2024-05-31,2,4,54,143,47,150,0,150,11727.0,373778.58,31,0,11179.74,0.0,547.26,0.0,0.0
2024-05-31,2,5,201,0,57,133,11,144,809.28,30297.42,31,0,0.0,747.46,0.0,0.0,0.0
2024-05-31,2,6,62,153,116,99,0,99,1092.96,49558.56,31,0,1092.96,0.0,0.0,0.0,0.0
2024-05-31,2,7,202,0,99,103,0,103,5828.77,264954.38,31,0,0.0,5828.77,0.0,0.0,0.0
2024-05-31,2,8,141,0,141,0,0,0,0.0,97336.05,31,5,0.0,0.0,0.0,0.0,0.0
2024-05-31,2,9,169,0,121,32,16,48,490.56,33766.88,31,0,0.0,327.04,0.0,0.0,0.0
2024-05-31,2,10,94,147,148,76,17,93,5908.29,234997.47,31,0,4828.28,0.0,0.0,0.0,0.0
2024-05-31,2,11,143,165,143,160,5,165,8815.95,184012.92,31,1,8548.8,0.0,0.0,0.0,0.0
2024-05-31,2,12,120,0,120,0,0,0,0.0,141425.93,31,4,0.0,0.0,0.0,0.0,0.0
2024-05-31,2,13,100,141,123,102,16,118,8637.6,339501.6,31,0,7466.4,0.0,0.0,0.0,0.0
2024-05-31,2,14,155,0,97,58,0,58,3480.58,241120.18,31,0,0.0,3480.58,0.0,0.0,0.0
2024-05-31,2,15,128,148,92,153,31,184,8502.64,124582.16,31,0,6839.08,0.0,231.05,0.0,0.0
2024-05-31,2,16,191,130,178,134,9,143,3187.47,63905.43,31,0,2897.7,89.16,0.0,0.0,0.0
2024-05-31,2,17,90,147,63,174,0,174,12872.52,373894.92,31,0,10875.06,0.0,1997.46,0.0,0.0
2024-05-31,2,18,230,0,116,110,4,114,5327.22,238229.54,31,0,0.0,5140.3,0.0,0.0,0.0
2024-05-31,2,19,176,0,103,73,0,73,995.72,56878.8,31,0,0.0,995.72,0.0,0.0,0.0
2024-05-31,2,20,119,152,141,130,0,130,7605.0,212238.0,31,0,7605.0,0.0,0.0,0.0,0.0
2024-05-31,2,21,113,151,78,172,14,186,3976.68,104911.66,31,0,3228.38,448.98,0.0,0.0,0.0
2024-05-31,2,22,99,152,123,108,20,128,2400.0,86568.75,31,0,2025.0,0.0,0.0,0.0,0.0
2024-05-31,2,23,75,165,104,136,0,136,10884.08,353652.57,31,0,10884.08,0.0,0.0,0.0,0.0
2024-05-31,2,24,142,122,133,72,59,131,10628.03,377579.02,31,0,5841.36,0.0,0.0,0.0,0.0
2024-05-31,2,25,184,0,100,75,9,84,1100.4,62473.9,31,0,0.0,982.5,0.0,0.0,0.0
2024-05-31,2,26,88,155,89,149,5,154,8567.02,265188.21,31,0,8288.87,0.0,0.0,0.0,0.0
2024-05-31,2,27,200,0,136,64,0,64,5037.44,327118.76,31,0,0.0,5037.44,0.0,0.0,0.0
2024-05-31,2,28,151,0,114,37,0,37,374.07,32604.75,31,0,0.0,0.0,374.07,0.0,0.0
2024-05-31,2,29,114,143,134,102,21,123,1785.96,31188.96,31,2,1481.04,0.0,0.0,0.0,0.0
2024-05-31,2,30,125,144,61,196,12,208,6227.52,122604.3,31,0,4311.36,1556.88,0.0,0.0,0.0
2024-05-31,2,31,176,142,208,105,5,110,2359.5,86979.75,31,0,2252.25,0.0,0.0,0.0,0.0
2024-05-31,2,32,77,270,154,162,31,193,2038.08,35449.92,31,0,1710.72,0.0,0.0,0.0,0.0
2024-05-31,3,1,104,143,141,90,16,106,8196.98,355331.35,31,0,6959.7,0.0,0.0,0.0,0.0
2024-05-31,3,2,87,143,93,137,0,137,8055.6,274713.6,31,0,8055.6,0.0,0.0,0.0,0.0
2024-05-31,3,3,190,151,162,179,0,179,6066.31,131323.75,31,0,5117.39,948.92,0.0,0.0,0.0
2024-05-31,3,4,61,164,89,120,16,136,10632.48,316863.54,31,0,9381.6,0.0,0.0,0.0,0.0
2024-05-31,3,5,179,141,97,207,16,223,1253.26,24171.62,31,0,792.42,370.92,0.0,0.0,0.0
2024-05-31,3,6,89,147,31,177,28,205,2263.2,76518.24,31,0,1622.88,331.2,0.0,0.0,0.0
2024-05-31,3,7,168,0,57,79,32,111,6281.49,265067.56,31,0,0.0,4470.61,0.0,0.0,0.0
2024-05-31,3,8,100,130,26,204,0,204,9496.2,251230.35,31,0,6051.5,3444.7,0.0,0.0,0.0
2024-05-31,3,9,137,144,144,121,16,137,1400.14,30005.92,31,0,1236.62,0.0,0.0,0.0,0.0
2024-05-31,3,10,114,143,94,139,24,163,10355.39,316697.05,31,0,8830.67,0.0,0.0,0.0,0.0
2024-05-31,3,11,141,141,136,146,0,146,7800.78,201431.1,31,0,7533.63,267.15,0.0,0.0,0.0
2024-05-31,3,12,155,143,143,148,7,155,9084.55,291057.26,31,0,8381.23,293.05,0.0,0.0,0.0
2024-05-31,3,13,218,0,46,172,0,172,12590.4,425292.0,31,0,0.0,12590.4,0.0,0.0,0.0
2024-05-31,3,14,157,141,154,144,0,144,8641.44,274485.74,31,0,8461.41,180.03,0.0,0.0,0.0
2024-05-31,3,15,118,143,168,84,9,93,4297.53,149212.09,31,0,3881.64,0.0,0.0,0.0,0.0
2024-05-31,3,16,124,150,150,108,16,124,2763.96,61966.2,31,0,2407.32,0.0,0.0,0.0,0.0
2024-05-31,3,17,180,158,140,198,0,198,14648.04,265958.1,31,0,11688.84,2959.2,0.0,0.0,0.0
2024-05-31,3,18,213,143,162,155,39,194,9065.62,202621.28,31,0,6682.39,560.76,0.0,0.0,0.0
2024-05-31,3,19,144,0,78,66,0,66,900.24,49922.4,31,0,0.0,900.24,0.0,0.0,0.0
2024-05-31,3,20,196,142,124,164,50,214,12519.0,265122.0,31,0,8307.0,1287.0,0.0,0.0,0.0
2024-05-31,3,21,192,146,122,194,22,216,4618.08,96103.1,31,0,3121.48,1026.24,0.0,0.0,0.0
2024-05-31,3,22,111,152,160,103,0,103,1931.25,81450.0,31,0,1931.25,0.0,0.0,0.0,0.0
2024-05-31,3,23,302,0,107,177,18,195,15605.85,601985.66,31,0,0.0,11924.47,2240.84,0.0,0.0
2024-05-31,3,24,130,130,94,166,0,166,13467.58,481668.81,31,0,10546.9,2920.68,0.0,0.0,0.0
2024-05-31,3,25,146,0,115,8,23,31,406.1,39260.7,31,0,0.0,104.8,0.0,0.0,0.0
2024-05-31,3,26,136,0,132,4,0,4,222.52,114375.28,31,0,0.0,222.52,0.0,0.0,0.0
2024-05-31,3,27,182,0,116,66,0,66,5194.86,355139.52,31,0,0.0,5194.86,0.0,0.0,0.0
2024-05-31,3,28,78,156,91,143,0,143,1445.73,51753.09,31,0,1445.73,0.0,0.0,0.0,0.0
2024-05-31,3,29,99,291,206,173,11,184,2671.68,58254.24,31,0,2511.96,0.0,0.0,0.0,0.0
2024-05-31,3,30,111,144,94,151,10,161,4820.34,145658.1,31,0,4311.36,0.0,209.58,0.0,0.0
2024-05-31,3,31,215,0,140,75,0,75,1608.75,88738.65,31,0,0.0,1608.75,0.0,0.0,0.0
2024-05-31,3,32,168,138,167,130,9,139,1467.84,39325.44,31,0,1372.8,0.0,0.0,0.0,0.0
2024-06-30,1,1,133,143,58,218,0,218,16857.94,262380.69,30,0,11058.19,5799.75,0.0,0.0,0.0
2024-06-30,1,2,197,0,143,54,0,54,3175.2,236434.8,30,0,0.0,3175.2,0.0,0.0,0.0
2024-06-30,1,3,205,0,94,102,9,111,3761.79,144540.85,30,0,0.0,3456.78,0.0,0.0,0.0
2024-06-30,1,4,76,158,48,172,14,186,14541.48,364553.34,30,0,12352.44,1094.52,0.0,0.0,0.0
2024-06-30,1,5,0,153,75,68,10,78,438.36,13499.24,30,5,382.16,0.0,0.0,0.0,0.0
2024-06-30,1,6,175,0,96,79,0,79,872.16,41068.8,30,0,0.0,0.0,872.16,0.0,0.0
2024-06-30,1,7,78,162,114,126,0,126,7130.34,245374.24,30,0,7130.34,0.0,0.0,0.0,0.0
2024-06-30,1,8,85,140,77,134,14,148,6889.4,200723.6,30,0,6237.7,0.0,0.0,0.0,0.0
2024-06-30,1,9,152,143,132,163,0,163,1665.86,37824.22,30,0,1461.46,204.4,0.0,0.0,0.0
2024-06-30,1,10,100,145,59,144,42,186,11816.58,287346.19,30,0,9148.32,0.0,0.0,0.0,0.0
2024-06-30,1,11,194,0,134,60,0,60,3205.8,191813.7,30,0,0.0,3205.8,0.0,0.0,0.0
2024-06-30,1,12,61,151,99,113,0,113,6622.93,168620.97,30,2,6622.93,0.0,0.0,0.0,0.0
2024-06-30,1,13,148,161,120,178,11,189,13834.8,305024.4,30,0,11785.2,1244.4,0.0,0.0,0.0
2024-06-30,1,14,90,152,89,144,9,153,9181.53,267284.54,30,0,8641.44,0.0,0.0,0.0,0.0
2024-06-30,1,15,111,145,120,136,0,136,6284.56,172178.46,30,0,6284.56,0.0,0.0,0.0,0.0
2024-06-30,1,16,75,128,74,121,8,129,2875.41,93283.65,30,0,2697.09,0.0,0.0,0.0,0.0
2024-06-30,1,17,169,146,100,215,0,215,15905.7,356953.5,30,0,10801.08,5104.62,0.0,0.0,0.0
2024-06-30,1,18,114,150,67,197,0,197,9205.81,231033.12,30,0,7009.5,2196.31,0.0,0.0,0.0
2024-06-30,1,19,54,145,125,50,24,74,1009.36,48121.92,30,0,682.0,0.0,0.0,0.0,0.0
2024-06-30,1,20,222,0,149,73,0,73,4270.5,288931.5,30,0,0.0,4270.5,0.0,0.0,0.0
2024-06-30,1,21,156,145,168,118,15,133,2843.54,113249.86,30,0,2522.84,0.0,0.0,0.0,0.0
2024-06-30,1,22,72,148,50,152,18,170,3187.5,99225.0,30,0,2775.0,0.0,75.0,0.0,0.0
2024-06-30,1,23,153,142,81,214,0,214,17126.42,557889.13,30,0,11364.26,5762.16,0.0,0.0,0.0
2024-06-30,1,24,73,128,95,74,32,106,8599.78,292879.3,30,0,6003.62,0.0,0.0,0.0,0.0
2024-06-30,1,25,31,159,114,76,0,76,995.6,43544.4,30,0,995.6,0.0,0.0,0.0,0.0
2024-06-30,1,26,116,170,114,144,28,172,9568.36,254340.36,30,0,8010.72,0.0,0.0,0.0,0.0
2024-06-30,1,27,174,150,120,192,12,204,16056.84,333887.82,30,0,11806.5,3305.82,0.0,0.0,0.0
2024-06-30,1,28,138,153,173,103,15,118,1192.98,24597.63,30,6,1041.33,0.0,0.0,0.0,0.0
2024-06-30,1,29,215,0,79,136,0,136,1974.72,82560.72,30,0,0.0,1974.72,0.0,0.0,0.0
2024-06-30,1,30,43,146,102,67,20,87,2604.78,101646.3,30,0,2005.98,0.0,0.0,0.0,0.0
2024-06-30,1,31,86,149,40,170,25,195,4182.75,99570.9,30,0,3196.05,0.0,450.45,0.0,0.0
2024-06-30,1,32,43,134,32,145,0,145,1531.2,46632.96,30,0,1415.04,0.0,116.16,0.0,0.0
2024-06-30,2,1,101,168,112,136,21,157,12140.81,235856.5,30,3,10516.88,0.0,0.0,0.0,0.0
2024-06-30,2,2,77,149,149,60,17,77,4527.6,269010.0,30,0,3528.0,0.0,0.0,0.0,0.0
2024-06-30,2,3,137,180,151,166,0,166,5625.74,101873.34,30,1,5625.74,0.0,0.0,0.0,0.0
2024-06-30,2,4,150,0,37,113,0,113,8834.34,323196.12,30,0,0.0,8834.34,0.0,0.0,0.0
2024-06-30,2,5,144,160,91,193,20,213,1197.06,23188.12,30,0,899.2,0.0,185.46,0.0,0.0
2024-06-30,2,6,99,146,103,142,0,142,1567.68,58224.96,30,0,1567.68,0.0,0.0,0.0,0.0
2024-06-30,2,7,103,147,167,71,12,83,4696.97,189463.32,30,0,4017.89,0.0,0.0,0.0,0.0
2024-06-30,2,8,0,156,156,0,0,0,0.0,43058.75,30,8,0.0,0.0,0.0,0.0,0.0
2024-06-30,2,9,48,141,62,101,26,127,1297.94,41309.24,30,0,1032.22,0.0,0.0,0.0,0.0
2024-06-30,2,10,93,141,90,144,0,144,9148.32,321525.33,30,0,8957.73,190.59,0.0,0.0,0.0
2024-06-30,2,11,165,0,74,71,20,91,4862.13,186470.7,30,0,0.0,3793.53,0.0,0.0,0.0
2024-06-30,2,12,0,297,117,163,17,180,10549.8,158012.56,30,1,9553.43,0.0,0.0,0.0,0.0
2024-06-30,2,13,118,144,157,105,0,105,7686.0,200494.8,30,2,7686.0,0.0,0.0,0.0,0.0
2024-06-30,2,14,58,152,47,163,0,163,9781.63,321533.58,30,0,9121.52,0.0,660.11,0.0,0.0
2024-06-30,2,15,184,0,129,55,0,55,2541.55,165801.48,30,0,0.0,2541.55,0.0,0.0,0.0
2024-06-30,2,16,143,0,100,43,0,43,958.47,74493.18,30,0,0.0,958.47,0.0,0.0,0.0
2024-06-30,2,17,174,145,208,84,27,111,8211.78,413918.1,30,0,6214.32,0.0,0.0,0.0,0.0
2024-06-30,2,18,114,160,153,85,36,121,5654.33,232248.1,30,0,3972.05,0.0,0.0,0.0,0.0
2024-06-30,2,19,73,145,55,155,8,163,2223.32,70627.92,30,0,1977.8,0.0,136.4,0.0,0.0
2024-06-30,2,20,130,157,67,178,42,220,12870.0,409909.5,30,0,9184.5,1228.5,0.0,0.0,0.0
2024-06-30,2,21,186,152,73,258,7,265,5665.7,116585.14,30,0,3249.76,2266.28,0.0,0.0,0.0
2024-06-30,2,22,128,146,125,128,21,149,2793.75,70368.75,30,0,2400.0,0.0,0.0,0.0,0.0
2024-06-30,2,23,136,162,111,187,0,187,14965.61,344289.06,30,0,12964.86,2000.75,0.0,0.0,0.0
2024-06-30,2,24,131,132,115,148,0,148,12007.24,180433.12,30,0,10709.16,1298.08,0.0,0.0,0.0
2024-06-30,2,25,84,143,145,82,0,82,1074.2,51286.5,30,0,1074.2,0.0,0.0,0.0,0.0
2024-06-30,2,26,154,164,105,199,14,213,11849.19,214453.65,30,0,9123.32,1947.05,0.0,0.0,0.0
2024-06-30,2,27,64,142,78,128,0,128,10074.88,250691.35,30,0,10074.88,0.0,0.0,0.0,0.0
2024-06-30,2,28,37,142,41,135,3,138,1395.18,45515.22,30,0,1364.85,0.0,0.0,0.0,0.0
2024-06-30,2,29,123,146,148,121,0,121,1756.92,45157.2,30,1,1756.92,0.0,0.0,0.0,0.0
2024-06-30,2,30,208,145,166,187,0,187,5598.78,144011.4,30,0,4341.3,1257.48,0.0,0.0,0.0
2024-06-30,2,31,110,148,74,129,55,184,3946.8,79944.15,30,0,2767.05,0.0,0.0,0.0,0.0
2024-06-30,2,32,193,0,78,115,0,115,1214.4,43612.8,30,0,0.0,1214.4,0.0,0.0,0.0
2024-06-30,3,1,106,145,72,179,0,179,13842.07,350846.21,30,0,11212.85,2629.22,0.0,0.0,0.0
2024-06-30,3,2,137,145,94,181,7,188,11054.4,260778.0,30,0,8526.0,2116.8,0.0,0.0,0.0
2024-06-30,3,3,179,0,83,96,0,96,3253.44,151623.86,30,0,3253.44,0.0,0.0,0.0,0.0
2024-06-30,3,4,136,165,183,97,21,118,9225.24,201235.32,30,4,7583.46,0.0,0.0,0.0,0.0
2024-06-30,3,5,223,0,94,122,7,129,724.98,28639.52,30,0,0.0,685.64,0.0,0.0,0.0
2024-06-30,3,6,205,0,73,120,12,132,1457.28,51501.6,30,0,0.0,1324.8,0.0,0.0,0.0
2024-06-30,3,7,111,155,156,97,13,110,6224.9,229642.22,30,0,5489.23,0.0,0.0,0.0,0.0
2024-06-30,3,8,204,0,81,98,25,123,5725.65,225814.05,30,0,0.0,4561.9,0.0,0.0,0.0
2024-06-30,3,9,137,149,96,180,10,190,1941.8,42944.44,30,0,1522.78,316.82,0.0,0.0,0.0
2024-06-30,3,10,163,152,146,154,15,169,10736.57,202088.93,30,0,9656.56,127.06,0.0,0.0,0.0
2024-06-30,3,11,146,156,114,188,0,188,10044.84,230016.15,30,0,8335.08,1709.76,0.0,0.0,0.0
2024-06-30,3,12,155,0,90,52,13,65,3809.65,216622.56,30,0,0.0,3047.72,0.0,0.0,0.0
2024-06-30,3,13,172,143,103,212,0,212,15518.4,296460.0,30,0,10467.6,0.0,5050.8,0.0,0.0
2024-06-30,3,14,144,0,63,81,0,81,4860.81,202833.8,30,0,0.0,4860.81,0.0,0.0,0.0
2024-06-30,3,15,93,145,116,114,8,122,5637.62,167557.46,30,0,5267.94,0.0,0.0,0.0,0.0
2024-06-30,3,16,124,0,109,8,7,15,334.35,41303.37,30,0,0.0,178.32,0.0,0.0,0.0
2024-06-30,3,17,198,0,74,112,12,124,9173.52,408221.64,30,0,0.0,8285.76,0.0,0.0,0.0
2024-06-30,3,18,194,0,194,0,0,0,0.0,117899.79,30,7,0.0,0.0,0.0,0.0,0.0
2024-06-30,3,19,66,152,77,141,0,141,1923.24,68527.36,30,0,1923.24,0.0,0.0,0.0,0.0
2024-06-30,3,20,214,0,135,79,0,79,4621.5,210366.0,30,0,0.0,4621.5,0.0,0.0,0.0
2024-06-30,3,21,216,0,57,150,9,159,3399.42,111325.66,30,0,0.0,3121.48,85.52,0.0,0.0
2024-06-30,3,22,103,144,95,133,19,152,2850.0,80831.25,30,0,2493.75,0.0,0.0,0.0,0.0
2024-06-30,3,23,195,0,120,57,18,75,6002.25,332044.47,30,0,0.0,0.0,4561.71,0.0,0.0
2024-06-30,3,24,166,0,50,116,0,116,9411.08,329063.28,30,0,0.0,9411.08,0.0,0.0,0.0
2024-06-30,3,25,31,156,104,65,18,83,1087.3,34754.3,30,1,851.5,0.0,0.0,0.0,0.0
2024-06-30,3,26,4,152,95,48,13,61,3393.43,164275.39,30,0,2670.24,0.0,0.0,0.0,0.0
2024-06-30,3,27,66,144,121,89,0,89,7005.19,207794.4,30,2,7005.19,0.0,0.0,0.0,0.0
2024-06-30,3,28,143,0,131,12,0,12,121.32,25133.46,30,0,0.0,121.32,0.0,0.0,0.0
2024-06-30,3,29,184,146,187,143,0,143,2076.36,62232.72,30,0,2076.36,0.0,0.0,0.0,0.0
2024-06-30,3,30,161,0,87,65,9,74,2215.56,113592.36,30,0,0.0,1946.1,0.0,0.0,0.0
2024-06-30,3,31,75,143,59,141,18,159,3410.55,123208.8,30,0,3024.45,0.0,0.0,0.0,0.0
2024-06-30,3,32,139,0,56,62,21,83,876.48,34784.64,30,0,0.0,654.72,0.0,0.0,0.0
2024-07-31,1,1,218,0,37,147,34,181,13996.73,477744.74,31,0,0.0,11058.19,309.32,0.0,0.0
2024-07-31,1,2,54,152,147,46,13,59,3469.2,223557.6,31,0,2704.8,0.0,0.0,0.0,0.0
2024-07-31,1,3,111,154,122,140,3,143,4846.27,210965.25,31,0,4744.6,0.0,0.0,0.0,0.0
2024-07-31,1,4,186,154,170,170,0,170,13290.6,251270.52,31,0,12039.72,1250.88,0.0,0.0,0.0
2024-07-31,1,5,78,149,106,121,0,121,680.02,28768.78,31,0,680.02,0.0,0.0,0.0,0.0
2024-07-31,1,6,79,146,86,139,0,139,1534.56,55188.96,31,0,1534.56,0.0,0.0,0.0,0.0
2024-07-31,1,7,126,141,81,175,11,186,10525.74,213004.76,31,0,7979.19,1924.06,0.0,0.0,0.0
2024-07-31,1,8,148,128,107,169,0,169,7866.95,154546.0,31,0,5958.4,1908.55,0.0,0.0,0.0
2024-07-31,1,9,163,0,99,59,5,64,654.08,37650.48,31,0,0.0,602.98,0.0,0.0,0.0
2024-07-31,1,10,186,0,125,61,0,61,3875.33,215684.35,31,0,0.0,3875.33,0.0,0.0,0.0
2024-07-31,1,11,60,157,80,137,0,137,7319.91,168945.66,31,0,7319.91,0.0,0.0,0.0,0.0
2024-07-31,1,12,113,146,198,45,16,61,3575.21,202321.72,31,0,2637.45,0.0,0.0,0.0,0.0
2024-07-31,1,13,189,161,132,181,37,218,15957.6,270620.4,31,0,11785.2,1464.0,0.0,0.0,0.0
2024-07-31,1,14,153,0,114,39,0,39,2340.39,169348.22,31,0,0.0,2340.39,0.0,0.0,0.0
2024-07-31,1,15,136,152,86,186,16,202,9334.42,170745.95,31,0,7023.92,1571.14,0.0,0.0,0.0
2024-07-31,1,16,129,140,97,150,22,172,3833.88,84590.55,31,0,3120.6,222.9,0.0,0.0,0.0
2024-07-31,1,17,215,0,119,67,29,96,7102.08,380997.0,31,0,0.0,4956.66,0.0,0.0,0.0
2024-07-31,1,18,197,141,84,225,29,254,11869.42,251267.21,31,0,6588.93,3925.32,0.0,0.0,0.0
2024-07-31,1,19,74,144,133,85,0,85,1159.4,46635.16,31,0,1159.4,0.0,0.0,0.0,0.0
2024-07-31,1,20,73,156,106,119,4,123,7195.5,215397.0,31,0,6961.5,0.0,0.0,0.0,0.0
2024-07-31,1,21,133,142,132,122,21,143,3057.34,83745.46,31,0,2608.36,0.0,0.0,0.0,0.0
2024-07-31,1,22,170,175,206,139,0,139,2606.25,67087.5,31,0,2606.25,0.0,0.0,0.0,0.0
2024-07-31,1,23,214,0,111,103,0,103,8243.09,407992.94,31,0,0.0,8243.09,0.0,0.0,0.0
2024-07-31,1,24,106,130,160,73,3,76,6165.88,311458.07,31,0,5922.49,0.0,0.0,0.0,0.0
2024-07-31,1,25,76,142,50,168,0,168,2200.8,82438.3,31,0,1860.2,340.6,0.0,0.0,0.0
2024-07-31,1,26,172,153,123,202,0,202,11237.26,199711.7,31,0,8511.39,2725.87,0.0,0.0,0.0
2024-07-31,1,27,204,0,81,120,3,123,9681.33,402286.81,31,0,0.0,9445.2,0.0,0.0,0.0
2024-07-31,1,28,118,151,114,155,0,155,1567.05,47112.6,31,0,1526.61,40.44,0.0,0.0,0.0
2024-07-31,1,29,136,153,171,98,20,118,1713.36,53506.2,31,0,1422.96,0.0,0.0,0.0,0.0
2024-07-31,1,30,87,157,105,118,21,139,4161.66,162693.96,31,0,3532.92,0.0,0.0,0.0,0.0
2024-07-31,1,31,195,169,167,192,5,197,4225.65,87087.0,31,0,3625.05,493.35,0.0,0.0,0.0
2024-07-31,1,32,145,0,91,39,15,54,570.24,33242.88,31,0,0.0,411.84,0.0,0.0,0.0
2024-07-31,2,1,157,160,168,149,0,149,11522.17,316589.02,31,0,11522.17,0.0,0.0,0.0,0.0
2024-07-31,2,2,77,156,129,104,0,104,6115.2,245725.2,31,0,6115.2,0.0,0.0,0.0,0.0
2024-07-31,2,3,166,0,166,0,0,0,0.0,82962.72,31,5,0.0,0.0,0.0,0.0,0.0
2024-07-31,2,4,113,154,150,94,23,117,9147.06,286764.24,31,0,7348.92,0.0,0.0,0.0,0.0
2024-07-31,2,5,213,0,130,64,19,83,466.46,25986.88,31,0,0.0,359.68,0.0,0.0,0.0
2024-07-31,2,6,142,151,42,251,0,251,2771.04,51678.24,31,0,1667.04,1104.0,0.0,0.0,0.0
2024-07-31,2,7,83,147,128,102,0,102,5772.18,221210.31,31,0,5772.18,0.0,0.0,0.0,0.0
2024-07-31,2,8,0,282,204,58,20,78,3630.9,98406.7,31,6,2699.9,0.0,0.0,0.0,0.0
2024-07-31,2,9,127,157,149,135,0,135,1379.7,31896.62,31,0,1379.7,0.0,0.0,0.0,0.0
2024-07-31,2,10,144,0,64,53,27,80,5082.4,237538.67,31,0,0.0,3367.09,0.0,0.0,0.0
2024-07-31,2,11,91,141,104,128,0,128,6839.04,247701.48,31,0,6839.04,0.0,0.0,0.0,0.0
2024-07-31,2,12,180,160,191,139,10,149,8732.89,235377.76,31,0,8146.79,0.0,0.0,0.0,0.0
2024-07-31,2,13,105,148,68,179,6,185,13542.0,341185.2,31,0,10833.6,2269.2,0.0,0.0,0.0
2024-07-31,2,14,163,156,110,188,21,209,12542.09,206194.36,31,0,9361.56,1920.32,0.0,0.0,0.0
2024-07-31,2,15,55,174,63,135,31,166,7670.86,208915.41,31,0,6238.35,0.0,0.0,0.0,0.0
2024-07-31,2,16,43,270,282,15,16,31,690.99,54877.98,31,1,334.35,0.0,0.0,0.0,0.0
2024-07-31,2,17,111,145,157,99,0,99,7324.02,209659.32,31,0,7324.02,0.0,0.0,0.0,0.0
2024-07-31,2,18,121,160,132,149,0,149,6962.77,116731.54,31,0,6962.77,0.0,0.0,0.0,0.0
2024-07-31,2,19,163,142,140,162,3,165,2250.6,57656.28,31,0,1936.88,272.8,0.0,0.0,0.0
2024-07-31,2,20,220,160,154,216,10,226,13221.0,211477.5,31,0,9360.0,3276.0,0.0,0.0,0.0
2024-07-31,2,21,265,0,96,159,10,169,3613.22,134971.94,31,0,0.0,3249.76,149.66,0.0,0.0
2024-07-31,2,22,149,141,104,170,16,186,3487.5,93337.5,31,0,2643.75,543.75,0.0,0.0,0.0
2024-07-31,2,23,187,146,86,200,47,247,19767.41,374300.31,31,0,11684.38,4321.62,0.0,0.0,0.0
2024-07-31,2,24,148,124,108,132,32,164,13305.32,463901.34,31,0,10060.12,649.04,0.0,0.0,0.0
2024-07-31,2,25,82,143,114,97,14,111,1454.1,48980.9,31,0,1270.7,0.0,0.0,0.0,0.0
2024-07-31,2,26,213,0,132,71,10,81,4506.03,241601.09,31,0,0.0,3949.73,0.0,0.0,0.0
2024-07-31,2,27,128,141,140,129,0,129,10153.59,341601.4,31,0,10153.59,0.0,0.0,0.0,0.0
2024-07-31,2,28,138,149,120,167,0,167,1688.37,30582.75,31,0,1506.39,181.98,0.0,0.0,0.0
2024-07-31,2,29,121,150,84,180,7,187,2715.24,68273.04,31,0,2178.0,435.6,0.0,0.0,0.0
2024-07-31,2,30,187,0,72,115,0,115,3443.1,151376.64,31,0,0.0,3443.1,0.0,0.0,0.0
2024-07-31,2,31,184,144,162,166,0,166,3560.7,77820.6,31,0,3088.8,471.9,0.0,0.0,0.0
2024-07-31,2,32,115,130,86,130,29,159,1679.04,33031.68,31,0,1372.8,0.0,0.0,0.0,0.0
2024-07-31,3,1,179,142,143,178,0,178,13764.74,319063.58,31,0,10980.86,2783.88,0.0,0.0,0.0
2024-07-31,3,2,188,0,96,76,16,92,5409.6,272244.0,31,0,0.0,4468.8,0.0,0.0,0.0
2024-07-31,3,3,96,144,142,79,19,98,3321.22,116920.5,31,0,2677.31,0.0,0.0,0.0,0.0
2024-07-31,3,4,118,143,99,148,14,162,12665.16,259557.6,31,0,11179.74,390.9,0.0,0.0,0.0
2024-07-31,3,5,129,143,150,115,7,122,685.64,21676.34,31,0,646.3,0.0,0.0,0.0,0.0
2024-07-31,3,6,132,145,36,241,0,241,2660.64,65798.4,31,0,1600.8,0.0,0.0,1059.84,0.0
2024-07-31,3,7,110,143,132,121,0,121,6847.39,249844.85,31,0,6847.39,0.0,0.0,0.0,0.0
2024-07-31,3,8,123,132,147,95,13,108,5027.4,124567.8,31,0,4422.25,0.0,0.0,0.0,0.0
2024-07-31,3,9,190,0,81,104,5,109,1113.98,47134.64,31,0,0.0,1062.88,0.0,0.0,0.0
2024-07-31,3,10,169,150,165,154,0,154,9783.62,192305.31,31,0,9529.5,254.12,0.0,0.0,0.0
2024-07-31,3,11,188,0,82,106,0,106,5663.58,216017.49,31,0,0.0,5663.58,0.0,0.0,0.0
2024-07-31,3,12,65,164,111,118,0,118,6915.98,247920.3,31,0,6915.98,0.0,0.0,0.0,0.0
2024-07-31,3,13,212,0,89,123,0,123,9003.6,391986.0,31,0,0.0,9003.6,0.0,0.0,0.0
2024-07-31,3,14,81,148,101,128,0,128,7681.28,330775.12,31,0,7681.28,0.0,0.0,0.0,0.0
2024-07-31,3,15,122,146,78,171,19,190,8779.9,191910.13,31,0,6746.66,1155.25,0.0,0.0,0.0
2024-07-31,3,16,15,266,103,151,27,178,3967.62,81782.01,31,0,3365.79,0.0,0.0,0.0,0.0
2024-07-31,3,17,124,153,140,125,12,137,10135.26,304945.56,31,0,9247.5,0.0,0.0,0.0,0.0
2024-07-31,3,18,0,296,116,143,37,180,8411.4,235332.28,31,0,6682.39,0.0,0.0,0.0,0.0
2024-07-31,3,19,141,0,79,31,31,62,845.68,46635.16,31,0,0.0,422.84,0.0,0.0,0.0
2024-07-31,3,20,79,149,41,162,25,187,10939.5,322452.0,31,0,8716.5,0.0,760.5,0.0,0.0
2024-07-31,3,21,159,144,102,183,18,201,4297.38,126142.0,31,0,3078.72,0.0,833.82,0.0,0.0
2024-07-31,3,22,152,162,136,178,0,178,3337.5,76237.5,31,0,3037.5,300.0,0.0,0.0,0.0
2024-07-31,3,23,75,297,106,266,0,266,21287.98,282665.96,31,0,21287.98,0.0,0.0,0.0,0.0
2024-07-31,3,24,116,126,58,175,9,184,14927.92,512254.82,31,0,10222.38,0.0,3975.37,0.0,0.0
2024-07-31,3,25,83,153,123,87,26,113,1480.3,45836.9,31,0,1139.7,0.0,0.0,0.0,0.0
2024-07-31,3,26,61,287,136,212,0,212,11793.56,268470.38,31,0,11793.56,0.0,0.0,0.0,0.0
2024-07-31,3,27,89,153,111,131,0,131,10311.01,364584.72,31,0,10311.01,0.0,0.0,0.0,0.0
2024-07-31,3,28,12,179,84,79,28,107,1081.77,47527.11,31,0,798.69,0.0,0.0,0.0,0.0
2024-07-31,3,29,143,151,97,197,0,197,2860.44,53796.6,31,0,2192.52,667.92,0.0,0.0,0.0
2024-07-31,3,30,74,150,59,165,0,165,4940.1,142244.94,31,0,4491.0,0.0,449.1,0.0,0.0
2024-07-31,3,31,159,177,159,165,12,177,3796.65,68682.9,31,3,3539.25,0.0,0.0,0.0,0.0
2024-07-31,3,32,83,126,89,115,5,120,1267.2,38586.24,31,0,1214.4,0.0,0.0,0.0,0.0
2024-08-31,1,1,181,0,77,104,0,104,8042.32,296792.54,31,0,0.0,0.0,8042.32,0.0,0.0
2024-08-31,1,2,59,151,130,80,0,80,4704.0,247312.8,31,0,4704.0,0.0,0.0,0.0,0.0
2024-08-31,1,3,143,150,188,105,0,105,3558.45,131154.3,31,0,3558.45,0.0,0.0,0.0,0.0
2024-08-31,1,4,170,152,126,178,18,196,15323.28,307794.66,31,0,11883.36,2032.68,0.0,0.0,0.0
2024-08-31,1,5,121,144,91,174,0,174,977.88,31235.96,31,0,809.28,168.6,0.0,0.0,0.0
2024-08-31,1,6,139,0,59,71,9,80,883.2,38794.56,31,0,0.0,0.0,783.84,0.0,0.0
2024-08-31,1,7,186,142,170,142,16,158,8941.22,248543.28,31,0,8035.78,0.0,0.0,0.0,0.0
2024-08-31,1,8,169,0,112,57,0,57,2653.35,169302.35,31,0,0.0,2653.35,0.0,0.0,0.0
2024-08-31,1,9,64,142,40,146,20,166,1696.52,42208.6,31,0,1451.24,0.0,40.88,0.0,0.0
2024-08-31,1,10,61,153,94,120,0,120,7623.6,340139.62,31,0,7623.6,0.0,0.0,0.0,0.0
2024-08-31,1,11,137,0,65,53,19,72,3846.96,174716.1,31,0,0.0,2831.79,0.0,0.0,0.0
2024-08-31,1,12,61,305,178,175,13,188,11018.68,229633.98,31,0,10256.75,0.0,0.0,0.0,0.0
2024-08-31,1,13,218,0,103,115,0,115,8418.0,336427.2,31,0,0.0,8418.0,0.0,0.0,0.0
2024-08-31,1,14,39,148,110,77,0,77,4620.77,228578.09,31,0,4620.77,0.0,0.0,0.0,0.0
2024-08-31,1,15,202,159,132,221,8,229,10582.09,220005.81,31,0,7347.39,2865.02,0.0,0.0,0.0
2024-08-31,1,16,172,122,168,121,5,126,2808.54,82450.71,31,0,2697.09,0.0,0.0,0.0,0.0
2024-08-31,1,17,96,151,78,169,0,169,12502.62,217575.18,31,0,11170.98,0.0,1331.64,0.0,0.0
2024-08-31,1,18,254,0,137,95,22,117,5467.41,251921.43,31,0,0.0,4439.35,0.0,0.0,0.0
2024-08-31,1,19,85,147,125,95,12,107,1459.48,46157.76,31,0,1295.8,0.0,0.0,0.0,0.0
2024-08-31,1,20,123,153,172,104,0,104,6084.0,282906.0,31,0,6084.0,0.0,0.0,0.0,0.0
2024-08-31,1,21,143,145,58,226,4,230,4917.4,128878.64,31,0,3100.1,1731.78,0.0,0.0,0.0
2024-08-31,1,22,139,0,20,97,22,119,2231.25,77643.75,31,0,0.0,1818.75,0.0,0.0,0.0
2024-08-31,1,23,103,146,123,95,31,126,10083.78,486022.19,31,0,7602.85,0.0,0.0,0.0,0.0
2024-08-31,1,24,76,124,156,14,30,44,3569.72,241442.88,31,0,1135.82,0.0,0.0,0.0,0.0
2024-08-31,1,25,168,160,134,194,0,194,2541.4,50841.1,31,0,2096.0,0.0,445.4,0.0,0.0
2024-08-31,1,26,202,0,113,89,0,89,4951.07,279985.79,31,0,0.0,4951.07,0.0,0.0,0.0
2024-08-31,1,27,123,143,144,122,0,122,9602.62,328063.28,31,0,9602.62,0.0,0.0,0.0,0.0
2024-08-31,1,28,155,0,84,18,53,71,717.81,38145.03,31,0,0.0,181.98,0.0,0.0,0.0
2024-08-31,1,29,118,299,203,214,0,214,3107.28,49324.44,31,0,3107.28,0.0,0.0,0.0,0.0
2024-08-31,1,30,139,147,116,154,16,170,5089.8,102933.72,31,0,4401.18,209.58,0.0,0.0,0.0
2024-08-31,1,31,197,0,150,47,0,47,1008.15,81595.8,31,0,0.0,1008.15,0.0,0.0,0.0
2024-08-31,1,32,54,136,122,57,11,68,718.08,31996.8,31,0,601.92,0.0,0.0,0.0,0.0
2024-08-31,2,1,149,159,113,195,0,195,15079.35,307541.41,31,0,12295.47,2783.88,0.0,0.0,0.0
2024-08-31,2,2,104,161,106,152,7,159,9349.2,255309.6,31,0,8937.6,0.0,0.0,0.0,0.0
2024-08-31,2,3,0,328,130,173,25,198,6710.22,118377.77,31,2,5862.97,0.0,0.0,0.0,0.0
2024-08-31,2,4,117,145,75,187,0,187,14619.66,330779.58,31,0,11336.1,3283.56,0.0,0.0,0.0
2024-08-31,2,5,83,143,189,37,0,37,207.94,22328.26,31,0,207.94,0.0,0.0,0.0,0.0
2024-08-31,2,6,251,0,81,157,13,170,1876.8,78869.76,31,0,0.0,1667.04,66.24,0.0,0.0
2024-08-31,2,7,102,155,81,120,56,176,9959.84,269538.17,31,0,6790.8,0.0,0.0,0.0,0.0
2024-08-31,2,8,78,152,119,77,34,111,5167.05,136857.0,31,1,3584.35,0.0,0.0,0.0,0.0
2024-08-31,2,9,135,155,126,161,3,164,1676.08,44876.02,31,0,1584.1,61.32,0.0,0.0,0.0
2024-08-31,2,10,80,154,125,109,0,109,6924.77,219559.68,31,0,6924.77,0.0,0.0,0.0,0.0
2024-08-31,2,11,128,154,91,171,20,191,10205.13,195820.95,31,0,8228.22,908.31,0.0,0.0,0.0
2024-08-31,2,12,149,144,95,198,0,198,11604.78,232623.09,31,0,8439.84,3164.94,0.0,0.0,0.0
2024-08-31,2,13,185,0,92,64,29,93,6807.6,286358.4,31,0,0.0,4684.8,0.0,0.0,0.0
2024-08-31,2,14,209,0,153,36,20,56,3360.56,243040.5,31,0,0.0,2160.36,0.0,0.0,0.0
2024-08-31,2,15,166,159,168,157,0,157,7254.97,186919.45,31,0,7254.97,0.0,0.0,0.0,0.0
2024-08-31,2,16,31,264,158,126,11,137,3053.73,42885.96,31,4,2808.54,0.0,0.0,0.0,0.0
2024-08-31,2,17,99,143,128,114,0,114,8433.72,354956.04,31,0,8433.72,0.0,0.0,0.0,0.0
2024-08-31,2,18,149,142,102,172,17,189,8831.97,264585.26,31,0,6635.66,1401.9,0.0,0.0,0.0
2024-08-31,2,19,165,146,137,174,0,174,2373.36,62907.68,31,0,1991.44,381.92,0.0,0.0,0.0
2024-08-31,2,20,226,0,93,125,8,133,7780.5,318649.5,31,0,0.0,7312.5,0.0,0.0,0.0
2024-08-31,2,21,169,156,134,191,0,191,4083.58,112929.16,31,0,3335.28,0.0,748.3,0.0,0.0
2024-08-31,2,22,186,0,83,100,3,103,1931.25,83681.25,31,0,0.0,1875.0,0.0,0.0,0.0
2024-08-31,2,23,247,0,152,86,9,95,7602.85,419597.29,31,0,0.0,6882.58,0.0,0.0,0.0
2024-08-31,2,24,164,124,170,118,0,118,9573.34,295799.98,31,0,9573.34,0.0,0.0,0.0,0.0
2024-08-31,2,25,111,176,120,159,8,167,2187.7,46374.0,31,0,2082.9,0.0,0.0,0.0,0.0
2024-08-31,2,26,81,143,140,68,16,84,4672.92,163552.2,31,0,3782.84,0.0,0.0,0.0,0.0
2024-08-31,2,27,129,143,55,214,3,217,17080.07,344907.22,31,0,11255.53,5588.41,0.0,0.0,0.0
2024-08-31,2,28,167,0,69,86,12,98,990.78,43483.11,31,0,0.0,869.46,0.0,0.0,0.0
2024-08-31,2,29,187,0,107,46,34,80,1161.6,60562.92,31,0,0.0,667.92,0.0,0.0,0.0
2024-08-31,2,30,115,153,99,169,0,169,5059.86,114730.08,31,0,4580.82,0.0,479.04,0.0,0.0
2024-08-31,2,31,166,0,110,56,0,56,1201.2,77134.2,31,0,0.0,1201.2,0.0,0.0,0.0
2024-08-31,2,32,159,0,66,80,13,93,982.08,36115.2,31,0,0.0,844.8,0.0,0.0,0.0
2024-08-31,3,1,178,141,101,218,0,218,16857.94,339478.7,31,0,10903.53,5954.41,0.0,0.0,0.0
2024-08-31,3,2,92,148,105,132,3,135,7938.0,311757.6,31,0,7761.6,0.0,0.0,0.0,0.0
2024-08-31,3,3,98,167,161,104,0,104,3524.56,123800.17,31,0,3524.56,0.0,0.0,0.0,0.0
2024-08-31,3,4,162,150,148,143,21,164,12821.52,336799.44,31,0,11179.74,0.0,0.0,0.0,0.0
2024-08-31,3,5,122,143,88,169,8,177,994.74,32208.22,31,0,803.66,146.12,0.0,0.0,0.0
2024-08-31,3,6,241,0,120,111,10,121,1335.84,64274.88,31,0,0.0,1225.44,0.0,0.0,0.0
2024-08-31,3,7,121,149,135,93,42,135,7639.65,192462.59,31,0,5262.87,0.0,0.0,0.0,0.0
2024-08-31,3,8,108,134,83,159,0,159,7401.45,195091.05,31,0,6237.7,1163.75,0.0,0.0,0.0
2024-08-31,3,9,109,167,102,174,0,174,1778.28,43107.96,31,0,1706.74,0.0,71.54,0.0,0.0
2024-08-31,3,10,154,0,134,20,0,20,1270.6,214096.1,31,0,0.0,1270.6,0.0,0.0,0.0
2024-08-31,3,11,106,148,106,119,29,148,7907.64,133468.14,31,4,6358.17,0.0,0.0,0.0,0.0
2024-08-31,3,12,118,143,42,219,0,219,12835.59,208886.04,31,0,8381.23,4454.36,0.0,0.0,0.0
2024-08-31,3,13,123,141,67,184,13,197,14420.4,310148.4,31,0,10321.2,0.0,3147.6,0.0,0.0
2024-08-31,3,14,128,164,133,159,0,159,9541.59,217416.23,31,0,9541.59,0.0,0.0,0.0,0.0
2024-08-31,3,15,190,143,153,162,18,180,8317.8,200551.4,31,0,6608.03,877.99,0.0,0.0,0.0
2024-08-31,3,16,178,0,73,105,0,105,2340.45,96003.03,31,0,0.0,2340.45,0.0,0.0,0.0
2024-08-31,3,17,137,144,105,176,0,176,13020.48,353994.3,31,0,10653.12,2367.36,0.0,0.0,0.0
2024-08-31,3,18,180,158,156,160,22,182,8504.86,158601.62,31,0,7383.34,93.46,0.0,0.0,0.0
2024-08-31,3,19,62,156,162,23,33,56,763.84,41738.4,31,0,313.72,0.0,0.0,0.0,0.0
2024-08-31,3,20,187,143,113,217,0,217,12694.5,340645.5,31,0,8365.5,4329.0,0.0,0.0,0.0
2024-08-31,3,21,201,155,88,268,0,268,5729.84,108011.76,31,0,3313.9,2415.94,0.0,0.0,0.0
2024-08-31,3,22,178,0,113,54,11,65,1218.75,69675.0,31,0,0.0,1012.5,0.0,0.0,0.0
2024-08-31,3,23,266,0,111,141,14,155,12404.65,521715.57,31,0,0.0,11284.23,0.0,0.0,0.0
2024-08-31,3,24,184,0,179,5,0,5,405.65,276734.43,31,0,0.0,405.65,0.0,0.0,0.0
2024-08-31,3,25,113,147,137,123,0,123,1611.3,40387.3,31,0,1611.3,0.0,0.0,0.0,0.0
2024-08-31,3,26,212,0,81,96,35,131,7287.53,304908.03,31,0,0.0,5340.48,0.0,0.0,0.0
2024-08-31,3,27,131,145,98,178,0,178,14010.38,333887.82,31,0,11412.95,2597.43,0.0,0.0,0.0
2024-08-31,3,28,107,155,147,115,0,115,1162.65,42947.28,31,0,1162.65,0.0,0.0,0.0,0.0
2024-08-31,3,29,197,0,99,98,0,98,1422.96,55451.88,31,0,0.0,1422.96,0.0,0.0,0.0
2024-08-31,3,30,165,0,85,75,5,80,2395.2,111915.72,31,0,0.0,2245.5,0.0,0.0,0.0
2024-08-31,3,31,177,144,133,124,64,188,4032.6,89918.4,31,0,2659.8,0.0,0.0,0.0,0.0
2024-08-31,3,32,120,128,113,135,0,135,1425.6,35977.92,31,0,1351.68,73.92,0.0,0.0,0.0
2024-09-30,1,1,104,143,83,164,0,164,12682.12,255807.64,30,0,11058.19,0.0,0.0,1623.93,0.0
2024-09-30,1,2,80,141,83,138,0,138,8114.4,127890.0,30,0,8114.4,0.0,0.0,0.0,0.0
2024-09-30,1,3,105,160,92,154,19,173,5862.97,184090.48,30,0,5219.06,0.0,0.0,0.0,0.0
2024-09-30,1,4,196,0,148,48,0,48,3752.64,262762.98,30,0,0.0,3752.64,0.0,0.0,0.0
2024-09-30,1,5,174,0,134,11,29,40,224.8,17837.88,30,0,0.0,61.82,0.0,0.0,0.0
2024-09-30,1,6,80,150,153,77,0,77,850.08,46279.68,30,0,850.08,0.0,0.0,0.0,0.0
2024-09-30,1,7,158,0,80,47,31,78,4414.02,205138.75,30,0,0.0,2659.73,0.0,0.0,0.0
2024-09-30,1,8,57,136,54,110,29,139,6470.45,206495.8,30,0,5120.5,0.0,0.0,0.0,0.0
2024-09-30,1,9,166,149,114,195,6,201,2054.22,38876.88,30,0,1522.78,470.12,0.0,0.0,0.0
2024-09-30,1,10,120,146,47,219,0,219,13913.07,224133.84,30,0,9275.38,4637.69,0.0,0.0,0.0
2024-09-30,1,11,72,157,70,139,20,159,8495.37,283713.3,30,0,7426.77,0.0,0.0,0.0,0.0
2024-09-30,1,12,188,0,125,57,6,63,3692.43,226058.77,30,0,0.0,3340.77,0.0,0.0,0.0
2024-09-30,1,13,115,148,81,182,0,182,13322.4,334084.8,30,0,10833.6,0.0,2488.8,0.0,0.0
2024-09-30,1,14,77,152,95,134,0,134,8041.34,287267.87,30,0,8041.34,0.0,0.0,0.0,0.0
2024-09-30,1,15,229,0,118,98,13,111,5129.31,223517.77,30,0,0.0,4528.58,0.0,0.0,0.0
2024-09-30,1,16,126,136,139,91,32,123,2741.67,82227.81,30,0,2028.39,0.0,0.0,0.0,0.0
2024-09-30,1,17,169,161,110,220,0,220,16275.6,612776.34,30,0,11910.78,4364.82,0.0,0.0,0.0
2024-09-30,1,18,117,157,117,157,0,157,7336.61,206219.49,30,0,7336.61,0.0,0.0,0.0,0.0
2024-09-30,1,19,107,149,107,123,26,149,2032.36,22737.88,30,4,1677.72,0.0,0.0,0.0,0.0
2024-09-30,1,20,104,152,131,105,20,125,7312.5,261553.5,30,0,6142.5,0.0,0.0,0.0,0.0
2024-09-30,1,21,230,0,66,160,4,164,3506.32,121074.94,30,0,0.0,3100.1,320.7,0.0,0.0
2024-09-30,1,22,119,141,92,168,0,168,3150.0,83231.25,30,0,2643.75,0.0,506.25,0.0,0.0
2024-09-30,1,23,126,148,119,155,0,155,12404.65,278104.25,30,0,11844.44,560.21,0.0,0.0,0.0
2024-09-30,1,24,44,134,78,78,22,100,8113.0,318029.6,30,0,6328.14,0.0,0.0,0.0,0.0
2024-09-30,1,25,194,0,111,76,7,83,1087.3,60286.2,30,0,0.0,995.6,0.0,0.0,0.0
2024-09-30,1,26,89,144,114,119,0,119,6619.97,160770.7,30,1,6619.97,0.0,0.0,0.0,0.0
2024-09-30,1,27,122,0,76,46,0,46,3620.66,253682.33,30,0,0.0,3620.66,0.0,0.0,0.0
2024-09-30,1,28,71,163,168,54,12,66,667.26,27357.66,30,2,545.94,0.0,0.0,0.0,0.0
2024-09-30,1,29,214,0,72,123,19,142,2061.84,73398.6,30,0,0.0,1785.96,0.0,0.0,0.0
2024-09-30,1,30,170,0,73,82,15,97,2904.18,113861.82,30,0,0.0,2455.08,0.0,0.0,0.0
2024-09-30,1,31,47,171,168,27,23,50,1072.5,92578.2,30,0,579.15,0.0,0.0,0.0,0.0
2024-09-30,1,32,68,126,74,117,3,120,1267.2,46337.28,30,0,1235.52,0.0,0.0,0.0,0.0
2024-09-30,2,1,195,0,98,87,10,97,7501.01,332750.99,30,0,0.0,6727.71,0.0,0.0,0.0
2024-09-30,2,2,159,0,29,130,0,130,7644.0,265717.2,30,0,0.0,7644.0,0.0,0.0,0.0
2024-09-30,2,3,198,141,122,200,17,217,7354.13,138135.64,30,0,4778.49,1999.51,0.0,0.0,0.0
2024-09-30,2,4,187,0,117,70,0,70,5472.6,311547.3,30,0,0.0,5472.6,0.0,0.0,0.0
2024-09-30,2,5,37,150,82,86,19,105,590.1,20675.98,30,0,483.32,0.0,0.0,0.0,0.0
2024-09-30,2,6,170,0,74,96,0,96,1059.84,44093.76,30,0,0.0,0.0,1059.84,0.0,0.0
2024-09-30,2,7,176,141,130,180,7,187,10582.33,203837.18,30,0,7979.19,2207.01,0.0,0.0,0.0
2024-09-30,2,8,111,134,99,130,16,146,6796.3,153615.0,30,0,6051.5,0.0,0.0,0.0,0.0
2024-09-30,2,9,164,0,39,115,10,125,1277.5,44702.28,30,0,0.0,1175.3,0.0,0.0,0.0
2024-09-30,2,10,109,150,127,119,13,132,8385.96,252722.34,30,0,7560.07,0.0,0.0,0.0,0.0
2024-09-30,2,11,191,0,109,82,0,82,4381.26,200576.22,30,0,0.0,4381.26,0.0,0.0,0.0
2024-09-30,2,12,198,0,95,89,14,103,6036.83,267085.77,30,0,0.0,5216.29,0.0,0.0,0.0
2024-09-30,2,13,93,146,141,84,14,98,7173.6,252174.0,30,0,6148.8,0.0,0.0,0.0,0.0
2024-09-30,2,14,56,160,109,107,0,107,6421.07,260503.41,30,0,6421.07,0.0,0.0,0.0,0.0
2024-09-30,2,15,157,0,66,72,19,91,4205.11,177769.87,30,0,0.0,3327.12,0.0,0.0,0.0
2024-09-30,2,16,137,132,153,95,21,116,2585.64,66580.23,30,0,2117.55,0.0,0.0,0.0,0.0
2024-09-30,2,17,114,156,114,156,0,156,11540.88,423387.54,30,0,11540.88,0.0,0.0,0.0,0.0
2024-09-30,2,18,189,0,58,131,0,131,6121.63,229537.76,30,0,0.0,6121.63,0.0,0.0,0.0
2024-09-30,2,19,174,0,80,73,21,94,1282.16,61325.44,30,0,0.0,995.72,0.0,0.0,0.0
2024-09-30,2,20,133,167,205,95,0,95,5557.5,207967.5,30,0,5557.5,0.0,0.0,0.0,0.0
2024-09-30,2,21,191,147,109,189,40,229,4896.02,101084.64,30,0,3142.86,897.96,0.0,0.0,0.0
2024-09-30,2,22,103,146,86,163,0,163,3056.25,64293.75,30,0,2737.5,0.0,318.75,0.0,0.0
2024-09-30,2,23,95,149,172,72,0,72,5762.16,409673.57,30,0,5762.16,0.0,0.0,0.0,0.0
2024-09-30,2,24,118,126,116,101,27,128,10384.64,335310.29,30,0,8194.13,0.0,0.0,0.0,0.0
2024-09-30,2,25,167,142,126,153,30,183,2397.3,49963.4,30,0,1860.2,144.1,0.0,0.0,0.0
2024-09-30,2,26,84,156,139,101,0,101,5618.63,241879.24,30,0,5618.63,0.0,0.0,0.0,0.0
2024-09-30,2,27,217,0,87,130,0,130,10232.3,412519.11,30,0,0.0,10232.3,0.0,0.0,0.0
2024-09-30,2,28,98,148,79,145,22,167,1688.37,50752.2,30,0,1465.95,0.0,0.0,0.0,0.0
2024-09-30,2,29,80,144,135,89,0,89,1292.28,50427.96,30,0,1292.28,0.0,0.0,0.0,0.0
2024-09-30,2,30,169,151,123,197,0,197,5898.18,126436.62,30,0,4520.94,1377.24,0.0,0.0,0.0
2024-09-30,2,31,56,147,91,97,15,112,2402.4,97897.8,30,0,2080.65,0.0,0.0,0.0,0.0
2024-09-30,2,32,93,136,145,50,34,84,887.04,34077.12,30,0,528.0,0.0,0.0,0.0,0.0
2024-09-30,3,1,218,0,93,117,8,125,9666.25,417427.34,30,0,0.0,9047.61,0.0,0.0,0.0
2024-09-30,3,2,135,164,51,236,12,248,14582.4,285650.4,30,0,9643.2,4233.6,0.0,0.0,0.0
2024-09-30,3,3,104,141,91,154,0,154,5219.06,150674.94,30,0,4778.49,440.57,0.0,0.0,0.0
2024-09-30,3,4,164,169,135,198,0,198,15479.64,333984.96,30,0,13212.42,2267.22,0.0,0.0,0.0
2024-09-30,3,5,177,0,72,95,10,105,590.1,23446.64,30,0,0.0,533.9,0.0,0.0,0.0
2024-09-30,3,6,121,144,89,170,6,176,1943.04,51976.32,30,0,1589.76,0.0,287.04,0.0,0.0
2024-09-30,3,7,135,150,150,126,9,135,7639.65,259748.1,30,0,7130.34,0.0,0.0,0.0,0.0
2024-09-30,3,8,159,130,155,127,7,134,6237.7,154033.95,30,0,5911.85,0.0,0.0,0.0,0.0
2024-09-30,3,9,174,161,156,179,0,179,1829.38,37997.96,30,0,1645.42,183.96,0.0,0.0,0.0
2024-09-30,3,10,20,148,61,107,0,107,6797.71,189827.64,30,0,6797.71,0.0,0.0,0.0,0.0
2024-09-30,3,11,148,148,91,205,0,205,10953.15,193309.74,30,0,7907.64,3045.51,0.0,0.0,0.0
2024-09-30,3,12,219,0,133,57,29,86,5040.46,293987.76,30,0,0.0,3340.77,0.0,0.0,0.0
2024-09-30,3,13,197,162,157,202,0,202,14786.4,291848.4,30,0,11858.4,2928.0,0.0,0.0,0.0
2024-09-30,3,14,159,0,102,57,0,57,3420.57,222937.15,30,0,0.0,3420.57,0.0,0.0,0.0
2024-09-30,3,15,180,0,72,96,12,108,4990.68,195606.93,30,0,0.0,4436.16,0.0,0.0,0.0
2024-09-30,3,16,105,134,67,162,10,172,3833.88,82227.81,30,0,2986.86,0.0,624.12,0.0,0.0
2024-09-30,3,17,176,145,121,179,21,200,14796.0,359764.74,30,0,10727.1,2515.32,0.0,0.0,0.0
2024-09-30,3,18,182,156,95,202,41,243,11355.39,216079.52,30,0,7289.88,2149.58,0.0,0.0,0.0
2024-09-30,3,19,56,152,108,92,8,100,1364.0,43143.32,30,0,1254.88,0.0,0.0,0.0,0.0
2024-09-30,3,20,217,0,83,123,11,134,7839.0,320053.5,30,0,0.0,7195.5,0.0,0.0,0.0
2024-09-30,3,21,268,0,104,152,12,164,3506.32,135292.64,30,0,0.0,3249.76,0.0,0.0,0.0
2024-09-30,3,22,65,149,109,105,0,105,1968.75,78600.0,30,0,1968.75,0.0,0.0,0.0,0.0
2024-09-30,3,23,155,147,157,145,0,145,11604.35,318039.22,30,0,11604.35,0.0,0.0,0.0,0.0
2024-09-30,3,24,5,276,97,174,10,184,14927.92,217428.4,30,0,14116.62,0.0,0.0,0.0,0.0
2024-09-30,3,25,123,142,122,128,15,143,1873.3,59356.1,30,0,1676.8,0.0,0.0,0.0,0.0
2024-09-30,3,26,131,150,135,146,0,146,8121.98,213952.98,30,0,8121.98,0.0,0.0,0.0,0.0
2024-09-30,3,27,178,0,47,116,15,131,10311.01,371983.46,30,0,0.0,9130.36,0.0,0.0,0.0
2024-09-30,3,28,115,168,127,151,5,156,1577.16,34960.38,30,0,1526.61,0.0,0.0,0.0,0.0
2024-09-30,3,29,98,153,131,85,35,120,1742.4,50820.0,30,0,1234.2,0.0,0.0,0.0,0.0
2024-09-30,3,30,80,144,96,117,11,128,3832.32,141226.98,30,0,3502.98,0.0,0.0,0.0,0.0
2024-09-30,3,31,188,141,139,175,15,190,4075.5,94508.7,30,0,3024.45,729.3,0.0,0.0,0.0
2024-09-30,3,32,135,0,79,44,12,56,591.36,34763.52,30,0,0.0,464.64,0.0,0.0,0.0
2024-10-31,1,1,164,0,103,61,0,61,4717.13,295091.28,31,0,0.0,4717.13,0.0,0.0,0.0
2024-10-31,1,2,138,169,76,214,17,231,13582.8,263659.2,31,0,9937.2,2646.0,0.0,0.0,0.0
2024-10-31,1,3,173,148,121,200,0,200,6778.0,138915.11,31,0,5015.72,1762.28,0.0,0.0,0.0
2024-10-31,1,4,48,145,46,147,0,147,11492.46,331874.1,31,0,11336.1,0.0,156.36,0.0,0.0
2024-10-31,1,5,40,309,183,122,44,166,932.92,17629.94,31,0,685.64,0.0,0.0,0.0,0.0
2024-10-31,1,6,77,150,170,32,25,57,629.28,27887.04,31,0,353.28,0.0,0.0,0.0,0.0
2024-10-31,1,7,78,150,159,64,5,69,3904.71,105596.94,31,9,3621.76,0.0,0.0,0.0,0.0
2024-10-31,1,8,139,136,112,114,49,163,7587.65,183407.0,31,0,5306.7,0.0,0.0,0.0,0.0
2024-10-31,1,9,201,0,108,93,0,93,950.46,43639.4,31,0,0.0,950.46,0.0,0.0,0.0
2024-10-31,1,10,219,0,160,59,0,59,3748.27,301132.2,31,0,0.0,3748.27,0.0,0.0,0.0
2024-10-31,1,11,159,0,137,5,17,22,1175.46,150405.45,31,0,0.0,267.15,0.0,0.0,0.0
2024-10-31,1,12,63,148,211,0,0,0,0.0,162349.7,31,5,0.0,0.0,0.0,0.0,0.0
2024-10-31,1,13,182,141,158,147,18,165,12078.0,319225.2,31,0,10321.2,439.2,0.0,0.0,0.0
2024-10-31,1,14,134,150,152,110,22,132,7921.32,253722.28,31,0,6601.1,0.0,0.0,0.0,0.0
2024-10-31,1,15,111,151,135,119,8,127,5868.67,164877.28,31,0,5498.99,0.0,0.0,0.0,0.0
2024-10-31,1,16,123,136,203,31,25,56,1248.24,58332.93,31,0,690.99,0.0,0.0,0.0,0.0
2024-10-31,1,17,220,0,99,106,15,121,8951.58,417025.26,31,0,0.0,7841.88,0.0,0.0,0.0
2024-10-31,1,18,157,148,114,157,34,191,8925.43,326876.35,31,0,6916.04,420.57,0.0,0.0,0.0
2024-10-31,1,19,149,146,106,143,46,189,2577.96,52514.0,31,0,1950.52,0.0,0.0,0.0,0.0
2024-10-31,1,20,125,143,183,72,13,85,4972.5,117117.0,31,1,4212.0,0.0,0.0,0.0,0.0
2024-10-31,1,21,164,149,139,171,3,174,3720.12,161483.14,31,0,3185.62,0.0,470.36,0.0,0.0
2024-10-31,1,22,168,0,70,98,0,98,1837.5,82837.5,31,0,0.0,1837.5,0.0,0.0,0.0
2024-10-31,1,23,155,150,122,173,10,183,14645.49,477619.04,31,0,12004.5,1840.69,0.0,0.0,0.0
2024-10-31,1,24,100,144,244,0,0,0,0.0,202013.7,31,5,0.0,0.0,0.0,0.0,0.0
2024-10-31,1,25,83,142,124,84,17,101,1323.1,58570.1,31,0,1100.4,0.0,0.0,0.0,0.0
2024-10-31,1,26,119,142,80,163,18,181,10069.03,209502.58,31,0,7899.46,1168.23,0.0,0.0,0.0
2024-10-31,1,27,46,156,200,0,2,2,157.42,304922.54,31,1,0.0,0.0,0.0,0.0,0.0
2024-10-31,1,28,66,148,154,60,0,60,606.6,30562.53,31,0,606.6,0.0,0.0,0.0,0.0
2024-10-31,1,29,142,142,196,74,14,88,1277.76,52562.4,31,0,1074.48,0.0,0.0,0.0,0.0
2024-10-31,1,30,97,142,86,131,22,153,4580.82,125089.32,31,0,3922.14,0.0,0.0,0.0,0.0
2024-10-31,1,31,50,168,146,45,27,72,1544.4,77048.4,31,1,965.25,0.0,0.0,0.0,0.0
2024-10-31,1,32,120,130,144,106,0,106,1119.36,27952.32,31,0,1119.36,0.0,0.0,0.0,0.0
2024-10-31,2,1,97,141,74,164,0,164,12682.12,339633.36,31,0,10903.53,0.0,1778.59,0.0,0.0
2024-10-31,2,2,130,156,116,170,0,170,9996.0,268657.2,31,0,9172.8,0.0,823.2,0.0,0.0
2024-10-31,2,3,217,0,136,81,0,81,2745.09,157317.38,31,0,0.0,2745.09,0.0,0.0,0.0
2024-10-31,2,4,70,314,169,181,34,215,16808.7,365960.58,31,0,14150.58,0.0,0.0,0.0,0.0
2024-10-31,2,5,105,311,255,131,30,161,904.82,17118.52,31,0,736.22,0.0,0.0,0.0,0.0
2024-10-31,2,6,96,144,170,31,39,70,772.8,52119.84,31,0,342.24,0.0,0.0,0.0,0.0
2024-10-31,2,7,187,0,99,76,12,88,4979.92,246166.5,31,0,0.0,4300.84,0.0,0.0,0.0
2024-10-31,2,8,146,128,145,129,0,129,6004.95,169209.25,31,0,5958.4,46.55,0.0,0.0,0.0
2024-10-31,2,9,125,157,105,177,0,177,1808.94,42648.06,31,0,1604.54,0.0,204.4,0.0,0.0
2024-10-31,2,10,132,152,136,122,26,148,9402.44,235886.89,31,0,7750.66,0.0,0.0,0.0,0.0
2024-10-31,2,11,82,147,98,122,9,131,6999.33,263463.33,31,0,6518.46,0.0,0.0,0.0,0.0
2024-10-31,2,12,103,158,188,73,0,73,4278.53,208417.16,31,0,4278.53,0.0,0.0,0.0,0.0
2024-10-31,2,13,98,163,125,136,0,136,9955.2,329985.6,31,0,9955.2,0.0,0.0,0.0,0.0
2024-10-31,2,14,107,148,65,190,0,190,11401.9,298009.66,31,0,8881.48,2520.42,0.0,0.0,0.0
2024-10-31,2,15,91,157,189,47,12,59,2726.39,193573.69,31,0,2171.87,0.0,0.0,0.0,0.0
2024-10-31,2,16,116,122,111,120,7,127,2830.83,90341.37,31,0,2674.8,0.0,0.0,0.0,0.0
2024-10-31,2,17,156,152,203,68,37,105,7767.9,243764.1,31,0,5030.64,0.0,0.0,0.0,0.0
2024-10-31,2,18,131,149,159,118,3,121,5654.33,273697.61,31,0,5514.14,0.0,0.0,0.0,0.0
2024-10-31,2,19,94,145,141,98,0,98,1336.72,59115.76,31,0,1336.72,0.0,0.0,0.0,0.0
2024-10-31,2,20,95,149,115,117,12,129,7546.5,273838.5,31,0,6844.5,0.0,0.0,0.0,0.0
2024-10-31,2,21,229,149,196,163,19,182,3891.16,79512.22,31,0,3185.62,299.32,0.0,0.0,0.0
2024-10-31,2,22,163,142,203,102,0,102,1912.5,81375.0,31,0,1912.5,0.0,0.0,0.0,0.0
2024-10-31,2,23,72,287,162,179,18,197,15765.91,200395.12,31,0,14325.37,0.0,0.0,0.0,0.0
2024-10-31,2,24,128,134,169,69,24,93,7545.09,312107.11,31,0,5597.97,0.0,0.0,0.0,0.0
2024-10-31,2,25,183,143,196,99,31,130,1703.0,56447.9,31,0,1296.9,0.0,0.0,0.0,0.0
2024-10-31,2,26,101,146,139,91,17,108,6008.04,208835.02,31,0,5062.33,0.0,0.0,0.0,0.0
2024-10-31,2,27,130,144,121,146,7,153,12042.63,273753.38,31,0,11334.24,0.0,157.42,0.0,0.0
2024-10-31,2,28,167,146,146,164,3,167,1688.37,44312.13,31,0,1476.06,181.98,0.0,0.0,0.0
2024-10-31,2,29,89,146,72,147,16,163,2366.76,48729.12,31,0,2119.92,14.52,0.0,0.0,0.0
2024-10-31,2,30,197,141,129,193,16,209,6257.46,123861.78,31,0,4221.54,1556.88,0.0,0.0,0.0
2024-10-31,2,31,112,0,54,58,0,58,1244.1,53925.3,31,0,0.0,1244.1,0.0,0.0,0.0
2024-10-31,2,32,84,144,174,46,8,54,570.24,32039.04,31,0,485.76,0.0,0.0,0.0,0.0
2024-10-31,3,1,125,150,156,93,26,119,9202.27,292307.4,31,0,7191.69,0.0,0.0,0.0,0.0
2024-10-31,3,2,248,141,213,176,0,176,10348.8,268951.2,31,0,8290.8,2058.0,0.0,0.0,0.0
2024-10-31,3,3,154,155,154,140,15,155,5252.95,102517.25,31,1,4744.6,0.0,0.0,0.0,0.0
2024-10-31,3,4,198,145,186,149,8,157,12274.26,280666.2,31,0,11336.1,312.72,0.0,0.0,0.0
2024-10-31,3,5,105,299,177,218,9,227,1275.74,21513.36,31,0,1225.16,0.0,0.0,0.0,0.0
2024-10-31,3,6,176,150,135,125,66,191,2108.64,42029.28,31,0,1380.0,0.0,0.0,0.0,0.0
2024-10-31,3,7,135,154,116,170,3,173,9790.07,257710.86,31,0,8714.86,905.44,0.0,0.0,0.0
2024-10-31,3,8,134,134,120,126,22,148,6889.4,147051.45,31,0,5865.3,0.0,0.0,0.0,0.0
2024-10-31,3,9,179,0,85,94,0,94,960.68,44845.36,31,0,0.0,960.68,0.0,0.0,0.0
2024-10-31,3,10,107,291,221,164,13,177,11244.81,185761.72,31,4,10418.92,0.0,0.0,0.0,0.0
2024-10-31,3,11,205,145,152,198,0,198,10579.14,218528.7,31,0,7747.35,2831.79,0.0,0.0,0.0
2024-10-31,3,12,86,143,155,66,8,74,4337.14,175536.95,31,0,3868.26,0.0,0.0,0.0,0.0
2024-10-31,3,13,202,0,109,45,48,93,6807.6,333499.2,31,0,0.0,3294.0,0.0,0.0,0.0
2024-10-31,3,14,57,147,127,77,0,77,4620.77,242140.35,31,0,4620.77,0.0,0.0,0.0,0.0
2024-10-31,3,15,108,168,134,121,21,142,6561.82,182806.76,31,0,5591.41,0.0,0.0,0.0,0.0
2024-10-31,3,16,172,132,193,93,18,111,2474.19,86173.14,31,0,2072.97,0.0,0.0,0.0,0.0
2024-10-31,3,17,200,0,200,0,0,0,0.0,196786.8,31,4,0.0,0.0,0.0,0.0,0.0
2024-10-31,3,18,243,0,195,9,39,48,2243.04,177760.92,31,0,0.0,420.57,0.0,0.0,0.0
2024-10-31,3,19,100,143,120,111,12,123,1677.72,52977.76,31,0,1514.04,0.0,0.0,0.0,0.0
2024-10-31,3,20,134,149,140,138,5,143,8365.5,181818.0,31,0,8073.0,0.0,0.0,0.0,0.0
2024-10-31,3,21,164,141,115,190,0,190,4062.2,119257.64,31,0,3014.58,0.0,1047.62,0.0,0.0
2024-10-31,3,22,105,150,159,96,0,96,1800.0,79387.5,31,0,1800.0,0.0,0.0,0.0,0.0
2024-10-31,3,23,145,142,136,151,0,151,12084.53,370778.99,31,0,11364.26,720.27,0.0,0.0,0.0
2024-10-31,3,24,184,0,142,26,16,42,3407.46,272840.19,31,0,0.0,2109.38,0.0,0.0,0.0
2024-10-31,3,25,143,150,203,90,0,90,1179.0,51129.3,31,0,1179.0,0.0,0.0,0.0,0.0
2024-10-31,3,26,146,144,124,166,0,166,9234.58,250446.26,31,0,8010.72,1223.86,0.0,0.0,0.0
2024-10-31,3,27,131,148,143,125,11,136,10704.56,255256.53,31,0,9838.75,0.0,0.0,0.0,0.0
2024-10-31,3,28,156,0,28,128,0,128,1294.08,42937.17,31,0,0.0,1294.08,0.0,0.0,0.0
2024-10-31,3,29,120,155,183,55,37,92,1335.84,57078.12,31,0,798.6,0.0,0.0,0.0,0.0
2024-10-31,3,30,128,155,118,165,0,165,4940.1,113592.36,31,0,4640.7,299.4,0.0,0.0,0.0
2024-10-31,3,31,190,0,63,120,7,127,2724.15,101673.0,31,0,0.0,2574.0,0.0,0.0,0.0
2024-10-31,3,32,56,262,162,139,17,156,1647.36,42451.2,31,0,1467.84,0.0,0.0,0.0,0.0
2024-11-30,1,1,61,157,125,93,0,93,7191.69,304293.55,30,0,7191.69,0.0,0.0,0.0,0.0
2024-11-30,1,2,231,0,150,63,18,81,4762.8,258955.2,30,0,0.0,3704.4,0.0,0.0,0.0
2024-11-30,1,3,200,0,184,16,0,16,542.24,128714.22,30,0,0.0,542.24,0.0,0.0,0.0
2024-11-30,1,4,147,0,113,6,28,34,2658.12,263232.06,30,0,0.0,469.08,0.0,0.0,0.0
2024-11-30,1,5,166,143,124,141,44,185,1039.7,17377.04,30,0,792.42,0.0,0.0,0.0,0.0
2024-11-30,1,6,57,167,114,90,20,110,1214.4,44424.96,30,0,993.6,0.0,0.0,0.0,0.0
2024-11-30,1,7,69,149,124,53,41,94,5319.46,267840.47,30,0,2999.27,0.0,0.0,0.0,0.0
2024-11-30,1,8,163,146,207,86,16,102,4748.1,151194.4,30,0,4003.3,0.0,0.0,0.0,0.0
2024-11-30,1,9,93,145,94,144,0,144,1471.68,38907.54,30,0,1471.68,0.0,0.0,0.0,0.0
2024-11-30,1,10,59,148,107,57,43,100,6353.0,276037.85,30,0,3621.21,0.0,0.0,0.0,0.0
2024-11-30,1,11,22,292,105,197,12,209,11166.87,144848.73,30,1,10525.71,0.0,0.0,0.0,0.0
2024-11-30,1,12,0,197,159,20,18,38,2227.18,127476.75,30,3,1172.2,0.0,0.0,0.0,0.0
2024-11-30,1,13,165,145,156,132,22,154,11272.8,257590.8,30,0,9662.4,0.0,0.0,0.0,0.0
2024-11-30,1,14,132,189,154,138,29,167,10021.67,190771.79,30,1,8281.38,0.0,0.0,0.0,0.0
2024-11-30,1,15,127,153,140,130,10,140,6469.4,151846.06,30,0,6007.3,0.0,0.0,0.0,0.0
2024-11-30,1,16,56,268,210,114,0,114,2541.06,73913.64,30,0,2541.06,0.0,0.0,0.0,0.0
2024-11-30,1,17,121,155,73,161,42,203,15017.94,219868.56,30,0,11466.9,0.0,443.88,0.0,0.0
2024-11-30,1,18,191,147,100,213,25,238,11121.74,225098.41,30,0,6869.31,3084.18,0.0,0.0,0.0
2024-11-30,1,19,189,154,200,143,0,143,1950.52,50495.28,30,0,1950.52,0.0,0.0,0.0,0.0
2024-11-30,1,20,85,143,133,95,0,95,5557.5,198022.5,30,0,5557.5,0.0,0.0,0.0,0.0
2024-11-30,1,21,174,149,128,179,16,195,4169.1,76005.9,30,0,3185.62,641.4,0.0,0.0,0.0
2024-11-30,1,22,98,144,129,113,0,113,2118.75,72543.75,30,0,2118.75,0.0,0.0,0.0,0.0
2024-11-30,1,23,183,0,128,43,12,55,4401.65,271461.76,30,0,0.0,3441.29,0.0,0.0,0.0
2024-11-30,1,24,0,150,142,8,0,8,649.04,83888.42,30,5,649.04,0.0,0.0,0.0,0.0
2024-11-30,1,25,101,146,101,115,31,146,1912.6,52924.0,30,0,1506.5,0.0,0.0,0.0,0.0
2024-11-30,1,26,181,144,174,151,0,151,8400.13,225190.24,30,0,8010.72,389.41,0.0,0.0,0.0
2024-11-30,1,27,2,320,150,172,0,172,13538.12,230935.14,30,1,13538.12,0.0,0.0,0.0,0.0
2024-11-30,1,28,60,159,132,87,0,87,879.57,38862.84,30,0,879.57,0.0,0.0,0.0,0.0
2024-11-30,1,29,88,150,164,66,8,74,1074.48,42572.64,30,0,958.32,0.0,0.0,0.0,0.0
2024-11-30,1,30,153,146,150,129,20,149,4461.06,90867.9,30,0,3862.26,0.0,0.0,0.0,0.0
2024-11-30,1,31,72,146,102,116,0,116,2488.2,74431.5,30,0,2488.2,0.0,0.0,0.0,0.0
2024-11-30,1,32,106,126,155,77,0,77,813.12,28744.32,30,0,813.12,0.0,0.0,0.0,0.0
2024-11-30,2,1,164,0,48,102,14,116,8970.28,349067.62,30,0,0.0,7887.66,0.0,0.0,0.0
2024-11-30,2,2,170,0,167,3,0,3,176.4,177576.0,30,0,0.0,176.4,0.0,0.0,0.0
2024-11-30,2,3,81,157,153,69,16,85,2880.65,121631.21,30,0,2338.41,0.0,0.0,0.0,0.0
2024-11-30,2,4,215,0,103,61,51,112,8756.16,380189.34,30,0,0.0,4768.98,0.0,0.0,0.0
2024-11-30,2,5,161,152,174,125,14,139,781.18,19951.0,30,0,702.5,0.0,0.0,0.0,0.0
2024-11-30,2,6,70,144,204,0,10,10,110.4,20832.48,30,1,0.0,0.0,0.0,0.0,0.0
2024-11-30,2,7,88,290,173,176,29,205,11600.95,229585.63,30,0,9959.84,0.0,0.0,0.0,0.0
2024-11-30,2,8,129,136,107,148,10,158,7354.9,162925.0,30,0,6330.8,558.6,0.0,0.0,0.0
2024-11-30,2,9,177,161,143,148,47,195,1992.9,43005.76,30,0,1512.56,0.0,0.0,0.0,0.0
2024-11-30,2,10,148,151,209,73,17,90,5717.7,251642.33,30,0,4637.69,0.0,0.0,0.0,0.0
2024-11-30,2,11,131,141,123,139,10,149,7961.07,189836.79,30,0,7426.77,0.0,0.0,0.0,0.0
2024-11-30,2,12,73,151,98,109,17,126,7384.86,282324.37,30,0,6388.49,0.0,0.0,0.0,0.0
2024-11-30,2,13,136,148,103,161,20,181,13249.2,315931.2,30,0,10833.6,951.6,0.0,0.0,0.0
2024-11-30,2,14,190,172,155,173,34,207,12422.07,254262.37,30,0,10321.72,60.01,0.0,0.0,0.0
2024-11-30,2,15,59,156,128,61,26,87,4020.27,193527.48,30,0,2818.81,0.0,0.0,0.0,0.0
2024-11-30,2,16,127,122,153,88,8,96,2139.84,74448.6,30,0,1961.52,0.0,0.0,0.0,0.0
2024-11-30,2,17,105,150,187,61,7,68,5030.64,162903.96,30,0,4512.78,0.0,0.0,0.0,0.0
2024-11-30,2,18,121,144,166,72,27,99,4626.27,172947.73,30,0,3364.56,0.0,0.0,0.0,0.0
2024-11-30,2,19,98,141,88,123,28,151,2059.64,57710.84,30,0,1677.72,0.0,0.0,0.0,0.0
2024-11-30,2,20,129,160,162,114,13,127,7429.5,121621.5,30,1,6669.0,0.0,0.0,0.0,0.0
2024-11-30,2,21,182,0,182,0,0,0,0.0,63391.7,30,5,0.0,0.0,0.0,0.0,0.0
2024-11-30,2,22,102,149,112,139,0,139,2606.25,81525.0,30,0,2606.25,0.0,0.0,0.0,0.0
2024-11-30,2,23,197,141,190,144,4,148,11844.44,278904.55,30,0,11524.32,0.0,0.0,0.0,0.0
2024-11-30,2,24,93,124,101,103,13,116,9411.08,233005.36,30,0,8356.39,0.0,0.0,0.0,0.0
2024-11-30,2,25,130,176,99,203,4,207,2711.7,34859.1,30,0,2305.6,353.7,0.0,0.0,0.0
2024-11-30,2,26,108,146,67,187,0,187,10402.81,191200.31,30,0,8121.98,2280.83,0.0,0.0,0.0
2024-11-30,2,27,153,0,68,85,0,85,6690.35,266197.22,30,0,0.0,6690.35,0.0,0.0,0.0
2024-11-30,2,28,167,158,142,173,10,183,1850.13,34222.35,30,0,1597.38,151.65,0.0,0.0,0.0
2024-11-30,2,29,163,143,192,104,10,114,1655.28,43385.76,30,0,1510.08,0.0,0.0,0.0,0.0
2024-11-30,2,30,209,0,107,78,24,102,3053.88,130089.3,30,0,0.0,2335.32,0.0,0.0,0.0
2024-11-30,2,31,58,160,8,210,0,210,4504.5,139596.6,30,0,3432.0,0.0,1072.5,0.0,0.0
2024-11-30,2,32,54,262,133,158,25,183,1932.48,34636.8,30,0,1668.48,0.0,0.0,0.0,0.0
2024-11-30,3,1,119,149,126,142,0,142,10980.86,242584.21,30,0,10980.86,0.0,0.0,0.0,0.0
2024-11-30,3,2,176,143,91,221,7,228,13406.4,268186.8,30,0,8408.4,4586.4,0.0,0.0,0.0
2024-11-30,3,3,155,147,112,162,28,190,6439.1,152810.01,30,0,4981.83,508.35,0.0,0.0,0.0
2024-11-30,3,4,157,154,109,184,18,202,15792.36,357517.14,30,0,12039.72,2345.4,0.0,0.0,0.0
2024-11-30,3,5,227,0,133,94,0,94,528.28,26807.4,30,0,0.0,528.28,0.0,0.0,0.0
2024-11-30,3,6,191,160,172,144,35,179,1976.16,41698.08,30,0,1589.76,0.0,0.0,0.0,0.0
2024-11-30,3,7,173,0,36,130,7,137,7752.83,270896.33,30,0,0.0,7356.7,0.0,0.0,0.0
2024-11-30,3,8,148,130,148,120,10,130,6051.5,132807.15,30,2,5586.0,0.0,0.0,0.0,0.0
2024-11-30,3,9,94,334,217,211,0,211,2156.42,29607.34,30,3,2156.42,0.0,0.0,0.0,0.0
2024-11-30,3,10,177,155,177,120,35,155,9847.15,237030.43,30,2,7623.6,0.0,0.0,0.0,0.0
2024-11-30,3,11,198,0,101,91,6,97,5182.71,225474.6,30,0,0.0,4862.13,0.0,0.0,0.0
2024-11-30,3,12,74,147,110,93,18,111,6505.71,278045.84,30,0,5450.73,0.0,0.0,0.0,0.0
2024-11-30,3,13,93,302,219,155,21,176,12883.2,262129.2,30,0,11346.0,0.0,0.0,0.0,0.0
2024-11-30,3,14,77,147,43,181,0,181,10861.81,328314.71,30,0,8821.47,2040.34,0.0,0.0,0.0
2024-11-30,3,15,142,0,122,20,0,20,924.2,115340.16,30,0,0.0,924.2,0.0,0.0,0.0
2024-11-30,3,16,111,130,164,77,0,77,1716.33,53496.0,30,1,1716.33,0.0,0.0,0.0,0.0
2024-11-30,3,17,0,303,150,131,22,153,11318.94,185541.84,30,6,9691.38,0.0,0.0,0.0,0.0
2024-11-30,3,18,48,149,136,50,11,61,2850.53,106871.51,30,3,2336.5,0.0,0.0,0.0,0.0
2024-11-30,3,19,123,151,137,127,10,137,1868.68,46962.52,30,0,1732.28,0.0,0.0,0.0,0.0
2024-11-30,3,20,143,144,136,109,42,151,8833.5,275184.0,30,0,6376.5,0.0,0.0,0.0,0.0
2024-11-30,3,21,190,141,183,148,0,148,3164.24,78934.96,30,0,3014.58,149.66,0.0,0.0,0.0
2024-11-30,3,22,96,159,118,105,32,137,2568.75,71400.0,30,0,1968.75,0.0,0.0,0.0,0.0
2024-11-30,3,23,151,152,141,162,0,162,12964.86,373099.86,30,0,12164.56,800.3,0.0,0.0,0.0
2024-11-30,3,24,42,136,146,10,22,32,2596.16,210532.35,30,0,811.3,0.0,0.0,0.0,0.0
2024-11-30,3,25,90,144,68,166,0,166,2174.6,52583.4,30,0,1886.4,288.2,0.0,0.0,0.0
2024-11-30,3,26,166,0,51,112,3,115,6397.45,225412.76,30,0,0.0,6230.56,0.0,0.0,0.0
2024-11-30,3,27,136,0,88,48,0,48,3778.08,196932.42,30,0,0.0,3778.08,0.0,0.0,0.0
2024-11-30,3,28,128,0,128,0,0,0,0.0,21069.24,30,4,0.0,0.0,0.0,0.0,0.0
2024-11-30,3,29,92,299,206,143,42,185,2686.2,51081.36,30,0,2076.36,0.0,0.0,0.0,0.0
2024-11-30,3,30,165,175,160,165,15,180,5389.2,118712.1,30,0,4940.1,0.0,0.0,0.0,0.0
2024-11-30,3,31,127,0,72,8,47,55,1179.75,55190.85,30,0,0.0,0.0,171.6,0.0,0.0
2024-11-30,3,32,156,126,157,107,18,125,1320.0,35819.52,30,0,1129.92,0.0,0.0,0.0,0.0
2024-12-31,1,1,93,164,131,120,6,126,9743.58,317980.96,31,0,9279.6,0.0,0.0,0.0,0.0
2024-12-31,1,2,81,291,121,244,7,251,14758.8,257308.8,31,0,14347.2,0.0,0.0,0.0,0.0
2024-12-31,1,3,16,146,93,50,19,69,2338.41,124918.54,31,0,1694.5,0.0,0.0,0.0,0.0
2024-12-31,1,4,34,149,135,39,9,48,3752.64,232429.14,31,2,3049.02,0.0,0.0,0.0,0.0
2024-12-31,1,5,185,156,144,186,11,197,1107.14,22598.02,31,0,876.72,168.6,0.0,0.0,0.0
2024-12-31,1,6,110,141,113,138,0,138,1523.52,63866.4,31,0,1523.52,0.0,0.0,0.0,0.0
2024-12-31,1,7,94,308,220,179,3,182,10299.38,204176.72,31,0,10129.61,0.0,0.0,0.0,0.0
2024-12-31,1,8,102,128,100,115,15,130,6051.5,184896.6,31,0,5353.25,0.0,0.0,0.0,0.0
2024-12-31,1,9,144,0,82,62,0,62,633.64,35534.94,31,0,0.0,633.64,0.0,0.0,0.0
2024-12-31,1,10,100,177,153,106,18,124,7877.72,278388.46,31,0,6734.18,0.0,0.0,0.0,0.0
2024-12-31,1,11,209,0,107,102,0,102,5449.86,232954.8,31,0,0.0,5449.86,0.0,0.0,0.0
2024-12-31,1,12,38,144,107,75,0,75,4395.75,223890.2,31,0,4395.75,0.0,0.0,0.0,0.0
2024-12-31,1,13,154,182,159,169,8,177,12956.4,323397.6,31,0,12370.8,0.0,0.0,0.0,0.0
2024-12-31,1,14,167,0,77,90,0,90,5400.9,206914.48,31,0,0.0,5400.9,0.0,0.0,0.0
2024-12-31,1,15,140,157,131,158,8,166,7670.86,214368.19,31,0,7254.97,46.21,0.0,0.0,0.0
2024-12-31,1,16,114,122,48,176,12,188,4190.52,100839.96,31,0,2719.38,1203.66,0.0,0.0,0.0
2024-12-31,1,17,203,157,163,197,0,197,14574.06,288004.14,31,0,11614.86,2959.2,0.0,0.0,0.0
2024-12-31,1,18,238,0,129,90,19,109,5093.57,228229.32,31,0,0.0,4205.7,0.0,0.0,0.0
2024-12-31,1,19,143,144,88,177,22,199,2714.36,57219.8,31,0,1964.16,450.12,0.0,0.0,0.0
2024-12-31,1,20,95,146,95,114,32,146,8541.0,300982.5,31,0,6669.0,0.0,0.0,0.0,0.0
2024-12-31,1,21,195,143,110,216,12,228,4874.64,88278.02,31,0,3057.34,1560.74,0.0,0.0,0.0
2024-12-31,1,22,113,146,180,72,7,79,1481.25,76893.75,31,0,1350.0,0.0,0.0,0.0,0.0
2024-12-31,1,23,55,295,154,186,10,196,15685.88,291229.17,31,0,14885.58,0.0,0.0,0.0,0.0
2024-12-31,1,24,8,284,113,167,12,179,14522.27,328495.37,31,0,13548.71,0.0,0.0,0.0,0.0
2024-12-31,1,25,146,145,160,131,0,131,1716.1,49321.5,31,0,1716.1,0.0,0.0,0.0,0.0
2024-12-31,1,26,151,143,172,122,0,122,6786.86,224689.57,31,0,6786.86,0.0,0.0,0.0,0.0
2024-12-31,1,27,172,142,175,139,0,139,10940.69,346481.42,31,0,10940.69,0.0,0.0,0.0,0.0
2024-12-31,1,28,87,147,109,119,6,125,1263.75,59204.16,31,0,1203.09,0.0,0.0,0.0,0.0
2024-12-31,1,29,74,150,138,76,10,86,1248.72,48438.72,31,0,1103.52,0.0,0.0,0.0,0.0
2024-12-31,1,30,149,148,80,217,0,217,6496.98,99999.6,31,0,4431.12,2065.86,0.0,0.0,0.0
2024-12-31,1,31,116,144,42,185,33,218,4676.1,79236.3,31,0,3088.8,879.45,0.0,0.0,0.0
2024-12-31,1,32,77,258,151,169,15,184,1943.04,28522.56,31,3,1784.64,0.0,0.0,0.0,0.0
2024-12-31,2,1,116,169,109,169,7,176,13610.08,361131.1,31,0,13068.77,0.0,0.0,0.0,0.0
2024-12-31,2,2,3,284,60,227,0,227,13347.6,173636.4,31,5,13347.6,0.0,0.0,0.0,0.0
2024-12-31,2,3,85,143,210,4,14,18,610.02,131120.41,31,0,135.56,0.0,0.0,0.0,0.0
2024-12-31,2,4,112,144,156,100,0,100,7818.0,261824.82,31,0,7818.0,0.0,0.0,0.0,0.0
2024-12-31,2,5,139,143,104,178,0,178,1000.36,26526.4,31,0,803.66,196.7,0.0,0.0,0.0
2024-12-31,2,6,10,163,132,23,18,41,452.64,32788.8,31,2,253.92,0.0,0.0,0.0,0.0
2024-12-31,2,7,205,0,138,67,0,67,3791.53,219342.84,31,0,0.0,3791.53,0.0,0.0,0.0
2024-12-31,2,8,158,0,99,59,0,59,2746.45,146399.75,31,0,0.0,2746.45,0.0,0.0,0.0
2024-12-31,2,9,195,149,170,158,16,174,1778.28,40920.88,31,0,1522.78,91.98,0.0,0.0,0.0
2024-12-31,2,10,90,144,112,122,0,122,7750.66,286837.95,31,0,7750.66,0.0,0.0,0.0,0.0
2024-12-31,2,11,149,154,90,201,12,213,11380.59,174235.23,31,0,8228.22,2511.21,0.0,0.0,0.0
2024-12-31,2,12,126,149,168,88,19,107,6271.27,260931.72,31,0,5157.68,0.0,0.0,0.0,0.0
2024-12-31,2,13,181,0,91,74,16,90,6588.0,300193.2,31,0,0.0,5416.8,0.0,0.0,0.0
2024-12-31,2,14,207,0,114,77,16,93,5580.93,229418.23,31,0,0.0,4620.77,0.0,0.0,0.0
2024-12-31,2,15,87,142,153,76,0,76,3511.96,157483.68,31,0,3511.96,0.0,0.0,0.0,0.0
2024-12-31,2,16,96,126,80,114,28,142,3165.18,87688.86,31,0,2541.06,0.0,0.0,0.0,0.0
2024-12-31,2,17,68,158,158,68,0,68,5030.64,265514.22,31,0,5030.64,0.0,0.0,0.0,0.0
2024-12-31,2,18,99,165,123,141,0,141,6588.93,164723.25,31,0,6588.93,0.0,0.0,0.0,0.0
2024-12-31,2,19,151,153,121,183,0,183,2496.12,61721.0,31,0,2086.92,409.2,0.0,0.0,0.0
2024-12-31,2,20,127,147,198,76,0,76,4446.0,191412.0,31,0,4446.0,0.0,0.0,0.0,0.0
2024-12-31,2,21,0,326,175,142,9,151,3228.38,79533.6,31,0,3035.96,0.0,0.0,0.0,0.0
2024-12-31,2,22,139,144,142,131,10,141,2643.75,66281.25,31,0,2456.25,0.0,0.0,0.0,0.0
2024-12-31,2,23,148,143,146,145,0,145,11604.35,285226.92,31,0,11444.29,160.06,0.0,0.0,0.0
2024-12-31,2,24,116,132,168,60,20,80,6490.4,194955.39,31,5,4867.8,0.0,0.0,0.0,0.0
2024-12-31,2,25,207,0,85,102,20,122,1598.2,68172.4,31,0,0.0,1336.2,0.0,0.0,0.0
2024-12-31,2,26,187,0,109,62,16,78,4339.14,234091.04,31,0,0.0,3449.06,0.0,0.0,0.0
2024-12-31,2,27,85,148,73,160,0,160,12593.6,357894.37,31,0,11649.08,0.0,944.52,0.0,0.0
2024-12-31,2,28,183,0,122,5,56,61,616.71,44433.45,31,0,0.0,50.55,0.0,0.0,0.0
2024-12-31,2,29,114,148,99,163,0,163,2366.76,61550.28,31,0,2148.96,217.8,0.0,0.0,0.0
2024-12-31,2,30,102,146,45,159,44,203,6077.82,103352.88,31,0,4371.24,0.0,389.22,0.0,0.0
2024-12-31,2,31,210,0,137,64,9,73,1565.85,95473.95,31,0,0.0,1372.8,0.0,0.0,0.0
2024-12-31,2,32,183,0,139,44,0,44,464.64,37752.0,31,0,0.0,464.64,0.0,0.0,0.0
2024-12-31,3,1,142,155,112,185,0,185,14306.05,316511.69,31,0,11986.15,2319.9,0.0,0.0,0.0
2024-12-31,3,2,228,0,84,122,22,144,8467.2,368146.8,31,0,0.0,7173.6,0.0,0.0,0.0
2024-12-31,3,3,190,148,109,222,7,229,7760.81,158198.52,31,0,5015.72,2507.86,0.0,0.0,0.0
2024-12-31,3,4,202,0,132,48,22,70,5472.6,369556.86,31,0,0.0,3752.64,0.0,0.0,0.0
2024-12-31,3,5,94,141,146,89,0,89,500.18,21378.48,31,0,500.18,0.0,0.0,0.0,0.0
2024-12-31,3,6,179,154,197,136,0,136,1501.44,40042.08,31,0,1501.44,0.0,0.0,0.0,0.0
2024-12-31,3,7,137,144,161,120,0,120,6790.8,243054.05,31,0,6790.8,0.0,0.0,0.0,0.0
2024-12-31,3,8,130,134,68,196,0,196,9123.8,180753.65,31,0,6237.7,2886.1,0.0,0.0,0.0
2024-12-31,3,9,211,0,74,126,11,137,1400.14,54319.3,31,0,0.0,1287.72,0.0,0.0,0.0
2024-12-31,3,10,155,142,154,143,0,143,9084.79,308755.8,31,0,9021.26,63.53,0.0,0.0,0.0
2024-12-31,3,11,97,150,88,150,9,159,8495.37,253578.78,31,0,8014.5,0.0,0.0,0.0,0.0
2024-12-31,3,12,111,144,92,135,28,163,9553.43,281152.17,31,0,7912.35,0.0,0.0,0.0,0.0
2024-12-31,3,13,176,151,134,193,0,193,14127.6,269010.0,31,0,11053.2,3074.4,0.0,0.0,0.0
2024-12-31,3,14,181,145,141,147,38,185,11101.85,259003.16,31,0,8701.45,120.02,0.0,0.0,0.0
2024-12-31,3,15,20,151,43,128,0,128,5914.88,193296.43,31,0,5914.88,0.0,0.0,0.0,0.0
2024-12-31,3,16,77,126,87,64,52,116,2585.64,74626.92,31,0,1426.56,0.0,0.0,0.0,0.0
2024-12-31,3,17,153,152,223,82,0,82,6066.36,192052.08,31,4,6066.36,0.0,0.0,0.0,0.0
2024-12-31,3,18,61,141,141,61,0,61,2850.53,173181.38,31,0,2850.53,0.0,0.0,0.0,0.0
2024-12-31,3,19,137,151,127,143,18,161,2196.04,52582.2,31,0,1950.52,0.0,0.0,0.0,0.0
2024-12-31,3,20,151,153,127,177,0,177,10354.5,141979.5,31,0,8950.5,1404.0,0.0,0.0,0.0
2024-12-31,3,21,148,155,99,189,15,204,4361.52,103564.72,31,0,3313.9,726.92,0.0,0.0,0.0
2024-12-31,3,22,137,142,83,184,12,196,3675.0,92531.25,31,0,2662.5,787.5,0.0,0.0,0.0
2024-12-31,3,23,162,152,53,219,42,261,20887.83,449208.39,31,0,12164.56,5362.01,0.0,0.0,0.0
2024-12-31,3,24,32,254,137,142,7,149,12088.37,219781.17,31,8,11520.46,0.0,0.0,0.0,0.0
2024-12-31,3,25,166,142,138,170,0,170,2227.0,51797.4,31,0,1860.2,366.8,0.0,0.0,0.0
2024-12-31,3,26,115,151,127,139,0,139,7732.57,186861.17,31,3,7732.57,0.0,0.0,0.0,0.0
2024-12-31,3,27,48,156,137,34,33,67,5273.57,278554.69,31,0,2676.14,0.0,0.0,0.0,0.0
2024-12-31,3,28,0,283,110,173,0,173,1749.03,46950.84,31,0,1749.03,0.0,0.0,0.0,0.0
2024-12-31,3,29,185,153,128,199,11,210,3049.2,61317.96,31,0,2221.56,667.92,0.0,0.0,0.0
2024-12-31,3,30,180,0,84,72,24,96,2874.24,124161.18,31,0,0.0,2155.68,0.0,0.0,0.0
2024-12-31,3,31,55,158,93,108,12,120,2574.0,88717.2,31,0,2316.6,0.0,0.0,0.0,0.0
2024-12-31,3,32,125,126,116,132,3,135,1425.6,34679.04,31,0,1330.56,63.36,0.0,0.0,0.0
2025-01-31,1,1,126,149,186,89,0,89,6882.37,267329.81,31,0,6882.37,0.0,0.0,0.0,0.0
2025-01-31,1,2,251,0,88,163,0,163,9584.4,359209.2,31,0,0.0,9584.4,0.0,0.0,0.0
2025-01-31,1,3,69,149,93,109,16,125,4236.25,119563.92,31,0,3694.01,0.0,0.0,0.0,0.0
2025-01-31,1,4,48,158,60,146,0,146,11414.28,400594.32,31,0,11414.28,0.0,0.0,0.0,0.0
2025-01-31,1,5,197,143,110,230,0,230,1292.6,24902.22,31,0,803.66,488.94,0.0,0.0,0.0
2025-01-31,1,6,138,144,189,88,5,93,1026.72,48896.16,31,0,971.52,0.0,0.0,0.0,0.0
2025-01-31,1,7,182,0,103,79,0,79,4470.61,220701.0,31,0,0.0,4470.61,0.0,0.0,0.0
2025-01-31,1,8,130,138,135,133,0,133,6191.15,124055.75,31,0,6191.15,0.0,0.0,0.0,0.0
2025-01-31,1,9,62,328,219,137,34,171,1747.62,42852.46,31,0,1400.14,0.0,0.0,0.0,0.0
2025-01-31,1,10,124,151,108,164,3,167,10609.51,183538.17,31,0,9593.03,825.89,0.0,0.0,0.0
2025-01-31,1,11,102,152,139,105,10,115,6144.45,190905.39,31,0,5610.15,0.0,0.0,0.0,0.0
2025-01-31,1,12,75,154,89,125,15,140,8205.4,309695.24,31,0,7326.25,0.0,0.0,0.0,0.0
2025-01-31,1,13,177,141,196,107,15,122,8930.4,225602.4,31,3,7832.4,0.0,0.0,0.0,0.0
2025-01-31,1,14,90,149,139,81,19,100,6001.0,216876.14,31,0,4860.81,0.0,0.0,0.0,0.0
2025-01-31,1,15,166,141,113,194,0,194,8964.74,210902.44,31,0,6515.61,2449.13,0.0,0.0,0.0
2025-01-31,1,16,188,0,188,0,0,0,0.0,64752.45,31,5,0.0,0.0,0.0,0.0,0.0
2025-01-31,1,17,197,141,68,258,12,270,19974.6,447283.08,31,0,10431.18,8655.66,0.0,0.0,0.0
2025-01-31,1,18,109,141,70,173,7,180,8411.4,282716.5,31,0,6588.93,0.0,1495.36,0.0,0.0
2025-01-31,1,19,199,0,99,90,10,100,1364.0,65199.2,31,0,0.0,1227.6,0.0,0.0,0.0
2025-01-31,1,20,146,147,184,75,34,109,6376.5,287644.5,31,0,4387.5,0.0,0.0,0.0,0.0
2025-01-31,1,21,228,0,121,90,17,107,2287.66,116243.06,31,0,0.0,1924.2,0.0,0.0,0.0
2025-01-31,1,22,79,155,139,95,0,95,1781.25,83268.75,31,0,1781.25,0.0,0.0,0.0,0.0
2025-01-31,1,23,196,142,88,250,0,250,20007.5,397268.92,31,0,11364.26,8643.24,0.0,0.0,0.0
2025-01-31,1,24,179,0,109,52,18,70,5679.1,327197.29,31,0,0.0,4218.76,0.0,0.0,0.0
2025-01-31,1,25,131,152,77,164,42,206,2698.6,47526.8,31,0,1991.2,157.2,0.0,0.0,0.0
2025-01-31,1,26,122,142,173,91,0,91,5062.33,167668.82,31,2,5062.33,0.0,0.0,0.0,0.0
2025-01-31,1,27,139,143,143,120,19,139,10940.69,242741.64,31,1,9445.2,0.0,0.0,0.0,0.0
2025-01-31,1,28,125,156,105,176,0,176,1779.36,38468.55,31,0,1577.16,202.2,0.0,0.0,0.0
2025-01-31,1,29,86,148,145,68,21,89,1292.28,62552.16,31,0,987.36,0.0,0.0,0.0,0.0
2025-01-31,1,30,217,0,37,171,9,180,5389.2,185388.48,31,0,0.0,4431.12,688.62,0.0,0.0
2025-01-31,1,31,218,0,159,48,11,59,1265.55,96739.5,31,0,0.0,1029.6,0.0,0.0,0.0
2025-01-31,1,32,184,122,157,127,22,149,1573.44,36907.2,31,0,1288.32,52.8,0.0,0.0,0.0
2025-01-31,2,1,176,0,57,119,0,119,9202.27,356181.98,31,0,0.0,9202.27,0.0,0.0,0.0
2025-01-31,2,2,227,0,97,113,17,130,7644.0,312874.8,31,0,0.0,6644.4,0.0,0.0,0.0
2025-01-31,2,3,18,324,123,212,7,219,7421.91,94451.43,31,0,7184.68,0.0,0.0,0.0,0.0
2025-01-31,2,4,100,150,127,123,0,123,9616.14,237510.84,31,0,9616.14,0.0,0.0,0.0,0.0
2025-01-31,2,5,178,0,112,61,5,66,370.92,22182.14,31,0,0.0,342.82,0.0,0.0,0.0
2025-01-31,2,6,41,151,76,116,0,116,1280.64,48277.92,31,0,1280.64,0.0,0.0,0.0,0.0
2025-01-31,2,7,67,151,102,116,0,116,6564.44,280007.32,31,0,6564.44,0.0,0.0,0.0,0.0
2025-01-31,2,8,59,138,71,114,12,126,5865.3,239080.8,31,0,5306.7,0.0,0.0,0.0,0.0
2025-01-31,2,9,174,0,123,27,24,51,521.22,33705.56,31,0,0.0,275.94,0.0,0.0,0.0
2025-01-31,2,10,122,144,153,97,16,113,7178.89,226675.04,31,0,6162.41,0.0,0.0,0.0,0.0
2025-01-31,2,11,213,0,98,70,45,115,6144.45,280988.37,31,0,0.0,3740.1,0.0,0.0,0.0
2025-01-31,2,12,107,141,176,72,0,72,4219.92,213692.06,31,0,4219.92,0.0,0.0,0.0,0.0
2025-01-31,2,13,90,299,234,150,5,155,11346.0,243536.4,31,1,10980.0,0.0,0.0,0.0,0.0
2025-01-31,2,14,93,152,89,156,0,156,9361.56,291948.65,31,0,9121.52,0.0,240.04,0.0,0.0
2025-01-31,2,15,76,153,124,66,39,105,4852.05,93852.51,31,8,3049.86,0.0,0.0,0.0,0.0
2025-01-31,2,16,142,124,141,97,28,125,2786.25,81804.3,31,0,2162.13,0.0,0.0,0.0,0.0
2025-01-31,2,17,68,152,60,160,0,160,11836.8,410441.04,31,0,11244.96,591.84,0.0,0.0,0.0
2025-01-31,2,18,141,156,77,198,22,220,10280.6,210799.03,31,0,7289.88,1962.66,0.0,0.0,0.0
2025-01-31,2,19,183,0,112,38,33,71,968.44,56633.28,31,0,0.0,518.32,0.0,0.0,0.0
2025-01-31,2,20,76,154,114,116,0,116,6786.0,287410.5,31,0,6786.0,0.0,0.0,0.0,0.0
2025-01-31,2,21,151,150,72,222,7,229,4896.02,113527.8,31,0,3207.0,1539.36,0.0,0.0,0.0
2025-01-31,2,22,141,141,117,165,0,165,3093.75,62887.5,31,0,2643.75,450.0,0.0,0.0,0.0
2025-01-31,2,23,145,158,164,111,28,139,11124.17,298992.08,31,0,8883.33,0.0,0.0,0.0,0.0
2025-01-31,2,24,80,134,138,55,21,76,6165.88,281277.71,31,0,4462.15,0.0,0.0,0.0,0.0
2025-01-31,2,25,122,297,201,218,0,218,2855.8,43609.9,31,0,2855.8,0.0,0.0,0.0,0.0
2025-01-31,2,26,78,146,127,80,17,97,5396.11,259513.95,31,0,4450.4,0.0,0.0,0.0,0.0
2025-01-31,2,27,160,0,71,89,0,89,7005.19,328299.41,31,0,0.0,7005.19,0.0,0.0,0.0
2025-01-31,2,28,61,152,168,45,0,45,454.95,25578.3,31,4,454.95,0.0,0.0,0.0,0.0
2025-01-31,2,29,163,164,131,196,0,196,2845.92,64236.48,31,0,2381.28,464.64,0.0,0.0,0.0
2025-01-31,2,30,203,0,114,89,0,89,2664.66,127364.76,31,0,0.0,2664.66,0.0,0.0,0.0
2025-01-31,2,31,73,145,164,54,0,54,1158.3,95238.0,31,0,1158.3,0.0,0.0,0.0,0.0
2025-01-31,2,32,44,142,110,76,0,76,802.56,45925.44,31,0,802.56,0.0,0.0,0.0,0.0
2025-01-31,3,1,185,0,77,108,0,108,8351.64,379690.3,31,0,0.0,8351.64,0.0,0.0,0.0
2025-01-31,3,2,144,143,103,172,12,184,10819.2,258543.6,31,0,8408.4,0.0,1705.2,0.0,0.0
2025-01-31,3,3,229,0,142,67,20,87,2948.43,179481.44,31,0,0.0,2270.63,0.0,0.0,0.0
2025-01-31,3,4,70,147,119,98,0,98,7661.64,322414.32,31,0,7661.64,0.0,0.0,0.0,0.0
2025-01-31,3,5,89,143,79,153,0,153,859.86,28909.28,31,0,803.66,56.2,0.0,0.0,0.0
2025-01-31,3,6,136,142,76,202,0,202,2230.08,50198.88,31,0,1567.68,662.4,0.0,0.0,0.0
2025-01-31,3,7,120,0,58,62,0,62,3508.58,184087.27,31,0,0.0,3508.58,0.0,0.0,0.0
2025-01-31,3,8,196,0,119,52,25,77,3584.35,218878.1,31,0,0.0,2420.6,0.0,0.0,0.0
2025-01-31,3,9,137,147,183,101,0,101,1032.22,32274.76,31,0,1032.22,0.0,0.0,0.0,0.0
2025-01-31,3,10,143,151,101,177,16,193,12261.29,266889.53,31,0,9593.03,1651.78,0.0,0.0,0.0
2025-01-31,3,11,159,141,155,145,0,145,7747.35,165472.71,31,0,7533.63,213.72,0.0,0.0,0.0
2025-01-31,3,12,163,154,106,183,28,211,12366.71,231978.38,31,0,9025.94,1699.69,0.0,0.0,0.0
2025-01-31,3,13,193,149,138,197,7,204,14932.8,313442.4,31,0,10906.8,3513.6,0.0,0.0,0.0
2025-01-31,3,14,185,179,198,166,0,166,9961.66,226837.8,31,0,9961.66,0.0,0.0,0.0,0.0
2025-01-31,3,15,128,160,107,176,5,181,8364.01,194775.15,31,0,7393.6,739.36,0.0,0.0,0.0
2025-01-31,3,16,116,138,163,43,48,91,2028.39,72576.24,31,0,958.47,0.0,0.0,0.0,0.0
2025-01-31,3,17,82,168,127,123,0,123,9099.54,157725.36,31,1,9099.54,0.0,0.0,0.0,0.0
2025-01-31,3,18,61,147,82,110,16,126,5887.98,234257.49,31,0,5140.3,0.0,0.0,0.0,0.0
2025-01-31,3,19,161,156,151,166,0,166,2264.24,59279.44,31,0,2127.84,136.4,0.0,0.0,0.0
2025-01-31,3,20,177,147,139,173,12,185,10822.5,322803.0,31,0,8599.5,1521.0,0.0,0.0,0.0
2025-01-31,3,21,204,149,56,276,21,297,6349.86,122443.26,31,0,3185.62,2715.26,0.0,0.0,0.0
2025-01-31,3,22,196,152,154,194,0,194,3637.5,91575.0,31,0,2850.0,787.5,0.0,0.0,0.0
2025-01-31,3,23,261,0,181,80,0,80,6402.4,413114.86,31,0,0.0,6402.4,0.0,0.0,0.0
2025-01-31,3,24,149,128,92,144,41,185,15009.05,290120.88,31,0,10384.64,1298.08,0.0,0.0,0.0
2025-01-31,3,25,170,0,121,49,0,49,641.9,47592.3,31,0,0.0,641.9,0.0,0.0,0.0
2025-01-31,3,26,139,0,80,56,3,59,3282.17,179239.86,31,0,0.0,3115.28,0.0,0.0,0.0
2025-01-31,3,27,67,301,174,175,19,194,15269.74,280365.02,31,0,13774.25,0.0,0.0,0.0,0.0
2025-01-31,3,28,173,0,57,93,23,116,1172.76,45727.53,31,0,0.0,940.23,0.0,0.0,0.0
2025-01-31,3,29,210,0,97,113,0,113,1640.76,76723.68,31,0,0.0,1640.76,0.0,0.0,0.0
2025-01-31,3,30,96,152,103,145,0,145,4341.3,148741.92,31,0,4341.3,0.0,0.0,0.0,0.0
2025-01-31,3,31,120,147,107,160,0,160,3432.0,77606.1,31,0,3153.15,278.85,0.0,0.0,0.0
2025-01-31,3,32,135,134,135,118,16,134,1415.04,34816.32,31,0,1246.08,0.0,0.0,0.0,0.0
2025-02-28,1,1,89,167,101,142,13,155,11986.15,297797.83,28,0,10980.86,0.0,0.0,0.0,0.0
2025-02-28,1,2,163,0,42,100,21,121,7114.8,241432.8,28,0,0.0,5880.0,0.0,0.0,0.0
2025-02-28,1,3,125,156,105,151,25,176,5964.64,131018.74,28,0,5117.39,0.0,0.0,0.0,0.0
2025-02-28,1,4,146,0,78,68,0,68,5316.24,254397.72,28,0,0.0,5316.24,0.0,0.0,0.0
2025-02-28,1,5,230,0,105,115,10,125,702.5,26324.08,28,0,646.3,0.0,0.0,0.0,0.0
2025-02-28,1,6,93,172,90,164,11,175,1932.0,45838.08,28,0,1810.56,0.0,0.0,0.0,0.0
2025-02-28,1,7,79,160,65,157,17,174,9846.66,226925.9,28,0,8884.63,0.0,0.0,0.0,0.0
2025-02-28,1,8,133,138,66,205,0,205,9542.75,154266.7,28,0,6423.9,3118.85,0.0,0.0,0.0
2025-02-28,1,9,171,143,166,148,0,148,1512.56,35759.78,28,0,1461.46,51.1,0.0,0.0,0.0
2025-02-28,1,10,167,0,90,70,7,77,4891.81,220512.63,28,0,0.0,4447.1,0.0,0.0,0.0
2025-02-28,1,11,115,0,104,0,11,11,587.73,120003.78,28,2,0.0,0.0,0.0,0.0,0.0
2025-02-28,1,12,140,152,161,119,12,131,7677.91,183507.91,28,0,6974.59,0.0,0.0,0.0,0.0
2025-02-28,1,13,122,142,161,90,13,103,7539.6,243609.6,28,0,6588.0,0.0,0.0,0.0,0.0
2025-02-28,1,14,100,144,118,87,39,126,7561.26,248321.38,28,0,5220.87,0.0,0.0,0.0,0.0
2025-02-28,1,15,194,0,44,150,0,150,6931.5,227075.94,28,0,0.0,6515.61,415.89,0.0,0.0
2025-02-28,1,16,0,136,65,32,39,71,1582.59,53741.19,28,0,713.28,0.0,0.0,0.0,0.0
2025-02-28,1,17,270,0,174,79,17,96,7102.08,348223.86,28,0,0.0,5844.42,0.0,0.0,0.0
2025-02-28,1,18,180,142,36,286,0,286,13364.78,264071.23,28,0,6635.66,6588.93,0.0,140.19,0.0
2025-02-28,1,19,100,144,190,45,9,54,736.56,39869.72,28,0,613.8,0.0,0.0,0.0,0.0
2025-02-28,1,20,109,158,110,157,0,157,9184.5,236632.5,28,0,9184.5,0.0,0.0,0.0,0.0
2025-02-28,1,21,107,144,91,160,0,160,3420.8,108118.66,28,0,3078.72,342.08,0.0,0.0,0.0
2025-02-28,1,22,95,146,78,163,0,163,3056.25,64068.75,28,0,2737.5,318.75,0.0,0.0,0.0
2025-02-28,1,23,250,0,66,184,0,184,14725.52,501467.98,28,0,0.0,14725.52,0.0,0.0,0.0
2025-02-28,1,24,70,126,122,74,0,74,6003.62,164369.38,28,1,6003.62,0.0,0.0,0.0,0.0
2025-02-28,1,25,206,0,155,51,0,51,668.1,39313.1,28,0,0.0,668.1,0.0,0.0,0.0
2025-02-28,1,26,91,155,144,93,9,102,5674.26,167780.08,28,1,5173.59,0.0,0.0,0.0,0.0
2025-02-28,1,27,139,146,111,174,0,174,13695.54,219837.03,28,0,13695.54,0.0,0.0,0.0,0.0
2025-02-28,1,28,176,0,87,78,11,89,899.79,42512.55,28,0,0.0,788.58,0.0,0.0,0.0
2025-02-28,1,29,89,156,77,146,22,168,2439.36,62799.0,28,0,2119.92,0.0,0.0,0.0,0.0
2025-02-28,1,30,180,0,91,70,19,89,2664.66,111047.46,28,0,0.0,2095.8,0.0,0.0,0.0
2025-02-28,1,31,59,151,162,40,8,48,1029.6,84255.6,28,0,858.0,0.0,0.0,0.0,0.0
2025-02-28,1,32,149,0,64,85,0,85,897.6,30381.12,28,0,897.6,0.0,0.0,0.0,0.0
2025-02-28,2,1,119,0,78,14,27,41,3170.53,209177.65,28,0,0.0,0.0,1082.62,0.0,0.0
2025-02-28,2,2,130,152,144,123,15,138,8114.4,168579.6,28,0,7232.4,0.0,0.0,0.0,0.0
2025-02-28,2,3,219,0,148,71,0,71,2406.19,155927.89,28,0,2406.19,0.0,0.0,0.0,0.0
2025-02-28,2,4,123,142,110,146,9,155,12117.9,233054.58,28,0,11101.56,312.72,0.0,0.0,0.0
2025-02-28,2,5,66,143,151,45,13,58,325.96,15528.06,28,0,252.9,0.0,0.0,0.0,0.0
2025-02-28,2,6,116,149,54,211,0,211,2329.44,58567.2,28,0,1644.96,684.48,0.0,0.0,0.0
2025-02-28,2,7,116,0,85,31,0,31,1754.29,133156.27,28,0,0.0,1754.29,0.0,0.0,0.0
2025-02-28,2,8,126,128,80,158,16,174,8099.7,153056.4,28,0,5958.4,1396.5,0.0,0.0,0.0
2025-02-28,2,9,51,159,66,103,41,144,1471.68,39255.02,28,0,1052.66,0.0,0.0,0.0,0.0
2025-02-28,2,10,113,142,123,132,0,132,8385.96,219496.15,28,0,8385.96,0.0,0.0,0.0,0.0
2025-02-28,2,11,115,159,195,79,0,79,4220.97,103066.47,28,4,4220.97,0.0,0.0,0.0,0.0
2025-02-28,2,12,72,157,114,115,0,115,6740.15,229985.64,28,0,6740.15,0.0,0.0,0.0,0.0
2025-02-28,2,13,155,152,116,176,15,191,13981.2,263886.0,28,0,12883.2,0.0,0.0,0.0,0.0
2025-02-28,2,14,156,0,65,91,0,91,5460.91,201573.59,28,0,0.0,5460.91,0.0,0.0,0.0
2025-02-28,2,15,105,163,144,103,21,124,5730.04,169960.38,28,0,4759.63,0.0,0.0,0.0,0.0
2025-02-28,2,16,125,140,85,161,19,180,4012.2,62701.77,28,0,3120.6,468.09,0.0,0.0,0.0
2025-02-28,2,17,160,159,86,233,0,233,17237.34,281419.92,28,0,11762.82,5474.52,0.0,0.0,0.0
2025-02-28,2,18,220,0,66,128,26,154,7196.42,228930.27,28,0,0.0,5981.44,0.0,0.0,0.0
2025-02-28,2,19,71,297,171,187,10,197,2687.08,47644.52,28,0,2550.68,0.0,0.0,0.0,0.0
2025-02-28,2,20,116,142,153,105,0,105,6142.5,218439.0,28,0,6142.5,0.0,0.0,0.0,0.0
2025-02-28,2,21,229,0,101,128,0,128,2736.64,102303.3,28,0,0.0,2736.64,0.0,0.0,0.0
2025-02-28,2,22,165,0,161,4,0,4,75.0,50456.25,28,0,0.0,75.0,0.0,0.0,0.0
2025-02-28,2,23,139,160,63,225,11,236,18887.08,353812.63,28,0,12804.8,5201.95,0.0,0.0,0.0
2025-02-28,2,24,76,132,107,91,10,101,8194.13,323789.83,28,0,7382.83,0.0,0.0,0.0,0.0
2025-02-28,2,25,218,0,134,84,0,84,1100.4,60404.1,28,0,1100.4,0.0,0.0,0.0,0.0
2025-02-28,2,26,97,144,153,53,35,88,4895.44,184302.19,28,0,2948.39,0.0,0.0,0.0,0.0
2025-02-28,2,27,89,152,99,142,0,142,11176.82,302482.53,28,0,11176.82,0.0,0.0,0.0,0.0
2025-02-28,2,28,45,177,49,173,0,173,1749.03,54017.73,28,0,1749.03,0.0,0.0,0.0,0.0
2025-02-28,2,29,196,0,73,67,56,123,1785.96,66370.92,28,0,0.0,972.84,0.0,0.0,0.0
2025-02-28,2,30,89,153,110,132,0,132,3952.08,130837.8,28,0,3952.08,0.0,0.0,0.0,0.0
2025-02-28,2,31,54,164,83,118,17,135,2895.75,96096.0,28,0,2531.1,0.0,0.0,0.0,0.0
2025-02-28,2,32,76,140,101,109,6,115,1214.4,29451.84,28,0,1151.04,0.0,0.0,0.0,0.0
2025-02-28,3,1,108,148,83,137,36,173,13378.09,266943.16,28,0,10594.21,0.0,0.0,0.0,0.0
2025-02-28,3,2,184,173,179,168,10,178,10466.4,177282.0,28,0,9878.4,0.0,0.0,0.0,0.0
2025-02-28,3,3,87,150,88,127,22,149,5049.61,126511.37,28,0,4304.03,0.0,0.0,0.0,0.0
2025-02-28,3,4,98,157,84,171,0,171,13368.78,245485.2,28,0,12274.26,1094.52,0.0,0.0,0.0
2025-02-28,3,5,153,0,55,85,13,98,550.76,19422.72,28,0,0.0,477.7,0.0,0.0,0.0
2025-02-28,3,6,202,0,53,149,0,149,1644.96,54813.6,28,0,0.0,1567.68,77.28,0.0,0.0
2025-02-28,3,7,62,152,93,116,5,121,6847.39,248826.23,28,0,6564.44,0.0,0.0,0.0,0.0
2025-02-28,3,8,77,134,151,60,0,60,2793.0,93705.15,28,2,2793.0,0.0,0.0,0.0,0.0
2025-02-28,3,9,101,141,108,134,0,134,1369.48,41145.72,28,0,1369.48,0.0,0.0,0.0,0.0
2025-02-28,3,10,193,175,174,186,8,194,12324.82,241604.59,28,0,11117.75,698.83,0.0,0.0,0.0
2025-02-28,3,11,145,151,138,158,0,158,8441.94,187379.01,28,0,8067.93,374.01,0.0,0.0,0.0
2025-02-28,3,12,211,0,72,125,14,139,8146.79,291233.09,28,0,0.0,7326.25,0.0,0.0,0.0
2025-02-28,3,13,204,0,103,55,46,101,7393.2,323617.2,28,0,4026.0,0.0,0.0,0.0,0.0
2025-02-28,3,14,166,0,71,95,0,95,5700.95,232058.67,28,0,0.0,5700.95,0.0,0.0,0.0
2025-02-28,3,15,181,152,115,194,24,218,10073.78,174396.54,28,0,7023.92,1940.82,0.0,0.0,0.0
2025-02-28,3,16,91,160,97,154,0,154,3432.66,88558.17,28,0,3432.66,0.0,0.0,0.0,0.0
2025-02-28,3,17,123,145,92,154,22,176,13020.48,315450.72,28,0,10727.1,665.82,0.0,0.0,0.0
2025-02-28,3,18,126,142,87,173,8,181,8458.13,288931.59,28,0,6635.66,1448.63,0.0,0.0,0.0
2025-02-28,3,19,166,0,55,111,0,111,1514.04,50277.04,28,0,0.0,1514.04,0.0,0.0,0.0
2025-02-28,3,20,185,0,62,98,25,123,7195.5,234760.5,28,0,0.0,5733.0,0.0,0.0,0.0
2025-02-28,3,21,297,0,135,144,18,162,3463.56,141621.12,28,0,3078.72,0.0,0.0,0.0,0.0
2025-02-28,3,22,194,141,174,145,16,161,3018.75,77756.25,28,0,2643.75,75.0,0.0,0.0,0.0
2025-02-28,3,23,80,149,100,112,17,129,10323.87,228325.59,28,0,8963.36,0.0,0.0,0.0,0.0
2025-02-28,3,24,185,0,121,64,0,64,5192.32,278519.29,28,0,0.0,5192.32,0.0,0.0,0.0
2025-02-28,3,25,49,312,173,152,36,188,2462.8,45443.9,28,0,1991.2,0.0,0.0,0.0,0.0
2025-02-28,3,26,59,146,122,83,0,83,4617.29,157266.01,28,0,4617.29,0.0,0.0,0.0,0.0
2025-02-28,3,27,194,0,75,97,22,119,9366.49,335147.18,28,0,7634.87,0.0,0.0,0.0,0.0
2025-02-28,3,28,116,141,63,159,35,194,1961.34,38852.73,28,0,1425.51,0.0,181.98,0.0,0.0
2025-02-28,3,29,113,0,27,86,0,86,1248.72,41091.6,28,0,0.0,0.0,1248.72,0.0,0.0
2025-02-28,3,30,145,154,131,168,0,168,5029.92,90748.14,28,0,4610.76,419.16,0.0,0.0,0.0
2025-02-28,3,31,160,0,41,119,0,119,2552.55,86700.9,28,0,0.0,2552.55,0.0,0.0,0.0
2025-02-28,3,32,134,130,104,110,50,160,1689.6,30909.12,28,0,1161.6,0.0,0.0,0.0,0.0
2025-03-31,1,1,155,152,155,150,2,152,11754.16,267329.81,31,2,11599.5,0.0,0.0,0.0,0.0
2025-03-31,1,2,121,144,67,198,0,198,11642.4,250370.4,31,0,8467.2,0.0,0.0,3175.2,0.0
2025-03-31,1,3,176,141,193,102,22,124,4202.36,129730.92,31,0,3456.78,0.0,0.0,0.0,0.0
2025-03-31,1,4,68,162,86,123,21,144,11257.92,412712.22,31,0,9616.14,0.0,0.0,0.0,0.0
2025-03-31,1,5,125,150,92,183,0,183,1028.46,22732.9,31,0,843.0,0.0,185.46,0.0,0.0
2025-03-31,1,6,175,141,66,250,0,250,2760.0,48377.28,31,0,1556.64,1203.36,0.0,0.0,0.0
2025-03-31,1,7,174,0,68,103,3,106,5998.54,226982.49,31,0,0.0,5828.77,0.0,0.0,0.0
2025-03-31,1,8,205,0,49,156,0,156,7261.8,247552.9,31,0,0.0,6423.9,837.9,0.0,0.0
2025-03-31,1,9,148,150,124,168,6,174,1778.28,47717.18,31,0,1533.0,183.96,0.0,0.0,0.0
2025-03-31,1,10,77,151,63,165,0,165,10482.45,216954.95,31,0,9593.03,0.0,889.42,0.0,0.0
2025-03-31,1,11,11,144,61,94,0,94,5022.42,191920.56,31,0,5022.42,0.0,0.0,0.0,0.0
2025-03-31,1,12,131,141,43,207,22,229,13421.69,195054.08,31,0,8264.01,3868.26,0.0,0.0,0.0
2025-03-31,1,13,103,144,150,85,12,97,7100.4,257151.6,31,0,6222.0,0.0,0.0,0.0,0.0
2025-03-31,1,14,126,142,96,114,58,172,10321.72,281626.93,31,0,6841.14,0.0,0.0,0.0,0.0
2025-03-31,1,15,150,143,101,172,20,192,8872.32,214968.92,31,0,6608.03,0.0,1340.09,0.0,0.0
2025-03-31,1,16,71,256,131,148,48,196,4368.84,77613.78,31,0,3298.92,0.0,0.0,0.0,0.0
2025-03-31,1,17,96,161,81,158,18,176,13020.48,343193.22,31,0,11688.84,0.0,0.0,0.0,0.0
2025-03-31,1,18,286,0,64,215,7,222,10374.06,368232.4,31,0,0.0,6635.66,3411.29,0.0,0.0
2025-03-31,1,19,54,305,175,184,0,184,2509.76,53045.96,31,0,2509.76,0.0,0.0,0.0,0.0
2025-03-31,1,20,157,143,94,206,0,206,12051.0,367146.0,31,0,8365.5,3685.5,0.0,0.0,0.0
2025-03-31,1,21,160,152,100,212,0,212,4532.56,94649.26,31,0,3249.76,1282.8,0.0,0.0,0.0
2025-03-31,1,22,163,0,137,26,0,26,487.5,59756.25,31,0,0.0,487.5,0.0,0.0,0.0
2025-03-31,1,23,184,142,165,161,0,161,12884.83,378141.75,31,0,11364.26,0.0,1520.57,0.0,0.0
2025-03-31,1,24,74,142,162,22,32,54,4381.02,266349.79,31,0,1784.86,0.0,0.0,0.0,0.0
2025-03-31,1,25,51,146,58,139,0,139,1820.9,69050.1,31,0,1820.9,0.0,0.0,0.0,0.0
2025-03-31,1,26,102,150,233,19,0,19,1056.97,155096.44,31,0,1056.97,0.0,0.0,0.0,0.0
2025-03-31,1,27,174,176,149,201,0,201,15820.71,332785.88,31,0,13852.96,1967.75,0.0,0.0,0.0
2025-03-31,1,28,89,145,61,173,0,173,1749.03,57222.6,31,0,1465.95,0.0,283.08,0.0,0.0
2025-03-31,1,29,168,141,200,109,0,109,1582.68,53999.88,31,0,1582.68,0.0,0.0,0.0,0.0
2025-03-31,1,30,89,154,106,113,24,137,4101.78,90059.52,31,0,3383.22,0.0,0.0,0.0,0.0
2025-03-31,1,31,48,170,84,134,0,134,2874.3,98455.5,31,0,2874.3,0.0,0.0,0.0,0.0
2025-03-31,1,32,85,142,103,106,18,124,1309.44,33337.92,31,0,1119.36,0.0,0.0,0.0,0.0
2025-03-31,2,1,41,157,114,76,8,84,6495.72,291688.76,31,0,5877.08,0.0,0.0,0.0,0.0
2025-03-31,2,2,138,142,198,67,15,82,4821.6,196039.2,31,0,3939.6,0.0,0.0,0.0,0.0
2025-03-31,2,3,71,157,155,55,18,73,2473.97,129730.92,31,0,1863.95,0.0,0.0,0.0,0.0
2025-03-31,2,4,155,141,144,152,0,152,11883.36,342115.68,31,0,11023.38,859.98,0.0,0.0,0.0
2025-03-31,2,5,58,156,162,52,0,52,292.24,20265.72,31,0,292.24,0.0,0.0,0.0,0.0
2025-03-31,2,6,211,0,82,111,18,129,1424.16,59152.32,31,0,0.0,1225.44,0.0,0.0,0.0
2025-03-31,2,7,31,159,58,124,8,132,7469.88,201913.12,31,0,7017.16,0.0,0.0,0.0,0.0
2025-03-31,2,8,174,122,137,125,34,159,7401.45,172235.0,31,0,5679.1,139.65,0.0,0.0,0.0
2025-03-31,2,9,144,149,121,142,30,172,1757.84,45356.36,31,0,1451.24,0.0,0.0,0.0,0.0
2025-03-31,2,10,132,0,46,53,33,86,5463.58,209712.53,31,0,0.0,3367.09,0.0,0.0,0.0
2025-03-31,2,11,79,150,89,129,11,140,7480.2,249518.1,31,0,6892.47,0.0,0.0,0.0,0.0
2025-03-31,2,12,115,145,155,105,0,105,6154.05,180694.63,31,0,6154.05,0.0,0.0,0.0,0.0
2025-03-31,2,13,191,0,128,38,25,63,4611.6,294117.6,31,0,0.0,2781.6,0.0,0.0,0.0
2025-03-31,2,14,91,144,27,208,0,208,12482.08,312772.12,31,0,8641.44,0.0,3840.64,0.0,0.0
2025-03-31,2,15,124,142,69,197,0,197,9103.37,213859.88,31,0,6561.82,2541.55,0.0,0.0,0.0
2025-03-31,2,16,180,0,144,31,5,36,802.44,79976.52,31,0,0.0,690.99,0.0,0.0,0.0
2025-03-31,2,17,233,0,76,157,0,157,11614.86,439811.1,31,0,0.0,11614.86,0.0,0.0,0.0
2025-03-31,2,18,154,157,90,206,15,221,10327.33,343652.42,31,0,7336.61,0.0,2289.77,0.0,0.0
2025-03-31,2,19,197,0,138,59,0,59,804.76,58870.24,31,0,0.0,804.76,0.0,0.0,0.0
2025-03-31,2,20,105,141,110,136,0,136,7956.0,226804.5,31,0,7956.0,0.0,0.0,0.0,0.0
2025-03-31,2,21,128,154,83,192,7,199,4254.62,130952.5,31,0,3292.52,0.0,812.44,0.0,0.0
2025-03-31,2,22,4,288,139,121,32,153,2868.75,49350.0,31,1,2268.75,0.0,0.0,0.0,0.0
2025-03-31,2,23,236,0,35,201,0,201,16086.03,537481.48,31,0,0.0,12804.8,3281.23,0.0,0.0
2025-03-31,2,24,101,122,70,153,0,153,12412.89,319489.94,31,0,9897.86,2515.03,0.0,0.0,0.0
2025-03-31,2,25,84,156,87,141,12,153,2004.3,56081.1,31,0,1847.1,0.0,0.0,0.0,0.0
2025-03-31,2,26,88,162,159,91,0,91,5062.33,178739.19,31,0,5062.33,0.0,0.0,0.0,0.0
2025-03-31,2,27,142,143,85,192,8,200,15742.0,290282.48,31,0,11255.53,3856.79,0.0,0.0,0.0
2025-03-31,2,28,173,0,101,63,9,72,727.92,40328.79,31,0,0.0,636.93,0.0,0.0,0.0
2025-03-31,2,29,123,157,165,96,19,115,1669.8,48888.84,31,1,1393.92,0.0,0.0,0.0,0.0
2025-03-31,2,30,132,188,181,139,0,139,4161.66,113532.48,31,0,4161.66,0.0,0.0,0.0,0.0
2025-03-31,2,31,135,155,95,157,38,195,4182.75,78571.35,31,0,3324.75,42.9,0.0,0.0,0.0
2025-03-31,2,32,115,122,100,128,9,137,1446.72,41384.64,31,0,1288.32,63.36,0.0,0.0,0.0
2025-03-31,3,1,173,0,95,78,0,78,6031.74,268876.41,31,0,0.0,6031.74,0.0,0.0,0.0
2025-03-31,3,2,178,144,148,145,29,174,10231.2,216148.8,31,0,8467.2,58.8,0.0,0.0,0.0
2025-03-31,3,3,149,155,111,193,0,193,6540.77,145049.2,31,0,5252.95,1287.82,0.0,0.0,0.0
2025-03-31,3,4,171,0,68,85,18,103,8052.54,333203.16,31,0,0.0,6645.3,0.0,0.0,0.0
2025-03-31,3,5,98,143,89,152,0,152,854.24,32241.94,31,0,803.66,0.0,50.58,0.0,0.0
2025-03-31,3,6,149,161,130,174,6,180,1987.2,41808.48,31,0,1777.44,0.0,143.52,0.0,0.0
2025-03-31,3,7,121,0,80,41,0,41,2320.19,167449.81,31,0,0.0,2320.19,0.0,0.0,0.0
2025-03-31,3,8,60,130,125,0,65,65,3025.75,159945.8,31,1,0.0,0.0,0.0,0.0,0.0
2025-03-31,3,9,134,151,175,110,0,110,1124.2,34584.48,31,0,1124.2,0.0,0.0,0.0,0.0
2025-03-31,3,10,194,144,143,178,17,195,12388.35,302847.51,31,0,9148.32,2160.02,0.0,0.0,0.0
2025-03-31,3,11,158,156,158,148,8,156,8335.08,178563.06,31,2,7907.64,0.0,0.0,0.0,0.0
2025-03-31,3,12,139,153,63,229,0,229,13421.69,234557.22,31,0,8967.33,0.0,4454.36,0.0,0.0
2025-03-31,3,13,101,150,100,151,0,151,11053.2,349749.6,31,0,10980.0,73.2,0.0,0.0,0.0
2025-03-31,3,14,95,147,88,154,0,154,9241.54,214355.72,31,0,8821.47,0.0,420.07,0.0,0.0
2025-03-31,3,15,218,0,95,108,15,123,5683.83,225273.75,31,0,0.0,4990.68,0.0,0.0,0.0
2025-03-31,3,16,154,132,154,124,8,132,2942.28,74626.92,31,2,2763.96,0.0,0.0,0.0,0.0
2025-03-31,3,17,176,141,153,164,0,164,12132.72,323514.54,31,0,10431.18,1701.54,0.0,0.0,0.0
2025-03-31,3,18,181,145,76,222,28,250,11682.5,249164.36,31,0,6775.85,3598.21,0.0,0.0,0.0
2025-03-31,3,19,111,0,111,0,0,0,0.0,33895.4,31,3,0.0,0.0,0.0,0.0,0.0
2025-03-31,3,20,123,153,172,104,0,104,6084.0,301450.5,31,0,6084.0,0.0,0.0,0.0,0.0
2025-03-31,3,21,162,155,118,199,0,199,4254.62,65294.52,31,0,3313.9,0.0,940.72,0.0,0.0
2025-03-31,3,22,161,0,122,39,0,39,731.25,67162.5,31,0,0.0,731.25,0.0,0.0,0.0
2025-03-31,3,23,129,144,81,192,0,192,15365.76,415195.64,31,0,11524.32,3841.44,0.0,0.0,0.0
2025-03-31,3,24,64,128,158,24,10,34,2758.42,261968.77,31,0,1947.12,0.0,0.0,0.0,0.0
2025-03-31,3,25,188,145,188,145,0,145,1899.5,54771.1,31,0,1899.5,0.0,0.0,0.0,0.0
2025-03-31,3,26,83,141,55,169,0,169,9401.47,291612.46,31,0,7843.83,1557.64,0.0,0.0,0.0
2025-03-31,3,27,119,158,122,155,0,155,12200.05,214642.17,31,0,12200.05,0.0,0.0,0.0,0.0
2025-03-31,3,28,194,149,160,166,17,183,1850.13,48548.22,31,0,1506.39,171.87,0.0,0.0,0.0
2025-03-31,3,29,86,146,8,210,14,224,3252.48,74313.36,31,0,2119.92,0.0,0.0,929.28,0.0
2025-03-31,3,30,168,145,141,172,0,172,5149.68,141885.66,31,0,4341.3,808.38,0.0,0.0,0.0
2025-03-31,3,31,119,172,149,118,24,142,3045.9,83504.85,31,0,2531.1,0.0,0.0,0.0,0.0
2025-03-31,3,32,160,130,112,178,0,178,1879.68,41194.56,31,0,1372.8,506.88,0.0,0.0,0.0
2025-04-30,1,1,152,144,160,116,20,136,10516.88,329425.8,30,0,8970.28,0.0,0.0,0.0,0.0
2025-04-30,1,2,198,142,156,184,0,184,10819.2,240786.0,30,0,8349.6,2469.6,0.0,0.0,0.0
2025-04-30,1,3,124,141,190,28,47,75,2541.75,123596.83,30,0,948.92,0.0,0.0,0.0,0.0
2025-04-30,1,4,144,152,195,101,0,101,7896.18,281604.36,30,0,7896.18,0.0,0.0,0.0,0.0
2025-04-30,1,5,183,148,143,188,0,188,1056.56,23575.9,30,0,831.76,224.8,0.0,0.0,0.0
2025-04-30,1,6,250,0,144,79,27,106,1170.24,62696.16,30,0,872.16,0.0,0.0,0.0,0.0
2025-04-30,1,7,106,141,103,122,22,144,8148.96,213457.48,30,0,6903.98,0.0,0.0,0.0,0.0
2025-04-30,1,8,156,0,14,127,15,142,6610.1,209707.75,30,0,0.0,0.0,5911.85,0.0,0.0
2025-04-30,1,9,174,154,136,175,17,192,1962.24,44906.68,30,0,1573.88,214.62,0.0,0.0,0.0
2025-04-30,1,10,165,0,56,109,0,109,6924.77,269621.32,30,0,0.0,6924.77,0.0,0.0,0.0
2025-04-30,1,11,94,144,86,142,10,152,8121.36,249518.1,30,0,7587.06,0.0,0.0,0.0,0.0
2025-04-30,1,12,229,0,177,35,17,52,3047.72,242176.52,30,0,2051.35,0.0,0.0,0.0,0.0
2025-04-30,1,13,97,142,140,80,19,99,7246.8,280575.6,30,0,5856.0,0.0,0.0,0.0,0.0
2025-04-30,1,14,172,149,216,89,16,105,6301.05,253302.21,30,0,5340.89,0.0,0.0,0.0,0.0
2025-04-30,1,15,192,151,183,160,0,160,7393.6,160625.96,30,0,6977.71,415.89,0.0,0.0,0.0
2025-04-30,1,16,196,0,86,110,0,110,2451.9,81157.89,30,0,2451.9,0.0,0.0,0.0,0.0
2025-04-30,1,17,176,147,193,115,15,130,9617.4,337200.84,30,0,8507.7,0.0,0.0,0.0,0.0
2025-04-30,1,18,222,0,67,155,0,155,7243.15,277856.58,30,0,0.0,0.0,6635.66,607.49,0.0
2025-04-30,1,19,184,0,94,90,0,90,1227.6,61911.96,30,0,1227.6,0.0,0.0,0.0,0.0
2025-04-30,1,20,206,0,72,120,14,134,7839.0,288463.5,30,0,0.0,7020.0,0.0,0.0,0.0
2025-04-30,1,21,212,0,103,100,9,109,2330.42,98968.02,30,0,0.0,2138.0,0.0,0.0,0.0
2025-04-30,1,22,26,284,95,196,19,215,4031.25,82706.25,30,0,3675.0,0.0,0.0,0.0,0.0
2025-04-30,1,23,161,150,97,214,0,214,17126.42,443286.17,30,0,12004.5,5121.92,0.0,0.0,0.0
2025-04-30,1,24,54,138,55,137,0,137,11114.81,290932.18,30,0,11114.81,0.0,0.0,0.0,0.0
2025-04-30,1,25,139,173,129,183,0,183,2397.3,49832.4,30,0,2266.3,131.0,0.0,0.0,0.0
2025-04-30,1,26,19,308,106,221,0,221,12294.23,215121.21,30,0,12294.23,0.0,0.0,0.0,0.0
2025-04-30,1,27,201,0,74,105,22,127,9996.17,404490.69,30,0,0.0,8264.55,0.0,0.0,0.0
2025-04-30,1,28,173,0,77,96,0,96,970.56,42623.76,30,0,0.0,970.56,0.0,0.0,0.0
2025-04-30,1,29,109,150,147,112,0,112,1626.24,55974.6,30,0,1626.24,0.0,0.0,0.0,0.0
2025-04-30,1,30,137,153,70,187,33,220,6586.8,91287.06,30,0,4580.82,1017.96,0.0,0.0,0.0
2025-04-30,1,31,134,141,91,184,0,184,3946.8,97147.05,30,0,3024.45,922.35,0.0,0.0,0.0
2025-04-30,1,32,124,0,26,91,7,98,1034.88,31859.52,30,0,0.0,960.96,0.0,0.0,0.0
2025-04-30,2,1,84,142,164,62,0,62,4794.46,314501.11,30,0,4794.46,0.0,0.0,0.0,0.0
2025-04-30,2,2,82,147,138,91,0,91,5350.8,148058.4,30,1,5350.8,0.0,0.0,0.0,0.0
2025-04-30,2,3,73,156,113,74,42,116,3931.24,144168.06,30,0,2507.86,0.0,0.0,0.0,0.0
2025-04-30,2,4,152,145,130,126,41,167,13056.06,243139.8,30,0,9850.68,0.0,0.0,0.0,0.0
2025-04-30,2,5,52,142,60,104,30,134,753.08,25941.92,30,0,584.48,0.0,0.0,0.0,0.0
2025-04-30,2,6,129,143,167,82,23,105,1159.2,38110.08,30,0,905.28,0.0,0.0,0.0,0.0
2025-04-30,2,7,132,146,157,111,10,121,6847.39,199253.39,30,0,6281.49,0.0,0.0,0.0,0.0
2025-04-30,2,8,159,0,45,114,0,114,5306.7,164042.2,30,0,5306.7,0.0,0.0,0.0,0.0
2025-04-30,2,9,172,0,131,13,28,41,419.02,31048.36,30,0,0.0,132.86,0.0,0.0,0.0
2025-04-30,2,10,86,145,148,41,42,83,5272.99,322287.69,30,0,2604.73,0.0,0.0,0.0,0.0
2025-04-30,2,11,140,147,99,188,0,188,10044.84,153931.83,30,0,7854.21,2190.63,0.0,0.0,0.0
2025-04-30,2,12,105,144,68,164,17,181,10608.41,195581.57,30,0,8439.84,1172.2,0.0,0.0,0.0
2025-04-30,2,13,63,316,178,194,7,201,14713.2,297777.6,30,0,14200.8,0.0,0.0,0.0,0.0
2025-04-30,2,14,208,0,120,88,0,88,5280.88,284567.42,30,0,0.0,5280.88,0.0,0.0,0.0
2025-04-30,2,15,197,0,75,122,0,122,5637.62,241031.36,30,0,0.0,5637.62,0.0,0.0,0.0
2025-04-30,2,16,36,130,16,150,0,150,3343.5,68029.08,30,0,2897.7,0.0,445.8,0.0,0.0
2025-04-30,2,17,157,147,203,101,0,101,7471.98,335055.42,30,0,7471.98,0.0,0.0,0.0,0.0
2025-04-30,2,18,221,0,132,89,0,89,4158.97,234257.49,30,0,0.0,4158.97,0.0,0.0,0.0
2025-04-30,2,19,59,311,161,192,17,209,2850.76,56442.32,30,0,2618.88,0.0,0.0,0.0,0.0
2025-04-30,2,20,136,150,107,179,0,179,10471.5,159354.0,30,0,8775.0,1696.5,0.0,0.0,0.0
2025-04-30,2,21,199,0,148,51,0,51,1090.38,72969.94,30,0,0.0,1090.38,0.0,0.0,0.0
2025-04-30,2,22,153,157,155,135,20,155,2906.25,81881.25,30,0,2531.25,0.0,0.0,0.0,0.0
2025-04-30,2,23,201,0,201,0,0,0,0.0,134130.28,30,11,0.0,0.0,0.0,0.0,0.0
2025-04-30,2,24,153,140,19,274,0,274,22229.62,475178.41,30,0,11358.2,9897.86,973.56,0.0,0.0
2025-04-30,2,25,153,145,107,191,0,191,2502.1,50579.1,30,0,1899.5,602.6,0.0,0.0,0.0
2025-04-30,2,26,91,144,144,65,26,91,5062.33,209224.43,30,0,3615.95,0.0,0.0,0.0,0.0
2025-04-30,2,27,200,142,133,173,36,209,16450.39,293037.33,30,0,11176.82,2440.01,0.0,0.0,0.0
2025-04-30,2,28,72,153,81,125,19,144,1455.84,39681.75,30,0,1263.75,0.0,0.0,0.0,0.0
2025-04-30,2,29,115,143,113,110,35,145,2105.4,58486.56,30,0,1597.2,0.0,0.0,0.0,0.0
2025-04-30,2,30,139,147,146,140,0,140,4191.6,124730.04,30,0,4191.6,0.0,0.0,0.0,0.0
2025-04-30,2,31,195,0,121,74,0,74,1587.3,77262.9,30,0,0.0,1587.3,0.0,0.0,0.0
2025-04-30,2,32,137,0,21,116,0,116,1224.96,40465.92,30,0,0.0,1224.96,0.0,0.0,0.0
2025-04-30,3,1,78,145,79,138,6,144,11135.52,303056.27,30,0,10671.54,0.0,0.0,0.0,0.0
2025-04-30,3,2,174,142,131,150,35,185,10878.0,254074.8,30,0,8820.0,0.0,0.0,0.0,0.0
2025-04-30,3,3,193,0,113,80,0,80,2711.2,155826.22,30,0,0.0,2711.2,0.0,0.0,0.0
2025-04-30,3,4,103,149,132,115,5,120,9381.6,284027.94,30,0,8990.7,0.0,0.0,0.0,0.0
2025-04-30,3,5,152,168,89,224,7,231,1298.22,21530.22,30,0,944.16,314.72,0.0,0.0,0.0
2025-04-30,3,6,180,141,164,138,19,157,1733.28,39699.84,30,0,1523.52,0.0,0.0,0.0,0.0
2025-04-30,3,7,41,299,139,201,0,201,11374.59,245996.73,30,0,11374.59,0.0,0.0,0.0,0.0
2025-04-30,3,8,65,142,84,123,0,123,5725.65,166090.4,30,2,5725.65,0.0,0.0,0.0,0.0
2025-04-30,3,9,110,150,162,98,0,98,1001.56,32979.94,30,0,1001.56,0.0,0.0,0.0,0.0
2025-04-30,3,10,195,0,119,76,0,76,4828.28,232646.86,30,0,0.0,4828.28,0.0,0.0,0.0
2025-04-30,3,11,156,0,101,46,9,55,2938.65,179097.36,30,0,2457.78,0.0,0.0,0.0,0.0
2025-04-30,3,12,229,0,148,61,20,81,4747.41,304127.29,30,0,0.0,3575.21,0.0,0.0,0.0
2025-04-30,3,13,151,159,138,157,15,172,12590.4,318200.4,30,0,11492.4,0.0,0.0,0.0,0.0
2025-04-30,3,14,154,0,112,32,10,42,2520.42,208954.82,30,0,0.0,1920.32,0.0,0.0,0.0
2025-04-30,3,15,123,150,139,134,0,134,6192.14,138491.37,30,1,6192.14,0.0,0.0,0.0,0.0
2025-04-30,3,16,132,0,14,109,9,118,2630.22,80021.1,30,0,2429.61,0.0,0.0,0.0,0.0
2025-04-30,3,17,164,149,80,233,0,233,17237.34,416433.42,30,0,11023.02,6214.32,0.0,0.0,0.0
2025-04-30,3,18,250,0,144,106,0,106,4953.38,221500.2,30,0,0.0,4953.38,0.0,0.0,0.0
2025-04-30,3,19,0,146,143,0,3,3,40.92,25643.2,30,5,0.0,0.0,0.0,0.0,0.0
2025-04-30,3,20,104,144,102,146,0,146,8541.0,253831.5,30,0,8424.0,117.0,0.0,0.0,0.0
2025-04-30,3,21,199,0,122,77,0,77,1646.26,87166.26,30,0,1646.26,0.0,0.0,0.0,0.0
2025-04-30,3,22,39,147,51,115,20,135,2531.25,53343.75,30,0,2156.25,0.0,0.0,0.0,0.0
2025-04-30,3,23,192,146,168,166,4,170,13605.1,372059.47,30,0,11684.38,1600.6,0.0,0.0,0.0
2025-04-30,3,24,34,138,66,106,0,106,8599.78,312431.63,30,0,8599.78,0.0,0.0,0.0,0.0
2025-04-30,3,25,145,144,171,95,23,118,1545.8,50985.2,30,0,1244.5,0.0,0.0,0.0,0.0
2025-04-30,3,26,169,0,98,31,40,71,3949.73,234925.49,30,0,0.0,1724.53,0.0,0.0,0.0
2025-04-30,3,27,155,0,97,48,10,58,4565.18,255807.5,30,0,0.0,3778.08,0.0,0.0,0.0
2025-04-30,3,28,183,151,122,196,16,212,2143.32,40864.62,30,0,1526.61,454.95,0.0,0.0,0.0
2025-04-30,3,29,224,0,60,140,24,164,2381.28,81297.48,30,0,0.0,2032.8,0.0,0.0,0.0
2025-04-30,3,30,172,144,120,186,10,196,5868.24,111706.14,30,0,4311.36,1257.48,0.0,0.0,0.0
2025-04-30,3,31,142,148,177,113,0,113,2423.85,79665.3,30,0,2423.85,0.0,0.0,0.0,0.0
2025-04-30,3,32,178,0,21,145,12,157,1657.92,51068.16,30,0,0.0,1372.8,158.4,0.0,0.0
2025-05-31,1,1,136,152,114,152,22,174,13455.42,211497.55,31,0,11754.16,0.0,0.0,0.0,0.0
2025-05-31,1,2,184,0,69,115,0,115,6762.0,286062.0,31,0,0.0,6762.0,0.0,0.0,0.0
2025-05-31,1,3,75,142,193,24,0,24,813.36,100551.63,31,0,813.36,0.0,0.0,0.0,0.0
2025-05-31,1,4,101,157,123,76,59,135,10554.3,375029.46,31,0,5941.68,0.0,0.0,0.0,0.0
2025-05-31,1,5,188,141,100,203,26,229,1286.98,25514.8,31,0,792.42,348.44,0.0,0.0,0.0
2025-05-31,1,6,106,147,146,83,24,107,1181.28,39490.08,31,0,916.32,0.0,0.0,0.0,0.0
2025-05-31,1,7,144,143,113,174,0,174,9846.66,239319.11,31,0,8092.37,1754.29,0.0,0.0,0.0
2025-05-31,1,8,142,0,53,89,0,89,4142.95,152637.45,31,0,0.0,0.0,0.0,4142.95,0.0
2025-05-31,1,9,192,0,173,7,12,19,194.18,30956.38,31,0,0.0,71.54,0.0,0.0,0.0
2025-05-31,1,10,109,161,131,139,0,139,8830.67,263522.44,31,0,8830.67,0.0,0.0,0.0,0.0
2025-05-31,1,11,152,150,130,143,29,172,9189.96,225528.03,31,0,7640.49,0.0,0.0,0.0,0.0
2025-05-31,1,12,52,142,100,94,0,94,5509.34,254367.4,31,0,5509.34,0.0,0.0,0.0,0.0
2025-05-31,1,13,99,151,128,96,26,122,8930.4,243024.0,31,0,7027.2,0.0,0.0,0.0,0.0
2025-05-31,1,14,105,155,198,39,23,62,3720.62,203073.84,31,1,2340.39,0.0,0.0,0.0,0.0
2025-05-31,1,15,160,155,184,106,25,131,6053.51,185995.25,31,0,4898.26,0.0,0.0,0.0,0.0
2025-05-31,1,16,110,0,11,99,0,99,2206.71,71595.48,31,0,0.0,0.0,2206.71,0.0,0.0
2025-05-31,1,17,130,157,197,59,31,90,6658.2,303318.0,31,0,4364.82,0.0,0.0,0.0,0.0
2025-05-31,1,18,155,144,83,202,14,216,10093.68,257295.38,31,0,6729.12,0.0,0.0,2710.34,0.0
2025-05-31,1,19,90,141,99,132,0,132,1800.48,42434.04,31,0,1800.48,0.0,0.0,0.0,0.0
2025-05-31,1,20,134,155,155,128,6,134,7839.0,264771.0,31,0,7488.0,0.0,0.0,0.0,0.0
2025-05-31,1,21,109,170,121,158,0,158,3378.04,120262.5,31,0,3378.04,0.0,0.0,0.0,0.0
2025-05-31,1,22,215,0,171,44,0,44,825.0,66937.5,31,0,0.0,825.0,0.0,0.0,0.0
2025-05-31,1,23,214,0,81,133,0,133,10643.99,449528.51,31,0,0.0,10643.99,0.0,0.0,0.0
2025-05-31,1,24,137,132,20,249,0,249,20201.37,630461.23,31,0,10709.16,9492.21,0.0,0.0,0.0
2025-05-31,1,25,183,0,95,67,21,88,1152.8,56434.8,31,0,0.0,877.7,0.0,0.0,0.0
2025-05-31,1,26,221,0,135,55,31,86,4784.18,259736.47,31,0,0.0,3059.65,0.0,0.0,0.0
2025-05-31,1,27,127,144,112,155,4,159,12514.89,310668.37,31,0,11334.24,0.0,865.81,0.0,0.0
2025-05-31,1,28,96,147,58,185,0,185,1870.35,45970.17,31,0,1486.17,0.0,384.18,0.0,0.0
2025-05-31,1,29,112,148,139,101,20,121,1756.92,50936.16,31,0,1466.52,0.0,0.0,0.0,0.0
2025-05-31,1,30,220,0,157,41,22,63,1886.22,118562.4,31,0,0.0,1227.54,0.0,0.0,0.0
2025-05-31,1,31,184,146,140,186,4,190,4075.5,100257.3,31,0,3131.7,858.0,0.0,0.0,0.0
2025-05-31,1,32,98,0,49,49,0,49,517.44,23094.72,31,0,0.0,0.0,517.44,0.0,0.0
2025-05-31,2,1,62,156,89,129,0,129,9975.57,287358.28,31,0,9975.57,0.0,0.0,0.0,0.0
2025-05-31,2,2,91,146,96,124,17,141,8290.8,334278.0,31,0,7291.2,0.0,0.0,0.0,0.0
2025-05-31,2,3,116,149,177,81,7,88,2982.32,98653.79,31,0,2745.09,0.0,0.0,0.0,0.0
2025-05-31,2,4,167,144,170,141,0,141,11023.38,233523.66,31,0,11023.38,0.0,0.0,0.0,0.0
2025-05-31,2,5,134,161,130,143,22,165,927.3,24239.06,31,0,803.66,0.0,0.0,0.0,0.0
2025-05-31,2,6,105,147,124,112,16,128,1413.12,44171.04,31,0,1236.48,0.0,0.0,0.0,0.0
2025-05-31,2,7,121,151,135,132,5,137,7752.83,243450.18,31,0,7469.88,0.0,0.0,0.0,0.0
2025-05-31,2,8,114,0,15,99,0,99,4608.45,147749.7,31,0,0.0,0.0,4608.45,0.0,0.0
2025-05-31,2,9,41,165,118,88,0,88,899.36,22780.38,31,7,899.36,0.0,0.0,0.0,0.0
2025-05-31,2,10,83,151,161,62,11,73,4637.69,209649.0,31,0,3938.86,0.0,0.0,0.0,0.0
2025-05-31,2,11,188,142,132,193,5,198,10579.14,240114.42,31,0,7587.06,2724.93,0.0,0.0,0.0
2025-05-31,2,12,181,143,207,117,0,117,6857.37,225121.01,31,0,6857.37,0.0,0.0,0.0,0.0
2025-05-31,2,13,201,146,136,211,0,211,15445.2,323544.0,31,0,10687.2,4758.0,0.0,0.0,0.0
2025-05-31,2,14,88,141,112,85,32,117,7021.17,263023.83,31,0,5100.85,0.0,0.0,0.0,0.0
2025-05-31,2,15,122,148,122,148,0,148,6839.08,132484.07,31,0,6839.08,0.0,0.0,0.0,0.0
2025-05-31,2,16,150,0,14,136,0,136,3031.44,95913.87,31,0,0.0,2897.7,0.0,133.74,0.0
2025-05-31,2,17,101,168,125,132,12,144,10653.12,313749.18,31,0,9765.36,0.0,0.0,0.0,0.0
2025-05-31,2,18,89,142,162,39,30,69,3224.37,182340.46,31,0,1822.47,0.0,0.0,0.0,0.0
2025-05-31,2,19,209,0,139,70,0,70,954.8,55964.92,31,0,0.0,954.8,0.0,0.0,0.0
2025-05-31,2,20,179,142,63,252,6,258,15093.0,362875.5,31,0,8307.0,6435.0,0.0,0.0,0.0
2025-05-31,2,21,51,287,164,174,0,174,3720.12,65315.9,31,0,3720.12,0.0,0.0,0.0,0.0
2025-05-31,2,22,155,141,119,177,0,177,3318.75,70781.25,31,0,2643.75,675.0,0.0,0.0,0.0
2025-05-31,2,23,0,326,163,145,18,163,13044.89,400550.15,31,0,11604.35,0.0,0.0,0.0,0.0
2025-05-31,2,24,274,0,16,249,9,258,20931.54,676137.42,31,0,0.0,11358.2,8843.17,0.0,0.0
2025-05-31,2,25,191,0,131,60,0,60,786.0,54351.9,31,0,0.0,786.0,0.0,0.0,0.0
2025-05-31,2,26,91,159,123,104,23,127,7065.01,232199.62,31,0,5785.52,0.0,0.0,0.0,0.0
2025-05-31,2,27,209,154,215,111,37,148,11649.08,353801.45,31,0,8736.81,0.0,0.0,0.0,0.0
2025-05-31,2,28,144,154,240,48,10,58,586.38,30036.81,31,0,485.28,0.0,0.0,0.0,0.0
2025-05-31,2,29,145,158,175,103,25,128,1858.56,63031.32,31,0,1495.56,0.0,0.0,0.0,0.0
2025-05-31,2,30,140,0,107,33,0,33,988.02,97843.92,31,0,0.0,988.02,0.0,0.0,0.0
2025-05-31,2,31,74,144,112,102,4,106,2273.7,104890.5,31,0,2187.9,0.0,0.0,0.0,0.0
2025-05-31,2,32,116,0,17,99,0,99,1045.44,36600.96,31,0,0.0,0.0,1045.44,0.0,0.0
2025-05-31,3,1,144,0,119,25,0,25,1933.25,203300.57,31,0,0.0,1933.25,0.0,0.0,0.0
2025-05-31,3,2,185,150,154,163,18,181,10642.8,242138.4,31,0,8820.0,764.4,0.0,0.0,0.0
2025-05-31,3,3,80,148,41,187,0,187,6337.43,157181.82,31,0,5015.72,0.0,1321.71,0.0,0.0
2025-05-31,3,4,120,146,132,116,18,134,10476.12,304042.02,31,0,9068.88,0.0,0.0,0.0,0.0
2025-05-31,3,5,231,0,190,20,21,41,230.42,25981.26,31,0,0.0,112.4,0.0,0.0,0.0
2025-05-31,3,6,157,150,138,169,0,169,1865.76,44745.12,31,0,1656.0,209.76,0.0,0.0,0.0
2025-05-31,3,7,201,0,94,107,0,107,6055.13,289118.31,31,0,0.0,6055.13,0.0,0.0,0.0
2025-05-31,3,8,123,0,19,104,0,104,4841.2,175726.25,31,0,0.0,4841.2,0.0,0.0,0.0
2025-05-31,3,9,98,170,105,149,14,163,1665.86,44518.32,31,0,1522.78,0.0,0.0,0.0,0.0
2025-05-31,3,10,76,150,185,29,12,41,2604.73,187222.91,31,0,1842.37,0.0,0.0,0.0,0.0
2025-05-31,3,11,55,162,115,64,38,102,5449.86,235572.87,31,0,3419.52,0.0,0.0,0.0,0.0
2025-05-31,3,12,81,289,162,208,0,208,12190.88,227641.24,31,0,12190.88,0.0,0.0,0.0,0.0
2025-05-31,3,13,172,0,128,19,25,44,3220.8,203276.4,31,0,0.0,1390.8,0.0,0.0,0.0
2025-05-31,3,14,42,167,102,91,16,107,6421.07,281446.9,31,0,5460.91,0.0,0.0,0.0,0.0
2025-05-31,3,15,134,142,142,119,15,134,6192.14,181559.09,31,0,5498.99,0.0,0.0,0.0,0.0
2025-05-31,3,16,118,0,16,102,0,102,2273.58,73757.61,31,0,0.0,0.0,2273.58,0.0,0.0
2025-05-31,3,17,233,0,70,163,0,163,12058.74,431303.4,31,0,0.0,11023.02,1035.72,0.0,0.0
2025-05-31,3,18,106,158,100,164,0,164,7663.72,286782.01,31,0,7383.34,0.0,280.38,0.0,0.0
2025-05-31,3,19,3,316,169,140,10,150,2046.0,47576.32,31,2,1909.6,0.0,0.0,0.0,0.0
2025-05-31,3,20,146,148,123,171,0,171,10003.5,312975.0,31,0,8658.0,1345.5,0.0,0.0,0.0
2025-05-31,3,21,77,144,171,12,38,50,1069.0,70425.72,31,0,256.56,0.0,0.0,0.0,0.0
2025-05-31,3,22,135,142,130,147,0,147,2756.25,84356.25,31,0,2662.5,93.75,0.0,0.0,0.0
2025-05-31,3,23,170,142,107,205,0,205,16406.15,382383.34,31,0,11364.26,5041.89,0.0,0.0,0.0
2025-05-31,3,24,106,130,29,207,0,207,16793.91,511362.39,31,0,10546.9,6247.01,0.0,0.0,0.0
2025-05-31,3,25,118,149,150,106,11,117,1532.7,55295.1,31,0,1388.6,0.0,0.0,0.0,0.0
2025-05-31,3,26,71,153,224,0,0,0,0.0,44225.85,31,13,0.0,0.0,0.0,0.0,0.0
2025-05-31,3,27,58,146,133,71,0,71,5588.41,300593.49,31,0,5588.41,0.0,0.0,0.0,0.0
2025-05-31,3,28,212,0,78,117,17,134,1354.74,50368.02,31,0,0.0,1182.87,0.0,0.0,0.0
2025-05-31,3,29,164,0,46,106,12,118,1713.36,58326.84,31,0,0.0,0.0,1539.12,0.0,0.0
2025-05-31,3,30,196,164,196,142,22,164,4910.16,124430.64,31,0,4251.48,0.0,0.0,0.0,0.0
2025-05-31,3,31,113,148,183,66,12,78,1673.1,64006.8,31,0,1415.7,0.0,0.0,0.0,0.0
2025-05-31,3,32,157,0,12,145,0,145,1531.2,47467.2,31,0,0.0,0.0,1372.8,158.4,0.0
2025-06-30,1,1,174,163,151,186,0,186,14383.38,289987.5,30,0,12604.79,1778.59,0.0,0.0,0.0
2025-06-30,1,2,115,150,52,213,0,213,12524.4,346449.6,30,0,8820.0,0.0,3704.4,0.0,0.0
2025-06-30,1,3,24,154,109,14,55,69,2338.41,123732.39,30,0,474.46,0.0,0.0,0.0,0.0
2025-06-30,1,4,135,307,287,155,0,155,12117.9,169337.88,30,2,12117.9,0.0,0.0,0.0,0.0
2025-06-30,1,5,229,160,180,176,33,209,1174.58,19428.34,30,0,899.2,89.92,0.0,0.0,0.0
2025-06-30,1,6,107,154,78,157,26,183,2020.32,53003.04,30,0,1700.16,33.12,0.0,0.0,0.0
2025-06-30,1,7,174,0,104,52,18,70,3961.3,214249.74,30,0,0.0,2942.68,0.0,0.0,0.0
2025-06-30,1,8,89,0,0,89,0,89,4142.95,124288.5,30,0,0.0,0.0,0.0,4142.95,0.0
2025-06-30,1,9,19,304,173,150,0,150,1533.0,35678.02,30,0,1533.0,0.0,0.0,0.0,0.0
2025-06-30,1,10,139,147,127,159,0,159,10101.27,209204.29,30,0,9338.91,762.36,0.0,0.0,0.0
2025-06-30,1,11,172,152,135,173,16,189,10098.27,225688.32,30,0,8121.36,1122.03,0.0,0.0,0.0
2025-06-30,1,12,94,154,121,127,0,127,7443.47,249092.5,30,0,7443.47,0.0,0.0,0.0,0.0
2025-06-30,1,13,122,146,119,117,32,149,10906.8,345870.0,30,0,8564.4,0.0,0.0,0.0,0.0
2025-06-30,1,14,62,152,80,134,0,134,8041.34,271125.18,30,0,8041.34,0.0,0.0,0.0,0.0
2025-06-30,1,15,131,144,148,124,3,127,5868.67,147502.32,30,0,5730.04,0.0,0.0,0.0,0.0
2025-06-30,1,16,99,0,0,99,0,99,2206.71,66201.3,30,0,0.0,0.0,0.0,2206.71,0.0
2025-06-30,1,17,90,152,199,43,0,43,3181.14,143669.16,30,1,3181.14,0.0,0.0,0.0,0.0
2025-06-30,1,18,216,0,100,103,13,116,5420.68,215612.22,30,0,0.0,4813.19,0.0,0.0,0.0
2025-06-30,1,19,132,142,174,94,6,100,1364.0,42529.52,30,1,1282.16,0.0,0.0,0.0,0.0
2025-06-30,1,20,134,145,206,68,5,73,4270.5,229144.5,30,0,3978.0,0.0,0.0,0.0,0.0
2025-06-30,1,21,158,142,57,236,7,243,5195.34,132363.58,30,0,3035.96,2009.72,0.0,0.0,0.0
2025-06-30,1,22,44,151,128,61,6,67,1256.25,77568.75,30,0,1143.75,0.0,0.0,0.0,0.0
2025-06-30,1,23,133,143,134,136,6,142,11364.26,489703.57,30,0,10884.08,0.0,0.0,0.0,0.0
2025-06-30,1,24,249,0,0,249,0,249,20201.37,606041.1,30,0,0.0,10709.16,9492.21,0.0,0.0
2025-06-30,1,25,88,151,112,99,28,127,1663.7,65015.3,30,0,1296.9,0.0,0.0,0.0,0.0
2025-06-30,1,26,86,169,158,60,37,97,5396.11,113207.05,30,7,3337.8,0.0,0.0,0.0,0.0
2025-06-30,1,27,159,141,94,170,36,206,16214.26,318381.95,30,0,11098.11,2282.59,0.0,0.0,0.0
2025-06-30,1,28,185,141,138,188,0,188,1900.68,44261.58,30,0,1425.51,475.17,0.0,0.0,0.0
2025-06-30,1,29,121,145,180,45,41,86,1248.72,50544.12,30,0,653.4,0.0,0.0,0.0,0.0
2025-06-30,1,30,63,148,126,68,17,85,2544.9,120448.62,30,0,2035.92,0.0,0.0,0.0,0.0
2025-06-30,1,31,190,151,136,205,0,205,4397.25,80201.55,30,0,3238.95,1158.3,0.0,0.0,0.0
2025-06-30,1,32,49,0,0,49,0,49,517.44,15523.2,30,0,0.0,0.0,0.0,517.44,0.0
2025-06-30,2,1,129,0,85,35,9,44,3402.52,218147.93,30,0,0.0,2706.55,0.0,0.0,0.0
2025-06-30,2,2,141,141,124,158,0,158,9290.4,246489.6,30,0,8290.8,999.6,0.0,0.0,0.0
2025-06-30,2,3,88,143,65,137,29,166,5625.74,209440.2,30,0,4642.93,0.0,0.0,0.0,0.0
2025-06-30,2,4,141,141,130,152,0,152,11883.36,235556.34,30,0,11023.38,859.98,0.0,0.0,0.0
2025-06-30,2,5,165,157,170,141,11,152,854.24,17573.74,30,1,792.42,0.0,0.0,0.0,0.0
2025-06-30,2,6,128,153,203,78,0,78,861.12,23780.16,30,4,861.12,0.0,0.0,0.0,0.0
2025-06-30,2,7,137,144,165,116,0,116,6564.44,226360.0,30,0,6564.44,0.0,0.0,0.0,0.0
2025-06-30,2,8,99,0,68,31,0,31,1443.05,75923.05,30,0,0.0,0.0,0.0,1443.05,0.0
2025-06-30,2,9,88,141,117,112,0,112,1144.64,46194.4,30,0,1144.64,0.0,0.0,0.0,0.0
2025-06-30,2,10,73,291,141,204,19,223,14167.19,224896.2,30,0,12960.12,0.0,0.0,0.0,0.0
2025-06-30,2,11,198,0,146,52,0,52,2778.36,228787.26,30,0,0.0,2778.36,0.0,0.0,0.0
2025-06-30,2,12,117,143,123,130,7,137,8029.57,248154.74,30,0,7619.3,0.0,0.0,0.0,0.0
2025-06-30,2,13,211,0,94,95,22,117,8564.4,355825.2,30,0,0.0,6954.0,0.0,0.0,0.0
2025-06-30,2,14,117,144,120,119,22,141,8461.41,261583.59,30,0,7141.19,0.0,0.0,0.0,0.0
2025-06-30,2,15,148,0,66,46,36,82,3789.22,157622.31,30,0,0.0,2125.66,0.0,0.0,0.0
2025-06-30,2,16,136,0,8,128,0,128,2853.12,89070.84,30,0,0.0,0.0,2853.12,0.0,0.0
2025-06-30,2,17,144,158,73,226,3,229,16941.42,357693.3,30,0,11688.84,5030.64,0.0,0.0,0.0
2025-06-30,2,18,69,299,130,232,6,238,11121.74,188649.01,30,0,10841.36,0.0,0.0,0.0,0.0
2025-06-30,2,19,70,296,211,133,22,155,2114.2,30349.0,30,5,1814.12,0.0,0.0,0.0,0.0
2025-06-30,2,20,258,0,149,109,0,109,6376.5,316192.5,30,0,0.0,6376.5,0.0,0.0,0.0
2025-06-30,2,21,174,0,113,47,14,61,1304.18,78657.02,30,0,0.0,1004.86,0.0,0.0,0.0
2025-06-30,2,22,177,0,103,53,21,74,1387.5,71793.75,30,0,0.0,993.75,0.0,0.0,0.0
2025-06-30,2,23,163,149,115,185,12,197,15765.91,272102.0,30,0,11924.47,2881.08,0.0,0.0,0.0
2025-06-30,2,24,258,0,27,231,0,231,18741.03,589247.19,30,0,0.0,0.0,11358.2,7382.83,0.0
2025-06-30,2,25,60,300,142,218,0,218,2855.8,61818.9,30,0,2855.8,0.0,0.0,0.0,0.0
2025-06-30,2,26,127,162,141,134,14,148,8233.24,204940.92,30,0,7454.42,0.0,0.0,0.0,0.0
2025-06-30,2,27,148,143,128,163,0,163,12829.73,347583.36,30,0,11255.53,1574.2,0.0,0.0,0.0
2025-06-30,2,28,58,147,113,92,0,92,930.12,39924.39,30,0,930.12,0.0,0.0,0.0,0.0
2025-06-30,2,29,128,155,188,80,15,95,1379.4,52155.84,30,0,1161.6,0.0,0.0,0.0,0.0
2025-06-30,2,30,33,161,110,51,33,84,2514.96,83981.7,30,0,1526.94,0.0,0.0,0.0,0.0
2025-06-30,2,31,106,153,72,187,0,187,4011.15,90218.7,30,0,3281.85,729.3,0.0,0.0,0.0
2025-06-30,2,32,99,0,7,92,0,92,971.52,30550.08,30,0,0.0,0.0,0.0,971.52,0.0
2025-06-30,3,1,25,152,76,84,17,101,7810.33,224179.67,30,0,6495.72,0.0,0.0,0.0,0.0
2025-06-30,3,2,181,144,151,174,0,174,10231.2,231613.2,30,0,8467.2,1764.0,0.0,0.0,0.0
2025-06-30,3,3,187,147,217,117,0,117,3965.13,117903.31,30,1,3965.13,0.0,0.0,0.0,0.0
2025-06-30,3,4,134,147,134,118,29,147,11492.46,188022.9,30,6,9225.24,0.0,0.0,0.0,0.0
2025-06-30,3,5,41,297,169,152,17,169,949.78,18225.66,30,1,854.24,0.0,0.0,0.0,0.0
2025-06-30,3,6,169,150,109,205,5,210,2318.4,42470.88,30,0,1656.0,607.2,0.0,0.0,0.0
2025-06-30,3,7,107,148,102,153,0,153,8658.27,182615.93,30,0,8375.32,0.0,282.95,0.0,0.0
2025-06-30,3,8,104,0,11,93,0,93,4329.15,132434.75,30,0,0.0,0.0,4329.15,0.0,0.0
2025-06-30,3,9,163,145,142,148,18,166,1696.52,42709.38,30,0,1481.9,30.66,0.0,0.0,0.0
2025-06-30,3,10,41,300,169,163,9,172,10927.16,242811.66,30,0,10355.39,0.0,0.0,0.0,0.0
2025-06-30,3,11,102,165,117,123,27,150,8014.5,241824.18,30,0,6571.89,0.0,0.0,0.0,0.0
2025-06-30,3,12,208,0,61,147,0,147,8615.67,299497.1,30,0,0.0,8615.67,0.0,0.0,0.0
2025-06-30,3,13,44,294,166,155,17,172,12590.4,240754.8,30,0,11346.0,0.0,0.0,0.0,0.0
2025-06-30,3,14,107,173,157,123,0,123,7381.23,233618.93,30,0,7381.23,0.0,0.0,0.0,0.0
2025-06-30,3,15,134,146,163,99,18,117,5406.57,154849.71,30,0,4574.79,0.0,0.0,0.0,0.0
2025-06-30,3,16,102,0,40,62,0,62,1381.98,52359.21,30,0,0.0,0.0,0.0,1381.98,0.0
2025-06-30,3,17,163,154,190,127,0,127,9395.46,527921.28,30,0,9395.46,0.0,0.0,0.0,0.0
2025-06-30,3,18,164,142,76,230,0,230,10747.9,249211.09,30,0,6635.66,4112.24,0.0,0.0,0.0
2025-06-30,3,19,150,0,62,88,0,88,1200.32,51627.4,30,0,0.0,1200.32,0.0,0.0,0.0
2025-06-30,3,20,171,150,155,142,24,166,9711.0,227214.0,30,0,8307.0,0.0,0.0,0.0,0.0
2025-06-30,3,21,50,154,97,100,7,107,2287.66,85648.28,30,0,2138.0,0.0,0.0,0.0,0.0
2025-06-30,3,22,147,154,88,213,0,213,3993.75,63000.0,30,0,2887.5,1106.25,0.0,0.0,0.0
2025-06-30,3,23,205,0,149,32,24,56,4481.68,320120.0,30,0,0.0,2560.96,0.0,0.0,0.0
2025-06-30,3,24,207,0,6,201,0,201,16307.13,499923.06,30,0,0.0,10546.9,5760.23,0.0,0.0
2025-06-30,3,25,117,141,140,95,23,118,1545.8,31584.1,30,1,1244.5,0.0,0.0,0.0,0.0
2025-06-30,3,26,0,170,83,71,16,87,4839.81,184079.67,30,0,3949.73,0.0,0.0,0.0,0.0
2025-06-30,3,27,71,153,123,101,0,101,7949.71,314367.74,30,0,7949.71,0.0,0.0,0.0,0.0
2025-06-30,3,28,134,164,216,57,25,82,829.02,27630.63,30,3,576.27,0.0,0.0,0.0,0.0
2025-06-30,3,29,118,143,149,112,0,112,1626.24,62014.92,30,0,1626.24,0.0,0.0,0.0,0.0
2025-06-30,3,30,164,149,94,219,0,219,6556.86,122933.64,30,0,4461.06,2095.8,0.0,0.0,0.0
2025-06-30,3,31,78,152,83,109,38,147,3153.15,89661.0,30,0,2338.05,0.0,0.0,0.0,0.0
2025-06-30,3,32,145,0,30,115,0,115,1214.4,41426.88,30,0,0.0,0.0,0.0,1214.4,0.0
2025-07-31,1,1,186,0,127,51,8,59,4562.47,314655.77,31,0,0.0,3943.83,0.0,0.0,0.0
2025-07-31,1,2,213,0,101,92,20,112,6585.6,287002.8,31,0,0.0,5409.6,0.0,0.0,0.0
2025-07-31,1,3,69,326,181,214,0,214,7252.46,100958.31,31,5,7252.46,0.0,0.0,0.0,0.0
2025-07-31,1,4,155,146,98,159,44,203,15870.54,290751.42,31,0,11414.28,1016.34,0.0,0.0,0.0
2025-07-31,1,5,209,0,81,128,0,128,719.36,26498.3,31,0,0.0,719.36,0.0,0.0,0.0
2025-07-31,1,6,183,143,153,158,15,173,1909.92,48156.48,31,0,1578.72,165.6,0.0,0.0,0.0
2025-07-31,1,7,70,148,129,89,0,89,5036.51,254258.87,31,0,5036.51,0.0,0.0,0.0,0.0
2025-07-31,1,8,89,0,26,41,22,63,2932.65,111859.65,31,0,0.0,0.0,0.0,1908.55,0.0
2025-07-31,1,9,150,143,152,116,25,141,1441.02,38682.7,31,0,1185.52,0.0,0.0,0.0,0.0
2025-07-31,1,10,159,0,136,23,0,23,1461.19,198086.54,31,0,0.0,1461.19,0.0,0.0,0.0
2025-07-31,1,11,189,0,120,50,19,69,3686.67,197156.7,31,0,0.0,2671.5,0.0,0.0,0.0
2025-07-31,1,12,127,147,137,100,37,137,8029.57,205779.71,31,0,5861.0,0.0,0.0,0.0,0.0
2025-07-31,1,13,149,147,187,90,19,109,7978.8,309782.4,31,0,6588.0,0.0,0.0,0.0,0.0
2025-07-31,1,14,134,162,133,151,12,163,9781.63,173128.85,31,0,9061.51,0.0,0.0,0.0,0.0
2025-07-31,1,15,127,153,124,156,0,156,7208.76,180265.21,31,0,7070.13,138.63,0.0,0.0,0.0
2025-07-31,1,16,99,0,11,88,0,88,1961.52,64239.78,31,0,0.0,0.0,0.0,1961.52,0.0
2025-07-31,1,17,43,295,105,233,0,233,17237.34,339938.1,31,0,17237.34,0.0,0.0,0.0,0.0
2025-07-31,1,18,116,155,138,118,15,133,6215.09,292483.07,31,0,5514.14,0.0,0.0,0.0,0.0
2025-07-31,1,19,100,294,193,201,0,201,2741.64,56510.52,31,0,2741.64,0.0,0.0,0.0,0.0
2025-07-31,1,20,73,145,142,49,27,76,4446.0,257692.5,31,0,2866.5,0.0,0.0,0.0,0.0
2025-07-31,1,21,243,0,144,78,21,99,2116.62,118744.52,31,0,0.0,1667.64,0.0,0.0,0.0
2025-07-31,1,22,67,147,77,137,0,137,2568.75,75693.75,31,0,2568.75,0.0,0.0,0.0,0.0
2025-07-31,1,23,142,142,63,213,8,221,17686.63,485782.1,31,0,11364.26,5682.13,0.0,0.0,0.0
2025-07-31,1,24,249,0,14,235,0,235,19065.55,614884.27,31,0,0.0,0.0,10709.16,8356.39,0.0
2025-07-31,1,25,127,149,188,72,16,88,1152.8,34728.1,31,3,943.2,0.0,0.0,0.0,0.0
2025-07-31,1,26,97,300,180,217,0,217,12071.71,206220.41,31,0,12071.71,0.0,0.0,0.0,0.0
2025-07-31,1,27,206,154,245,95,20,115,9051.65,312163.86,31,0,7477.45,0.0,0.0,0.0,0.0
2025-07-31,1,28,188,0,123,44,21,65,657.15,42866.4,31,0,0.0,444.84,0.0,0.0,0.0
2025-07-31,1,29,86,159,167,70,8,78,1132.56,35123.88,31,5,1016.4,0.0,0.0,0.0,0.0
2025-07-31,1,30,85,302,196,191,0,191,5718.54,97275.06,31,0,5718.54,0.0,0.0,0.0,0.0
2025-07-31,1,31,205,145,236,94,20,114,2445.3,94229.85,31,0,2016.3,0.0,0.0,0.0,0.0
2025-07-31,1,32,49,0,16,33,0,33,348.48,13337.28,31,0,0.0,0.0,0.0,348.48,0.0
2025-07-31,2,1,44,147,118,51,22,73,5645.09,310557.28,31,0,3943.83,0.0,0.0,0.0,0.0
2025-07-31,2,2,158,141,145,154,0,154,9055.2,230731.2,31,0,8290.8,764.4,0.0,0.0,0.0
2025-07-31,2,3,166,143,212,97,0,97,3287.33,124410.19,31,0,3287.33,0.0,0.0,0.0,0.0
2025-07-31,2,4,152,159,189,100,22,122,9537.96,324525.18,31,0,7818.0,0.0,0.0,0.0,0.0
2025-07-31,2,5,152,152,196,108,0,108,606.96,21552.7,31,0,606.96,0.0,0.0,0.0,0.0
2025-07-31,2,6,78,171,155,82,12,94,1037.76,49392.96,31,0,905.28,0.0,0.0,0.0,0.0
2025-07-31,2,7,116,148,134,130,0,130,7356.7,233377.16,31,0,7356.7,0.0,0.0,0.0,0.0
2025-07-31,2,8,31,0,3,28,0,28,1303.4,43617.35,31,0,0.0,0.0,0.0,1303.4,0.0
2025-07-31,2,9,112,154,137,129,0,129,1318.38,40706.26,31,0,1318.38,0.0,0.0,0.0,0.0
2025-07-31,2,10,223,0,144,79,0,79,5018.87,335501.93,31,0,0.0,5018.87,0.0,0.0,0.0
2025-07-31,2,11,52,177,109,95,25,120,6411.6,234130.26,31,0,5075.85,0.0,0.0,0.0,0.0
2025-07-31,2,12,137,0,108,22,7,29,1699.69,157719.51,31,0,0.0,1289.42,0.0,0.0,0.0
2025-07-31,2,13,117,162,132,134,13,147,10760.4,299900.4,31,0,9808.8,0.0,0.0,0.0,0.0
2025-07-31,2,14,141,142,171,81,31,112,6721.12,247721.28,31,0,4860.81,0.0,0.0,0.0,0.0
2025-07-31,2,15,82,143,139,86,0,86,3974.06,194682.73,31,0,3974.06,0.0,0.0,0.0,0.0
2025-07-31,2,16,128,0,6,111,11,122,2719.38,86975.58,31,0,0.0,0.0,0.0,2474.19,0.0
2025-07-31,2,17,229,0,74,152,3,155,11466.9,444249.9,31,0,0.0,11244.96,0.0,0.0,0.0
2025-07-31,2,18,238,0,152,86,0,86,4018.78,220659.06,31,0,0.0,4018.78,0.0,0.0,0.0
2025-07-31,2,19,155,157,167,145,0,145,1977.8,50290.68,31,1,1977.8,0.0,0.0,0.0,0.0
2025-07-31,2,20,109,171,207,57,16,73,4270.5,207382.5,31,0,3334.5,0.0,0.0,0.0,0.0
2025-07-31,2,21,61,291,206,132,14,146,3121.48,44662.82,31,3,2822.16,0.0,0.0,0.0,0.0
2025-07-31,2,22,74,145,143,76,0,76,1425.0,69600.0,31,0,1425.0,0.0,0.0,0.0,0.0
2025-07-31,2,23,197,141,137,167,34,201,16086.03,290268.81,31,0,11284.23,2080.78,0.0,0.0,0.0
2025-07-31,2,24,231,0,26,172,33,205,16631.65,561581.86,31,0,0.0,0.0,0.0,13954.36,0.0
2025-07-31,2,25,218,0,141,61,16,77,1008.7,62146.4,31,0,0.0,799.1,0.0,0.0,0.0
2025-07-31,2,26,148,143,131,100,60,160,8900.8,222575.63,31,0,5563.0,0.0,0.0,0.0,0.0
2025-07-31,2,27,163,172,120,194,21,215,16922.65,322238.74,31,0,13538.12,1731.62,0.0,0.0,0.0
2025-07-31,2,28,92,142,144,81,9,90,909.9,42563.1,31,0,818.91,0.0,0.0,0.0,0.0
2025-07-31,2,29,95,144,67,172,0,172,2497.44,77275.44,31,0,2090.88,406.56,0.0,0.0,0.0
2025-07-31,2,30,84,157,172,56,13,69,2065.86,116436.66,31,0,1676.64,0.0,0.0,0.0,0.0
2025-07-31,2,31,187,148,179,136,20,156,3346.2,90604.8,31,0,2917.2,0.0,0.0,0.0,0.0
2025-07-31,2,32,92,0,47,45,0,45,475.2,21521.28,31,0,0.0,0.0,0.0,475.2,0.0
2025-07-31,3,1,101,142,111,110,22,132,10207.56,326255.27,31,0,8506.3,0.0,0.0,0.0,0.0
2025-07-31,3,2,174,145,160,117,42,159,9349.2,253839.6,31,0,6879.6,0.0,0.0,0.0,0.0
2025-07-31,3,3,117,148,155,110,0,110,3727.9,145388.1,31,0,3727.9,0.0,0.0,0.0,0.0
2025-07-31,3,4,147,154,149,119,33,152,11883.36,342115.68,31,0,9303.42,0.0,0.0,0.0,0.0
2025-07-31,3,5,169,0,89,80,0,80,449.6,21148.06,31,0,0.0,449.6,0.0,0.0,0.0
2025-07-31,3,6,210,142,144,208,0,208,2296.32,49922.88,31,0,1567.68,728.64,0.0,0.0,0.0
2025-07-31,3,7,153,155,221,70,17,87,4923.33,181710.49,31,3,3961.3,0.0,0.0,0.0,0.0
2025-07-31,3,8,93,0,12,59,22,81,3770.55,133645.05,31,0,0.0,0.0,0.0,2746.45,0.0
2025-07-31,3,9,166,145,133,178,0,178,1819.16,42852.46,31,0,1481.9,337.26,0.0,0.0,0.0
2025-07-31,3,10,172,142,187,127,0,127,8068.31,234806.88,31,0,8068.31,0.0,0.0,0.0,0.0
2025-07-31,3,11,150,146,116,180,0,180,9617.4,257639.46,31,0,7800.78,1816.62,0.0,0.0,0.0
2025-07-31,3,12,147,148,161,123,11,134,7853.74,232740.31,31,0,7209.03,0.0,0.0,0.0,0.0
2025-07-31,3,13,172,141,131,182,0,182,13322.4,277428.0,31,0,10321.2,3001.2,0.0,0.0,0.0
2025-07-31,3,14,123,147,88,166,16,182,10921.82,239739.95,31,0,8821.47,1140.19,0.0,0.0,0.0
2025-07-31,3,15,117,144,75,168,18,186,8595.06,220652.75,31,0,6654.24,1109.04,0.0,0.0,0.0
2025-07-31,3,16,62,0,33,18,11,29,646.41,37447.2,31,0,0.0,0.0,0.0,401.22,0.0
2025-07-31,3,17,127,0,127,0,0,0,0.0,118515.96,31,6,0.0,0.0,0.0,0.0,0.0
2025-07-31,3,18,230,0,150,25,55,80,3738.4,251267.21,31,0,0.0,1168.25,0.0,0.0,0.0
2025-07-31,3,19,88,145,84,130,19,149,2032.36,55228.36,31,0,1773.2,0.0,0.0,0.0,0.0
2025-07-31,3,20,166,149,172,118,25,143,8365.5,235462.5,31,0,6903.0,0.0,0.0,0.0,0.0
2025-07-31,3,21,107,172,154,107,18,125,2672.5,126954.44,31,0,2287.66,0.0,0.0,0.0,0.0
2025-07-31,3,22,213,0,120,93,0,93,1743.75,96618.75,31,0,0.0,1743.75,0.0,0.0,0.0
2025-07-31,3,23,56,287,166,146,31,177,14165.31,294510.4,31,0,11684.38,0.0,0.0,0.0,0.0
2025-07-31,3,24,201,0,20,181,0,181,14684.53,494162.83,31,0,0.0,0.0,10546.9,4137.63,0.0
2025-07-31,3,25,118,159,165,109,3,112,1467.2,51614.0,31,0,1427.9,0.0,0.0,0.0,0.0
2025-07-31,3,26,87,153,172,39,29,68,3782.84,183356.48,31,0,2169.57,0.0,0.0,0.0,0.0
2025-07-31,3,27,101,157,170,88,0,88,6926.48,262104.3,31,0,6926.48,0.0,0.0,0.0,0.0
2025-07-31,3,28,82,301,207,167,9,176,1779.36,37973.16,31,0,1688.37,0.0,0.0,0.0,0.0
2025-07-31,3,29,112,306,233,179,6,185,2686.2,48700.08,31,1,2599.08,0.0,0.0,0.0,0.0
2025-07-31,3,30,219,0,144,75,0,75,2245.5,148592.22,31,0,0.0,2245.5,0.0,0.0,0.0
2025-07-31,3,31,147,151,169,129,0,129,2767.05,75933.0,31,0,2767.05,0.0,0.0,0.0,0.0
2025-07-31,3,32,115,0,0,115,0,115,1214.4,37646.4,31,0,0.0,0.0,0.0,1214.4,0.0
2025-08-31,1,1,59,142,52,146,3,149,11522.17,363373.67,31,0,10980.86,0.0,309.32,0.0,0.0
2025-08-31,1,2,112,148,236,24,0,24,1411.2,240727.2,31,0,1411.2,0.0,0.0,0.0,0.0
2025-08-31,1,3,214,0,125,74,15,89,3016.21,173821.81,31,0,0.0,2507.86,0.0,0.0,0.0
2025-08-31,1,4,203,0,125,67,11,78,6098.04,320381.64,31,0,0.0,5238.06,0.0,0.0,0.0
2025-08-31,1,5,128,143,56,215,0,215,1208.3,24907.84,31,0,803.66,0.0,404.64,0.0,0.0
2025-08-31,1,6,173,151,171,101,52,153,1689.12,34102.56,31,0,1115.04,0.0,0.0,0.0,0.0
2025-08-31,1,7,89,146,74,136,25,161,9110.99,224152.99,31,0,7696.24,0.0,0.0,0.0,0.0
2025-08-31,1,8,63,0,46,17,0,17,791.35,42779.45,31,0,0.0,0.0,0.0,0.0,791.35
2025-08-31,1,9,141,152,128,150,15,165,1686.3,42402.78,31,0,1533.0,0.0,0.0,0.0,0.0
2025-08-31,1,10,23,339,175,187,0,187,11880.11,278896.7,31,0,11880.11,0.0,0.0,0.0,0.0
2025-08-31,1,11,69,143,82,130,0,130,6945.9,253952.79,31,0,6945.9,0.0,0.0,0.0,0.0
2025-08-31,1,12,137,164,206,68,27,95,5567.95,223831.59,31,0,3985.48,0.0,0.0,0.0,0.0
2025-08-31,1,13,109,153,106,156,0,156,11419.2,321787.2,31,0,11199.6,219.6,0.0,0.0,0.0
2025-08-31,1,14,163,0,107,56,0,56,3360.56,228758.12,31,0,0.0,3360.56,0.0,0.0,0.0
2025-08-31,1,15,156,0,93,56,7,63,2911.23,167187.78,31,0,0.0,2587.76,0.0,0.0,0.0
2025-08-31,1,16,88,0,9,44,35,79,1760.91,58801.02,31,0,0.0,0.0,0.0,980.76,0.0
2025-08-31,1,17,233,0,110,102,21,123,9099.54,464594.4,31,0,0.0,7545.96,0.0,0.0,0.0
2025-08-31,1,18,133,154,131,139,17,156,7289.88,170704.69,31,0,6495.47,0.0,0.0,0.0,0.0
2025-08-31,1,19,201,0,201,0,0,0,0.0,39419.6,31,4,0.0,0.0,0.0,0.0,0.0
2025-08-31,1,20,76,154,140,90,0,90,5265.0,211653.0,31,0,5265.0,0.0,0.0,0.0,0.0
2025-08-31,1,21,99,145,167,65,12,77,1646.26,71088.5,31,0,1389.7,0.0,0.0,0.0,0.0
2025-08-31,1,22,137,141,94,184,0,184,3450.0,71925.0,31,0,2643.75,806.25,0.0,0.0,0.0
2025-08-31,1,23,221,0,111,110,0,110,8803.3,428080.47,31,0,0.0,8803.3,0.0,0.0,0.0
2025-08-31,1,24,235,0,0,220,15,235,19065.55,591032.05,31,0,0.0,0.0,0.0,17848.6,0.0
2025-08-31,1,25,88,289,190,181,6,187,2449.7,54561.5,31,0,2371.1,0.0,0.0,0.0,0.0
2025-08-31,1,26,217,0,152,65,0,65,3615.95,271863.81,31,0,0.0,3615.95,0.0,0.0,0.0
2025-08-31,1,27,115,172,103,151,33,184,14482.64,389850.63,31,0,11885.21,0.0,0.0,0.0,0.0
2025-08-31,1,28,65,160,169,40,16,56,566.16,31957.71,31,1,404.4,0.0,0.0,0.0,0.0
2025-08-31,1,29,78,146,141,83,0,83,1205.16,60838.8,31,0,1205.16,0.0,0.0,0.0,0.0
2025-08-31,1,30,191,0,159,10,22,32,958.08,104969.64,31,0,0.0,299.4,0.0,0.0,0.0
2025-08-31,1,31,114,145,131,107,21,128,2745.6,91226.85,31,0,2295.15,0.0,0.0,0.0,0.0
2025-08-31,1,32,33,33,19,47,0,47,496.32,8310.72,31,0,348.48,0.0,0.0,147.84,0.0
2025-08-31,2,1,73,145,107,111,0,111,8583.63,311639.9,31,0,8583.63,0.0,0.0,0.0,0.0
2025-08-31,2,2,154,0,107,37,10,47,2763.6,202977.6,31,0,0.0,2175.6,0.0,0.0,0.0
2025-08-31,2,3,97,148,112,133,0,133,4507.37,142948.02,31,0,4507.37,0.0,0.0,0.0,0.0
2025-08-31,2,4,122,150,135,137,0,137,10710.66,253928.64,31,0,10710.66,0.0,0.0,0.0,0.0
2025-08-31,2,5,108,157,163,89,13,102,573.24,18354.92,31,0,500.18,0.0,0.0,0.0,0.0
2025-08-31,2,6,94,157,159,70,22,92,1015.68,35096.16,31,0,772.8,0.0,0.0,0.0,0.0
2025-08-31,2,7,130,146,148,110,18,128,7243.52,214532.69,31,0,6224.9,0.0,0.0,0.0,0.0
2025-08-31,2,8,28,0,0,28,0,28,1303.4,40405.4,31,0,0.0,0.0,0.0,1303.4,0.0
2025-08-31,2,9,129,153,65,217,0,217,2217.74,44099.3,31,0,1563.66,654.08,0.0,0.0,0.0
2025-08-31,2,10,79,155,97,133,4,137,8703.61,314409.97,31,0,8449.49,0.0,0.0,0.0,0.0
2025-08-31,2,11,120,142,68,149,45,194,10365.42,258868.35,31,0,7587.06,374.01,0.0,0.0,0.0
2025-08-31,2,12,29,145,79,64,31,95,5567.95,176767.76,31,0,3751.04,0.0,0.0,0.0,0.0
2025-08-31,2,13,147,164,147,113,51,164,12004.8,286138.8,31,0,8271.6,0.0,0.0,0.0,0.0
2025-08-31,2,14,112,148,167,80,13,93,5580.93,144324.05,31,1,4800.8,0.0,0.0,0.0,0.0
2025-08-31,2,15,86,143,86,135,8,143,6608.03,235486.16,31,0,6238.35,0.0,0.0,0.0,0.0
2025-08-31,2,16,122,0,11,111,0,111,2474.19,77435.46,31,0,0.0,0.0,0.0,2474.19,0.0
2025-08-31,2,17,155,151,108,198,0,198,14648.04,436703.94,31,0,11170.98,0.0,3477.06,0.0,0.0
2025-08-31,2,18,86,142,110,115,3,118,5514.14,202481.09,31,0,5373.95,0.0,0.0,0.0,0.0
2025-08-31,2,19,145,144,127,158,4,162,2209.68,53973.48,31,0,1964.16,190.96,0.0,0.0,0.0
2025-08-31,2,20,73,157,194,23,13,36,2106.0,147069.0,31,2,1345.5,0.0,0.0,0.0,0.0
2025-08-31,2,21,146,146,103,141,48,189,4040.82,113228.48,31,0,3014.58,0.0,0.0,0.0,0.0
2025-08-31,2,22,76,158,117,98,19,117,2193.75,74906.25,31,0,1837.5,0.0,0.0,0.0,0.0
2025-08-31,2,23,201,0,164,23,14,37,2961.11,312757.24,31,0,0.0,1840.69,0.0,0.0,0.0
2025-08-31,2,24,205,0,99,106,0,106,8599.78,327765.2,31,0,0.0,0.0,0.0,8599.78,0.0
2025-08-31,2,25,77,287,231,133,0,133,1742.3,55648.8,31,0,1742.3,0.0,0.0,0.0,0.0
2025-08-31,2,26,160,149,150,159,0,159,8845.17,204217.73,31,0,8288.87,556.3,0.0,0.0,0.0
2025-08-31,2,27,215,0,47,137,31,168,13223.28,433692.1,31,0,0.0,10783.27,0.0,0.0,0.0
2025-08-31,2,28,90,141,122,103,6,109,1101.99,47607.99,31,0,1041.33,0.0,0.0,0.0,0.0
2025-08-31,2,29,172,160,196,116,20,136,1974.72,62479.56,31,0,1684.32,0.0,0.0,0.0,0.0
2025-08-31,2,30,69,155,113,93,18,111,3323.34,107574.42,31,0,2784.42,0.0,0.0,0.0,0.0
2025-08-31,2,31,156,141,111,186,0,186,3989.7,75589.8,31,0,3024.45,965.25,0.0,0.0,0.0
2025-08-31,2,32,45,0,15,30,0,30,316.8,10771.2,31,0,0.0,0.0,0.0,316.8,0.0
2025-08-31,3,1,132,168,101,158,41,199,15388.67,269185.73,31,0,12218.14,0.0,0.0,0.0,0.0
2025-08-31,3,2,159,148,202,85,20,105,6174.0,200331.6,31,0,4998.0,0.0,0.0,0.0,0.0
2025-08-31,3,3,110,145,125,112,18,130,4405.7,139016.78,31,0,3795.68,0.0,0.0,0.0,0.0
2025-08-31,3,4,152,142,98,178,18,196,15323.28,306543.78,31,0,11101.56,2814.48,0.0,0.0,0.0
2025-08-31,3,5,80,153,88,136,9,145,814.9,34444.98,31,0,764.32,0.0,0.0,0.0,0.0
2025-08-31,3,6,208,0,91,117,0,117,1291.68,57606.72,31,0,0.0,1291.68,0.0,0.0,0.0
2025-08-31,3,7,87,148,162,59,14,73,4131.07,233886.47,31,0,3338.81,0.0,0.0,0.0,0.0
2025-08-31,3,8,81,0,42,39,0,39,1815.45,65495.85,31,0,0.0,0.0,0.0,1815.45,0.0
2025-08-31,3,9,178,0,145,33,0,33,337.26,32918.62,31,0,0.0,337.26,0.0,0.0,0.0
2025-08-31,3,10,127,0,33,94,0,94,5971.82,216700.83,31,0,0.0,5971.82,0.0,0.0,0.0
2025-08-31,3,11,180,0,142,31,7,38,2030.34,168037.35,31,0,0.0,1656.33,0.0,0.0,0.0
2025-08-31,3,12,134,147,191,64,26,90,5274.9,245575.9,31,0,3751.04,0.0,0.0,0.0,0.0
2025-08-31,3,13,182,0,108,53,21,74,5416.8,282039.6,31,0,0.0,3879.6,0.0,0.0,0.0
2025-08-31,3,14,182,143,162,156,7,163,9781.63,229838.3,31,0,8581.43,780.13,0.0,0.0,0.0
2025-08-31,3,15,186,0,100,69,17,86,3974.06,178416.81,31,0,0.0,3188.49,0.0,0.0,0.0
2025-08-31,3,16,29,32,11,50,0,50,1114.5,27416.7,31,0,713.28,0.0,0.0,401.22,0.0
2025-08-31,3,17,0,296,84,198,14,212,15683.76,276167.34,31,2,14648.04,0.0,0.0,0.0,0.0
2025-08-31,3,18,80,146,158,64,4,68,3177.64,102806.0,31,3,2990.72,0.0,0.0,0.0,0.0
2025-08-31,3,19,149,0,52,97,0,97,1323.08,48694.8,31,0,0.0,1323.08,0.0,0.0,0.0
2025-08-31,3,20,143,143,126,160,0,160,9360.0,306423.0,31,0,8365.5,994.5,0.0,0.0,0.0
2025-08-31,3,21,125,155,63,210,7,217,4639.46,95611.36,31,0,3313.9,1175.9,0.0,0.0,0.0
2025-08-31,3,22,93,319,189,207,16,223,4181.25,68475.0,31,0,3881.25,0.0,0.0,0.0,0.0
2025-08-31,3,23,177,142,169,110,40,150,12004.5,369818.63,31,0,8803.3,0.0,0.0,0.0,0.0
2025-08-31,3,24,181,0,0,181,0,181,14684.53,455220.43,31,0,0.0,0.0,0.0,14684.53,0.0
2025-08-31,3,25,112,145,39,179,39,218,2855.8,57902.0,31,0,1899.5,445.4,0.0,0.0,0.0
2025-08-31,3,26,68,156,206,10,8,18,1001.34,193036.1,31,0,556.3,0.0,0.0,0.0,0.0
2025-08-31,3,27,88,143,37,175,19,194,15269.74,382058.34,31,0,11255.53,2518.72,0.0,0.0,0.0
2025-08-31,3,28,176,150,141,151,34,185,1870.35,42057.6,31,0,1516.5,10.11,0.0,0.0,0.0
2025-08-31,3,29,185,0,112,73,0,73,1059.96,57339.48,31,0,0.0,1059.96,0.0,0.0,0.0
2025-08-31,3,30,75,141,89,127,0,127,3802.38,139071.3,31,0,3802.38,0.0,0.0,0.0,0.0
2025-08-31,3,31,129,151,106,153,21,174,3732.3,84555.9,31,0,3238.95,42.9,0.0,0.0,0.0
2025-08-31,3,32,115,0,15,100,0,100,1056.0,37012.8,31,0,0.0,0.0,0.0,1056.0,0.0
2025-09-30,1,1,149,149,124,174,0,174,13455.42,280630.57,30,0,11522.17,1933.25,0.0,0.0,0.0
2025-09-30,1,2,24,161,130,15,40,55,3234.0,114130.8,30,2,882.0,0.0,0.0,0.0,0.0
2025-09-30,1,3,89,143,115,117,0,117,3965.13,154199.5,30,0,3965.13,0.0,0.0,0.0,0.0
2025-09-30,1,4,78,141,123,87,9,96,7505.28,339692.1,30,0,6801.66,0.0,0.0,0.0,0.0
2025-09-30,1,5,215,0,68,122,25,147,826.14,30550.32,30,0,0.0,685.64,0.0,0.0,0.0
2025-09-30,1,6,153,147,238,62,0,62,684.48,32523.84,30,0,684.48,0.0,0.0,0.0,0.0
2025-09-30,1,7,161,0,153,0,8,8,452.72,141871.13,30,1,0.0,0.0,0.0,0.0,0.0
2025-09-30,1,8,17,39,45,11,0,11,512.05,35936.6,30,2,512.05,0.0,0.0,0.0,0.0
2025-09-30,1,9,165,0,64,101,0,101,1032.22,37078.16,30,0,0.0,1032.22,0.0,0.0,0.0
2025-09-30,1,10,187,0,138,46,3,49,3112.97,246178.75,30,0,0.0,2922.38,0.0,0.0,0.0
2025-09-30,1,11,130,154,235,34,15,49,2618.07,163495.8,30,0,1816.62,0.0,0.0,0.0,0.0
2025-09-30,1,12,95,161,144,112,0,112,6564.32,156078.43,30,2,6564.32,0.0,0.0,0.0,0.0
2025-09-30,1,13,156,0,121,35,0,35,2562.0,253125.6,30,0,0.0,2562.0,0.0,0.0,0.0
2025-09-30,1,14,56,173,59,170,0,170,10201.7,270465.07,30,0,10201.7,0.0,0.0,0.0,0.0
2025-09-30,1,15,63,313,167,179,30,209,9657.89,186688.4,30,0,8271.59,0.0,0.0,0.0,0.0
2025-09-30,1,16,79,0,47,32,0,32,713.28,23939.46,30,0,0.0,0.0,0.0,0.0,713.28
2025-09-30,1,17,123,0,123,0,0,0,0.0,117702.18,30,3,0.0,0.0,0.0,0.0,0.0
2025-09-30,1,18,156,143,66,197,36,233,10888.09,175658.07,30,0,6682.39,2523.42,0.0,0.0,0.0
2025-09-30,1,19,0,286,154,122,10,132,1800.48,60438.84,30,0,1664.08,0.0,0.0,0.0,0.0
2025-09-30,1,20,90,154,73,149,22,171,10003.5,207499.5,30,0,8716.5,0.0,0.0,0.0,0.0
2025-09-30,1,21,77,146,77,61,85,146,3121.48,20588.94,30,12,1304.18,0.0,0.0,0.0,0.0
2025-09-30,1,22,184,0,101,83,0,83,1556.25,77137.5,30,0,0.0,1556.25,0.0,0.0,0.0
2025-09-30,1,23,110,146,140,60,56,116,9283.48,137331.48,30,10,4801.8,0.0,0.0,0.0,0.0
2025-09-30,1,24,235,0,39,196,0,196,15901.48,513390.64,30,0,0.0,0.0,0.0,15901.48,0.0
2025-09-30,1,25,187,146,142,191,0,191,2502.1,48050.8,30,0,1912.6,589.5,0.0,0.0,0.0
2025-09-30,1,26,65,145,86,124,0,124,6898.12,243937.55,30,0,6898.12,0.0,0.0,0.0,0.0
2025-09-30,1,27,184,146,226,99,5,104,8185.84,242899.06,30,0,7792.29,0.0,0.0,0.0,0.0
2025-09-30,1,28,56,178,129,93,12,105,1061.55,22919.37,30,7,940.23,0.0,0.0,0.0,0.0
2025-09-30,1,29,83,141,141,73,10,83,1205.16,34136.52,30,4,1059.96,0.0,0.0,0.0,0.0
2025-09-30,1,30,32,306,188,150,0,150,4491.0,131706.06,30,0,4491.0,0.0,0.0,0.0,0.0
2025-09-30,1,31,128,141,142,116,11,127,2724.15,99656.7,30,0,2488.2,0.0,0.0,0.0,0.0
2025-09-30,1,32,47,0,14,33,0,33,348.48,12967.68,30,0,0.0,348.48,0.0,0.0,0.0
2025-09-30,2,1,111,147,131,96,31,127,9820.91,269572.38,30,1,7423.68,0.0,0.0,0.0,0.0
2025-09-30,2,2,47,146,106,75,12,87,5115.6,232377.6,30,0,4410.0,0.0,0.0,0.0,0.0
2025-09-30,2,3,133,0,20,91,22,113,3829.57,129798.7,30,0,0.0,3083.99,0.0,0.0,0.0
2025-09-30,2,4,137,156,92,201,0,201,15714.18,331326.84,30,0,12196.08,3518.1,0.0,0.0,0.0
2025-09-30,2,5,102,144,136,80,30,110,618.2,27841.48,30,0,449.6,0.0,0.0,0.0,0.0
2025-09-30,2,6,92,324,225,191,0,191,2108.64,34787.04,30,0,2108.64,0.0,0.0,0.0,0.0
2025-09-30,2,7,128,143,98,154,19,173,9790.07,222681.65,30,0,8092.37,622.49,0.0,0.0,0.0
2025-09-30,2,8,28,42,28,30,12,42,1955.1,22018.15,30,7,1396.5,0.0,0.0,0.0,0.0
2025-09-30,2,9,217,0,58,151,8,159,1624.98,56107.8,30,0,0.0,1543.22,0.0,0.0,0.0
2025-09-30,2,10,137,155,100,178,14,192,12197.76,275466.08,30,0,9847.15,1461.19,0.0,0.0,0.0
2025-09-30,2,11,194,141,264,55,16,71,3793.53,199080.18,30,0,2938.65,0.0,0.0,0.0,0.0
2025-09-30,2,12,95,165,99,147,14,161,9436.21,217032.83,30,0,8615.67,0.0,0.0,0.0,0.0
2025-09-30,2,13,164,148,156,156,0,156,11419.2,292287.6,30,0,10833.6,585.6,0.0,0.0,0.0
2025-09-30,2,14,93,149,156,80,6,86,5160.86,188911.48,30,0,4800.8,0.0,0.0,0.0,0.0
2025-09-30,2,15,143,162,272,33,0,33,1524.93,96994.79,30,6,1524.93,0.0,0.0,0.0,0.0
2025-09-30,2,16,111,0,22,89,0,89,1983.81,60963.15,30,0,0.0,0.0,0.0,1983.81,0.0
2025-09-30,2,17,198,0,188,10,0,10,739.8,233998.74,30,0,0.0,739.8,0.0,0.0,0.0
2025-09-30,2,18,118,147,28,237,0,237,11075.01,153975.35,30,0,6869.31,4205.7,0.0,0.0,0.0
2025-09-30,2,19,162,145,154,133,20,153,2086.92,54996.48,30,0,1814.12,0.0,0.0,0.0,0.0
2025-09-30,2,20,36,153,151,30,8,38,2223.0,41535.0,30,12,1755.0,0.0,0.0,0.0,0.0
2025-09-30,2,21,189,0,189,0,0,0,0.0,34443.18,30,5,0.0,0.0,0.0,0.0,0.0
2025-09-30,2,22,117,150,194,56,17,73,1368.75,60918.75,30,0,1050.0,0.0,0.0,0.0,0.0
2025-09-30,2,23,37,171,86,122,0,122,9763.66,406632.43,30,0,9763.66,0.0,0.0,0.0,0.0
2025-09-30,2,24,106,0,0,106,0,106,8599.78,257993.4,30,0,0.0,0.0,0.0,8599.78,0.0
2025-09-30,2,25,133,142,166,109,0,109,1427.9,44409.0,30,1,1427.9,0.0,0.0,0.0,0.0
2025-09-30,2,26,159,151,167,111,32,143,7955.09,214898.69,30,0,6174.93,0.0,0.0,0.0,0.0
2025-09-30,2,27,168,0,84,65,19,84,6611.64,236602.26,30,0,0.0,0.0,5116.15,0.0,0.0
2025-09-30,2,28,109,156,148,112,5,117,1182.87,28732.62,30,0,1132.32,0.0,0.0,0.0,0.0
2025-09-30,2,29,136,142,212,30,36,66,958.32,46594.68,30,0,435.6,0.0,0.0,0.0,0.0
2025-09-30,2,30,111,142,177,48,28,76,2275.44,129310.86,30,0,1437.12,0.0,0.0,0.0,0.0
2025-09-30,2,31,186,0,40,107,39,146,3131.7,103324.65,30,0,0.0,2295.15,0.0,0.0,0.0
2025-09-30,2,32,30,0,0,30,0,30,316.8,9504.0,30,0,0.0,0.0,0.0,0.0,316.8
2025-09-30,3,1,199,0,120,79,0,79,6109.07,274057.52,30,0,0.0,6109.07,0.0,0.0,0.0
2025-09-30,3,2,105,143,126,122,0,122,7173.6,227026.8,30,0,7173.6,0.0,0.0,0.0,0.0
2025-09-30,3,3,130,153,151,125,7,132,4473.48,141897.43,30,0,4236.25,0.0,0.0,0.0,0.0
2025-09-30,3,4,196,0,111,66,19,85,6645.3,277851.72,30,0,0.0,5159.88,0.0,0.0,0.0
2025-09-30,3,5,145,142,128,137,22,159,893.58,22227.1,30,0,769.94,0.0,0.0,0.0,0.0
2025-09-30,3,6,117,148,153,93,19,112,1236.48,48388.32,30,0,1026.72,0.0,0.0,0.0,0.0
2025-09-30,3,7,73,145,117,101,0,101,5715.59,281987.97,30,0,5715.59,0.0,0.0,0.0,0.0
2025-09-30,3,8,39,0,0,39,0,39,1815.45,54463.5,30,0,0.0,0.0,0.0,1815.45,0.0
2025-09-30,3,9,33,320,170,183,0,183,1870.26,32898.18,30,1,1870.26,0.0,0.0,0.0,0.0
2025-09-30,3,10,94,144,150,83,5,88,5590.64,188874.69,30,0,5272.99,0.0,0.0,0.0,0.0
2025-09-30,3,11,38,290,170,116,42,158,8441.94,157297.92,30,0,6197.88,0.0,0.0,0.0,0.0
2025-09-30,3,12,90,150,98,130,12,142,8322.62,266734.11,30,0,7619.3,0.0,0.0,0.0,0.0
2025-09-30,3,13,74,144,151,52,15,67,4904.4,224358.0,30,0,3806.4,0.0,0.0,0.0,0.0
2025-09-30,3,14,163,0,63,62,38,100,6001.0,208294.71,30,0,0.0,3720.62,0.0,0.0,0.0
2025-09-30,3,15,86,143,167,46,16,62,2865.02,207251.85,30,0,2125.66,0.0,0.0,0.0,0.0
2025-09-30,3,16,50,0,0,50,0,50,1114.5,33435.0,30,0,0.0,713.28,0.0,0.0,401.22
2025-09-30,3,17,212,0,120,92,0,92,6806.16,287412.3,30,0,0.0,6806.16,0.0,0.0,0.0
2025-09-30,3,18,68,167,117,71,47,118,5514.14,244397.9,30,0,3317.83,0.0,0.0,0.0,0.0
2025-09-30,3,19,97,294,187,187,17,204,2782.56,52391.24,30,0,2550.68,0.0,0.0,0.0,0.0
2025-09-30,3,20,160,0,117,33,10,43,2515.5,172165.5,30,0,0.0,1930.5,0.0,0.0,0.0
2025-09-30,3,21,217,0,170,47,0,47,1004.86,76219.7,30,0,0.0,1004.86,0.0,0.0,0.0
2025-09-30,3,22,223,0,146,77,0,77,1443.75,90525.0,30,0,0.0,1443.75,0.0,0.0,0.0
2025-09-30,3,23,150,150,184,102,14,116,9283.48,164141.53,30,2,8163.06,0.0,0.0,0.0,0.0
2025-09-30,3,24,181,0,45,136,0,136,11033.68,387801.4,30,0,0.0,0.0,0.0,11033.68,0.0
2025-09-30,3,25,218,149,197,154,16,170,2227.0,60142.1,30,0,1951.9,65.5,0.0,0.0,0.0
2025-09-30,3,26,18,313,144,187,0,187,10402.81,169615.87,30,4,10402.81,0.0,0.0,0.0,0.0
2025-09-30,3,27,194,145,167,172,0,172,13538.12,351046.6,30,0,11412.95,2125.17,0.0,0.0,0.0
2025-09-30,3,28,185,149,153,171,10,181,1829.91,44211.03,30,0,1506.39,222.42,0.0,0.0,0.0
2025-09-30,3,29,73,151,84,124,16,140,2032.8,75910.56,30,0,1800.48,0.0,0.0,0.0,0.0
2025-09-30,3,30,127,146,116,157,0,157,4700.58,82873.92,30,0,4371.24,329.34,0.0,0.0,0.0
2025-09-30,3,31,174,0,88,65,21,86,1844.7,75010.65,30,0,0.0,1394.25,0.0,0.0,0.0
2025-09-30,3,32,100,0,41,59,0,59,623.04,21415.68,30,0,0.0,0.0,0.0,0.0,623.04
2025-10-31,1,1,174,159,245,30,58,88,6805.04,348371.65,31,0,2319.9,0.0,0.0,0.0,0.0
2025-10-31,1,2,55,309,172,147,45,192,11289.6,184396.8,31,5,8643.6,0.0,0.0,0.0,0.0
2025-10-31,1,3,117,142,133,108,18,126,4270.14,151962.76,31,0,3660.12,0.0,0.0,0.0,0.0
2025-10-31,1,4,96,289,190,154,41,195,15245.1,272926.38,31,0,12039.72,0.0,0.0,0.0,0.0
2025-10-31,1,5,147,143,156,93,41,134,753.08,17034.22,31,0,522.66,0.0,0.0,0.0,0.0
2025-10-31,1,6,62,291,175,151,27,178,1965.12,51998.4,31,0,1667.04,0.0,0.0,0.0,0.0
2025-10-31,1,7,8,303,208,66,37,103,5828.77,163092.38,31,3,3734.94,0.0,0.0,0.0,0.0
2025-10-31,1,8,11,45,0,56,0,56,2606.8,66147.55,31,0,2094.75,512.05,0.0,0.0,0.0
2025-10-31,1,9,101,150,79,172,0,172,1757.84,39714.92,31,0,1533.0,0.0,224.84,0.0,0.0
2025-10-31,1,10,49,152,144,39,18,57,3621.21,289887.39,31,0,2477.67,0.0,0.0,0.0,0.0
2025-10-31,1,11,49,292,135,197,9,206,11006.58,213345.99,31,0,10525.71,0.0,0.0,0.0,0.0
2025-10-31,1,12,112,142,127,116,11,127,7443.47,207655.23,31,0,6798.76,0.0,0.0,0.0,0.0
2025-10-31,1,13,35,292,181,130,16,146,10687.2,220624.8,31,0,9516.0,0.0,0.0,0.0,0.0
2025-10-31,1,14,170,160,182,137,11,148,8881.48,216576.09,31,0,8221.37,0.0,0.0,0.0,0.0
2025-10-31,1,15,209,153,280,69,13,82,3789.22,185163.47,31,0,3188.49,0.0,0.0,0.0,0.0
2025-10-31,1,16,32,0,14,18,0,18,401.22,21487.56,31,0,0.0,0.0,0.0,0.0,401.22
2025-10-31,1,17,0,290,208,82,0,82,6066.36,136419.12,31,7,6066.36,0.0,0.0,0.0,0.0
2025-10-31,1,18,233,0,233,0,0,0,0.0,145143.38,31,8,0.0,0.0,0.0,0.0,0.0
2025-10-31,1,19,132,169,218,78,5,83,1132.12,46880.68,31,1,1063.92,0.0,0.0,0.0,0.0
2025-10-31,1,20,171,0,171,0,0,0,0.0,70668.0,31,17,0.0,0.0,0.0,0.0,0.0
2025-10-31,1,21,146,174,224,96,0,96,2052.48,33416.94,31,11,2052.48,0.0,0.0,0.0,0.0
2025-10-31,1,22,83,151,84,150,0,150,2812.5,106162.5,31,0,2812.5,0.0,0.0,0.0,0.0
2025-10-31,1,23,116,158,186,88,0,88,7042.64,130608.96,31,10,7042.64,0.0,0.0,0.0,0.0
2025-10-31,1,24,196,0,10,186,0,186,15090.18,486455.48,31,0,0.0,0.0,0.0,10709.16,4381.02
2025-10-31,1,25,191,0,120,71,0,71,930.1,52963.3,31,0,0.0,930.1,0.0,0.0,0.0
2025-10-31,1,26,124,147,101,170,0,170,9457.1,202993.87,31,0,8177.61,1279.49,0.0,0.0,0.0
2025-10-31,1,27,104,150,114,140,0,140,11019.4,280207.6,31,0,11019.4,0.0,0.0,0.0,0.0
2025-10-31,1,28,105,141,155,65,26,91,920.01,42967.5,31,0,657.15,0.0,0.0,0.0,0.0
2025-10-31,1,29,83,299,250,97,35,132,1916.64,51226.56,31,1,1408.44,0.0,0.0,0.0,0.0
2025-10-31,1,30,150,147,118,179,0,179,5359.26,108233.1,31,0,4401.18,958.08,0.0,0.0,0.0
2025-10-31,1,31,127,172,203,55,41,96,2059.2,95795.7,31,0,1179.75,0.0,0.0,0.0,0.0
2025-10-31,1,32,33,44,30,47,0,47,496.32,6578.88,31,0,464.64,0.0,31.68,0.0,0.0
2025-10-31,2,1,127,142,73,81,115,196,15156.68,413560.84,31,0,6263.73,0.0,0.0,0.0,0.0
2025-10-31,2,2,87,147,135,33,66,99,5821.2,266716.8,31,0,1940.4,0.0,0.0,0.0,0.0
2025-10-31,2,3,113,294,187,91,129,220,7455.8,159994.69,31,3,3083.99,0.0,0.0,0.0,0.0
2025-10-31,2,4,201,0,22,133,46,179,13994.22,453913.08,31,0,0.0,10397.94,0.0,0.0,0.0
2025-10-31,2,5,110,155,109,101,55,156,876.72,29235.24,31,0,567.62,0.0,0.0,0.0,0.0
2025-10-31,2,6,191,0,56,19,116,135,1490.4,52947.84,31,0,0.0,209.76,0.0,0.0,0.0
2025-10-31,2,7,173,144,127,84,106,190,10752.1,272424.26,31,0,4753.56,0.0,0.0,0.0,0.0
2025-10-31,2,8,42,0,12,18,12,30,1396.5,43291.5,31,0,0.0,837.9,0.0,0.0,0.0
2025-10-31,2,9,159,0,51,50,58,108,1103.76,40532.52,31,0,0.0,0.0,511.0,0.0,0.0
2025-10-31,2,10,192,0,144,4,44,48,3049.44,244082.26,31,0,0.0,254.12,0.0,0.0,0.0
2025-10-31,2,11,71,302,152,69,152,221,11808.03,206774.1,31,1,3686.67,0.0,0.0,0.0,0.0
2025-10-31,2,12,161,155,146,167,3,170,9963.7,263627.78,31,0,9084.55,703.32,0.0,0.0,0.0
2025-10-31,2,13,156,298,184,175,95,270,19764.0,323104.8,31,1,12810.0,0.0,0.0,0.0,0.0
2025-10-31,2,14,86,143,107,93,29,122,7321.22,308871.47,31,0,5580.93,0.0,0.0,0.0,0.0
2025-10-31,2,15,33,162,32,79,84,163,7532.23,149997.66,31,0,3650.59,0.0,0.0,0.0,0.0
2025-10-31,2,16,89,0,17,69,3,72,1604.88,55056.3,31,0,0.0,0.0,0.0,0.0,1538.01
2025-10-31,2,17,10,159,107,0,62,62,4586.76,137306.88,31,12,0.0,0.0,0.0,0.0,0.0
2025-10-31,2,18,237,0,112,55,70,125,5841.25,261641.27,31,0,0.0,2570.15,0.0,0.0,0.0
2025-10-31,2,19,153,148,136,102,63,165,2250.6,67272.48,31,0,1391.28,0.0,0.0,0.0,0.0
2025-10-31,2,20,38,149,83,78,26,104,6084.0,166783.5,31,2,4563.0,0.0,0.0,0.0,0.0
2025-10-31,2,21,0,303,128,120,55,175,3741.5,70853.32,31,11,2565.6,0.0,0.0,0.0,0.0
2025-10-31,2,22,73,161,81,71,82,153,2868.75,50400.0,31,3,1331.25,0.0,0.0,0.0,0.0
2025-10-31,2,23,122,144,110,87,69,156,12484.68,369418.48,31,0,6962.61,0.0,0.0,0.0,0.0
2025-10-31,2,24,106,0,0,96,10,106,8599.78,266593.18,31,0,0.0,0.0,0.0,0.0,7788.48
2025-10-31,2,25,109,302,111,192,108,300,3930.0,65539.3,31,0,2515.2,0.0,0.0,0.0,0.0
2025-10-31,2,26,143,156,138,104,57,161,8956.43,288942.22,31,0,5785.52,0.0,0.0,0.0,0.0
2025-10-31,2,27,84,310,134,165,95,260,20464.6,367890.54,31,0,12987.15,0.0,0.0,0.0,0.0
2025-10-31,2,28,117,146,70,76,117,193,1951.23,50903.85,31,0,768.36,0.0,0.0,0.0,0.0
2025-10-31,2,29,66,294,120,166,74,240,3484.8,58806.0,31,0,2410.32,0.0,0.0,0.0,0.0
2025-10-31,2,30,76,148,104,73,47,120,3592.8,128322.84,31,0,2185.62,0.0,0.0,0.0,0.0
2025-10-31,2,31,146,154,150,117,33,150,3217.5,114071.1,31,0,2509.65,0.0,0.0,0.0,0.0
2025-10-31,2,32,30,34,17,47,0,47,496.32,8342.4,31,0,359.04,0.0,0.0,0.0,137.28
2025-10-31,3,1,79,291,165,190,15,205,15852.65,282795.81,31,0,14692.7,0.0,0.0,0.0,0.0
2025-10-31,3,2,122,143,147,103,15,118,6938.4,278241.6,31,0,6056.4,0.0,0.0,0.0,0.0
2025-10-31,3,3,132,175,106,197,4,201,6811.89,133119.92,31,0,5930.75,745.58,0.0,0.0,0.0
2025-10-31,3,4,85,149,157,39,38,77,6019.86,349386.42,31,0,3049.02,0.0,0.0,0.0,0.0
2025-10-31,3,5,159,158,202,110,5,115,646.3,16663.3,31,4,618.2,0.0,0.0,0.0,0.0
2025-10-31,3,6,112,153,84,181,0,181,1998.24,61128.48,31,0,1689.12,309.12,0.0,0.0,0.0
2025-10-31,3,7,101,157,132,111,15,126,7130.34,233773.29,31,0,6281.49,0.0,0.0,0.0,0.0
2025-10-31,3,8,39,38,32,45,0,45,2094.75,44501.8,31,0,1768.9,0.0,0.0,0.0,325.85
2025-10-31,3,9,183,163,172,129,45,174,1778.28,39663.82,31,0,1318.38,0.0,0.0,0.0,0.0
2025-10-31,3,10,88,289,186,184,7,191,12134.23,128902.37,31,7,11689.52,0.0,0.0,0.0,0.0
2025-10-31,3,11,158,147,228,58,19,77,4114.11,97830.33,31,10,3098.94,0.0,0.0,0.0,0.0
2025-10-31,3,12,142,0,134,0,8,8,468.88,127887.02,31,1,0.0,0.0,0.0,0.0,0.0
2025-10-31,3,13,67,308,211,164,0,164,12004.8,212060.4,31,2,12004.8,0.0,0.0,0.0,0.0
2025-10-31,3,14,100,167,147,78,42,120,7201.2,182130.35,31,3,4680.78,0.0,0.0,0.0,0.0
2025-10-31,3,15,62,148,186,24,0,24,1109.04,129526.63,31,0,1109.04,0.0,0.0,0.0,0.0
2025-10-31,3,16,50,0,50,0,0,0,0.0,20618.25,31,7,0.0,0.0,0.0,0.0,0.0
2025-10-31,3,17,92,161,161,72,20,92,6806.16,278830.62,31,0,5326.56,0.0,0.0,0.0,0.0
2025-10-31,3,18,118,160,132,127,19,146,6822.58,170844.88,31,0,5934.71,0.0,0.0,0.0,0.0
2025-10-31,3,19,204,156,165,195,0,195,2659.8,53250.56,31,0,2127.84,531.96,0.0,0.0,0.0
2025-10-31,3,20,43,178,162,35,24,59,3451.5,84240.0,31,10,2047.5,0.0,0.0,0.0,0.0
2025-10-31,3,21,47,146,193,0,0,0,0.0,29226.46,31,12,0.0,0.0,0.0,0.0,0.0
2025-10-31,3,22,77,157,113,121,0,121,2268.75,101231.25,31,0,2268.75,0.0,0.0,0.0,0.0
2025-10-31,3,23,116,0,116,0,0,0,0.0,125407.01,31,10,0.0,0.0,0.0,0.0,0.0
2025-10-31,3,24,136,0,33,103,0,103,8356.39,282819.18,31,0,0.0,0.0,0.0,8356.39,0.0
2025-10-31,3,25,170,166,268,62,6,68,890.8,55963.2,31,0,812.2,0.0,0.0,0.0,0.0
2025-10-31,3,26,187,0,88,75,24,99,5507.37,244994.52,31,0,0.0,4172.25,0.0,0.0,0.0
2025-10-31,3,27,172,146,199,109,10,119,9366.49,319169.05,31,0,8579.39,0.0,0.0,0.0,0.0
2025-10-31,3,28,181,142,145,150,28,178,1799.58,38599.98,31,0,1435.62,80.88,0.0,0.0,0.0
2025-10-31,3,29,140,0,140,0,0,0,0.0,32960.4,31,4,0.0,0.0,0.0,0.0,0.0
2025-10-31,3,30,157,175,155,177,0,177,5299.38,109789.98,31,0,5239.5,59.88,0.0,0.0,0.0
2025-10-31,3,31,86,153,131,83,25,108,2316.6,80780.7,31,0,1780.35,0.0,0.0,0.0,0.0
2025-10-31,3,32,59,0,3,56,0,56,591.36,19029.12,31,0,0.0,0.0,0.0,0.0,591.36
2025-11-30,1,1,88,170,129,81,48,129,9975.57,352160.82,30,0,6263.73,0.0,0.0,0.0,0.0
2025-11-30,1,2,192,0,153,24,15,39,2293.2,202977.6,30,0,0.0,1411.2,0.0,0.0,0.0
2025-11-30,1,3,126,145,131,124,16,140,4744.6,113192.6,30,0,4202.36,0.0,0.0,0.0,0.0
2025-11-30,1,4,195,147,228,91,23,114,8912.52,277304.46,30,0,7114.38,0.0,0.0,0.0,0.0
2025-11-30,1,5,134,143,163,67,47,114,640.68,17393.9,30,0,376.54,0.0,0.0,0.0,0.0
2025-11-30,1,6,178,153,96,235,0,235,2594.4,43574.88,30,0,1689.12,905.28,0.0,0.0,0.0
2025-11-30,1,7,103,152,226,10,19,29,1641.11,159414.03,30,0,565.9,0.0,0.0,0.0,0.0
2025-11-30,1,8,56,0,26,20,10,30,1396.5,63308.0,30,0,0.0,931.0,0.0,0.0,0.0
2025-11-30,1,9,172,0,168,4,0,4,40.88,32979.94,30,0,0.0,40.88,0.0,0.0,0.0
2025-11-30,1,10,57,177,106,104,24,128,8131.84,281692.02,30,0,6607.12,0.0,0.0,0.0,0.0
2025-11-30,1,11,206,0,83,123,0,123,6571.89,228894.12,30,0,0.0,6571.89,0.0,0.0,0.0
2025-11-30,1,12,127,148,165,85,25,110,6447.1,193530.22,30,0,4981.85,0.0,0.0,0.0,0.0
2025-11-30,1,13,146,144,82,190,18,208,15225.6,266740.8,30,0,10540.8,3367.2,0.0,0.0,0.0
2025-11-30,1,14,148,146,162,108,24,132,7921.32,220896.81,30,0,6481.08,0.0,0.0,0.0,0.0
2025-11-30,1,15,82,147,109,97,23,120,5545.2,105312.59,30,1,4482.37,0.0,0.0,0.0,0.0
2025-11-30,1,16,18,32,17,33,0,33,735.57,25321.44,30,0,713.28,0.0,0.0,0.0,22.29
2025-11-30,1,17,82,0,82,0,0,0,0.0,107714.88,30,5,0.0,0.0,0.0,0.0,0.0
2025-11-30,1,18,0,315,185,26,104,130,6074.9,47664.6,30,17,1214.98,0.0,0.0,0.0,0.0
2025-11-30,1,19,83,155,103,114,21,135,1841.4,56565.08,30,0,1554.96,0.0,0.0,0.0,0.0
2025-11-30,1,20,0,307,208,84,15,99,5791.5,119398.5,30,4,4914.0,0.0,0.0,0.0,0.0
2025-11-30,1,21,96,150,232,0,14,14,299.32,37671.56,30,8,0.0,0.0,0.0,0.0,0.0
2025-11-30,1,22,150,151,201,81,19,100,1875.0,73481.25,30,0,1518.75,0.0,0.0,0.0,0.0
2025-11-30,1,23,88,142,122,90,18,108,8643.24,117323.98,30,9,7202.7,0.0,0.0,0.0,0.0
2025-11-30,1,24,186,0,0,186,0,186,15090.18,452705.4,30,0,0.0,0.0,0.0,0.0,15090.18
2025-11-30,1,25,71,287,163,190,5,195,2554.5,56369.3,30,0,2489.0,0.0,0.0,0.0,0.0
2025-11-30,1,26,170,158,208,114,6,120,6675.6,200935.56,30,0,6341.82,0.0,0.0,0.0,0.0
2025-11-30,1,27,140,151,126,127,38,165,12987.15,247385.53,30,0,9996.17,0.0,0.0,0.0,0.0
2025-11-30,1,28,91,143,138,82,14,96,970.56,32655.3,30,0,829.02,0.0,0.0,0.0,0.0
2025-11-30,1,29,132,141,129,122,22,144,2090.88,52417.2,30,0,1771.44,0.0,0.0,0.0,0.0
2025-11-30,1,30,179,0,114,27,38,65,1946.1,117394.74,30,0,0.0,808.38,0.0,0.0,0.0
2025-11-30,1,31,96,144,118,101,21,122,2616.9,96546.45,30,0,2166.45,0.0,0.0,0.0,0.0
2025-11-30,1,32,47,0,0,47,0,47,496.32,14889.6,30,0,464.64,0.0,0.0,31.68,0.0
2025-11-30,2,1,196,153,131,67,151,218,16857.94,496767.92,30,0,5181.11,0.0,0.0,0.0,0.0
2025-11-30,2,2,99,295,99,166,129,295,17346.0,266893.2,30,5,9760.8,0.0,0.0,0.0,0.0
2025-11-30,2,3,220,164,160,176,48,224,7591.36,207644.03,30,0,5557.96,406.68,0.0,0.0,0.0
2025-11-30,2,4,179,146,76,144,105,249,19466.82,454460.34,30,0,11257.92,0.0,0.0,0.0,0.0
2025-11-30,2,5,156,156,74,168,70,238,1337.56,25216.94,30,0,876.72,67.44,0.0,0.0,0.0
2025-11-30,2,6,135,145,135,4,141,145,1600.8,59582.88,30,2,44.16,0.0,0.0,0.0,0.0
2025-11-30,2,7,190,167,139,41,177,218,12336.62,404901.45,30,1,2320.19,0.0,0.0,0.0,0.0
2025-11-30,2,8,30,38,12,50,6,56,2606.8,68428.5,30,0,1768.9,0.0,558.6,0.0,0.0
2025-11-30,2,9,108,158,99,26,141,167,1706.74,55392.4,30,2,265.72,0.0,0.0,0.0,0.0
2025-11-30,2,10,48,308,72,186,98,284,18042.52,454747.74,30,0,11816.58,0.0,0.0,0.0,0.0
2025-11-30,2,11,221,302,175,165,183,348,18593.64,383253.39,30,3,8815.95,0.0,0.0,0.0,0.0
2025-11-30,2,12,170,143,34,155,124,279,16352.19,329329.59,30,0,8381.23,703.32,0.0,0.0,0.0
2025-11-30,2,13,270,0,125,0,145,145,10614.0,435906.0,30,2,0.0,0.0,0.0,0.0,0.0
2025-11-30,2,14,122,171,32,71,190,261,15662.61,314512.41,30,1,4260.71,0.0,0.0,0.0,0.0
2025-11-30,2,15,163,141,105,35,164,199,9195.79,314828.73,30,0,1617.35,0.0,0.0,0.0,0.0
2025-11-30,2,16,72,0,3,69,0,69,1538.01,46340.91,30,0,0.0,0.0,0.0,0.0,1538.01
2025-11-30,2,17,62,155,62,29,126,155,11466.9,261741.24,30,8,2145.42,0.0,0.0,0.0,0.0
2025-11-30,2,18,125,163,74,63,151,214,10000.22,158321.24,30,9,2943.99,0.0,0.0,0.0,0.0
2025-11-30,2,19,165,143,63,129,116,245,3341.8,74706.28,30,0,1759.56,0.0,0.0,0.0,0.0
2025-11-30,2,20,104,151,26,134,95,229,13396.5,386451.0,30,0,7839.0,0.0,0.0,0.0,0.0
2025-11-30,2,21,175,0,55,0,120,120,2565.6,96958.3,30,12,0.0,0.0,0.0,0.0,0.0
2025-11-30,2,22,153,163,95,81,140,221,4143.75,123825.0,30,0,1518.75,0.0,0.0,0.0,0.0
2025-11-30,2,23,156,147,93,66,144,210,16806.3,341087.86,30,6,5281.98,0.0,0.0,0.0,0.0
2025-11-30,2,24,106,0,10,79,17,96,7788.48,236088.3,30,0,0.0,0.0,0.0,0.0,6409.27
2025-11-30,2,25,300,0,141,40,119,159,2082.9,86839.9,30,0,524.0,0.0,0.0,0.0,0.0
2025-11-30,2,26,161,164,92,73,160,233,12961.79,356032.0,30,0,4060.99,0.0,0.0,0.0,0.0
2025-11-30,2,27,260,149,172,90,147,237,18654.27,503507.87,30,4,7083.9,0.0,0.0,0.0,0.0
2025-11-30,2,28,193,158,117,140,94,234,2365.74,67352.82,30,0,1415.4,0.0,0.0,0.0,0.0
2025-11-30,2,29,240,141,95,136,150,286,4152.72,87729.84,30,0,1974.72,0.0,0.0,0.0,0.0
2025-11-30,2,30,120,151,68,101,102,203,6077.82,191316.6,30,0,3023.94,0.0,0.0,0.0,0.0
2025-11-30,2,31,150,156,66,71,169,240,5148.0,123466.2,30,0,1522.95,0.0,0.0,0.0,0.0
2025-11-30,2,32,47,0,0,16,31,47,496.32,14889.6,30,0,0.0,168.96,0.0,0.0,0.0
2025-11-30,3,1,205,0,155,5,45,50,3866.5,283491.78,30,0,0.0,386.65,0.0,0.0,0.0
2025-11-30,3,2,118,142,96,164,0,164,9643.2,321812.4,30,0,8349.6,1293.6,0.0,0.0,0.0
2025-11-30,3,3,201,0,113,73,15,88,2982.32,142270.22,30,0,0.0,2473.97,0.0,0.0,0.0
2025-11-30,3,4,77,157,154,77,3,80,6254.4,230083.74,30,0,6019.86,0.0,0.0,0.0,0.0
2025-11-30,3,5,115,142,171,35,51,86,483.32,22839.68,30,0,196.7,0.0,0.0,0.0,0.0
2025-11-30,3,6,181,0,171,0,10,10,110.4,41157.12,30,2,0.0,0.0,0.0,0.0,0.0
2025-11-30,3,7,126,171,195,86,16,102,5772.18,200894.5,30,2,4866.74,0.0,0.0,0.0,0.0
2025-11-30,3,8,45,0,22,16,7,23,1070.65,52880.8,30,0,0.0,744.8,0.0,0.0,0.0
2025-11-30,3,9,174,151,201,103,21,124,1267.28,42361.9,30,0,1052.66,0.0,0.0,0.0,0.0
2025-11-30,3,10,191,0,128,43,20,63,4002.39,237030.43,30,0,0.0,2731.79,0.0,0.0,0.0
2025-11-30,3,11,77,327,213,170,21,191,10205.13,146131.05,30,2,9083.1,0.0,0.0,0.0,0.0
2025-11-30,3,12,8,162,170,0,0,0,0.0,103446.65,30,7,0.0,0.0,0.0,0.0,0.0
2025-11-30,3,13,164,0,83,63,18,81,5929.2,318273.6,30,0,0.0,4611.6,0.0,0.0,0.0
2025-11-30,3,14,120,151,125,138,8,146,8761.46,260023.33,30,0,8281.38,0.0,0.0,0.0,0.0
2025-11-30,3,15,24,151,90,78,7,85,3927.85,193204.01,30,0,3604.38,0.0,0.0,0.0,0.0
2025-11-30,3,16,0,35,6,29,0,29,646.41,18366.96,30,0,646.41,0.0,0.0,0.0,0.0
2025-11-30,3,17,92,0,92,0,0,0,0.0,96543.9,30,7,0.0,0.0,0.0,0.0,0.0
2025-11-30,3,18,146,0,146,0,0,0,0.0,71403.44,30,7,0.0,0.0,0.0,0.0,0.0
2025-11-30,3,19,195,144,148,191,0,191,2605.24,60547.96,30,0,1964.16,641.08,0.0,0.0,0.0
2025-11-30,3,20,59,158,192,12,13,25,1462.5,58324.5,30,10,702.0,0.0,0.0,0.0,0.0
2025-11-30,3,21,0,145,145,0,0,0,0.0,6200.2,30,20,0.0,0.0,0.0,0.0,0.0
2025-11-30,3,22,121,172,121,55,117,172,3225.0,59418.75,30,4,1031.25,0.0,0.0,0.0,0.0
2025-11-30,3,23,0,158,158,0,0,0,0.0,60662.74,30,16,0.0,0.0,0.0,0.0,0.0
2025-11-30,3,24,103,0,20,83,0,83,6733.79,220998.12,30,0,0.0,0.0,0.0,0.0,6733.79
2025-11-30,3,25,68,150,91,120,7,127,1663.7,58046.1,30,0,1572.0,0.0,0.0,0.0,0.0
2025-11-30,3,26,99,149,160,69,19,88,4895.44,241934.87,30,0,3838.47,0.0,0.0,0.0,0.0
2025-11-30,3,27,119,191,183,127,0,127,9996.17,259506.87,30,2,9996.17,0.0,0.0,0.0,0.0
2025-11-30,3,28,178,0,82,38,58,96,970.56,41137.59,30,0,0.0,384.18,0.0,0.0,0.0
2025-11-30,3,29,0,326,210,109,7,116,1684.32,56003.64,30,0,1582.68,0.0,0.0,0.0,0.0
2025-11-30,3,30,177,156,150,145,38,183,5479.02,138981.48,30,0,4341.3,0.0,0.0,0.0,0.0
2025-11-30,3,31,108,143,155,86,10,96,2059.2,73337.55,30,0,1844.7,0.0,0.0,0.0,0.0
2025-11-30,3,32,56,0,33,23,0,23,242.88,11520.96,30,0,0.0,0.0,0.0,0.0,242.88
2025-12-31,1,1,129,152,183,98,0,98,7578.34,272510.92,31,0,7578.34,0.0,0.0,0.0,0.0
2025-12-31,1,2,39,309,168,180,0,180,10584.0,242373.6,31,0,10584.0,0.0,0.0,0.0,0.0
2025-12-31,1,3,140,141,183,48,50,98,3321.22,128002.53,31,0,1626.72,0.0,0.0,0.0,0.0
2025-12-31,1,4,114,284,240,113,45,158,12352.44,249785.1,31,0,8834.34,0.0,0.0,0.0,0.0
2025-12-31,1,5,114,151,265,0,0,0,0.0,5884.14,31,17,0.0,0.0,0.0,0.0,0.0
2025-12-31,1,6,235,0,161,74,0,74,816.96,62916.96,31,0,0.0,816.96,0.0,0.0,0.0
2025-12-31,1,7,29,316,154,173,18,191,10808.69,209835.72,31,4,9790.07,0.0,0.0,0.0,0.0
2025-12-31,1,8,30,36,34,29,3,32,1489.6,36215.9,31,2,1349.95,0.0,0.0,0.0,0.0
2025-12-31,1,9,4,154,74,51,33,84,858.48,36986.18,31,0,521.22,0.0,0.0,0.0,0.0
2025-12-31,1,10,128,167,198,97,0,97,6162.41,257360.03,31,0,6162.41,0.0,0.0,0.0,0.0
2025-12-31,1,11,123,143,119,125,22,147,7854.21,196675.83,31,0,6678.75,0.0,0.0,0.0,0.0
2025-12-31,1,12,110,144,174,41,39,80,4688.8,227992.9,31,0,2403.01,0.0,0.0,0.0,0.0
2025-12-31,1,13,208,151,145,204,10,214,15664.8,316956.0,31,0,11053.2,3879.6,0.0,0.0,0.0
2025-12-31,1,14,132,148,190,80,10,90,5400.9,232838.8,31,0,4800.8,0.0,0.0,0.0,0.0
2025-12-31,1,15,120,146,149,117,0,117,5406.57,216863.53,31,0,5406.57,0.0,0.0,0.0,0.0
2025-12-31,1,16,33,35,18,50,0,50,1114.5,26837.16,31,0,780.15,334.35,0.0,0.0,0.0
2025-12-31,1,17,0,147,147,0,0,0,0.0,129538.98,31,8,0.0,0.0,0.0,0.0,0.0
2025-12-31,1,18,130,0,130,0,0,0,0.0,8598.32,31,19,0.0,0.0,0.0,0.0,0.0
2025-12-31,1,19,135,175,157,135,18,153,2086.92,52254.84,31,0,1841.4,0.0,0.0,0.0,0.0
2025-12-31,1,20,99,160,99,139,21,160,9360.0,112963.5,31,1,8131.5,0.0,0.0,0.0,0.0
2025-12-31,1,21,14,152,123,24,19,43,919.34,12015.56,31,17,513.12,0.0,0.0,0.0,0.0
2025-12-31,1,22,100,153,117,120,16,136,2550.0,86812.5,31,0,2250.0,0.0,0.0,0.0,0.0
2025-12-31,1,23,108,148,115,120,21,141,11284.23,188470.65,31,6,9603.6,0.0,0.0,0.0,0.0
2025-12-31,1,24,186,0,3,183,0,183,14846.79,462927.78,31,0,0.0,0.0,0.0,0.0,14846.79
2025-12-31,1,25,195,0,95,97,3,100,1310.0,57351.8,31,0,0.0,1270.7,0.0,0.0,0.0
2025-12-31,1,26,120,141,178,83,0,83,4617.29,225635.28,31,0,4617.29,0.0,0.0,0.0,0.0
2025-12-31,1,27,165,159,196,90,38,128,10074.88,330739.42,31,0,7083.9,0.0,0.0,0.0,0.0
2025-12-31,1,28,96,152,213,17,18,35,353.85,34505.43,31,0,171.87,0.0,0.0,0.0,0.0
2025-12-31,1,29,144,152,159,122,15,137,1989.24,57804.12,31,0,1771.44,0.0,0.0,0.0,0.0
2025-12-31,1,30,65,152,92,101,24,125,3742.5,128592.3,31,0,3023.94,0.0,0.0,0.0,0.0
2025-12-31,1,31,122,144,104,162,0,162,3474.9,93135.9,31,0,3088.8,386.1,0.0,0.0,0.0
2025-12-31,1,32,47,0,20,5,22,27,285.12,10317.12,31,0,0.0,0.0,52.8,0.0,0.0
2025-12-31,2,1,218,304,101,148,273,421,32555.93,722030.21,31,0,11444.84,0.0,0.0,0.0,0.0
2025-12-31,2,2,295,153,89,187,172,359,21109.2,464990.4,31,0,8996.4,1999.2,0.0,0.0,0.0
2025-12-31,2,3,224,159,48,138,197,335,11353.15,232959.86,31,0,4676.82,0.0,0.0,0.0,0.0
2025-12-31,2,4,249,159,97,161,150,311,24313.98,631381.68,31,0,12430.62,156.36,0.0,0.0,0.0
2025-12-31,2,5,238,0,54,113,71,184,1034.08,35299.22,31,0,0.0,635.06,0.0,0.0,0.0
2025-12-31,2,6,145,301,128,216,102,318,3510.72,83307.84,31,4,2384.64,0.0,0.0,0.0,0.0
2025-12-31,2,7,218,159,159,21,197,218,12336.62,480505.69,31,0,1188.39,0.0,0.0,0.0,0.0
2025-12-31,2,8,56,0,0,22,34,56,2606.8,80810.8,31,0,0.0,1024.1,0.0,0.0,0.0
2025-12-31,2,9,167,163,141,84,105,189,1931.58,79511.6,31,0,858.48,0.0,0.0,0.0,0.0
2025-12-31,2,10,284,0,98,94,92,186,11816.58,416375.62,31,0,0.0,5971.82,0.0,0.0,0.0
2025-12-31,2,11,348,0,142,92,114,206,11006.58,433103.58,31,0,0.0,4915.56,0.0,0.0,0.0
2025-12-31,2,12,279,155,97,163,174,337,19751.57,494140.91,31,0,9084.55,468.88,0.0,0.0,0.0
2025-12-31,2,13,145,311,110,109,237,346,25327.2,671024.4,31,5,7978.8,0.0,0.0,0.0,0.0
2025-12-31,2,14,261,286,174,200,173,373,22383.73,626444.39,31,0,12002.0,0.0,0.0,0.0,0.0
2025-12-31,2,15,199,293,119,72,301,373,17236.33,474530.49,31,0,3327.12,0.0,0.0,0.0,0.0
2025-12-31,2,16,69,0,0,27,42,69,1538.01,47678.31,31,0,0.0,0.0,0.0,0.0,601.83
2025-12-31,2,17,155,154,126,23,160,183,13538.34,375966.36,31,3,1701.54,0.0,0.0,0.0,0.0
2025-12-31,2,18,214,142,80,45,231,276,12897.48,291735.39,31,8,2102.85,0.0,0.0,0.0,0.0
2025-12-31,2,19,245,156,112,102,187,289,3941.96,115980.92,31,0,1391.28,0.0,0.0,0.0,0.0
2025-12-31,2,20,229,148,85,89,203,292,17082.0,353398.5,31,2,5206.5,0.0,0.0,0.0,0.0
2025-12-31,2,21,120,329,120,83,246,329,7034.02,115965.12,31,12,1774.54,0.0,0.0,0.0,0.0
2025-12-31,2,22,221,153,124,83,167,250,4687.5,168525.0,31,0,1556.25,0.0,0.0,0.0,0.0
2025-12-31,2,23,210,0,99,0,111,111,8883.33,362295.81,31,13,0.0,0.0,0.0,0.0,0.0
2025-12-31,2,24,96,0,0,56,40,96,7788.48,241442.88,31,0,0.0,0.0,0.0,0.0,4543.28
2025-12-31,2,25,159,296,85,147,223,370,4847.0,112961.3,31,0,1925.7,0.0,0.0,0.0,0.0
2025-12-31,2,26,233,151,138,124,122,246,13684.98,491824.83,31,0,6898.12,0.0,0.0,0.0,0.0
2025-12-31,2,27,237,147,97,168,119,287,22589.77,619526.41,31,0,11570.37,1652.91,0.0,0.0,0.0
2025-12-31,2,28,234,144,76,177,125,302,3053.22,78180.63,31,0,1455.84,333.63,0.0,0.0,0.0
2025-12-31,2,29,286,154,116,109,215,324,4704.48,129837.84,31,0,1582.68,0.0,0.0,0.0,0.0
2025-12-31,2,30,203,151,102,89,163,252,7544.88,185897.46,31,0,2664.66,0.0,0.0,0.0,0.0
2025-12-31,2,31,240,147,169,102,116,218,4676.1,210767.7,31,0,2187.9,0.0,0.0,0.0,0.0
2025-12-31,2,32,47,31,19,28,31,59,623.04,17624.64,31,0,295.68,0.0,0.0,0.0,0.0
2025-12-31,3,1,50,305,256,99,0,99,7655.67,261375.4,31,1,7655.67,0.0,0.0,0.0,0.0
2025-12-31,3,2,164,0,100,64,0,64,3763.2,247959.6,31,0,0.0,3763.2,0.0,0.0,0.0
2025-12-31,3,3,88,155,127,102,14,116,3931.24,143286.92,31,0,3456.78,0.0,0.0,0.0,0.0
2025-12-31,3,4,80,146,106,120,0,120,9381.6,375185.82,31,0,9381.6,0.0,0.0,0.0,0.0
2025-12-31,3,5,86,290,206,148,22,170,955.4,11689.6,31,3,831.76,0.0,0.0,0.0,0.0
2025-12-31,3,6,10,324,198,111,25,136,1501.44,34897.44,31,3,1225.44,0.0,0.0,0.0,0.0
2025-12-31,3,7,102,146,89,135,24,159,8997.81,293249.38,31,0,7639.65,0.0,0.0,0.0,0.0
2025-12-31,3,8,23,33,28,28,0,28,1303.4,37798.6,31,0,1303.4,0.0,0.0,0.0,0.0
2025-12-31,3,9,124,148,121,146,5,151,1543.22,40154.38,31,0,1492.12,0.0,0.0,0.0,0.0
2025-12-31,3,10,63,153,188,16,12,28,1778.84,226738.57,31,0,1016.48,0.0,0.0,0.0,0.0
2025-12-31,3,11,191,142,146,174,13,187,9991.41,233275.38,31,0,7587.06,1709.76,0.0,0.0,0.0
2025-12-31,3,12,0,298,132,166,0,166,9729.26,221956.07,31,0,9729.26,0.0,0.0,0.0,0.0
2025-12-31,3,13,81,155,53,183,0,183,13395.6,373027.2,31,0,11346.0,0.0,2049.6,0.0,0.0
2025-12-31,3,14,146,150,118,115,63,178,10681.78,270345.05,31,0,6901.15,0.0,0.0,0.0,0.0
2025-12-31,3,15,85,144,144,85,0,85,3927.85,219220.24,31,0,3927.85,0.0,0.0,0.0,0.0
2025-12-31,3,16,29,34,13,50,0,50,1114.5,20997.18,31,0,757.86,356.64,0.0,0.0,0.0
2025-12-31,3,17,0,149,149,0,0,0,0.0,72204.48,31,18,0.0,0.0,0.0,0.0,0.0
2025-12-31,3,18,0,310,168,142,0,142,6635.66,97899.35,31,8,6635.66,0.0,0.0,0.0,0.0
2025-12-31,3,19,191,175,204,151,11,162,2209.68,51300.04,31,0,2059.64,0.0,0.0,0.0,0.0
2025-12-31,3,20,25,141,166,0,0,0,0.0,57037.5,31,16,0.0,0.0,0.0,0.0,0.0
2025-12-31,3,21,0,338,338,0,0,0,0.0,14452.88,31,23,0.0,0.0,0.0,0.0,0.0
2025-12-31,3,22,172,158,304,8,18,26,487.5,63693.75,31,0,150.0,0.0,0.0,0.0,0.0
2025-12-31,3,23,0,163,123,40,0,40,3201.2,134850.55,31,5,3201.2,0.0,0.0,0.0,0.0
2025-12-31,3,24,83,0,18,56,9,65,5273.45,185382.05,31,0,0.0,0.0,0.0,0.0,4543.28
2025-12-31,3,25,127,144,164,104,3,107,1401.7,57037.4,31,0,1362.4,0.0,0.0,0.0,0.0
2025-12-31,3,26,88,155,69,146,28,174,9679.62,292947.58,31,0,8121.98,0.0,0.0,0.0,0.0
2025-12-31,3,27,127,141,115,118,35,153,12042.63,401735.84,31,0,9287.78,0.0,0.0,0.0,0.0
2025-12-31,3,28,96,156,196,40,16,56,566.16,31442.1,31,2,404.4,0.0,0.0,0.0,0.0
2025-12-31,3,29,116,151,108,153,6,159,2308.68,52605.96,31,0,2192.52,29.04,0.0,0.0,0.0
2025-12-31,3,30,183,183,217,140,9,149,4461.06,112783.98,31,0,4191.6,0.0,0.0,0.0,0.0
2025-12-31,3,31,96,153,201,48,0,48,1029.6,71557.2,31,0,1029.6,0.0,0.0,0.0,0.0
2025-12-31,3,32,23,41,17,47,0,47,496.32,6959.04,31,0,432.96,0.0,0.0,0.0,63.36
2026-01-31,1,1,98,143,64,141,36,177,13687.41,294936.62,31,0,10903.53,0.0,0.0,0.0,0.0
2026-01-31,1,2,180,158,100,211,27,238,13994.4,258190.8,31,0,9290.4,3116.4,0.0,0.0,0.0
2026-01-31,1,3,98,146,152,70,22,92,3117.88,106922.95,31,0,2372.3,0.0,0.0,0.0,0.0
2026-01-31,1,4,158,147,143,143,19,162,12665.16,396528.96,31,0,11179.74,0.0,0.0,0.0,0.0
2026-01-31,1,5,0,218,158,45,15,60,337.2,12437.06,31,7,252.9,0.0,0.0,0.0,0.0
2026-01-31,1,6,74,173,239,8,0,8,88.32,27831.84,31,4,88.32,0.0,0.0,0.0,0.0
2026-01-31,1,7,191,163,194,155,5,160,9054.4,237734.59,31,0,8771.45,0.0,0.0,0.0,0.0
2026-01-31,1,8,32,0,3,20,9,29,1349.95,41848.45,31,0,0.0,931.0,0.0,0.0,0.0
2026-01-31,1,9,84,299,224,138,21,159,1624.98,38621.38,31,2,1410.36,0.0,0.0,0.0,0.0
2026-01-31,1,10,97,157,178,76,0,76,4828.28,87607.87,31,12,4828.28,0.0,0.0,0.0,0.0
2026-01-31,1,11,147,144,107,171,13,184,9831.12,206667.24,31,0,7693.92,1442.61,0.0,0.0,0.0
2026-01-31,1,12,80,149,112,101,16,117,6857.37,205428.05,31,0,5919.61,0.0,0.0,0.0,0.0
2026-01-31,1,13,214,0,96,99,19,118,8637.6,374637.6,31,0,0.0,7246.8,0.0,0.0,0.0
2026-01-31,1,14,90,149,115,101,23,124,7441.24,249821.63,31,0,6061.01,0.0,0.0,0.0,0.0
2026-01-31,1,15,117,149,115,151,0,151,6977.71,179710.69,31,0,6885.29,92.42,0.0,0.0,0.0
2026-01-31,1,16,50,0,0,50,0,50,1114.5,34549.5,31,0,0.0,780.15,334.35,0.0,0.0
2026-01-31,1,17,0,294,152,77,65,142,10505.16,75015.72,31,17,5696.46,0.0,0.0,0.0,0.0
2026-01-31,1,18,0,312,312,0,0,0,0.0,39440.12,31,17,0.0,0.0,0.0,0.0,0.0
2026-01-31,1,19,153,0,112,33,8,41,559.24,46048.64,31,0,0.0,450.12,0.0,0.0,0.0
2026-01-31,1,20,160,0,159,0,1,1,58.5,108576.0,31,2,0.0,0.0,0.0,0.0,0.0
2026-01-31,1,21,43,172,63,127,25,152,3249.76,74038.94,31,0,2715.26,0.0,0.0,0.0,0.0
2026-01-31,1,22,136,168,158,146,0,146,2737.5,51150.0,31,0,2737.5,0.0,0.0,0.0,0.0
2026-01-31,1,23,141,0,141,0,0,0,0.0,120365.12,31,10,0.0,0.0,0.0,0.0,0.0
2026-01-31,1,24,183,0,21,147,15,162,13143.06,433396.46,31,0,0.0,0.0,0.0,0.0,11926.11
2026-01-31,1,25,100,150,137,113,0,113,1480.3,53683.8,31,0,1480.3,0.0,0.0,0.0,0.0
2026-01-31,1,26,83,141,136,88,0,88,4895.44,229974.42,31,0,4895.44,0.0,0.0,0.0,0.0
2026-01-31,1,27,128,151,138,102,39,141,11098.11,395990.01,31,0,8028.42,0.0,0.0,0.0,0.0
2026-01-31,1,28,35,185,119,101,0,101,1021.11,45080.49,31,1,1021.11,0.0,0.0,0.0,0.0
2026-01-31,1,29,137,142,168,111,0,111,1611.72,33250.8,31,2,1611.72,0.0,0.0,0.0,0.0
2026-01-31,1,30,125,150,147,128,0,128,3832.32,92514.6,31,0,3832.32,0.0,0.0,0.0,0.0
2026-01-31,1,31,162,142,185,106,13,119,2552.55,71235.45,31,4,2273.7,0.0,0.0,0.0,0.0
2026-01-31,1,32,27,72,67,32,0,32,337.92,9926.4,31,0,337.92,0.0,0.0,0.0,0.0
2026-01-31,2,1,421,0,150,80,191,271,20956.43,817996.74,31,0,0.0,6186.4,0.0,0.0,0.0
2026-01-31,2,2,359,0,94,94,171,265,15582.0,558482.4,31,0,0.0,5527.2,0.0,0.0,0.0
2026-01-31,2,3,335,0,122,0,213,213,7218.57,303010.49,31,10,0.0,0.0,0.0,0.0,0.0
2026-01-31,2,4,311,148,118,195,146,341,26659.38,708623.52,31,0,11570.64,3674.46,0.0,0.0,0.0
2026-01-31,2,5,184,152,25,60,251,311,1747.82,48753.5,31,0,337.2,0.0,0.0,0.0,0.0
2026-01-31,2,6,318,0,53,64,201,265,2925.6,98708.64,31,0,0.0,706.56,0.0,0.0,0.0
2026-01-31,2,7,218,314,94,192,246,438,24786.42,595496.57,31,0,10865.28,0.0,0.0,0.0,0.0
2026-01-31,2,8,56,34,20,56,14,70,3258.5,92820.7,31,0,1582.7,0.0,1024.1,0.0,0.0
2026-01-31,2,9,189,142,55,96,180,276,2820.72,86941.54,31,0,981.12,0.0,0.0,0.0,0.0
2026-01-31,2,10,186,168,58,131,165,296,18804.88,535113.19,31,0,8322.43,0.0,0.0,0.0,0.0
2026-01-31,2,11,206,154,68,121,171,292,15601.56,402488.19,31,0,6465.03,0.0,0.0,0.0,0.0
2026-01-31,2,12,337,141,129,121,228,349,20454.89,590906.02,31,0,7091.81,0.0,0.0,0.0,0.0
2026-01-31,2,13,346,142,195,173,120,293,21447.6,633912.0,31,0,10394.4,2269.2,0.0,0.0,0.0
2026-01-31,2,14,373,0,114,39,220,259,15542.59,592478.73,31,0,0.0,2340.39,0.0,0.0,0.0
2026-01-31,2,15,373,157,165,114,251,365,16866.65,522450.26,31,0,5267.94,0.0,0.0,0.0,0.0
2026-01-31,2,16,69,0,22,4,43,47,1047.63,46697.55,31,0,0.0,0.0,0.0,0.0,89.16
2026-01-31,2,17,183,148,62,47,222,269,19900.62,645771.42,31,0,3477.06,0.0,0.0,0.0,0.0
2026-01-31,2,18,276,145,133,8,280,288,13458.24,298931.81,31,12,373.84,0.0,0.0,0.0,0.0
2026-01-31,2,19,289,150,133,121,185,306,4173.84,135718.0,31,0,1650.44,0.0,0.0,0.0,0.0
2026-01-31,2,20,292,0,72,0,220,220,12870.0,458113.5,31,7,0.0,0.0,0.0,0.0,0.0
2026-01-31,2,21,329,146,148,180,147,327,6991.26,208561.9,31,0,3121.48,726.92,0.0,0.0,0.0
2026-01-31,2,22,250,151,89,116,196,312,5850.0,197306.25,31,0,2175.0,0.0,0.0,0.0,0.0
2026-01-31,2,23,111,310,111,175,135,310,24809.3,641280.39,31,2,14005.25,0.0,0.0,0.0,0.0
2026-01-31,2,24,96,0,27,30,39,69,5597.97,189600.81,31,0,0.0,0.0,0.0,0.0,2433.9
2026-01-31,2,25,370,143,119,112,282,394,5161.4,143824.9,31,1,1467.2,0.0,0.0,0.0,0.0
2026-01-31,2,26,246,0,113,0,133,133,7398.79,278316.89,31,1,0.0,0.0,0.0,0.0,0.0
2026-01-31,2,27,287,0,101,0,186,186,14640.06,544043.52,31,3,0.0,0.0,0.0,0.0,0.0
2026-01-31,2,28,302,0,68,16,218,234,2365.74,84620.7,31,0,0.0,161.76,0.0,0.0,0.0
2026-01-31,2,29,324,143,143,76,248,324,4704.48,145577.52,31,0,1103.52,0.0,0.0,0.0,0.0
2026-01-31,2,30,252,144,72,67,257,324,9700.56,314250.24,31,0,2005.98,0.0,0.0,0.0,0.0
2026-01-31,2,31,218,146,66,22,276,298,6392.1,197254.2,31,0,471.9,0.0,0.0,0.0,0.0
2026-01-31,2,32,59,35,31,47,16,63,665.28,16663.68,31,0,369.6,126.72,0.0,0.0,0.0
2026-01-31,3,1,99,322,240,181,0,181,13996.73,311021.26,31,0,13996.73,0.0,0.0,0.0,0.0
2026-01-31,3,2,64,148,88,89,35,124,7291.2,273890.4,31,0,5233.2,0.0,0.0,0.0,0.0
2026-01-31,3,3,116,149,265,0,0,0,0.0,66288.84,31,4,0.0,0.0,0.0,0.0,0.0
2026-01-31,3,4,120,145,126,115,24,139,10867.02,346102.86,31,0,8990.7,0.0,0.0,0.0,0.0
2026-01-31,3,5,170,148,230,88,0,88,494.56,16326.1,31,2,494.56,0.0,0.0,0.0,0.0
2026-01-31,3,6,136,144,79,195,6,201,2219.04,57617.76,31,0,1589.76,563.04,0.0,0.0,0.0
2026-01-31,3,7,159,205,170,194,0,194,10978.46,241809.07,31,1,10978.46,0.0,0.0,0.0,0.0
2026-01-31,3,8,28,0,0,7,21,28,1303.4,40405.4,31,0,0.0,325.85,0.0,0.0,0.0
2026-01-31,3,9,151,149,183,99,18,117,1195.74,22974.56,31,4,1011.78,0.0,0.0,0.0,0.0
2026-01-31,3,10,28,285,191,122,0,122,7750.66,214159.63,31,0,7750.66,0.0,0.0,0.0,0.0
2026-01-31,3,11,187,0,71,64,52,116,6197.88,247915.2,31,0,0.0,3419.52,0.0,0.0,0.0
2026-01-31,3,12,166,0,164,0,2,2,117.22,207479.4,31,2,0.0,0.0,0.0,0.0,0.0
2026-01-31,3,13,183,0,53,86,44,130,9516.0,346675.2,31,0,0.0,6295.2,0.0,0.0,0.0
2026-01-31,3,14,178,147,249,68,8,76,4560.76,209554.92,31,0,4080.68,0.0,0.0,0.0,0.0
2026-01-31,3,15,85,141,46,180,0,180,8317.8,263766.68,31,0,6515.61,1802.19,0.0,0.0,0.0
2026-01-31,3,16,50,0,15,35,0,35,780.15,30537.3,31,0,0.0,757.86,22.29,0.0,0.0
2026-01-31,3,17,0,301,183,97,21,118,8729.64,87888.24,31,11,7176.06,0.0,0.0,0.0,0.0
2026-01-31,3,18,142,144,129,138,19,157,7336.61,138554.45,31,1,6448.74,0.0,0.0,0.0,0.0
2026-01-31,3,19,162,145,109,161,37,198,2700.72,59825.04,31,0,1977.8,218.24,0.0,0.0,0.0
2026-01-31,3,20,0,158,81,65,12,77,4504.5,149701.5,31,6,3802.5,0.0,0.0,0.0,0.0
2026-01-31,3,21,0,158,109,31,18,49,1047.62,11587.96,31,17,662.78,0.0,0.0,0.0,0.0
2026-01-31,3,22,26,158,84,83,17,100,1875.0,66150.0,31,0,1556.25,0.0,0.0,0.0,0.0
2026-01-31,3,23,40,153,138,24,31,55,4401.65,301473.01,31,0,1920.72,0.0,0.0,0.0,0.0
2026-01-31,3,24,65,0,65,0,0,0,0.0,96139.05,31,4,0.0,0.0,0.0,0.0,0.0
2026-01-31,3,25,107,149,43,193,20,213,2790.3,54155.4,31,0,1951.9,576.4,0.0,0.0,0.0
2026-01-31,3,26,174,164,202,136,0,136,7565.68,218570.27,31,0,7565.68,0.0,0.0,0.0,0.0
2026-01-31,3,27,153,180,204,106,23,129,10153.59,220388.0,31,5,8343.26,0.0,0.0,0.0,0.0
2026-01-31,3,28,56,154,69,137,4,141,1425.51,46091.49,31,0,1385.07,0.0,0.0,0.0,0.0
2026-01-31,3,29,159,149,173,116,19,135,1960.2,46667.28,31,1,1684.32,0.0,0.0,0.0,0.0
2026-01-31,3,30,149,0,82,36,31,67,2005.98,94939.74,31,0,0.0,1077.84,0.0,0.0,0.0
2026-01-31,3,31,48,170,63,117,38,155,3324.75,133204.5,31,0,2509.65,0.0,0.0,0.0,0.0
2026-01-31,3,32,47,0,15,32,0,32,337.92,13675.2,31,0,0.0,337.92,0.0,0.0,0.0
2026-02-28,1,1,177,181,179,168,11,179,13842.07,211574.88,28,1,12991.44,0.0,0.0,0.0,0.0
2026-02-28,1,2,238,0,113,98,27,125,7350.0,283533.6,28,0,5762.4,0.0,0.0,0.0,0.0
2026-02-28,1,3,92,141,93,140,0,140,4744.6,150505.49,28,0,4744.6,0.0,0.0,0.0,0.0
2026-02-28,1,4,162,0,162,0,0,0,0.0,123133.5,28,10,0.0,0.0,0.0,0.0,0.0
2026-02-28,1,5,60,155,166,49,0,49,275.38,20962.6,28,0,275.38,0.0,0.0,0.0,0.0
2026-02-28,1,6,8,301,80,229,0,229,2528.16,38971.2,28,1,2528.16,0.0,0.0,0.0,0.0
2026-02-28,1,7,160,0,80,55,25,80,4527.2,196480.48,28,0,0.0,3112.45,0.0,0.0,0.0
2026-02-28,1,8,29,36,65,0,0,0,0.0,6563.55,28,20,0.0,0.0,0.0,0.0,0.0
2026-02-28,1,9,159,0,71,55,33,88,899.36,32836.86,28,0,562.1,0.0,0.0,0.0,0.0
2026-02-28,1,10,76,158,91,130,13,143,9084.79,230995.08,28,0,8258.9,0.0,0.0,0.0,0.0
2026-02-28,1,11,184,170,125,229,0,229,12235.47,190745.1,28,0,9083.1,3152.37,0.0,0.0,0.0
2026-02-28,1,12,117,166,169,97,17,114,6681.54,159360.59,28,0,5685.17,0.0,0.0,0.0,0.0
2026-02-28,1,13,118,143,58,167,36,203,14859.6,209205.6,28,0,10467.6,1756.8,0.0,0.0,0.0
2026-02-28,1,14,124,178,142,135,25,160,9601.6,206194.36,28,0,8101.35,0.0,0.0,0.0,0.0
2026-02-28,1,15,151,0,52,99,0,99,4574.79,176152.52,28,0,0.0,4574.79,0.0,0.0,0.0
2026-02-28,1,16,50,0,27,23,0,23,512.67,24073.2,28,0,0.0,0.0,512.67,0.0,0.0
2026-02-28,1,17,142,151,166,127,0,127,9395.46,189758.7,28,3,9395.46,0.0,0.0,0.0,0.0
2026-02-28,1,18,0,338,183,155,0,155,7243.15,132806.66,28,4,7243.15,0.0,0.0,0.0,0.0
2026-02-28,1,19,41,172,116,90,7,97,1323.08,52745.88,28,0,1227.6,0.0,0.0,0.0,0.0
2026-02-28,1,20,1,289,108,174,8,182,10647.0,252661.5,28,0,10179.0,0.0,0.0,0.0,0.0
2026-02-28,1,21,152,142,178,116,0,116,2480.08,85797.94,28,0,2480.08,0.0,0.0,0.0,0.0
2026-02-28,1,22,146,0,48,79,19,98,1837.5,66600.0,28,0,0.0,1481.25,0.0,0.0,0.0
2026-02-28,1,23,0,315,141,157,17,174,13925.22,348770.74,28,0,12564.71,0.0,0.0,0.0,0.0
2026-02-28,1,24,162,0,15,134,13,147,11926.11,335148.03,28,0,0.0,0.0,0.0,0.0,10871.42
2026-02-28,1,25,113,152,62,190,13,203,2659.3,49046.4,28,0,1991.2,497.8,0.0,0.0,0.0
2026-02-28,1,26,88,148,86,150,0,150,8344.5,219515.98,28,0,8233.24,111.26,0.0,0.0,0.0
2026-02-28,1,27,141,142,173,80,30,110,8658.1,145298.66,28,3,6296.8,0.0,0.0,0.0,0.0
2026-02-28,1,28,101,149,121,129,0,129,1304.19,38296.68,28,0,1304.19,0.0,0.0,0.0,0.0
2026-02-28,1,29,111,145,100,152,4,156,2265.12,49324.44,28,0,2105.4,101.64,0.0,0.0,0.0
2026-02-28,1,30,128,154,121,161,0,161,4820.34,81945.78,28,0,4610.76,209.58,0.0,0.0,0.0
2026-02-28,1,31,119,149,147,101,20,121,2595.45,87623.25,28,0,2166.45,0.0,0.0,0.0,0.0
2026-02-28,1,32,32,0,12,20,0,20,211.2,6927.36,28,0,0.0,211.2,0.0,0.0,0.0
2026-02-28,2,1,271,159,123,86,221,307,23740.31,646092.15,28,0,6650.38,0.0,0.0,0.0,0.0
2026-02-28,2,2,265,152,100,113,204,317,18639.6,509913.6,28,0,6644.4,0.0,0.0,0.0,0.0
2026-02-28,2,3,213,344,139,192,226,418,14166.02,357505.61,28,0,6506.88,0.0,0.0,0.0,0.0
2026-02-28,2,4,341,0,62,102,177,279,21812.22,686967.66,28,0,0.0,7974.36,0.0,0.0,0.0
2026-02-28,2,5,311,156,60,41,366,407,2287.34,63888.16,28,0,230.42,0.0,0.0,0.0,0.0
2026-02-28,2,6,265,160,60,115,250,365,4029.6,105122.88,28,0,1269.6,0.0,0.0,0.0,0.0
2026-02-28,2,7,438,0,107,110,221,331,18731.29,594930.67,28,0,6224.9,0.0,0.0,0.0,0.0
2026-02-28,2,8,70,0,14,36,20,56,2606.8,80159.1,28,0,0.0,1582.7,0.0,93.1,0.0
2026-02-28,2,9,276,148,69,99,256,355,3628.1,91479.22,28,0,1011.78,0.0,0.0,0.0,0.0
2026-02-28,2,10,296,148,62,48,334,382,24268.46,568847.62,28,5,3049.44,0.0,0.0,0.0,0.0
2026-02-28,2,11,292,0,63,29,200,229,12235.47,383146.53,28,0,0.0,1549.47,0.0,0.0,0.0
2026-02-28,2,12,349,141,102,132,256,388,22740.68,595418.99,28,0,7736.52,0.0,0.0,0.0,0.0
2026-02-28,2,13,293,149,75,197,170,367,26864.4,576376.8,28,0,10906.8,3513.6,0.0,0.0,0.0
2026-02-28,2,14,259,151,97,88,225,313,18783.13,592238.69,28,0,5280.88,0.0,0.0,0.0,0.0
2026-02-28,2,15,365,144,142,143,224,367,16959.07,421712.46,28,0,6608.03,0.0,0.0,0.0,0.0
2026-02-28,2,16,47,43,20,47,23,70,1560.3,34549.5,28,0,958.47,0.0,0.0,0.0,89.16
2026-02-28,2,17,269,155,111,70,243,313,23155.74,648138.78,28,0,5178.6,0.0,0.0,0.0,0.0
2026-02-28,2,18,288,310,130,157,311,468,21869.64,430336.57,28,7,7336.61,0.0,0.0,0.0,0.0
2026-02-28,2,19,306,148,88,156,210,366,4992.24,122268.96,28,0,2018.72,109.12,0.0,0.0,0.0
2026-02-28,2,20,220,293,131,119,263,382,22347.0,539077.5,28,3,6961.5,0.0,0.0,0.0,0.0
2026-02-28,2,21,327,158,114,251,120,371,7931.98,169949.62,28,0,3378.04,1988.34,0.0,0.0,0.0
2026-02-28,2,22,312,144,88,75,293,368,6900.0,168731.25,28,2,1406.25,0.0,0.0,0.0,0.0
2026-02-28,2,23,310,0,65,12,233,245,19607.35,673852.6,28,0,0.0,960.36,0.0,0.0,0.0
2026-02-28,2,24,69,42,20,58,33,91,7382.83,183597.19,28,0,3407.46,0.0,0.0,0.0,1298.08
2026-02-28,2,25,394,146,156,133,251,384,5030.4,136881.9,28,0,1742.3,0.0,0.0,0.0,0.0
2026-02-28,2,26,133,307,9,145,286,431,23976.53,477694.81,28,0,8066.35,0.0,0.0,0.0,0.0
2026-02-28,2,27,186,313,60,172,267,439,34553.69,748217.26,28,2,13538.12,0.0,0.0,0.0,0.0
2026-02-28,2,28,234,296,86,182,262,444,4488.84,109774.38,28,0,1840.02,0.0,0.0,0.0,0.0
2026-02-28,2,29,324,148,109,98,265,363,5270.76,166283.04,28,0,1422.96,0.0,0.0,0.0,0.0
2026-02-28,2,30,324,142,138,113,215,328,9820.32,326795.1,28,0,3383.22,0.0,0.0,0.0,0.0
2026-02-28,2,31,298,297,100,179,316,495,10617.75,246224.55,28,0,3839.55,0.0,0.0,0.0,0.0
2026-02-28,2,32,63,0,0,26,37,63,665.28,18627.84,28,0,0.0,274.56,0.0,0.0,0.0
2026-02-28,3,1,181,0,122,59,0,59,4562.47,285425.03,28,0,0.0,4562.47,0.0,0.0,0.0
2026-02-28,3,2,124,141,169,46,50,96,5644.8,218265.6,28,0,2704.8,0.0,0.0,0.0,0.0
2026-02-28,3,3,0,300,142,145,13,158,5354.62,95603.69,28,2,4914.05,0.0,0.0,0.0,0.0
2026-02-28,3,4,139,150,140,149,0,149,11648.82,200453.52,28,1,11648.82,0.0,0.0,0.0,0.0
2026-02-28,3,5,88,177,69,196,0,196,1101.52,24227.82,28,0,994.74,106.78,0.0,0.0,0.0
2026-02-28,3,6,201,0,68,107,26,133,1468.32,51037.92,28,0,0.0,1181.28,0.0,0.0,0.0
2026-02-28,3,7,194,0,126,31,37,68,3848.12,205251.93,28,0,0.0,1754.29,0.0,0.0,0.0
2026-02-28,3,8,28,32,21,18,21,39,1815.45,30443.7,28,0,837.9,0.0,0.0,0.0,0.0
2026-02-28,3,9,117,167,131,123,30,153,1563.66,32744.88,28,0,1257.06,0.0,0.0,0.0,0.0
2026-02-28,3,10,122,142,77,165,22,187,11880.11,190844.12,28,0,9021.26,1461.19,0.0,0.0,0.0
2026-02-28,3,11,116,165,111,170,0,170,9083.1,213239.13,28,0,8815.95,0.0,267.15,0.0,0.0
2026-02-28,3,12,2,293,205,72,18,90,5274.9,164811.32,28,0,4219.92,0.0,0.0,0.0,0.0
2026-02-28,3,13,130,143,147,126,0,126,9223.2,244048.8,28,0,9223.2,0.0,0.0,0.0,0.0
2026-02-28,3,14,76,141,107,86,24,110,6601.1,238359.72,28,0,5160.86,0.0,0.0,0.0,0.0
2026-02-28,3,15,180,144,206,109,9,118,5452.78,172270.88,28,1,5036.89,0.0,0.0,0.0,0.0
2026-02-28,3,16,35,37,44,28,0,28,624.12,18835.05,28,0,624.12,0.0,0.0,0.0,0.0
2026-02-28,3,17,118,164,191,71,20,91,6732.18,198340.38,28,5,5252.58,0.0,0.0,0.0,0.0
2026-02-28,3,18,157,153,187,113,10,123,5747.79,119675.53,28,3,5280.49,0.0,0.0,0.0,0.0
2026-02-28,3,19,198,0,65,133,0,133,1814.12,59797.76,28,0,0.0,1814.12,0.0,0.0,0.0
2026-02-28,3,20,77,152,229,0,0,0,0.0,72715.5,28,8,0.0,0.0,0.0,0.0,0.0
2026-02-28,3,21,49,180,138,75,16,91,1945.58,52060.3,28,4,1603.5,0.0,0.0,0.0,0.0
2026-02-28,3,22,100,151,125,126,0,126,2362.5,52012.5,28,0,2362.5,0.0,0.0,0.0,0.0
2026-02-28,3,23,55,145,200,0,0,0,0.0,123406.26,28,4,0.0,0.0,0.0,0.0,0.0
2026-02-28,3,24,0,72,38,25,9,34,2758.42,27827.59,28,10,2028.25,0.0,0.0,0.0,0.0
2026-02-28,3,25,213,0,85,124,4,128,1676.8,59041.7,28,0,0.0,1624.4,0.0,0.0,0.0
2026-02-28,3,26,136,0,93,43,0,43,2392.09,158322.98,28,0,0.0,2392.09,0.0,0.0,0.0
2026-02-28,3,27,129,160,148,122,19,141,11098.11,319720.02,28,0,9602.62,0.0,0.0,0.0,0.0
2026-02-28,3,28,141,143,123,125,36,161,1627.71,35779.29,28,0,1263.75,0.0,0.0,0.0,0.0
2026-02-28,3,29,135,0,125,0,10,10,145.2,39378.24,28,1,0.0,0.0,0.0,0.0,0.0
2026-02-28,3,30,67,145,125,87,0,87,2604.78,116137.26,28,0,2604.78,0.0,0.0,0.0,0.0
2026-02-28,3,31,155,150,143,145,17,162,3474.9,79879.8,28,0,3110.25,0.0,0.0,0.0,0.0
2026-02-28,3,32,32,0,5,27,0,27,285.12,9197.76,28,0,0.0,285.12,0.0,0.0,0.0
2026-03-31,1,1,179,0,113,46,20,66,5103.78,301587.0,31,0,0.0,3557.18,0.0,0.0,0.0
2026-03-31,1,2,125,159,109,129,46,175,10290.0,278535.6,31,0,7585.2,0.0,0.0,0.0,0.0
2026-03-31,1,3,140,143,157,90,36,126,4270.14,141050.18,31,0,3050.1,0.0,0.0,0.0,0.0
2026-03-31,1,4,0,304,201,103,0,103,8052.54,151121.94,31,6,8052.54,0.0,0.0,0.0,0.0
2026-03-31,1,5,49,151,116,40,44,84,472.08,20777.14,31,0,224.8,0.0,0.0,0.0,0.0
2026-03-31,1,6,229,0,129,100,0,100,1104.0,55001.28,31,0,0.0,1104.0,0.0,0.0,0.0
2026-03-31,1,7,80,154,157,66,11,77,4357.43,207402.35,31,0,3734.94,0.0,0.0,0.0,0.0
2026-03-31,1,8,0,56,22,31,3,34,1582.7,35284.9,31,7,1443.05,0.0,0.0,0.0,0.0
2026-03-31,1,9,88,141,165,64,0,64,654.08,37027.06,31,0,654.08,0.0,0.0,0.0,0.0
2026-03-31,1,10,143,150,228,65,0,65,4129.45,226357.39,31,0,4129.45,0.0,0.0,0.0,0.0
2026-03-31,1,11,229,0,147,54,28,82,4381.26,288682.29,31,0,0.0,2885.22,0.0,0.0,0.0
2026-03-31,1,12,114,142,58,198,0,198,11604.78,295218.57,31,0,8322.62,3282.16,0.0,0.0,0.0
2026-03-31,1,13,203,155,179,170,9,179,13102.8,284821.2,31,0,11346.0,1098.0,0.0,0.0,0.0
2026-03-31,1,14,160,148,208,75,25,100,6001.0,221256.87,31,0,4500.75,0.0,0.0,0.0,0.0
2026-03-31,1,15,99,154,209,22,22,44,2033.24,130589.46,31,3,1016.62,0.0,0.0,0.0,0.0
2026-03-31,1,16,23,39,12,50,0,50,1114.5,19704.36,31,0,869.31,0.0,0.0,245.19,0.0
2026-03-31,1,17,127,147,210,52,12,64,4734.72,289039.86,31,0,3846.96,0.0,0.0,0.0,0.0
2026-03-31,1,18,155,141,51,212,33,245,11448.85,286595.09,31,0,6588.93,3317.83,0.0,0.0,0.0
2026-03-31,1,19,97,143,161,79,0,79,1077.56,29803.4,31,0,1077.56,0.0,0.0,0.0,0.0
2026-03-31,1,20,182,144,114,212,0,212,12402.0,264420.0,31,0,8424.0,3978.0,0.0,0.0,0.0
2026-03-31,1,21,116,162,110,150,18,168,3591.84,102346.06,31,0,3207.0,0.0,0.0,0.0,0.0
2026-03-31,1,22,98,155,182,71,0,71,1331.25,68868.75,31,0,1331.25,0.0,0.0,0.0,0.0
2026-03-31,1,23,174,141,124,188,3,191,15285.73,427520.26,31,0,11284.23,3761.41,0.0,0.0,0.0
2026-03-31,1,24,147,0,37,110,0,110,8924.3,301560.21,31,0,0.0,0.0,0.0,0.0,8924.3
2026-03-31,1,25,203,147,199,140,11,151,1978.1,55413.0,31,0,1834.0,0.0,0.0,0.0,0.0
2026-03-31,1,26,150,0,150,0,0,0,0.0,110870.59,31,10,0.0,0.0,0.0,0.0,0.0
2026-03-31,1,27,110,285,283,112,0,112,8815.52,287999.89,31,0,8815.52,0.0,0.0,0.0,0.0
2026-03-31,1,28,129,156,129,124,32,156,1577.16,40369.23,31,0,1253.64,0.0,0.0,0.0,0.0
2026-03-31,1,29,156,0,109,26,21,47,682.44,49672.92,31,0,0.0,377.52,0.0,0.0,0.0
2026-03-31,1,30,161,152,126,169,18,187,5598.78,120628.26,31,0,4550.88,508.98,0.0,0.0,0.0
2026-03-31,1,31,121,150,112,159,0,159,3410.55,92792.7,31,0,3217.5,193.05,0.0,0.0,0.0
2026-03-31,1,32,20,39,12,47,0,47,496.32,12059.52,31,0,411.84,0.0,84.48,0.0,0.0
2026-03-31,2,1,307,141,152,83,213,296,22889.68,785286.15,31,0,6418.39,0.0,0.0,0.0,0.0
2026-03-31,2,2,317,152,115,137,217,354,20815.2,589705.2,31,0,8055.6,0.0,0.0,0.0,0.0
2026-03-31,2,3,418,0,163,3,252,255,8641.95,333443.71,31,0,0.0,101.67,0.0,0.0,0.0
2026-03-31,2,4,279,145,134,161,129,290,22672.2,665546.34,31,0,11336.1,0.0,1250.88,0.0,0.0
2026-03-31,2,5,407,312,280,161,278,439,2467.18,73408.44,31,0,904.82,0.0,0.0,0.0,0.0
2026-03-31,2,6,365,150,171,173,171,344,3797.76,118558.56,31,0,1656.0,253.92,0.0,0.0,0.0
2026-03-31,2,7,331,152,186,70,227,297,16807.23,547451.66,31,0,3961.3,0.0,0.0,0.0,0.0
2026-03-31,2,8,56,0,8,36,12,48,2234.4,77831.6,31,0,0.0,0.0,1582.7,93.1,0.0
2026-03-31,2,9,355,146,203,138,160,298,3045.56,106420.86,31,0,1410.36,0.0,0.0,0.0,0.0
2026-03-31,2,10,382,145,234,72,221,293,18614.29,771889.5,31,3,4574.16,0.0,0.0,0.0,0.0
2026-03-31,2,11,229,142,128,25,218,243,12983.49,468955.11,31,0,1335.75,0.0,0.0,0.0,0.0
2026-03-31,2,12,388,147,159,125,251,376,22037.36,696814.29,31,0,7326.25,0.0,0.0,0.0,0.0
2026-03-31,2,13,367,0,127,79,161,240,17568.0,726217.2,31,0,0.0,5782.8,0.0,0.0,0.0
2026-03-31,2,14,313,141,175,91,188,279,16742.79,576396.05,31,0,5460.91,0.0,0.0,0.0,0.0
2026-03-31,2,15,367,0,150,53,164,217,10027.57,397590.84,31,0,0.0,2449.13,0.0,0.0,0.0
2026-03-31,2,16,70,0,23,5,42,47,1047.63,39921.39,31,0,0.0,111.45,0.0,0.0,0.0
2026-03-31,2,17,313,163,185,121,170,291,21528.18,756889.38,31,0,8951.58,0.0,0.0,0.0,0.0
2026-03-31,2,18,468,175,212,167,264,431,20140.63,625714.7,31,0,7803.91,0.0,0.0,0.0,0.0
2026-03-31,2,19,366,161,156,175,196,371,5060.44,145170.52,31,0,2196.04,190.96,0.0,0.0,0.0
2026-03-31,2,20,382,153,183,116,236,352,20592.0,645664.5,31,0,6786.0,0.0,0.0,0.0,0.0
2026-03-31,2,21,371,0,87,84,200,284,6071.92,226007.98,31,0,0.0,1795.92,0.0,0.0,0.0
2026-03-31,2,22,368,143,237,99,175,274,5137.5,241856.25,31,0,1856.25,0.0,0.0,0.0,0.0
2026-03-31,2,23,245,290,174,134,227,361,28890.83,840795.18,31,7,10724.02,0.0,0.0,0.0,0.0
2026-03-31,2,24,91,0,33,41,17,58,4705.54,178404.87,31,0,0.0,3326.33,0.0,0.0,0.0
2026-03-31,2,25,384,156,166,159,215,374,4899.4,134720.4,31,0,2043.6,39.3,0.0,0.0,0.0
2026-03-31,2,26,431,156,207,198,182,380,21139.4,621442.73,31,0,8678.28,2336.46,0.0,0.0,0.0
2026-03-31,2,27,439,0,224,66,149,215,16922.65,816773.67,31,0,0.0,5194.86,0.0,0.0,0.0
2026-03-31,2,28,444,160,225,200,179,379,3831.69,108672.39,31,0,1617.6,404.4,0.0,0.0,0.0
2026-03-31,2,29,363,143,204,86,216,302,4385.04,154812.24,31,0,1248.72,0.0,0.0,0.0,0.0
2026-03-31,2,30,328,158,162,148,176,324,9700.56,283891.08,31,0,4431.12,0.0,0.0,0.0,0.0
2026-03-31,2,31,495,166,268,111,282,393,8429.85,258279.45,31,2,2380.95,0.0,0.0,0.0,0.0
2026-03-31,2,32,63,0,37,26,0,26,274.56,15744.96,31,0,0.0,0.0,274.56,0.0,0.0
2026-03-31,3,1,59,312,168,203,0,203,15697.99,309088.01,31,0,15697.99,0.0,0.0,0.0,0.0
2026-03-31,3,2,96,169,211,54,0,54,3175.2,112954.8,31,5,3175.2,0.0,0.0,0.0,0.0
2026-03-31,3,3,158,160,163,155,0,155,5252.95,126782.49,31,0,5252.95,0.0,0.0,0.0,0.0
2026-03-31,3,4,149,142,138,145,8,153,11961.54,321163.44,31,0,11101.56,234.54,0.0,0.0,0.0
2026-03-31,3,5,196,0,143,5,48,53,297.86,24199.72,31,0,0.0,28.1,0.0,0.0,0.0
2026-03-31,3,6,133,158,188,103,0,103,1137.12,34963.68,31,1,1137.12,0.0,0.0,0.0,0.0
2026-03-31,3,7,68,295,214,149,0,149,8431.91,257258.14,31,0,8431.91,0.0,0.0,0.0,0.0
2026-03-31,3,8,39,38,21,46,10,56,2606.8,55254.85,31,0,1768.9,372.4,0.0,0.0,0.0
2026-03-31,3,9,153,141,115,136,43,179,1829.38,42218.82,31,0,1389.92,0.0,0.0,0.0,0.0
2026-03-31,3,10,187,165,193,148,11,159,10101.27,258376.51,31,0,9402.44,0.0,0.0,0.0,0.0
2026-03-31,3,11,170,147,170,147,0,147,7854.21,186951.57,31,0,7854.21,0.0,0.0,0.0,0.0
2026-03-31,3,12,90,157,61,155,31,186,10901.46,302427.6,31,0,9084.55,0.0,0.0,0.0,0.0
2026-03-31,3,13,126,145,126,145,0,145,10614.0,317248.8,31,0,10614.0,0.0,0.0,0.0,0.0
2026-03-31,3,14,110,143,167,74,12,86,5160.86,227137.85,31,0,4440.74,0.0,0.0,0.0,0.0
2026-03-31,3,15,118,152,125,145,0,145,6700.45,212519.79,31,0,6700.45,0.0,0.0,0.0,0.0
2026-03-31,3,16,28,38,27,39,0,39,869.31,19213.98,31,0,847.02,22.29,0.0,0.0,0.0
2026-03-31,3,17,91,174,166,69,30,99,7324.02,374560.74,31,0,5104.62,0.0,0.0,0.0,0.0
2026-03-31,3,18,123,147,116,136,18,154,7196.42,176499.21,31,0,6355.28,0.0,0.0,0.0,0.0
2026-03-31,3,19,133,143,102,170,4,174,2373.36,64408.08,31,0,1950.52,0.0,368.28,0.0,0.0
2026-03-31,3,20,0,334,127,181,26,207,12109.5,205335.0,31,3,10588.5,0.0,0.0,0.0,0.0
2026-03-31,3,21,91,148,137,69,33,102,2180.76,95504.46,31,0,1475.22,0.0,0.0,0.0,0.0
2026-03-31,3,22,126,146,128,144,0,144,2700.0,80943.75,31,0,2700.0,0.0,0.0,0.0,0.0
2026-03-31,3,23,0,297,83,167,47,214,17126.42,370298.81,31,0,13365.01,0.0,0.0,0.0,0.0
2026-03-31,3,24,34,30,49,15,0,15,1216.95,47866.7,31,0,1216.95,0.0,0.0,0.0,0.0
2026-03-31,3,25,128,157,67,218,0,218,2855.8,53893.4,31,0,2056.7,0.0,799.1,0.0,0.0
2026-03-31,3,26,43,290,161,172,0,172,9568.36,225969.06,31,0,9568.36,0.0,0.0,0.0,0.0
2026-03-31,3,27,141,151,169,116,7,123,9681.33,340342.04,31,0,9130.36,0.0,0.0,0.0,0.0
2026-03-31,3,28,161,151,171,120,21,141,1425.51,32817.06,31,0,1213.2,0.0,0.0,0.0,0.0
2026-03-31,3,29,10,342,133,197,22,219,3179.88,43763.28,31,5,2860.44,0.0,0.0,0.0,0.0
2026-03-31,3,30,87,145,133,92,7,99,2964.06,122963.58,31,0,2754.48,0.0,0.0,0.0,0.0
2026-03-31,3,31,162,155,192,118,7,125,2681.25,78657.15,31,1,2531.1,0.0,0.0,0.0,0.0
2026-03-31,3,32,27,37,17,39,8,47,496.32,7856.64,31,0,390.72,0.0,0.0,21.12,0.0
2026-04-30,1,1,66,291,169,166,22,188,14538.04,275913.44,30,0,12836.78,0.0,0.0,0.0,0.0
2026-04-30,1,2,175,0,156,11,8,19,1117.2,167638.8,30,0,0.0,646.8,0.0,0.0,0.0
2026-04-30,1,3,126,153,218,58,3,61,2067.29,89062.92,30,1,1965.62,0.0,0.0,0.0,0.0
2026-04-30,1,4,103,166,210,41,18,59,4612.62,224220.24,30,1,3205.38,0.0,0.0,0.0,0.0
2026-04-30,1,5,84,158,210,32,0,32,179.84,5215.36,30,12,179.84,0.0,0.0,0.0,0.0
2026-04-30,1,6,100,142,98,137,7,144,1589.76,57098.88,30,0,1512.48,0.0,0.0,0.0,0.0
2026-04-30,1,7,77,141,126,50,42,92,5206.28,249448.72,30,0,2829.5,0.0,0.0,0.0,0.0
2026-04-30,1,8,34,0,28,6,0,6,279.3,27930.0,30,0,0.0,279.3,0.0,0.0,0.0
2026-04-30,1,9,64,153,162,55,0,55,562.1,44201.5,30,0,562.1,0.0,0.0,0.0,0.0
2026-04-30,1,10,65,141,65,119,22,141,8957.73,238936.33,30,0,7560.07,0.0,0.0,0.0,0.0
2026-04-30,1,11,82,147,167,62,0,62,3312.66,82816.5,30,7,3312.66,0.0,0.0,0.0,0.0
2026-04-30,1,12,198,0,58,127,13,140,8205.4,301255.4,30,0,0.0,7443.47,0.0,0.0,0.0
2026-04-30,1,13,179,149,150,156,22,178,13029.6,290457.6,30,0,10906.8,512.4,0.0,0.0,0.0
2026-04-30,1,14,100,154,138,102,14,116,6961.16,281626.93,30,0,6121.02,0.0,0.0,0.0,0.0
2026-04-30,1,15,44,142,80,106,0,106,4898.26,150459.76,30,0,4898.26,0.0,0.0,0.0,0.0
2026-04-30,1,16,50,0,24,26,0,26,579.54,23337.63,30,0,0.0,579.54,0.0,0.0,0.0
2026-04-30,1,17,64,170,119,106,9,115,8507.7,276685.2,30,0,7841.88,0.0,0.0,0.0,0.0
2026-04-30,1,18,245,0,211,0,34,34,1588.82,195705.24,30,2,0.0,0.0,0.0,0.0,0.0
2026-04-30,1,19,79,301,221,135,24,159,2168.76,50331.6,30,0,1841.4,0.0,0.0,0.0,0.0
2026-04-30,1,20,212,0,101,111,0,111,6493.5,291915.0,30,0,0.0,6493.5,0.0,0.0,0.0
2026-04-30,1,21,168,145,76,237,0,237,5067.06,109273.18,30,0,3100.1,1966.96,0.0,0.0,0.0
2026-04-30,1,22,71,147,108,110,0,110,2062.5,85200.0,30,0,2062.5,0.0,0.0,0.0,0.0
2026-04-30,1,23,191,147,110,220,8,228,18246.84,355573.29,30,0,11764.41,5842.19,0.0,0.0,0.0
2026-04-30,1,24,110,0,36,74,0,74,6003.62,208909.75,30,0,0.0,0.0,0.0,0.0,6003.62
2026-04-30,1,25,151,156,153,136,18,154,2017.4,43976.7,30,0,1781.6,0.0,0.0,0.0,0.0
2026-04-30,1,26,0,292,154,138,0,138,7676.94,267302.15,30,0,7676.94,0.0,0.0,0.0,0.0
2026-04-30,1,27,112,157,142,124,3,127,9996.17,269424.33,30,0,9760.04,0.0,0.0,0.0,0.0
2026-04-30,1,28,156,149,127,170,8,178,1799.58,39176.25,30,0,1506.39,212.31,0.0,0.0,0.0
2026-04-30,1,29,47,148,120,68,7,75,1089.0,48322.56,30,0,987.36,0.0,0.0,0.0,0.0
2026-04-30,1,30,187,148,201,134,0,134,4011.96,117993.54,30,0,4011.96,0.0,0.0,0.0,0.0
2026-04-30,1,31,159,0,75,84,0,84,1801.8,76383.45,30,0,0.0,1801.8,0.0,0.0,0.0
2026-04-30,1,32,47,0,20,27,0,27,285.12,12566.4,30,0,0.0,285.12,0.0,0.0,0.0
2026-04-30,2,1,296,151,158,133,156,289,22348.37,761159.19,30,0,10284.89,0.0,0.0,0.0,0.0
2026-04-30,2,2,354,159,185,141,187,328,19286.4,530670.0,30,0,8290.8,0.0,0.0,0.0,0.0
2026-04-30,2,3,255,302,174,172,211,383,12979.87,368248.74,30,1,5829.08,0.0,0.0,0.0,0.0
2026-04-30,2,4,290,148,98,92,248,340,26581.2,689078.52,30,0,7192.56,0.0,0.0,0.0,0.0
2026-04-30,2,5,439,141,262,115,203,318,1787.16,59622.58,30,0,646.3,0.0,0.0,0.0,0.0
2026-04-30,2,6,344,169,140,146,227,373,4117.92,87966.72,30,1,1611.84,0.0,0.0,0.0,0.0
2026-04-30,2,7,297,148,207,146,92,238,13468.42,446381.92,30,0,8262.14,0.0,0.0,0.0,0.0
2026-04-30,2,8,48,0,12,36,0,36,1675.8,50274.0,30,0,0.0,0.0,0.0,1675.8,0.0
2026-04-30,2,9,298,180,156,169,153,322,3290.84,71008.56,30,0,1727.18,0.0,0.0,0.0,0.0
2026-04-30,2,10,293,141,200,87,147,234,14866.02,536828.5,30,0,5527.11,0.0,0.0,0.0,0.0
2026-04-30,2,11,243,302,206,195,144,339,18112.77,523774.29,30,0,10418.85,0.0,0.0,0.0,0.0
2026-04-30,2,12,376,142,238,135,145,280,16410.8,548648.21,30,0,7912.35,0.0,0.0,0.0,0.0
2026-04-30,2,13,240,161,161,141,99,240,17568.0,497394.0,30,0,10321.2,0.0,0.0,0.0,0.0
2026-04-30,2,14,279,142,138,145,138,283,16982.83,515905.97,30,0,8521.42,180.03,0.0,0.0,0.0
2026-04-30,2,15,217,154,142,70,159,229,10582.09,364319.64,30,0,3234.7,0.0,0.0,0.0,0.0
2026-04-30,2,16,47,45,27,33,32,65,1448.85,42841.38,30,7,735.57,0.0,0.0,0.0,0.0
2026-04-30,2,17,291,153,153,167,124,291,21528.18,752598.54,30,0,11318.94,1035.72,0.0,0.0,0.0
2026-04-30,2,18,431,146,239,150,188,338,15794.74,487907.93,30,0,6822.58,186.92,0.0,0.0,0.0
2026-04-30,2,19,371,142,179,137,197,334,4555.76,132362.56,30,0,1868.68,0.0,0.0,0.0,0.0
2026-04-30,2,20,352,141,205,65,223,288,16848.0,587340.0,30,0,3802.5,0.0,0.0,0.0,0.0
2026-04-30,2,21,284,151,192,85,158,243,5195.34,192462.76,30,0,1817.3,0.0,0.0,0.0,0.0
2026-04-30,2,22,274,155,168,66,195,261,4893.75,155381.25,30,3,1237.5,0.0,0.0,0.0,0.0
2026-04-30,2,23,361,151,215,104,193,297,23768.91,811504.2,30,0,8323.12,0.0,0.0,0.0,0.0
2026-04-30,2,24,58,30,17,55,16,71,5760.23,185868.83,30,0,2433.9,0.0,2028.25,0.0,0.0
2026-04-30,2,25,374,143,177,117,223,340,4454.0,108468.0,30,0,1532.7,0.0,0.0,0.0,0.0
2026-04-30,2,26,380,0,177,123,80,203,11292.89,492158.61,30,0,0.0,6842.49,0.0,0.0,0.0
2026-04-30,2,27,215,143,114,14,230,244,19205.24,698157.7,30,0,1101.94,0.0,0.0,0.0,0.0
2026-04-30,2,28,379,142,163,199,159,358,3619.38,92162.76,30,0,1435.62,576.27,0.0,0.0,0.0
2026-04-30,2,29,302,154,143,141,172,313,4544.76,143501.16,30,0,2047.32,0.0,0.0,0.0,0.0
2026-04-30,2,30,324,141,131,166,168,334,9999.96,288561.72,30,0,4221.54,748.5,0.0,0.0,0.0
2026-04-30,2,31,393,146,227,97,215,312,6692.4,245109.15,30,0,2080.65,0.0,0.0,0.0,0.0
2026-04-30,2,32,26,31,0,38,19,57,601.92,11837.76,30,0,327.36,0.0,0.0,73.92,0.0
2026-04-30,3,1,203,151,177,177,0,177,13687.41,301973.65,30,0,13687.41,0.0,0.0,0.0,0.0
2026-04-30,3,2,54,141,150,45,0,45,2646.0,238669.2,30,0,2646.0,0.0,0.0,0.0,0.0
2026-04-30,3,3,155,146,125,176,0,176,5964.64,131459.31,30,0,4947.94,1016.7,0.0,0.0,0.0
2026-04-30,3,4,153,0,27,126,0,126,9850.68,336643.08,30,0,0.0,9850.68,0.0,0.0,0.0
2026-04-30,3,5,53,303,261,62,33,95,533.9,16517.18,30,1,348.44,0.0,0.0,0.0,0.0
2026-04-30,3,6,103,147,138,101,11,112,1236.48,41698.08,30,0,1115.04,0.0,0.0,0.0,0.0
2026-04-30,3,7,149,148,132,165,0,165,9337.35,247637.84,30,0,8375.32,962.03,0.0,0.0,0.0
2026-04-30,3,8,56,0,34,22,0,22,1024.1,43105.3,30,0,0.0,1024.1,0.0,0.0,0.0
2026-04-30,3,9,179,141,138,182,0,182,1860.04,38539.62,30,0,1441.02,419.02,0.0,0.0,0.0
2026-04-30,3,10,159,157,159,139,18,157,9974.21,203359.53,30,1,8830.67,0.0,0.0,0.0,0.0
2026-04-30,3,11,147,170,166,151,0,151,8067.93,151794.63,30,5,8067.93,0.0,0.0,0.0,0.0
2026-04-30,3,12,186,145,159,148,24,172,10080.92,252257.44,30,0,8498.45,175.83,0.0,0.0,0.0
2026-04-30,3,13,145,149,136,148,10,158,11565.6,333133.2,30,0,10833.6,0.0,0.0,0.0,0.0
2026-04-30,3,14,86,143,77,101,51,152,9121.52,323753.95,30,0,6061.01,0.0,0.0,0.0,0.0
2026-04-30,3,15,145,163,145,122,41,163,7532.23,141910.91,30,1,5637.62,0.0,0.0,0.0,0.0
2026-04-30,3,16,39,0,0,39,0,39,869.31,26079.3,30,0,0.0,847.02,22.29,0.0,0.0
2026-04-30,3,17,99,191,155,107,28,135,9987.3,141671.7,30,7,7915.86,0.0,0.0,0.0,0.0
2026-04-30,3,18,154,143,157,116,24,140,6542.2,159910.06,30,0,5420.68,0.0,0.0,0.0,0.0
2026-04-30,3,19,174,0,90,50,34,84,1145.76,55773.96,30,0,0.0,682.0,0.0,0.0,0.0
2026-04-30,3,20,207,157,181,176,7,183,10705.5,226804.5,30,0,9184.5,1111.5,0.0,0.0,0.0
2026-04-30,3,21,102,149,143,53,55,108,2309.04,68480.14,30,0,1133.14,0.0,0.0,0.0,0.0
2026-04-30,3,22,144,148,116,151,25,176,3300.0,81543.75,30,0,2775.0,56.25,0.0,0.0,0.0
2026-04-30,3,23,214,171,139,226,20,246,19687.38,334925.55,30,0,13685.13,4401.65,0.0,0.0,0.0
2026-04-30,3,24,15,38,0,53,0,53,4299.89,113582.0,30,0,3082.94,1216.95,0.0,0.0,0.0
2026-04-30,3,25,218,0,69,130,19,149,1951.9,72429.9,30,0,0.0,1703.0,0.0,0.0,0.0
2026-04-30,3,26,172,146,160,150,8,158,8789.54,185859.83,30,0,8121.98,222.52,0.0,0.0,0.0
2026-04-30,3,27,123,0,109,3,11,14,1101.94,224717.05,30,0,0.0,236.13,0.0,0.0,0.0
2026-04-30,3,28,141,0,81,35,25,60,606.6,29339.22,30,0,0.0,353.85,0.0,0.0,0.0
2026-04-30,3,29,219,159,191,187,0,187,2715.24,60214.44,30,0,2308.68,406.56,0.0,0.0,0.0
2026-04-30,3,30,99,142,140,61,40,101,3023.94,118742.04,30,0,1826.34,0.0,0.0,0.0,0.0
2026-04-30,3,31,125,156,118,149,14,163,3496.35,76769.55,30,0,3196.05,0.0,0.0,0.0,0.0
2026-04-30,3,32,47,0,15,32,0,32,337.92,11183.04,30,0,337.92,0.0,0.0,0.0,0.0
2026-05-31,1,1,188,0,143,39,6,45,3479.85,280089.26,31,0,0.0,3015.87,0.0,0.0,0.0
2026-05-31,1,2,19,303,84,238,0,238,13994.4,248312.4,31,0,13994.4,0.0,0.0,0.0,0.0
2026-05-31,1,3,61,189,165,66,19,85,2880.65,84114.98,31,0,2236.74,0.0,0.0,0.0,0.0
2026-05-31,1,4,59,158,109,79,29,108,8443.44,318583.5,31,0,6176.22,0.0,0.0,0.0,0.0
2026-05-31,1,5,32,214,102,122,22,144,809.28,14229.84,31,6,685.64,0.0,0.0,0.0,0.0
2026-05-31,1,6,144,183,141,186,0,186,2053.44,35405.28,31,0,2020.32,33.12,0.0,0.0,0.0
2026-05-31,1,7,92,142,79,155,0,155,8771.45,244016.08,31,0,8035.78,735.67,0.0,0.0,0.0
2026-05-31,1,8,6,41,30,17,0,17,791.35,28442.05,31,1,791.35,0.0,0.0,0.0,0.0
2026-05-31,1,9,55,160,97,102,16,118,1205.96,51355.5,31,0,1042.44,0.0,0.0,0.0,0.0
2026-05-31,1,10,141,151,146,127,19,146,9275.38,241477.53,31,0,8068.31,0.0,0.0,0.0,0.0
2026-05-31,1,11,62,142,126,78,0,78,4167.54,236107.17,31,0,4167.54,0.0,0.0,0.0,0.0
2026-05-31,1,12,140,148,178,69,41,110,6447.1,197984.58,31,0,4044.09,0.0,0.0,0.0,0.0
2026-05-31,1,13,178,148,204,122,0,122,8930.4,255248.4,31,0,8930.4,0.0,0.0,0.0,0.0
2026-05-31,1,14,116,151,221,19,27,46,2760.46,179789.96,31,0,1140.19,0.0,0.0,0.0,0.0
2026-05-31,1,15,106,143,138,111,0,111,5129.31,170838.37,31,0,5129.31,0.0,0.0,0.0,0.0
2026-05-31,1,16,26,31,7,50,0,50,1114.5,28263.72,31,0,690.99,0.0,423.51,0.0,0.0
2026-05-31,1,17,115,156,75,189,7,196,14500.08,360282.6,31,0,11540.88,2441.34,0.0,0.0,0.0
2026-05-31,1,18,34,150,177,0,7,7,327.11,88413.16,31,4,0.0,0.0,0.0,0.0,0.0
2026-05-31,1,19,159,145,99,198,7,205,2796.2,50140.64,31,0,1977.8,722.92,0.0,0.0,0.0
2026-05-31,1,20,111,159,108,147,15,162,9477.0,323797.5,31,0,8599.5,0.0,0.0,0.0,0.0
2026-05-31,1,21,237,0,96,141,0,141,3014.58,126505.46,31,0,0.0,3014.58,0.0,0.0,0.0
2026-05-31,1,22,110,141,114,125,12,137,2568.75,81450.0,31,0,2343.75,0.0,0.0,0.0,0.0
2026-05-31,1,23,228,0,66,148,14,162,12964.86,467855.38,31,0,0.0,11764.41,80.03,0.0,0.0
2026-05-31,1,24,74,0,27,47,0,47,3813.11,157229.94,31,0,0.0,0.0,0.0,0.0,3813.11
2026-05-31,1,25,154,156,111,190,9,199,2606.9,46845.6,31,0,2043.6,445.4,0.0,0.0,0.0
2026-05-31,1,26,138,144,113,103,66,169,9401.47,228973.08,31,0,5729.89,0.0,0.0,0.0,0.0
2026-05-31,1,27,127,167,186,108,0,108,8500.68,254469.43,31,4,8500.68,0.0,0.0,0.0,0.0
2026-05-31,1,28,178,0,136,26,16,42,424.62,40642.2,31,0,0.0,262.86,0.0,0.0,0.0
2026-05-31,1,29,75,288,186,177,0,177,2570.04,66762.96,31,0,2570.04,0.0,0.0,0.0,0.0
2026-05-31,1,30,134,145,137,126,16,142,4251.48,115927.68,31,0,3772.44,0.0,0.0,0.0,0.0
2026-05-31,1,31,84,151,138,76,21,97,2080.65,91269.75,31,0,1630.2,0.0,0.0,0.0,0.0
2026-05-31,1,32,27,0,0,27,0,27,285.12,8838.72,31,0,0.0,0.0,285.12,0.0,0.0
2026-05-31,2,1,289,0,156,47,86,133,10284.89,466377.23,31,0,0.0,3634.51,0.0,0.0,0.0
2026-05-31,2,2,328,0,187,30,111,141,8290.8,398017.2,31,0,0.0,1764.0,0.0,0.0,0.0
2026-05-31,2,3,383,0,211,13,159,172,5829.08,264511.45,31,0,0.0,440.57,0.0,0.0,0.0
2026-05-31,2,4,340,290,248,158,224,382,29864.76,828317.1,31,0,12352.44,0.0,0.0,0.0,0.0
2026-05-31,2,5,318,150,222,106,140,246,1382.52,49725.76,31,0,595.72,0.0,0.0,0.0,0.0
2026-05-31,2,6,373,146,227,122,170,292,3223.68,100982.88,31,1,1346.88,0.0,0.0,0.0,0.0
2026-05-31,2,7,238,155,92,180,121,301,17033.59,373833.54,31,0,8771.45,1414.75,0.0,0.0,0.0
2026-05-31,2,8,36,0,6,30,0,30,1396.5,51111.9,31,0,0.0,0.0,0.0,1396.5,0.0
2026-05-31,2,9,322,150,153,103,216,319,3260.18,103160.68,31,2,1052.66,0.0,0.0,0.0,0.0
2026-05-31,2,10,234,147,157,94,130,224,14230.72,542546.2,31,0,5971.82,0.0,0.0,0.0,0.0
2026-05-31,2,11,339,149,144,173,171,344,18379.92,452712.39,31,0,7961.07,1282.32,0.0,0.0,0.0
2026-05-31,2,12,280,155,145,158,132,290,16996.9,480367.56,31,0,9084.55,175.83,0.0,0.0,0.0
2026-05-31,2,13,240,160,99,116,185,301,22033.2,628788.0,31,0,8491.2,0.0,0.0,0.0,0.0
2026-05-31,2,14,283,158,138,148,155,303,18183.03,430991.82,31,0,8881.48,0.0,0.0,0.0,0.0
2026-05-31,2,15,229,150,159,112,108,220,10166.2,298562.81,31,0,5175.52,0.0,0.0,0.0,0.0
2026-05-31,2,16,65,38,32,5,66,71,1582.59,45382.44,31,0,111.45,0.0,0.0,0.0,0.0
2026-05-31,2,17,291,0,124,47,120,167,12354.66,523778.4,31,0,0.0,3477.06,0.0,0.0,0.0
2026-05-31,2,18,338,145,209,125,149,274,12804.02,433280.56,31,0,5841.25,0.0,0.0,0.0,0.0
2026-05-31,2,19,334,171,197,123,185,308,4201.12,125624.4,31,0,1677.72,0.0,0.0,0.0,0.0
2026-05-31,2,20,288,153,235,73,133,206,12051.0,474435.0,31,2,4270.5,0.0,0.0,0.0,0.0
2026-05-31,2,21,243,159,158,92,152,244,5216.72,195156.64,31,0,1966.96,0.0,0.0,0.0,0.0
2026-05-31,2,22,261,147,195,30,183,213,3993.75,149587.5,31,0,562.5,0.0,0.0,0.0,0.0
2026-05-31,2,23,297,150,193,141,113,254,20327.62,693299.89,31,0,11284.23,0.0,0.0,0.0,0.0
2026-05-31,2,24,71,0,16,35,20,55,4462.15,161854.35,31,0,0.0,2433.9,0.0,405.65,0.0
2026-05-31,2,25,340,295,223,190,222,412,5397.2,120297.3,31,3,2489.0,0.0,0.0,0.0,0.0
2026-05-31,2,26,203,142,80,69,196,265,14741.95,425346.98,31,0,3838.47,0.0,0.0,0.0,0.0
2026-05-31,2,27,244,288,230,209,93,302,23770.42,760574.73,31,0,16450.39,0.0,0.0,0.0,0.0
2026-05-31,2,28,358,0,159,64,135,199,2011.89,85207.08,31,0,0.0,647.04,0.0,0.0,0.0
2026-05-31,2,29,313,147,172,134,154,288,4181.76,120719.28,31,0,1945.68,0.0,0.0,0.0,0.0
2026-05-31,2,30,334,149,168,181,134,315,9431.1,259070.82,31,0,4461.06,958.08,0.0,0.0,0.0
2026-05-31,2,31,312,143,215,144,96,240,5148.0,202466.55,31,0,3067.35,21.45,0.0,0.0,0.0
2026-05-31,2,32,57,30,19,9,59,68,718.08,22176.0,31,0,95.04,0.0,0.0,0.0,0.0
2026-05-31,3,1,177,0,126,48,3,51,3943.83,257972.88,31,0,0.0,3711.84,0.0,0.0,0.0
2026-05-31,3,2,45,146,150,36,5,41,2410.8,193275.6,31,0,2116.8,0.0,0.0,0.0,0.0
2026-05-31,3,3,176,0,146,0,30,30,1016.7,124511.86,31,2,0.0,0.0,0.0,0.0,0.0
2026-05-31,3,4,126,144,139,127,4,131,10241.58,265968.36,31,0,9928.86,0.0,0.0,0.0,0.0
2026-05-31,3,5,95,148,130,84,29,113,635.06,20406.22,31,0,472.08,0.0,0.0,0.0,0.0
2026-05-31,3,6,112,153,155,96,14,110,1214.4,40748.64,31,0,1059.84,0.0,0.0,0.0,0.0
2026-05-31,3,7,165,151,113,203,0,203,11487.77,269707.94,31,0,8545.09,2942.68,0.0,0.0,0.0
2026-05-31,3,8,22,34,22,34,0,34,1582.7,39195.1,31,4,1582.7,0.0,0.0,0.0,0.0
2026-05-31,3,9,182,149,173,153,5,158,1614.76,39469.64,31,0,1522.78,40.88,0.0,0.0,0.0
2026-05-31,3,10,157,156,116,131,66,197,12515.41,224133.84,31,0,8322.43,0.0,0.0,0.0,0.0
2026-05-31,3,11,151,0,102,44,5,49,2618.07,163656.09,31,0,0.0,2350.92,0.0,0.0,0.0
2026-05-31,3,12,172,143,105,183,27,210,12308.1,270602.37,31,0,8381.23,2344.4,0.0,0.0,0.0
2026-05-31,3,13,158,0,155,0,3,3,219.6,199836.0,31,1,0.0,0.0,0.0,0.0,0.0
2026-05-31,3,14,152,159,167,134,10,144,8641.44,265664.27,31,0,8041.34,0.0,0.0,0.0,0.0
2026-05-31,3,15,163,161,191,102,31,133,6145.93,154526.24,31,1,4713.42,0.0,0.0,0.0,0.0
2026-05-31,3,16,39,0,18,21,0,21,468.09,16516.89,31,0,0.0,0.0,468.09,0.0,0.0
2026-05-31,3,17,135,142,162,106,9,115,8507.7,334537.56,31,0,7841.88,0.0,0.0,0.0,0.0
2026-05-31,3,18,140,145,179,88,18,106,4953.38,209116.75,31,0,4112.24,0.0,0.0,0.0,0.0
2026-05-31,3,19,84,168,141,111,0,111,1514.04,59811.4,31,0,1514.04,0.0,0.0,0.0,0.0
2026-05-31,3,20,183,155,114,224,0,224,13104.0,289107.0,31,0,9067.5,4036.5,0.0,0.0,0.0
2026-05-31,3,21,108,141,115,134,0,134,2864.92,67347.0,31,0,2864.92,0.0,0.0,0.0,0.0
2026-05-31,3,22,176,147,155,168,0,168,3150.0,78056.25,31,0,2756.25,393.75,0.0,0.0,0.0
2026-05-31,3,23,246,0,122,124,0,124,9923.72,439604.79,31,0,0.0,9923.72,0.0,0.0,0.0
2026-05-31,3,24,53,0,0,53,0,53,4299.89,133296.59,31,0,0.0,3082.94,1216.95,0.0,0.0
2026-05-31,3,25,149,151,150,139,11,150,1965.0,47291.0,31,0,1820.9,0.0,0.0,0.0,0.0
2026-05-31,3,26,158,153,139,172,0,172,9568.36,220350.43,31,0,8511.39,1056.97,0.0,0.0,0.0
2026-05-31,3,27,14,343,213,144,0,144,11334.24,283356.0,31,3,11334.24,0.0,0.0,0.0,0.0
2026-05-31,3,28,60,291,179,172,0,172,1738.92,51975.51,31,0,1738.92,0.0,0.0,0.0,0.0
2026-05-31,3,29,187,0,63,115,9,124,1800.48,65528.76,31,0,0.0,1669.8,0.0,0.0,0.0
2026-05-31,3,30,101,163,197,46,21,67,2005.98,81197.28,31,1,1377.24,0.0,0.0,0.0,0.0
2026-05-31,3,31,163,0,73,74,16,90,1930.5,77284.35,31,0,0.0,1587.3,0.0,0.0,0.0
2026-05-31,3,32,32,0,14,18,0,18,190.08,6927.36,31,0,0.0,0.0,190.08,0.0,0.0
2026-06-30,1,1,45,152,139,55,3,58,4485.14,312258.54,30,0,4253.15,0.0,0.0,0.0,0.0
2026-06-30,1,2,238,0,92,143,3,146,8584.8,332690.4,30,0,0.0,8408.4,0.0,0.0,0.0
2026-06-30,1,3,85,326,233,146,32,178,6032.42,56020.17,30,9,4947.94,0.0,0.0,0.0,0.0
2026-06-30,1,4,108,155,165,61,37,98,7661.64,326323.32,30,0,4768.98,0.0,0.0,0.0,0.0
2026-06-30,1,5,144,143,195,92,0,92,517.04,23143.16,30,0,517.04,0.0,0.0,0.0,0.0
2026-06-30,1,6,186,0,58,108,20,128,1413.12,54372.0,30,0,0.0,1192.32,0.0,0.0,0.0
2026-06-30,1,7,155,0,84,71,0,71,4017.89,179899.61,30,0,0.0,4017.89,0.0,0.0,0.0
2026-06-30,1,8,17,30,17,25,5,30,1396.5,55161.75,30,0,1163.75,0.0,0.0,0.0,0.0
2026-06-30,1,9,118,157,119,119,37,156,1594.32,33531.82,30,0,1216.18,0.0,0.0,0.0,0.0
2026-06-30,1,10,146,142,122,166,0,166,10545.98,228136.23,30,0,9021.26,1524.72,0.0,0.0,0.0
2026-06-30,1,11,78,151,112,100,17,117,6251.31,145917.33,30,0,5343.0,0.0,0.0,0.0,0.0
2026-06-30,1,12,110,144,153,67,34,101,5919.61,207186.35,30,0,3926.87,0.0,0.0,0.0,0.0
2026-06-30,1,13,122,160,234,0,48,48,3513.6,125391.6,30,9,0.0,0.0,0.0,0.0,0.0
2026-06-30,1,14,46,155,105,88,8,96,5760.96,221796.96,30,0,5280.88,0.0,0.0,0.0,0.0
2026-06-30,1,15,111,147,147,111,0,111,5129.31,162566.78,30,0,5129.31,0.0,0.0,0.0,0.0
2026-06-30,1,16,50,0,25,25,0,25,557.25,25321.44,30,0,0.0,557.25,0.0,0.0,0.0
2026-06-30,1,17,196,142,131,207,0,207,15313.86,378037.8,30,0,10505.16,4808.7,0.0,0.0,0.0
2026-06-30,1,18,7,321,146,182,0,182,8504.86,116731.54,30,6,8504.86,0.0,0.0,0.0,0.0
2026-06-30,1,19,205,141,131,191,24,215,2932.6,62744.0,30,0,1923.24,682.0,0.0,0.0,0.0
2026-06-30,1,20,162,153,165,144,6,150,8775.0,323563.5,30,0,8424.0,0.0,0.0,0.0,0.0
2026-06-30,1,21,141,149,141,94,55,149,3185.62,38120.54,30,4,2009.72,0.0,0.0,0.0,0.0
2026-06-30,1,22,137,146,155,123,5,128,2400.0,74868.75,30,0,2306.25,0.0,0.0,0.0,0.0
2026-06-30,1,23,162,159,185,136,0,136,10884.08,393347.45,30,0,10884.08,0.0,0.0,0.0,0.0
2026-06-30,1,24,47,0,23,24,0,24,1947.12,99546.51,30,0,0.0,0.0,0.0,0.0,1947.12
2026-06-30,1,25,199,158,178,132,47,179,2344.9,56225.2,30,0,1729.2,0.0,0.0,0.0,0.0
2026-06-30,1,26,169,153,221,101,0,101,5618.63,204328.99,30,0,5618.63,0.0,0.0,0.0,0.0
2026-06-30,1,27,108,144,202,50,0,50,3935.5,233532.57,30,0,3935.5,0.0,0.0,0.0,0.0
2026-06-30,1,28,42,297,122,217,0,217,2193.87,42654.09,30,0,2193.87,0.0,0.0,0.0,0.0
2026-06-30,1,29,177,143,103,217,0,217,3150.84,46188.12,30,0,2076.36,1074.48,0.0,0.0,0.0
2026-06-30,1,30,142,151,127,166,0,166,4970.04,117903.72,30,0,4520.94,449.1,0.0,0.0,0.0
2026-06-30,1,31,97,142,161,54,24,78,1673.1,85499.7,30,0,1158.3,0.0,0.0,0.0,0.0
2026-06-30,1,32,27,0,8,19,0,19,200.64,7539.84,30,0,0.0,0.0,0.0,200.64,0.0
2026-06-30,2,1,133,291,111,182,131,313,24204.29,405286.53,30,4,14074.06,0.0,0.0,0.0,0.0
2026-06-30,2,2,141,299,138,143,159,302,17757.6,497624.4,30,0,8408.4,0.0,0.0,0.0,0.0
2026-06-30,2,3,172,316,220,193,75,268,9082.52,279592.5,30,2,6540.77,0.0,0.0,0.0,0.0
2026-06-30,2,4,382,150,259,125,148,273,21343.14,647721.3,30,0,9772.5,0.0,0.0,0.0,0.0
2026-06-30,2,5,246,147,150,138,105,243,1365.66,43217.8,30,0,775.56,0.0,0.0,0.0,0.0
2026-06-30,2,6,292,143,205,103,127,230,2539.2,81508.32,30,0,1137.12,0.0,0.0,0.0,0.0
2026-06-30,2,7,301,141,141,148,153,301,17033.59,468395.43,30,0,7979.19,396.13,0.0,0.0,0.0
2026-06-30,2,8,30,0,0,15,15,30,1396.5,41895.0,30,0,0.0,0.0,0.0,698.25,0.0
2026-06-30,2,9,319,143,268,107,87,194,1982.68,78581.58,30,0,1093.54,0.0,0.0,0.0,0.0
2026-06-30,2,10,224,154,160,137,81,218,13849.54,407799.07,30,0,8703.61,0.0,0.0,0.0,0.0
2026-06-30,2,11,344,147,252,66,173,239,12769.77,495509.82,30,0,3526.38,0.0,0.0,0.0,0.0
2026-06-30,2,12,290,147,148,203,86,289,16938.29,427149.68,30,0,8615.67,3282.16,0.0,0.0,0.0
2026-06-30,2,13,301,142,198,79,166,245,17934.0,545925.6,30,0,5782.8,0.0,0.0,0.0,0.0
2026-06-30,2,14,303,146,196,64,189,253,15182.53,477559.58,30,0,3840.64,0.0,0.0,0.0,0.0
2026-06-30,2,15,220,142,124,123,115,238,10997.98,307065.45,30,0,5683.83,0.0,0.0,0.0,0.0
2026-06-30,2,16,71,40,66,45,0,45,1003.05,31317.45,30,0,891.6,111.45,0.0,0.0,0.0
2026-06-30,2,17,167,145,181,0,131,131,9691.38,469920.96,30,9,0.0,0.0,0.0,0.0,0.0
2026-06-30,2,18,274,0,174,20,80,100,4673.0,279445.4,30,0,0.0,934.6,0.0,0.0,0.0
2026-06-30,2,19,308,155,211,27,225,252,3437.28,108547.12,30,1,368.28,0.0,0.0,0.0,0.0
2026-06-30,2,20,206,159,153,73,139,212,12402.0,414414.0,30,0,4270.5,0.0,0.0,0.0,0.0
2026-06-30,2,21,244,143,207,67,113,180,3848.4,145277.1,30,0,1432.46,0.0,0.0,0.0,0.0
2026-06-30,2,22,213,283,187,94,215,309,5793.75,148781.25,30,2,1762.5,0.0,0.0,0.0,0.0
2026-06-30,2,23,254,156,126,199,85,284,22728.52,541883.13,30,0,12484.68,3441.29,0.0,0.0,0.0
2026-06-30,2,24,55,36,20,61,10,71,5760.23,136785.18,30,0,2920.68,0.0,2028.25,0.0,0.0
2026-06-30,2,25,412,0,244,109,59,168,2200.8,112948.2,30,0,0.0,1427.9,0.0,0.0,0.0
2026-06-30,2,26,265,148,224,38,151,189,10514.07,408602.35,30,0,2113.94,0.0,0.0,0.0,0.0
2026-06-30,2,27,302,0,100,18,184,202,15899.42,567735.23,30,0,0.0,1416.78,0.0,0.0,0.0
2026-06-30,2,28,199,170,135,133,101,234,2365.74,82072.98,30,0,1344.63,0.0,0.0,0.0,0.0
2026-06-30,2,29,288,142,170,156,104,260,3775.2,97835.76,30,0,2061.84,203.28,0.0,0.0,0.0
2026-06-30,2,30,315,166,192,203,86,289,8652.66,200687.82,30,0,4970.04,1107.78,0.0,0.0,0.0
2026-06-30,2,31,240,169,157,117,135,252,5405.4,139425.0,30,8,2509.65,0.0,0.0,0.0,0.0
2026-06-30,2,32,68,38,59,23,24,47,496.32,22038.72,30,0,242.88,0.0,0.0,0.0,0.0
2026-06-30,3,1,51,319,162,202,6,208,16084.64,324322.02,30,0,15620.66,0.0,0.0,0.0,0.0
2026-06-30,3,2,41,170,118,76,17,93,5468.4,194040.0,30,2,4468.8,0.0,0.0,0.0,0.0
2026-06-30,3,3,30,324,174,144,36,180,6100.2,129629.25,30,2,4880.16,0.0,0.0,0.0,0.0
2026-06-30,3,4,131,173,127,155,22,177,13837.86,325541.52,30,0,12117.9,0.0,0.0,0.0,0.0
2026-06-30,3,5,113,147,246,8,6,14,78.68,17984.0,30,0,44.96,0.0,0.0,0.0,0.0
2026-06-30,3,6,110,145,144,106,5,111,1225.44,50397.6,30,0,1170.24,0.0,0.0,0.0,0.0
2026-06-30,3,7,203,0,100,93,10,103,5828.77,261445.8,30,0,0.0,5262.87,0.0,0.0,0.0
2026-06-30,3,8,34,37,57,0,14,14,651.7,27557.6,30,1,0.0,0.0,0.0,0.0,0.0
2026-06-30,3,9,158,0,35,106,17,123,1257.06,42964.88,30,0,0.0,1083.32,0.0,0.0,0.0
2026-06-30,3,10,197,145,208,122,12,134,8513.02,256597.67,30,0,7750.66,0.0,0.0,0.0,0.0
2026-06-30,3,11,49,303,145,195,12,207,11060.01,225260.88,30,0,10418.85,0.0,0.0,0.0,0.0
2026-06-30,3,12,210,0,126,84,0,84,4923.24,243700.38,30,0,0.0,4923.24,0.0,0.0,0.0
2026-06-30,3,13,3,295,146,152,0,152,11126.4,294337.2,30,2,11126.4,0.0,0.0,0.0,0.0
2026-06-30,3,14,144,147,103,115,73,188,11281.88,234939.15,30,0,6901.15,0.0,0.0,0.0,0.0
2026-06-30,3,15,133,145,160,107,11,118,5452.78,175505.58,30,0,4944.47,0.0,0.0,0.0,0.0
2026-06-30,3,16,21,0,0,21,0,21,468.09,14042.7,30,0,0.0,0.0,0.0,468.09,0.0
2026-06-30,3,17,115,153,115,119,34,153,11318.94,150327.36,30,2,8803.62,0.0,0.0,0.0,0.0
2026-06-30,3,18,106,142,80,139,29,168,7850.64,225846.09,30,0,6495.47,0.0,0.0,0.0,0.0
2026-06-30,3,19,111,144,130,125,0,125,1705.0,60629.8,30,0,1705.0,0.0,0.0,0.0,0.0
2026-06-30,3,20,224,0,220,0,4,4,234.0,218322.0,30,2,0.0,0.0,0.0,0.0,0.0
2026-06-30,3,21,134,144,59,219,0,219,4682.22,160884.5,30,0,3078.72,1603.5,0.0,0.0,0.0
2026-06-30,3,22,168,146,93,221,0,221,4143.75,66487.5,30,0,2737.5,1406.25,0.0,0.0,0.0
2026-06-30,3,23,124,158,164,82,36,118,9443.54,337006.33,30,0,6562.46,0.0,0.0,0.0,0.0
2026-06-30,3,24,53,0,13,40,0,40,3245.2,107091.6,30,0,0.0,0.0,3082.94,162.26,0.0
2026-06-30,3,25,150,147,137,136,24,160,2096.0,51980.8,30,0,1781.6,0.0,0.0,0.0,0.0
2026-06-30,3,26,172,154,144,182,0,182,10124.66,215009.95,30,0,8567.02,1557.64,0.0,0.0,0.0
2026-06-30,3,27,144,143,97,190,0,190,14954.9,291148.29,30,0,11255.53,3699.37,0.0,0.0,0.0
2026-06-30,3,28,172,146,137,181,0,181,1829.91,31047.81,30,0,1476.06,353.85,0.0,0.0,0.0
2026-06-30,3,29,124,0,68,41,15,56,813.12,41207.76,30,0,0.0,0.0,595.32,0.0,0.0
2026-06-30,3,30,67,145,162,18,32,50,1497.0,118801.92,30,0,538.92,0.0,0.0,0.0,0.0
2026-06-30,3,31,90,288,217,141,20,161,3453.45,76362.0,30,2,3024.45,0.0,0.0,0.0,0.0
2026-06-30,3,32,18,47,21,26,18,44,464.64,7920.0,30,9,274.56,0.0,0.0,0.0,0.0
2026-07-31,1,1,58,306,159,189,16,205,15852.65,334452.25,31,0,14615.37,0.0,0.0,0.0,0.0
2026-07-31,1,2,146,144,186,104,0,104,6115.2,188218.8,31,0,6115.2,0.0,0.0,0.0,0.0
2026-07-31,1,3,178,155,144,189,0,189,6405.21,131696.54,31,0,5252.95,1152.26,0.0,0.0,0.0
2026-07-31,1,4,98,149,172,54,21,75,5863.5,333124.98,31,0,4221.72,0.0,0.0,0.0,0.0
2026-07-31,1,5,92,145,98,124,15,139,781.18,27217.66,31,0,696.88,0.0,0.0,0.0,0.0
2026-07-31,1,6,128,146,170,89,15,104,1148.16,31331.52,31,1,982.56,0.0,0.0,0.0,0.0
2026-07-31,1,7,71,294,179,167,19,186,10525.74,280346.86,31,0,9450.53,0.0,0.0,0.0,0.0
2026-07-31,1,8,30,31,5,56,0,56,2606.8,60608.1,31,0,1443.05,1163.75,0.0,0.0,0.0
2026-07-31,1,9,156,143,126,165,8,173,1768.06,49321.72,31,0,1461.46,224.84,0.0,0.0,0.0
2026-07-31,1,10,166,0,89,64,13,77,4891.81,251832.92,31,0,0.0,4065.92,0.0,0.0,0.0
2026-07-31,1,11,117,141,164,81,13,94,5022.42,189195.63,31,0,4327.83,0.0,0.0,0.0,0.0
2026-07-31,1,12,101,162,215,28,20,48,2813.28,174423.36,31,0,1641.08,0.0,0.0,0.0,0.0
2026-07-31,1,13,48,313,200,151,10,161,11785.2,222528.0,31,3,11053.2,0.0,0.0,0.0,0.0
2026-07-31,1,14,96,141,77,160,0,160,9601.6,338156.35,31,0,8461.41,1140.19,0.0,0.0,0.0
2026-07-31,1,15,111,150,159,90,12,102,4713.42,198795.42,31,0,4158.9,0.0,0.0,0.0,0.0
2026-07-31,1,16,25,45,20,50,0,50,1114.5,14265.6,31,0,1003.05,0.0,111.45,0.0,0.0
2026-07-31,1,17,207,0,130,77,0,77,5696.46,351922.86,31,0,0.0,5696.46,0.0,0.0,0.0
2026-07-31,1,18,182,0,140,28,14,42,1962.66,192667.79,31,0,0.0,1308.44,0.0,0.0,0.0
2026-07-31,1,19,215,145,142,208,10,218,2973.52,60084.2,31,0,1977.8,859.32,0.0,0.0,0.0
2026-07-31,1,20,150,161,135,134,42,176,10296.0,210132.0,31,0,7839.0,0.0,0.0,0.0,0.0
2026-07-31,1,21,149,143,162,111,19,130,2779.4,94371.32,31,0,2373.18,0.0,0.0,0.0,0.0
2026-07-31,1,22,128,142,135,131,4,135,2531.25,47906.25,31,4,2456.25,0.0,0.0,0.0,0.0
2026-07-31,1,23,136,152,246,0,42,42,3361.26,189511.04,31,4,0.0,0.0,0.0,0.0,0.0
2026-07-31,1,24,24,40,20,44,0,44,3569.72,83077.12,31,0,3245.2,0.0,0.0,0.0,324.52
2026-07-31,1,25,179,146,170,155,0,155,2030.5,60928.1,31,0,1912.6,117.9,0.0,0.0,0.0
2026-07-31,1,26,101,143,153,65,26,91,5062.33,160325.66,31,0,3615.95,0.0,0.0,0.0,0.0
2026-07-31,1,27,50,284,153,161,20,181,14246.51,293273.46,31,0,12672.31,0.0,0.0,0.0,0.0
2026-07-31,1,28,217,0,137,77,3,80,808.8,45596.1,31,0,0.0,778.47,0.0,0.0,0.0
2026-07-31,1,29,217,0,99,102,16,118,1713.36,71583.6,31,0,0.0,1481.04,0.0,0.0,0.0
2026-07-31,1,30,166,0,85,49,32,81,2425.14,130718.04,31,0,0.0,1467.06,0.0,0.0,0.0
2026-07-31,1,31,78,164,102,124,16,140,3003.0,102766.95,31,0,2659.8,0.0,0.0,0.0,0.0
2026-07-31,1,32,19,82,54,34,13,47,496.32,6526.08,31,7,359.04,0.0,0.0,0.0,0.0
2026-07-31,2,1,313,0,164,48,101,149,11522.17,532030.4,31,0,0.0,3711.84,0.0,0.0,0.0
2026-07-31,2,2,302,151,243,75,135,210,12348.0,389197.2,31,0,4410.0,0.0,0.0,0.0,0.0
2026-07-31,2,3,268,167,138,164,133,297,10065.33,227469.68,31,0,5557.96,0.0,0.0,0.0,0.0
2026-07-31,2,4,273,151,260,41,123,164,12821.52,585724.56,31,0,3205.38,0.0,0.0,0.0,0.0
2026-07-31,2,5,243,152,174,155,66,221,1242.02,36389.5,31,0,854.24,16.86,0.0,0.0,0.0
2026-07-31,2,6,230,151,197,109,75,184,2031.36,80139.36,31,0,1203.36,0.0,0.0,0.0,0.0
2026-07-31,2,7,301,147,195,170,83,253,14317.27,398167.24,31,0,8318.73,1301.57,0.0,0.0,0.0
2026-07-31,2,8,30,41,15,22,34,56,2606.8,77226.45,31,0,1024.1,0.0,0.0,0.0,0.0
2026-07-31,2,9,194,144,179,44,115,159,1624.98,75750.64,31,0,449.68,0.0,0.0,0.0,0.0
2026-07-31,2,10,218,141,125,145,89,234,14866.02,429208.68,31,0,8957.73,254.12,0.0,0.0,0.0
2026-07-31,2,11,239,294,227,216,90,306,16349.58,401579.88,31,0,11540.88,0.0,0.0,0.0,0.0
2026-07-31,2,12,289,0,126,45,118,163,9553.43,388701.52,31,0,0.0,2637.45,0.0,0.0,0.0
2026-07-31,2,13,245,148,238,71,84,155,11346.0,575718.0,31,0,5197.2,0.0,0.0,0.0,0.0
2026-07-31,2,14,253,143,233,93,70,163,9781.63,449054.83,31,0,5580.93,0.0,0.0,0.0,0.0
2026-07-31,2,15,238,151,160,88,141,229,10582.09,295975.05,31,0,4066.48,0.0,0.0,0.0,0.0
2026-07-31,2,16,45,50,14,46,35,81,1805.49,36354.99,31,6,1025.34,0.0,0.0,0.0,0.0
2026-07-31,2,17,131,296,245,131,51,182,13464.36,435372.3,31,4,9691.38,0.0,0.0,0.0,0.0
2026-07-31,2,18,100,314,96,256,62,318,14860.14,341643.03,31,0,11962.88,0.0,0.0,0.0,0.0
2026-07-31,2,19,252,298,225,218,107,325,4433.0,103882.24,31,0,2973.52,0.0,0.0,0.0,0.0
2026-07-31,2,20,212,291,241,150,112,262,15327.0,402655.5,31,3,8775.0,0.0,0.0,0.0,0.0
2026-07-31,2,21,180,290,169,236,65,301,6435.38,160414.14,31,0,5045.68,0.0,0.0,0.0,0.0
2026-07-31,2,22,309,163,292,38,142,180,3375.0,102450.0,31,8,712.5,0.0,0.0,0.0,0.0
2026-07-31,2,23,284,0,140,17,127,144,11524.32,570533.87,31,0,0.0,1360.51,0.0,0.0,0.0
2026-07-31,2,24,71,0,10,61,0,61,4948.93,164775.03,31,0,0.0,2920.68,0.0,2028.25,0.0
2026-07-31,2,25,168,144,105,101,106,207,2711.7,80905.6,31,0,1323.1,0.0,0.0,0.0,0.0
2026-07-31,2,26,189,295,178,148,158,306,17022.78,406377.15,31,0,8233.24,0.0,0.0,0.0,0.0
2026-07-31,2,27,202,319,240,178,103,281,22117.51,614725.1,31,0,14010.38,0.0,0.0,0.0,0.0
2026-07-31,2,28,234,154,180,57,151,208,2102.88,77230.29,31,0,576.27,0.0,0.0,0.0,0.0
2026-07-31,2,29,260,157,193,133,91,224,3252.48,108290.16,31,0,1931.16,0.0,0.0,0.0,0.0
2026-07-31,2,30,289,0,91,132,66,198,5928.12,206915.34,31,0,0.0,3952.08,0.0,0.0,0.0
2026-07-31,2,31,252,162,216,118,80,198,4247.1,144036.75,31,0,2531.1,0.0,0.0,0.0,0.0
2026-07-31,2,32,47,40,40,41,6,47,496.32,17392.32,31,0,422.4,10.56,0.0,0.0,0.0
2026-07-31,3,1,208,0,118,79,11,90,6959.7,378066.37,31,0,0.0,6109.07,0.0,0.0,0.0
2026-07-31,3,2,93,143,142,94,0,94,5527.2,273361.2,31,0,5527.2,0.0,0.0,0.0,0.0
2026-07-31,3,3,180,159,218,71,50,121,4100.69,95874.81,31,5,2406.19,0.0,0.0,0.0,0.0
2026-07-31,3,4,177,160,194,143,0,143,11179.74,269564.64,31,2,11179.74,0.0,0.0,0.0,0.0
2026-07-31,3,5,14,159,136,37,0,37,207.94,8823.4,31,8,207.94,0.0,0.0,0.0,0.0
2026-07-31,3,6,111,142,80,173,0,173,1909.92,53687.52,31,0,1567.68,342.24,0.0,0.0,0.0
2026-07-31,3,7,103,146,116,120,13,133,7526.47,274687.86,31,0,6790.8,0.0,0.0,0.0,0.0
2026-07-31,3,8,14,42,26,30,0,30,1396.5,31374.7,31,8,1396.5,0.0,0.0,0.0,0.0
2026-07-31,3,9,123,143,113,130,23,153,1563.66,47952.24,31,0,1328.6,0.0,0.0,0.0,0.0
2026-07-31,3,10,134,143,134,118,25,143,9084.79,202978.35,31,0,7496.54,0.0,0.0,0.0,0.0
2026-07-31,3,11,207,0,135,72,0,72,3846.96,225474.6,31,0,0.0,3846.96,0.0,0.0,0.0
2026-07-31,3,12,84,145,158,50,21,71,4161.31,260580.06,31,0,2930.5,0.0,0.0,0.0,0.0
2026-07-31,3,13,152,141,129,143,21,164,12004.8,286870.8,31,0,10321.2,146.4,0.0,0.0,0.0
2026-07-31,3,14,188,149,243,94,0,94,5640.94,223537.25,31,0,5640.94,0.0,0.0,0.0,0.0
2026-07-31,3,15,118,144,217,7,38,45,2079.45,179664.48,31,0,323.47,0.0,0.0,0.0,0.0
2026-07-31,3,16,21,38,9,50,0,50,1114.5,21264.66,31,0,847.02,0.0,0.0,267.48,0.0
2026-07-31,3,17,153,149,165,111,26,137,10135.26,252715.68,31,0,8211.78,0.0,0.0,0.0,0.0
2026-07-31,3,18,168,152,183,113,24,137,6402.01,250285.88,31,0,5280.49,0.0,0.0,0.0,0.0
2026-07-31,3,19,125,175,120,168,12,180,2455.2,53414.24,31,0,2291.52,0.0,0.0,0.0,0.0
2026-07-31,3,20,4,331,142,179,14,193,11290.5,189715.5,31,5,10471.5,0.0,0.0,0.0,0.0
2026-07-31,3,21,219,0,141,57,21,78,1667.64,108140.04,31,0,0.0,1218.66,0.0,0.0,0.0
2026-07-31,3,22,221,0,172,21,28,49,918.75,83437.5,31,0,0.0,393.75,0.0,0.0,0.0
2026-07-31,3,23,118,154,157,83,32,115,9203.45,188150.53,31,4,6642.49,0.0,0.0,0.0,0.0
2026-07-31,3,24,40,32,9,63,0,63,5111.19,149035.81,31,0,2596.16,0.0,0.0,2515.03,0.0
2026-07-31,3,25,160,157,113,198,6,204,2672.4,57941.3,31,0,2056.7,537.1,0.0,0.0,0.0
2026-07-31,3,26,182,177,262,88,9,97,5396.11,196207.01,31,2,4895.44,0.0,0.0,0.0,0.0
2026-07-31,3,27,190,149,136,203,0,203,15978.13,341837.53,31,0,11727.79,4250.34,0.0,0.0,0.0
2026-07-31,3,28,181,0,119,38,24,62,626.82,45080.49,31,0,0.0,384.18,0.0,0.0,0.0
2026-07-31,3,29,56,307,158,205,0,205,2976.6,55466.4,31,0,2976.6,0.0,0.0,0.0,0.0
2026-07-31,3,30,50,156,124,76,6,82,2455.08,114969.6,31,0,2275.44,0.0,0.0,0.0,0.0
2026-07-31,3,31,161,141,123,163,16,179,3839.55,78271.05,31,0,3024.45,471.9,0.0,0.0,0.0
2026-07-31,3,32,44,0,24,20,0,20,211.2,7941.12,31,0,0.0,211.2,0.0,0.0,0.0
2026-08-31,1,1,205,0,103,90,12,102,7887.66,353707.42,31,0,0.0,6959.7,0.0,0.0,0.0
2026-08-31,1,2,104,161,104,142,19,161,9466.8,318284.4,31,0,8349.6,0.0,0.0,0.0,0.0
2026-08-31,1,3,189,146,174,161,0,161,5456.29,148133.19,31,0,4947.94,508.35,0.0,0.0,0.0
2026-08-31,1,4,75,315,184,206,0,206,16105.08,256586.76,31,0,16105.08,0.0,0.0,0.0,0.0
2026-08-31,1,5,139,141,143,125,12,137,769.94,20024.06,31,0,702.5,0.0,0.0,0.0,0.0
2026-08-31,1,6,104,146,137,82,31,113,1247.52,58743.84,31,0,905.28,0.0,0.0,0.0,0.0
2026-08-31,1,7,186,162,244,79,25,104,5885.36,231339.92,31,0,4470.61,0.0,0.0,0.0,0.0
2026-08-31,1,8,56,0,0,56,0,56,2606.8,80810.8,31,0,0.0,1443.05,0.0,1163.75,0.0
2026-08-31,1,9,173,0,76,76,21,97,991.34,43997.1,31,0,0.0,776.72,0.0,0.0,0.0
2026-08-31,1,10,77,157,184,50,0,50,3176.5,224642.08,31,0,3176.5,0.0,0.0,0.0,0.0
2026-08-31,1,11,94,148,190,30,22,52,2778.36,147787.38,31,0,1602.9,0.0,0.0,0.0,0.0
2026-08-31,1,12,48,305,176,144,33,177,10373.97,222307.73,31,1,8439.84,0.0,0.0,0.0,0.0
2026-08-31,1,13,161,147,136,160,12,172,12590.4,324861.6,31,0,10760.4,951.6,0.0,0.0,0.0
2026-08-31,1,14,160,145,76,192,37,229,13742.29,225397.56,31,0,8701.45,2820.47,0.0,0.0,0.0
2026-08-31,1,15,102,160,112,114,36,150,6931.5,191910.13,31,0,5267.94,0.0,0.0,0.0,0.0
2026-08-31,1,16,50,0,24,26,0,26,579.54,23671.98,31,0,0.0,579.54,0.0,0.0,0.0
2026-08-31,1,17,77,166,129,51,63,114,8433.72,313971.12,31,0,3772.98,0.0,0.0,0.0,0.0
2026-08-31,1,18,42,310,137,175,40,215,10046.95,171265.45,31,0,8177.75,0.0,0.0,0.0,0.0
2026-08-31,1,19,218,0,153,65,0,65,886.6,67749.88,31,0,0.0,886.6,0.0,0.0,0.0
2026-08-31,1,20,176,142,102,200,16,216,12636.0,303966.0,31,0,8307.0,3393.0,0.0,0.0,0.0
2026-08-31,1,21,130,142,238,1,33,34,726.92,97599.7,31,0,21.38,0.0,0.0,0.0,0.0
2026-08-31,1,22,135,145,86,194,0,194,3637.5,84993.75,31,0,2718.75,918.75,0.0,0.0,0.0
2026-08-31,1,23,42,296,151,173,14,187,14965.61,171904.44,31,5,13845.19,0.0,0.0,0.0,0.0
2026-08-31,1,24,44,0,38,6,0,6,486.78,59387.16,31,0,0.0,486.78,0.0,0.0,0.0
2026-08-31,1,25,155,0,77,66,12,78,1021.8,47029.0,31,0,0.0,864.6,0.0,0.0,0.0
2026-08-31,1,26,91,146,128,109,0,109,6063.67,214843.06,31,0,6063.67,0.0,0.0,0.0,0.0
2026-08-31,1,27,181,0,112,56,13,69,5430.99,305552.22,31,0,0.0,4407.76,0.0,0.0,0.0
2026-08-31,1,28,80,154,126,108,0,108,1091.88,41370.12,31,0,1091.88,0.0,0.0,0.0,0.0
2026-08-31,1,29,118,286,259,86,59,145,2105.4,44373.12,31,3,1248.72,0.0,0.0,0.0,0.0
2026-08-31,1,30,81,304,267,118,0,118,3532.92,113113.32,31,0,3532.92,0.0,0.0,0.0,0.0
2026-08-31,1,31,140,151,109,182,0,182,3903.9,75761.4,31,0,3238.95,664.95,0.0,0.0,0.0
2026-08-31,1,32,47,47,48,46,0,46,485.76,10296.0,31,6,485.76,0.0,0.0,0.0,0.0
2026-08-31,2,1,149,158,108,183,16,199,15388.67,500711.75,31,0,12218.14,0.0,1933.25,0.0,0.0
2026-08-31,2,2,210,158,241,100,27,127,7467.6,349507.2,31,2,5880.0,0.0,0.0,0.0,0.0
2026-08-31,2,3,297,157,189,222,43,265,8980.85,220895.02,31,0,5320.73,2202.85,0.0,0.0,0.0
2026-08-31,2,4,164,291,253,130,72,202,15792.36,437729.82,31,1,10163.4,0.0,0.0,0.0,0.0
2026-08-31,2,5,221,0,89,66,66,132,741.84,28830.6,31,0,0.0,370.92,0.0,0.0,0.0
2026-08-31,2,6,184,156,151,92,97,189,2086.56,43420.32,31,6,1015.68,0.0,0.0,0.0,0.0
2026-08-31,2,7,253,0,141,108,4,112,6338.08,296135.47,31,0,0.0,6111.72,0.0,0.0,0.0
2026-08-31,2,8,56,34,90,0,0,0,0.0,50134.35,31,17,0.0,0.0,0.0,0.0,0.0
2026-08-31,2,9,159,145,139,112,53,165,1686.3,61841.22,31,0,1144.64,0.0,0.0,0.0,0.0
2026-08-31,2,10,234,146,165,174,41,215,13658.95,370951.67,31,0,9275.38,1778.84,0.0,0.0,0.0
2026-08-31,2,11,306,0,179,68,59,127,6785.61,346707.27,31,0,0.0,3633.24,0.0,0.0,0.0
2026-08-31,2,12,163,142,148,102,55,157,9201.77,250088.87,31,0,5978.22,0.0,0.0,0.0,0.0
2026-08-31,2,13,155,147,115,79,108,187,13688.4,482388.0,31,0,5782.8,0.0,0.0,0.0,0.0
2026-08-31,2,14,163,174,165,129,43,172,10321.72,369121.51,31,0,7741.29,0.0,0.0,0.0,0.0
2026-08-31,2,15,229,141,209,90,71,161,7439.81,318386.9,31,0,4158.9,0.0,0.0,0.0,0.0
2026-08-31,2,16,81,0,35,8,38,46,1025.34,36221.25,31,0,0.0,178.32,0.0,0.0,0.0
2026-08-31,2,17,182,156,104,198,36,234,17311.32,556107.66,31,0,11540.88,3107.16,0.0,0.0,0.0
2026-08-31,2,18,318,0,163,54,101,155,7243.15,363699.59,31,0,0.0,2523.42,0.0,0.0,0.0
2026-08-31,2,19,325,147,245,207,20,227,3096.28,99367.4,31,0,2005.08,818.4,0.0,0.0,0.0
2026-08-31,2,20,262,142,165,192,47,239,13981.5,367497.0,31,0,8307.0,2925.0,0.0,0.0,0.0
2026-08-31,2,21,301,0,128,77,96,173,3698.74,154983.62,31,0,0.0,1646.26,0.0,0.0,0.0
2026-08-31,2,22,180,155,241,91,3,94,1762.5,117375.0,31,0,1706.25,0.0,0.0,0.0,0.0
2026-08-31,2,23,144,155,206,0,93,93,7442.79,448248.03,31,2,0.0,0.0,0.0,0.0,0.0
2026-08-31,2,24,61,0,21,21,19,40,3245.2,144898.18,31,0,0.0,0.0,1703.73,0.0,0.0
2026-08-31,2,25,207,156,200,101,62,163,2135.3,59054.8,31,0,1323.1,0.0,0.0,0.0,0.0
2026-08-31,2,26,306,166,213,189,70,259,14408.17,303461.65,31,0,9234.58,1279.49,0.0,0.0,0.0
2026-08-31,2,27,281,0,148,106,27,133,10468.43,477454.86,31,0,0.0,8343.26,0.0,0.0,0.0
2026-08-31,2,28,208,177,227,22,136,158,1597.38,73762.56,31,0,222.42,0.0,0.0,0.0,0.0
2026-08-31,2,29,224,155,166,136,77,213,3092.76,92826.36,31,0,1974.72,0.0,0.0,0.0,0.0
2026-08-31,2,30,198,145,147,106,90,196,5868.24,168053.22,31,0,3173.64,0.0,0.0,0.0,0.0
2026-08-31,2,31,198,148,196,131,19,150,3217.5,139854.0,31,0,2809.95,0.0,0.0,0.0,0.0
2026-08-31,2,32,47,37,47,11,26,37,390.72,14625.6,31,5,116.16,0.0,0.0,0.0,0.0
2026-08-31,3,1,90,161,135,116,0,116,8970.28,260370.11,31,0,8970.28,0.0,0.0,0.0,0.0
2026-08-31,3,2,94,162,97,137,22,159,9349.2,268245.6,31,0,8055.6,0.0,0.0,0.0,0.0
2026-08-31,3,3,121,144,134,112,19,131,4439.59,153996.16,31,0,3795.68,0.0,0.0,0.0,0.0
2026-08-31,3,4,143,157,96,173,31,204,15948.72,263701.14,31,0,12274.26,1250.88,0.0,0.0,0.0
2026-08-31,3,5,37,155,137,52,3,55,309.1,21502.12,31,0,292.24,0.0,0.0,0.0,0.0
2026-08-31,3,6,173,0,86,76,11,87,960.48,48134.4,31,0,0.0,839.04,0.0,0.0,0.0
2026-08-31,3,7,133,173,116,178,12,190,10752.1,167902.53,31,0,9790.07,282.95,0.0,0.0,0.0
2026-08-31,3,8,30,30,51,9,0,9,418.95,17828.65,31,7,418.95,0.0,0.0,0.0,0.0
2026-08-31,3,9,153,159,203,71,38,109,1113.98,29965.04,31,2,725.62,0.0,0.0,0.0,0.0
2026-08-31,3,10,143,153,139,157,0,157,9974.21,256025.9,31,0,9720.09,254.12,0.0,0.0,0.0
2026-08-31,3,11,72,157,125,72,32,104,5556.72,250266.12,31,0,3846.96,0.0,0.0,0.0,0.0
2026-08-31,3,12,71,158,152,61,16,77,4512.97,161411.94,31,1,3575.21,0.0,0.0,0.0,0.0
2026-08-31,3,13,164,149,161,138,14,152,11126.4,241560.0,31,0,10101.6,0.0,0.0,0.0,0.0
2026-08-31,3,14,94,153,94,114,39,153,9181.53,91095.18,31,7,6841.14,0.0,0.0,0.0,0.0
2026-08-31,3,15,45,346,251,127,13,140,6469.4,137474.75,31,5,5868.67,0.0,0.0,0.0,0.0
2026-08-31,3,16,50,49,49,37,13,50,1114.5,16360.86,31,1,824.73,0.0,0.0,0.0,0.0
2026-08-31,3,17,137,162,171,121,7,128,9469.44,360208.62,31,0,8951.58,0.0,0.0,0.0,0.0
2026-08-31,3,18,137,155,153,115,24,139,6495.47,135890.84,31,2,5373.95,0.0,0.0,0.0,0.0
2026-08-31,3,19,180,150,185,139,6,145,1977.8,62184.76,31,0,1895.96,0.0,0.0,0.0,0.0
2026-08-31,3,20,193,145,169,160,9,169,9886.5,233707.5,31,0,8482.5,877.5,0.0,0.0,0.0
2026-08-31,3,21,78,146,122,63,39,102,2180.76,74787.24,31,0,1346.94,0.0,0.0,0.0,0.0
2026-08-31,3,22,49,284,176,157,0,157,2943.75,78993.75,31,0,2943.75,0.0,0.0,0.0,0.0
2026-08-31,3,23,115,153,175,68,25,93,7442.79,392787.24,31,0,5442.04,0.0,0.0,0.0,0.0
2026-08-31,3,24,63,0,17,46,0,46,3731.98,132241.9,31,0,0.0,2596.16,0.0,1135.82,0.0
2026-08-31,3,25,204,148,195,157,0,157,2056.7,57561.4,31,0,1938.8,117.9,0.0,0.0,0.0
2026-08-31,3,26,97,147,37,200,7,207,11515.41,284603.08,31,0,8177.61,2948.39,0.0,0.0,0.0
2026-08-31,3,27,203,142,165,167,13,180,14167.8,314289.03,31,0,11176.82,1967.75,0.0,0.0,0.0
2026-08-31,3,28,62,162,109,102,13,115,1162.65,43836.96,31,0,1031.22,0.0,0.0,0.0,0.0
2026-08-31,3,29,205,0,71,134,0,134,1945.68,76941.48,31,0,0.0,1945.68,0.0,0.0,0.0
2026-08-31,3,30,82,142,133,75,16,91,2724.54,139640.16,31,0,2245.5,0.0,0.0,0.0,0.0
2026-08-31,3,31,179,150,117,212,0,212,4547.4,93007.2,31,0,3217.5,1329.9,0.0,0.0,0.0
2026-08-31,3,32,20,0,20,0,0,0,0.0,5565.12,31,4,0.0,0.0,0.0,0.0,0.0
