PurchaseID,OrderDate,PromisedDate,WarehouseID,ProductID,SupplierID,OrderedUnits,ReceivedUnits,ReceiptDate,OnTimeFull
1,2024-01-01,2024-01-31,1,18,5,159,159,2024-02-02,0
2,2024-01-01,2024-01-31,1,24,5,128,128,2024-01-31,1
3,2024-01-01,2024-01-31,2,17,5,190,190,2024-01-31,1
4,2024-01-01,2024-01-31,2,18,5,148,148,2024-01-31,1
5,2024-01-01,2024-01-31,2,24,5,164,164,2024-01-31,1
6,2024-01-01,2024-01-31,3,17,5,153,153,2024-01-31,1
7,2024-01-01,2024-01-31,3,18,5,164,164,2024-01-31,1
8,2024-01-01,2024-01-31,3,20,5,196,196,2024-02-12,0
9,2024-01-01,2024-01-31,3,21,5,166,166,2024-02-12,0
10,2024-01-01,2024-01-31,3,24,5,162,162,2024-01-31,1
11,2024-01-03,2024-01-19,1,2,3,142,142,2024-01-19,1
12,2024-01-04,2024-02-05,2,20,5,141,141,2024-02-05,1
13,2024-01-04,2024-02-05,2,21,5,150,150,2024-02-05,1
14,2024-01-05,2024-01-22,1,5,3,149,149,2024-01-22,1
15,2024-01-05,2024-01-15,1,16,2,154,154,2024-01-15,1
16,2024-01-08,2024-01-24,1,8,3,126,126,2024-01-29,0
17,2024-01-08,2024-01-16,3,27,6,144,144,2024-01-22,0
18,2024-01-09,2024-01-19,1,4,2,144,144,2024-01-19,1
19,2024-01-09,2024-01-18,1,12,4,147,147,2024-01-18,1
20,2024-01-09,2024-01-19,2,16,2,142,142,2024-01-19,1
21,2024-01-10,2024-02-09,3,23,5,164,164,2024-02-14,0
22,2024-01-11,2024-01-29,1,3,3,145,145,2024-01-29,1
23,2024-01-11,2024-01-22,1,22,2,144,144,2024-01-22,1
24,2024-01-12,2024-02-12,1,23,5,148,148,2024-02-12,1
25,2024-01-12,2024-01-19,1,25,1,171,171,2024-01-19,1
26,2024-01-12,2024-01-29,2,3,3,145,145,2024-01-29,1
27,2024-01-12,2024-01-29,2,8,3,122,122,2024-01-29,1
28,2024-01-15,2024-02-14,1,20,5,154,154,2024-02-14,1
29,2024-01-15,2024-02-14,2,23,5,151,151,2024-02-14,1
30,2024-01-16,2024-02-15,2,24,5,128,128,2024-02-15,1
31,2024-01-16,2024-02-01,3,5,3,156,156,2024-02-01,1
32,2024-01-16,2024-02-01,3,8,3,134,134,2024-02-01,1
33,2024-01-17,2024-02-16,1,21,5,149,149,2024-02-16,1
34,2024-01-17,2024-01-24,2,25,1,141,141,2024-01-24,1
35,2024-01-17,2024-01-29,3,16,2,126,126,2024-01-29,1
36,2024-01-18,2024-02-19,1,17,5,145,145,2024-02-19,1
37,2024-01-18,2024-01-26,2,32,6,140,140,2024-01-26,1
38,2024-01-18,2024-02-05,3,2,3,148,148,2024-02-05,1
39,2024-01-19,2024-01-29,3,4,2,152,152,2024-01-29,1
40,2024-01-19,2024-01-26,3,31,1,156,156,2024-01-26,1
41,2024-01-22,2024-02-07,2,2,3,144,144,2024-02-07,1
42,2024-01-22,2024-02-01,2,28,2,173,173,2024-02-01,1
43,2024-01-23,2024-02-08,1,6,3,143,143,2024-02-08,1
44,2024-01-23,2024-01-30,2,7,1,142,142,2024-02-12,0
45,2024-01-23,2024-02-08,3,3,3,144,144,2024-02-12,0
46,2024-01-24,2024-02-02,1,9,4,151,151,2024-02-05,0
47,2024-01-24,2024-02-02,1,14,4,158,158,2024-02-02,1
48,2024-01-24,2024-01-31,1,31,1,154,154,2024-02-12,0
49,2024-01-24,2024-01-31,3,25,1,149,149,2024-02-02,0
50,2024-01-25,2024-02-02,2,26,6,154,154,2024-02-02,1
51,2024-01-26,2024-02-05,2,15,4,152,152,2024-02-05,1
52,2024-01-29,2024-02-06,1,32,6,128,128,2024-02-08,0
53,2024-01-29,2024-02-06,2,30,6,141,141,2024-02-12,0
54,2024-01-30,2024-02-09,1,16,2,122,122,2024-02-12,0
55,2024-01-30,2024-02-15,2,6,3,147,147,2024-02-15,1
56,2024-01-30,2024-02-09,2,10,2,152,152,2024-02-21,0
57,2024-01-31,2024-02-12,1,28,2,147,147,2024-02-12,1
58,2024-01-31,2024-02-16,2,8,3,126,126,2024-02-19,0
59,2024-01-31,2024-02-07,3,19,1,148,148,2024-02-07,1
60,2024-02-01,2024-02-09,1,26,6,141,141,2024-02-14,0
61,2024-02-01,2024-02-09,2,29,6,156,156,2024-02-09,1
62,2024-02-01,2024-02-12,3,28,2,147,147,2024-02-12,1
63,2024-02-01,2024-02-09,3,32,6,130,130,2024-02-09,1
64,2024-02-02,2024-02-12,2,4,2,145,145,2024-02-14,0
65,2024-02-02,2024-02-19,3,6,3,148,148,2024-02-19,1
66,2024-02-02,2024-02-12,3,22,2,148,148,2024-02-14,0
67,2024-02-05,2024-02-14,1,12,4,148,148,2024-02-14,1
68,2024-02-05,2024-02-12,2,1,1,142,142,2024-02-14,0
69,2024-02-06,2024-02-15,2,9,4,170,170,2024-02-15,1
70,2024-02-06,2024-03-07,2,17,5,143,143,2024-03-11,0
71,2024-02-06,2024-02-15,3,12,4,145,145,2024-02-15,1
72,2024-02-06,2024-02-15,3,14,4,152,152,2024-02-15,1
73,2024-02-07,2024-02-14,1,13,1,146,146,2024-02-14,1
74,2024-02-07,2024-03-08,1,18,5,149,149,2024-03-11,0
75,2024-02-07,2024-02-14,1,19,1,142,142,2024-02-14,1
76,2024-02-08,2024-02-15,1,1,1,169,169,2024-02-15,1
77,2024-02-08,2024-02-15,2,19,1,142,142,2024-02-15,1
78,2024-02-09,2024-02-19,1,27,6,141,141,2024-02-21,0
79,2024-02-09,2024-02-19,2,14,4,162,162,2024-02-19,1
80,2024-02-09,2024-02-19,3,26,6,154,154,2024-02-19,1
81,2024-02-09,2024-02-19,3,30,6,158,158,2024-02-21,0
82,2024-02-12,2024-02-28,1,5,3,151,151,2024-03-01,0
83,2024-02-12,2024-03-13,2,24,5,144,144,2024-03-18,0
84,2024-02-12,2024-02-21,3,15,4,160,160,2024-02-21,1
85,2024-02-12,2024-03-13,3,24,5,132,132,2024-03-15,0
86,2024-02-13,2024-02-29,3,8,3,148,148,2024-02-29,1
87,2024-02-13,2024-03-14,3,23,5,154,154,2024-03-18,0
88,2024-02-14,2024-03-01,1,8,3,128,128,2024-03-04,0
89,2024-02-14,2024-02-22,3,29,6,148,148,2024-02-26,0
90,2024-02-15,2024-03-18,1,20,5,153,153,2024-03-18,1
91,2024-02-15,2024-03-18,2,18,5,157,157,2024-03-25,0
92,2024-02-15,2024-02-23,2,27,6,143,143,2024-02-23,1
93,2024-02-16,2024-02-26,1,4,2,146,146,2024-03-04,0
94,2024-02-16,2024-03-18,1,17,5,141,141,2024-03-25,0
95,2024-02-16,2024-03-04,3,5,3,152,152,2024-03-04,1
96,2024-02-16,2024-02-26,3,10,2,145,145,2024-02-28,0
97,2024-02-19,2024-02-26,1,7,1,141,141,2024-02-26,1
98,2024-02-20,2024-02-28,2,32,6,138,138,2024-02-28,1
99,2024-02-20,2024-03-07,3,3,3,158,158,2024-03-11,0
100,2024-02-20,2024-02-27,3,19,1,144,144,2024-02-27,1
101,2024-02-21,2024-03-22,1,23,5,143,143,2024-03-25,0
102,2024-02-21,2024-02-29,1,29,6,180,180,2024-03-04,0
103,2024-02-21,2024-03-08,2,5,3,148,148,2024-03-08,1
104,2024-02-21,2024-02-28,3,25,1,142,142,2024-02-28,1
105,2024-02-22,2024-03-01,1,30,6,145,145,2024-03-01,1
106,2024-02-22,2024-02-29,2,7,1,146,146,2024-02-29,1
107,2024-02-22,2024-02-29,2,25,1,143,143,2024-03-04,0
108,2024-02-22,2024-03-01,2,26,6,145,145,2024-03-01,1
109,2024-02-22,2024-03-04,3,12,4,141,141,2024-03-04,1
110,2024-02-22,2024-03-01,3,32,6,132,132,2024-03-01,1
111,2024-02-23,2024-03-04,1,16,2,138,138,2024-03-04,1
112,2024-02-23,2024-03-04,2,11,4,150,150,2024-03-18,0
113,2024-02-23,2024-03-04,2,12,4,151,151,2024-03-04,1
114,2024-02-23,2024-03-25,2,23,5,154,154,2024-03-25,1
115,2024-02-23,2024-03-04,3,11,4,151,151,2024-03-04,1
116,2024-02-23,2024-03-25,3,21,5,162,162,2024-03-25,1
117,2024-02-26,2024-03-27,1,21,5,159,159,2024-03-27,1
118,2024-02-26,2024-03-05,1,32,6,126,126,2024-03-05,1
119,2024-02-26,2024-03-27,3,20,5,145,145,2024-04-08,0
120,2024-02-27,2024-03-14,1,2,3,143,143,2024-03-14,1
121,2024-02-27,2024-03-07,1,15,4,146,146,2024-03-07,1
122,2024-02-28,2024-03-11,2,10,2,149,149,2024-03-11,1
123,2024-02-28,2024-03-07,2,30,6,143,143,2024-03-07,1
124,2024-02-28,2024-03-06,3,7,1,144,144,2024-03-06,1
125,2024-02-29,2024-03-11,1,14,4,142,142,2024-03-11,1
126,2024-02-29,2024-03-18,2,3,3,143,143,2024-03-18,1
127,2024-03-01,2024-03-08,1,25,1,151,151,2024-03-08,1
128,2024-03-01,2024-03-08,1,31,1,160,160,2024-03-08,1
129,2024-03-01,2024-04-01,3,17,5,151,151,2024-04-01,1
130,2024-03-01,2024-03-11,3,27,6,152,152,2024-03-11,1
131,2024-03-04,2024-03-20,1,6,3,154,154,2024-03-20,1
132,2024-03-04,2024-03-13,1,12,4,163,163,2024-03-13,1
133,2024-03-04,2024-03-20,2,6,3,151,151,2024-03-20,1
134,2024-03-05,2024-03-21,1,3,3,154,154,2024-04-02,0
135,2024-03-05,2024-03-14,1,11,4,143,143,2024-03-14,1
136,2024-03-05,2024-04-04,1,24,5,144,144,2024-04-04,1
137,2024-03-05,2024-03-12,2,1,1,157,157,2024-03-25,0
138,2024-03-06,2024-04-05,2,21,5,147,147,2024-04-05,1
139,2024-03-06,2024-04-05,2,24,5,122,122,2024-04-17,0
140,2024-03-06,2024-03-18,3,16,2,124,124,2024-03-18,1
141,2024-03-07,2024-03-15,2,29,6,149,149,2024-03-20,0
142,2024-03-07,2024-04-08,3,18,5,157,157,2024-04-08,1
143,2024-03-08,2024-03-18,2,16,2,130,130,2024-03-18,1
144,2024-03-08,2024-04-08,2,20,5,167,167,2024-04-08,1
145,2024-03-08,2024-03-15,2,31,1,146,146,2024-03-18,0
146,2024-03-11,2024-03-20,1,9,4,149,149,2024-03-20,1
147,2024-03-11,2024-03-21,2,4,2,148,148,2024-03-21,1
148,2024-03-11,2024-03-18,2,13,1,145,145,2024-03-18,1
149,2024-03-11,2024-03-21,2,22,2,144,144,2024-03-21,1
150,2024-03-12,2024-03-28,1,8,3,138,138,2024-03-28,1
151,2024-03-12,2024-03-22,1,10,2,153,153,2024-03-22,1
152,2024-03-12,2024-03-28,3,2,3,144,144,2024-04-01,0
153,2024-03-12,2024-03-22,3,4,2,149,149,2024-03-22,1
154,2024-03-13,2024-03-22,2,14,4,149,149,2024-03-22,1
155,2024-03-13,2024-03-20,2,19,1,141,141,2024-03-20,1
156,2024-03-14,2024-03-21,1,19,1,145,145,2024-03-26,0
157,2024-03-14,2024-04-01,2,2,3,147,147,2024-04-01,1
158,2024-03-14,2024-03-25,2,28,2,174,174,2024-03-25,1
159,2024-03-14,2024-04-01,3,8,3,122,122,2024-04-01,1
160,2024-03-14,2024-04-15,3,24,5,130,130,2024-04-17,0
161,2024-03-15,2024-03-22,1,13,1,154,154,2024-03-22,1
162,2024-03-15,2024-03-25,2,15,4,156,156,2024-03-25,1
163,2024-03-15,2024-03-22,3,1,1,166,166,2024-03-22,1
164,2024-03-15,2024-03-25,3,30,6,152,152,2024-03-25,1
165,2024-03-18,2024-03-28,1,4,2,149,149,2024-03-28,1
166,2024-03-18,2024-03-26,1,27,6,150,150,2024-03-26,1
167,2024-03-18,2024-03-28,1,28,2,147,147,2024-03-28,1
168,2024-03-18,2024-03-26,2,32,6,134,134,2024-03-26,1
169,2024-03-19,2024-03-26,1,1,1,160,160,2024-03-26,1
170,2024-03-19,2024-04-18,2,18,5,157,157,2024-04-18,1
171,2024-03-19,2024-03-26,2,25,1,151,151,2024-03-26,1
172,2024-03-19,2024-04-04,3,6,3,141,141,2024-04-08,0
173,2024-03-19,2024-03-29,3,10,2,147,147,2024-04-01,0
174,2024-03-19,2024-03-28,3,15,4,155,155,2024-04-02,0
175,2024-03-21,2024-04-08,2,8,3,156,156,2024-04-08,1
176,2024-03-21,2024-03-29,2,26,6,144,144,2024-03-29,1
177,2024-03-21,2024-03-28,3,13,1,151,151,2024-04-09,0
178,2024-03-22,2024-04-22,3,23,5,149,149,2024-04-22,1
179,2024-03-25,2024-04-24,3,21,5,156,156,2024-04-24,1
180,2024-03-25,2024-04-02,3,26,6,155,155,2024-04-15,0
181,2024-03-26,2024-04-04,2,12,4,144,144,2024-04-09,0
182,2024-03-26,2024-04-03,2,30,6,152,152,2024-04-03,1
183,2024-03-26,2024-04-04,3,12,4,142,142,2024-04-08,0
184,2024-03-26,2024-04-03,3,29,6,155,155,2024-04-05,0
185,2024-03-27,2024-04-12,1,5,3,146,146,2024-04-15,0
186,2024-03-27,2024-04-26,1,20,5,143,143,2024-05-08,0
187,2024-03-27,2024-04-26,1,24,5,132,132,2024-04-26,1
188,2024-03-27,2024-04-05,3,9,4,145,145,2024-04-10,0
189,2024-03-28,2024-04-15,1,2,3,154,154,2024-04-15,1
190,2024-03-28,2024-04-05,1,32,6,136,136,2024-04-05,1
191,2024-03-28,2024-04-15,2,5,3,151,151,2024-04-22,0
192,2024-03-28,2024-04-08,3,11,4,143,143,2024-04-22,0
193,2024-03-28,2024-04-08,3,22,2,153,153,2024-04-15,0
194,2024-03-28,2024-04-05,3,32,6,128,128,2024-04-05,1
195,2024-03-29,2024-04-08,3,28,2,161,161,2024-04-22,0
196,2024-04-01,2024-04-09,1,26,6,147,147,2024-04-15,0
197,2024-04-01,2024-04-10,2,11,4,156,156,2024-04-10,1
198,2024-04-02,2024-04-10,1,29,6,147,147,2024-04-10,1
199,2024-04-02,2024-04-18,3,3,3,150,150,2024-04-18,1
200,2024-04-03,2024-05-03,1,23,5,153,153,2024-05-03,1
201,2024-04-03,2024-04-10,2,1,1,150,150,2024-04-12,0
202,2024-04-03,2024-04-15,3,16,2,126,126,2024-04-17,0
203,2024-04-04,2024-05-06,2,17,5,147,147,2024-05-08,0
204,2024-04-04,2024-04-12,2,29,6,166,166,2024-04-12,1
205,2024-04-04,2024-04-22,3,5,3,144,144,2024-04-24,0
206,2024-04-04,2024-04-11,3,19,1,141,141,2024-04-11,1
207,2024-04-04,2024-04-12,3,27,6,144,144,2024-04-15,0
208,2024-04-05,2024-04-22,1,6,3,152,152,2024-04-29,0
209,2024-04-05,2024-05-06,1,18,5,153,153,2024-05-08,0
210,2024-04-05,2024-04-12,1,25,1,153,153,2024-04-15,0
211,2024-04-08,2024-04-17,2,9,4,169,169,2024-04-29,0
212,2024-04-08,2024-04-24,3,8,3,134,134,2024-04-24,1
213,2024-04-08,2024-05-08,3,24,5,130,130,2024-05-08,1
214,2024-04-09,2024-04-19,1,22,2,149,149,2024-04-19,1
215,2024-04-09,2024-04-17,1,30,6,154,154,2024-04-19,0
216,2024-04-09,2024-04-17,2,27,6,155,155,2024-04-17,1
217,2024-04-09,2024-04-16,3,7,1,155,155,2024-04-18,0
218,2024-04-10,2024-04-17,1,1,1,150,150,2024-04-22,0
219,2024-04-10,2024-05-10,2,23,5,165,165,2024-05-10,1
220,2024-04-10,2024-04-19,3,14,4,148,148,2024-04-19,1
221,2024-04-11,2024-05-13,1,21,5,155,155,2024-05-13,1
222,2024-04-11,2024-04-22,2,16,2,124,124,2024-04-22,1
223,2024-04-11,2024-05-13,2,20,5,152,152,2024-05-13,1
224,2024-04-11,2024-04-18,2,31,1,141,141,2024-04-18,1
225,2024-04-11,2024-04-18,3,25,1,146,146,2024-04-23,0
226,2024-04-12,2024-04-22,1,9,4,151,151,2024-04-29,0
227,2024-04-12,2024-04-22,1,11,4,142,142,2024-04-29,0
228,2024-04-12,2024-04-22,1,12,4,158,158,2024-04-22,1
229,2024-04-12,2024-04-19,2,25,1,176,176,2024-04-19,1
230,2024-04-15,2024-04-22,1,7,1,162,162,2024-04-24,0
231,2024-04-15,2024-05-01,1,8,3,124,124,2024-05-01,1
232,2024-04-15,2024-04-25,2,4,2,143,143,2024-05-07,0
233,2024-04-15,2024-05-15,2,21,5,151,151,2024-05-15,1
234,2024-04-15,2024-05-15,2,24,5,122,122,2024-05-15,1
235,2024-04-15,2024-05-01,3,6,3,147,147,2024-05-01,1
236,2024-04-16,2024-04-25,1,15,4,150,150,2024-05-07,0
237,2024-04-17,2024-04-26,2,14,4,145,145,2024-04-26,1
238,2024-04-17,2024-04-24,2,19,1,157,157,2024-04-24,1
239,2024-04-18,2024-04-29,1,16,2,140,140,2024-04-29,1
240,2024-04-18,2024-04-26,3,32,6,122,122,2024-04-26,1
241,2024-04-19,2024-04-26,1,31,1,141,141,2024-04-26,1
242,2024-04-19,2024-05-06,2,3,3,143,143,2024-05-06,1
243,2024-04-19,2024-05-06,2,6,3,153,153,2024-05-06,1
244,2024-04-19,2024-04-26,3,31,1,161,161,2024-04-29,0
245,2024-04-22,2024-05-02,1,4,2,152,152,2024-05-02,1
246,2024-04-22,2024-05-22,1,17,5,146,146,2024-05-22,1
247,2024-04-22,2024-04-29,1,19,1,151,151,2024-05-01,0
248,2024-04-22,2024-05-08,3,2,3,143,143,2024-05-08,1
249,2024-04-23,2024-05-03,1,10,2,156,156,2024-05-03,1
250,2024-04-23,2024-04-30,2,7,1,161,161,2024-04-30,1
251,2024-04-23,2024-05-03,3,4,2,164,164,2024-05-08,0
252,2024-04-23,2024-04-30,3,13,1,145,145,2024-04-30,1
253,2024-04-24,2024-05-03,1,14,4,141,141,2024-05-06,0
254,2024-04-24,2024-05-06,3,28,2,156,156,2024-05-06,1
255,2024-04-26,2024-05-13,1,3,3,144,144,2024-05-13,1
256,2024-04-26,2024-05-13,3,8,3,130,130,2024-05-13,1
257,2024-04-26,2024-05-27,3,17,5,158,158,2024-05-27,1
258,2024-04-26,2024-05-27,3,20,5,142,142,2024-05-27,1
259,2024-04-26,2024-05-27,3,21,5,146,146,2024-05-27,1
260,2024-04-29,2024-05-09,2,22,2,152,152,2024-05-09,1
261,2024-04-29,2024-05-29,3,18,5,143,143,2024-05-29,1
262,2024-04-29,2024-05-09,3,22,2,152,152,2024-05-09,1
263,2024-04-30,2024-05-08,1,27,6,142,142,2024-05-08,1
264,2024-04-30,2024-05-10,1,28,2,146,146,2024-05-10,1
265,2024-04-30,2024-05-08,2,26,6,155,155,2024-05-08,1
266,2024-04-30,2024-05-10,3,10,2,143,143,2024-05-10,1
267,2024-04-30,2024-05-09,3,12,4,143,143,2024-05-09,1
268,2024-04-30,2024-05-08,3,29,6,147,147,2024-05-08,1
269,2024-05-01,2024-05-09,2,32,6,132,132,2024-05-09,1
270,2024-05-01,2024-05-10,3,15,4,143,143,2024-05-15,0
271,2024-05-02,2024-05-13,2,10,2,147,147,2024-05-13,1
272,2024-05-03,2024-05-13,2,29,6,143,143,2024-05-27,0
273,2024-05-03,2024-05-10,3,1,1,143,143,2024-05-10,1
274,2024-05-03,2024-05-13,3,30,6,144,144,2024-05-13,1
275,2024-05-06,2024-05-13,1,1,1,179,179,2024-05-20,0
276,2024-05-06,2024-06-05,1,23,5,142,142,2024-06-05,1
277,2024-05-06,2024-05-13,2,13,1,141,141,2024-05-13,1
278,2024-05-06,2024-05-15,2,15,4,148,148,2024-05-27,0
279,2024-05-07,2024-06-06,1,24,5,128,128,2024-06-06,1
280,2024-05-07,2024-06-06,2,18,5,160,160,2024-06-10,0
281,2024-05-07,2024-06-06,2,20,5,157,157,2024-06-06,1
282,2024-05-08,2024-05-17,1,9,4,141,141,2024-05-17,1
283,2024-05-08,2024-05-15,1,13,1,149,149,2024-05-27,0
284,2024-05-08,2024-05-17,3,14,4,141,141,2024-05-17,1
285,2024-05-08,2024-05-20,3,16,2,150,150,2024-05-20,1
286,2024-05-09,2024-05-27,1,2,3,150,150,2024-05-27,1
287,2024-05-09,2024-05-27,1,5,3,153,153,2024-06-10,0
288,2024-05-09,2024-05-27,2,8,3,156,156,2024-06-10,0
289,2024-05-09,2024-05-20,2,16,2,130,130,2024-05-27,0
290,2024-05-09,2024-06-10,2,17,5,145,145,2024-06-10,1
291,2024-05-09,2024-05-16,2,31,1,142,142,2024-05-16,1
292,2024-05-10,2024-05-20,3,26,6,152,152,2024-06-03,0
293,2024-05-13,2024-06-12,1,18,5,150,150,2024-06-14,0
294,2024-05-13,2024-06-12,1,21,5,145,145,2024-06-12,1
295,2024-05-13,2024-05-21,2,30,6,144,144,2024-05-23,0
296,2024-05-13,2024-05-29,3,5,3,141,141,2024-05-29,1
297,2024-05-14,2024-05-23,2,12,4,143,143,2024-06-04,0
298,2024-05-14,2024-05-23,3,9,4,144,144,2024-05-28,0
299,2024-05-14,2024-05-23,3,11,4,141,141,2024-05-23,1
300,2024-05-15,2024-05-23,1,29,6,144,144,2024-05-23,1
301,2024-05-15,2024-05-31,3,3,3,151,151,2024-05-31,1
302,2024-05-16,2024-05-27,1,11,4,150,150,2024-05-27,1
303,2024-05-16,2024-05-23,1,25,1,159,159,2024-06-04,0
304,2024-05-16,2024-06-03,2,2,3,149,149,2024-06-03,1
305,2024-05-16,2024-06-17,2,23,5,162,162,2024-06-19,0
306,2024-05-16,2024-05-24,3,32,6,138,138,2024-05-24,1
307,2024-05-17,2024-06-17,1,17,5,146,146,2024-06-24,0
308,2024-05-20,2024-05-28,3,29,6,144,144,2024-05-28,1
309,2024-05-21,2024-05-30,1,12,4,151,151,2024-06-11,0
310,2024-05-21,2024-06-06,2,6,3,146,146,2024-06-06,1
311,2024-05-21,2024-05-30,2,11,4,165,165,2024-05-30,1
312,2024-05-21,2024-06-20,2,24,5,132,132,2024-06-25,0
313,2024-05-22,2024-05-30,1,30,6,146,146,2024-06-04,0
314,2024-05-22,2024-06-03,2,28,2,142,142,2024-06-03,1
315,2024-05-22,2024-05-30,2,32,6,138,138,2024-05-30,1
316,2024-05-22,2024-05-29,3,25,1,156,156,2024-06-10,0
317,2024-05-23,2024-06-10,1,8,3,140,140,2024-06-10,1
318,2024-05-23,2024-05-30,2,19,1,145,145,2024-06-03,0
319,2024-05-24,2024-06-03,2,14,4,152,152,2024-06-03,1
320,2024-05-24,2024-06-03,2,27,6,142,142,2024-06-17,0
321,2024-05-27,2024-06-03,1,19,1,145,145,2024-06-03,1
322,2024-05-27,2024-06-06,1,22,2,148,148,2024-06-06,1
323,2024-05-27,2024-06-04,1,32,6,134,134,2024-06-04,1
324,2024-05-27,2024-06-05,2,9,4,141,141,2024-06-05,1
325,2024-05-27,2024-06-06,2,10,2,141,141,2024-06-06,1
326,2024-05-27,2024-06-26,2,21,5,152,152,2024-06-26,1
327,2024-05-27,2024-06-04,3,27,6,144,144,2024-06-10,0
328,2024-05-27,2024-06-03,3,31,1,143,143,2024-06-03,1
329,2024-05-28,2024-06-07,1,4,2,158,158,2024-06-12,0
330,2024-05-28,2024-06-07,1,16,2,128,128,2024-06-07,1
331,2024-05-28,2024-06-27,3,18,5,144,144,2024-07-01,0
332,2024-05-28,2024-06-27,3,24,5,126,126,2024-07-02,0
333,2024-05-29,2024-06-05,3,19,1,152,152,2024-06-05,1
334,2024-05-29,2024-06-28,3,23,5,143,143,2024-07-10,0
335,2024-05-30,2024-06-06,1,7,1,162,162,2024-06-06,1
336,2024-05-30,2024-06-17,2,3,3,180,180,2024-06-19,0
337,2024-05-30,2024-06-10,3,15,4,145,145,2024-06-10,1
338,2024-05-30,2024-07-01,3,20,5,149,149,2024-07-08,0
339,2024-05-30,2024-07-01,3,21,5,144,144,2024-07-15,0
340,2024-05-31,2024-06-07,2,25,1,143,143,2024-06-07,1
341,2024-06-03,2024-06-13,1,10,2,145,145,2024-06-13,1
342,2024-06-03,2024-06-11,1,26,6,170,170,2024-06-11,1
343,2024-06-03,2024-06-10,2,1,1,168,168,2024-06-17,0
344,2024-06-03,2024-06-10,3,1,1,145,145,2024-06-12,0
345,2024-06-04,2024-06-13,1,14,4,152,152,2024-06-13,1
346,2024-06-04,2024-07-04,1,24,5,130,130,2024-07-04,1
347,2024-06-04,2024-06-11,1,31,1,149,149,2024-06-11,1
348,2024-06-04,2024-06-14,3,22,2,144,144,2024-06-14,1
349,2024-06-05,2024-06-12,2,13,1,144,144,2024-06-17,0
350,2024-06-05,2024-06-21,3,2,3,145,145,2024-06-21,1
351,2024-06-05,2024-06-12,3,7,1,155,155,2024-06-12,1
352,2024-06-06,2024-06-24,1,6,3,146,146,2024-07-01,0
353,2024-06-06,2024-06-13,2,7,1,147,147,2024-06-13,1
354,2024-06-06,2024-06-17,2,22,2,146,146,2024-06-17,1
355,2024-06-06,2024-07-08,2,24,5,124,124,2024-07-08,1
356,2024-06-06,2024-06-14,2,29,6,146,146,2024-06-17,0
357,2024-06-06,2024-06-17,3,10,2,152,152,2024-06-24,0
358,2024-06-07,2024-06-17,1,15,4,145,145,2024-06-17,1
359,2024-06-07,2024-06-24,2,5,3,160,160,2024-06-24,1
360,2024-06-07,2024-06-17,3,11,4,156,156,2024-06-17,1
361,2024-06-07,2024-06-17,3,16,2,126,126,2024-07-01,0
362,2024-06-10,2024-06-17,1,13,1,161,161,2024-06-17,1
363,2024-06-10,2024-07-10,1,20,5,156,156,2024-07-12,0
364,2024-06-10,2024-06-20,1,28,2,153,153,2024-06-25,0
365,2024-06-10,2024-06-26,2,8,3,156,156,2024-07-08,0
366,2024-06-10,2024-06-20,3,4,2,165,165,2024-06-24,0
367,2024-06-10,2024-06-19,3,9,4,149,149,2024-06-19,1
368,2024-06-10,2024-06-18,3,29,6,146,146,2024-06-18,1
369,2024-06-13,2024-06-21,2,30,6,145,145,2024-06-21,1
370,2024-06-13,2024-06-20,2,31,1,148,148,2024-06-20,1
371,2024-06-14,2024-06-24,1,9,4,143,143,2024-06-24,1
372,2024-06-14,2024-07-15,3,17,5,153,153,2024-07-15,1
373,2024-06-14,2024-07-15,3,18,5,152,152,2024-07-15,1
374,2024-06-17,2024-07-03,1,5,3,149,149,2024-07-03,1
375,2024-06-17,2024-07-17,2,17,5,145,145,2024-07-17,1
376,2024-06-17,2024-06-25,2,26,6,164,164,2024-06-25,1
377,2024-06-17,2024-06-27,3,28,2,179,179,2024-07-01,0
378,2024-06-18,2024-07-04,1,2,3,152,152,2024-07-04,1
379,2024-06-18,2024-07-04,1,3,3,154,154,2024-07-04,1
380,2024-06-18,2024-07-18,1,21,5,142,142,2024-07-18,1
381,2024-06-19,2024-06-26,1,1,1,143,143,2024-06-26,1
382,2024-06-19,2024-06-28,2,12,4,154,154,2024-06-28,1
383,2024-06-19,2024-07-19,2,18,5,160,160,2024-07-24,0
384,2024-06-20,2024-07-01,1,11,4,157,157,2024-07-15,0
385,2024-06-20,2024-06-28,1,27,6,150,150,2024-06-28,1
386,2024-06-21,2024-06-28,3,13,1,143,143,2024-06-28,1
387,2024-06-21,2024-07-01,3,14,4,148,148,2024-07-01,1
388,2024-06-21,2024-07-01,3,26,6,142,142,2024-07-01,1
389,2024-06-24,2024-07-01,1,19,1,144,144,2024-07-08,0
390,2024-06-24,2024-07-01,1,25,1,142,142,2024-07-01,1
391,2024-06-24,2024-07-04,2,16,2,138,138,2024-07-04,1
392,2024-06-24,2024-07-10,3,3,3,144,144,2024-07-15,0
393,2024-06-25,2024-07-25,1,18,5,141,141,2024-07-30,0
394,2024-06-25,2024-07-11,2,2,3,156,156,2024-07-11,1
395,2024-06-25,2024-07-04,2,15,4,174,174,2024-07-09,0
396,2024-06-25,2024-07-25,2,23,5,146,146,2024-07-29,0
397,2024-06-25,2024-07-03,3,30,6,150,150,2024-07-08,0
398,2024-06-26,2024-07-05,3,12,4,164,164,2024-07-05,1
399,2024-06-27,2024-07-05,1,30,6,157,157,2024-07-05,1
400,2024-06-27,2024-07-04,2,7,1,147,147,2024-07-04,1
401,2024-06-27,2024-07-08,2,11,4,141,141,2024-07-08,1
402,2024-06-27,2024-07-15,3,5,3,143,143,2024-07-15,1
403,2024-06-27,2024-07-15,3,6,3,145,145,2024-07-15,1
404,2024-06-27,2024-07-05,3,32,6,126,126,2024-07-05,1
405,2024-06-28,2024-07-29,2,20,5,160,160,2024-07-29,1
406,2024-06-28,2024-07-15,3,8,3,132,132,2024-07-22,0
407,2024-06-28,2024-07-05,3,25,1,153,153,2024-07-10,0
408,2024-07-01,2024-07-11,1,28,2,151,151,2024-07-11,1
409,2024-07-01,2024-07-31,3,23,5,154,154,2024-07-31,1
410,2024-07-01,2024-07-09,3,27,6,153,153,2024-07-09,1
411,2024-07-02,2024-08-01,1,23,5,146,146,2024-08-01,1
412,2024-07-02,2024-07-10,2,27,6,141,141,2024-07-10,1
413,2024-07-02,2024-07-12,3,4,2,143,143,2024-07-24,0
414,2024-07-03,2024-07-15,2,22,2,141,141,2024-07-15,1
415,2024-07-03,2024-07-10,2,25,1,143,143,2024-07-10,1
416,2024-07-04,2024-07-15,1,12,4,146,146,2024-07-15,1
417,2024-07-05,2024-07-15,2,4,2,154,154,2024-07-15,1
418,2024-07-05,2024-08-05,2,17,5,143,143,2024-08-05,1
419,2024-07-05,2024-07-12,3,7,1,143,143,2024-07-12,1
420,2024-07-08,2024-07-24,1,8,3,128,128,2024-07-26,0
421,2024-07-08,2024-07-18,1,16,2,140,140,2024-07-18,1
422,2024-07-08,2024-08-07,1,24,5,124,124,2024-08-07,1
423,2024-07-08,2024-07-24,2,3,3,143,143,2024-08-05,0
424,2024-07-08,2024-07-24,2,6,3,151,151,2024-07-24,1
425,2024-07-08,2024-07-17,2,9,4,157,157,2024-07-22,0
426,2024-07-08,2024-07-17,2,12,4,160,160,2024-07-17,1
427,2024-07-09,2024-08-08,1,20,5,153,153,2024-08-08,1
428,2024-07-09,2024-07-17,1,29,6,153,153,2024-07-17,1
429,2024-07-09,2024-07-16,2,13,1,148,148,2024-07-16,1
430,2024-07-09,2024-07-17,2,29,6,150,150,2024-07-17,1
431,2024-07-10,2024-08-09,1,21,5,145,145,2024-08-12,0
432,2024-07-10,2024-07-22,1,22,2,175,175,2024-07-22,1
433,2024-07-10,2024-07-22,2,16,2,132,132,2024-07-22,1
434,2024-07-10,2024-08-09,2,18,5,142,142,2024-08-14,0
435,2024-07-10,2024-08-09,3,17,5,144,144,2024-08-14,0
436,2024-07-11,2024-08-12,1,17,5,151,151,2024-08-19,0
437,2024-07-11,2024-07-29,2,8,3,126,126,2024-07-29,1
438,2024-07-11,2024-07-22,3,15,4,146,146,2024-07-22,1
439,2024-07-12,2024-07-22,1,4,2,154,154,2024-07-29,0
440,2024-07-12,2024-07-19,2,1,1,160,160,2024-07-19,1
441,2024-07-12,2024-07-22,3,22,2,162,162,2024-07-22,1
442,2024-07-15,2024-07-25,3,10,2,150,150,2024-07-29,0
443,2024-07-16,2024-07-25,1,14,4,148,148,2024-08-06,0
444,2024-07-16,2024-07-23,1,31,1,169,169,2024-07-23,1
445,2024-07-16,2024-07-23,2,19,1,142,142,2024-07-23,1
446,2024-07-16,2024-07-24,2,32,6,130,130,2024-07-26,0
447,2024-07-16,2024-07-26,3,16,2,140,140,2024-07-26,1
448,2024-07-16,2024-07-24,3,26,6,145,145,2024-07-24,1
449,2024-07-17,2024-07-24,1,7,1,141,141,2024-07-24,1
450,2024-07-17,2024-08-02,2,5,3,143,143,2024-08-02,1
451,2024-07-17,2024-08-16,2,21,5,156,156,2024-08-16,1
452,2024-07-17,2024-07-29,2,28,2,149,149,2024-07-31,0
453,2024-07-17,2024-07-24,2,31,1,144,144,2024-07-26,0
454,2024-07-17,2024-08-16,3,20,5,143,143,2024-08-16,1
455,2024-07-18,2024-07-29,1,15,4,152,152,2024-07-29,1
456,2024-07-18,2024-08-05,3,2,3,148,148,2024-08-05,1
457,2024-07-18,2024-07-26,3,29,6,151,151,2024-07-26,1
458,2024-07-19,2024-08-05,1,2,3,151,151,2024-08-05,1
459,2024-07-19,2024-07-29,1,26,6,153,153,2024-07-29,1
460,2024-07-19,2024-07-29,2,14,4,156,156,2024-07-31,0
461,2024-07-19,2024-08-19,2,24,5,124,124,2024-08-19,1
462,2024-07-19,2024-07-29,2,26,6,143,143,2024-08-12,0
463,2024-07-19,2024-07-26,3,1,1,142,142,2024-07-26,1
464,2024-07-22,2024-07-29,1,13,1,161,161,2024-07-31,0
465,2024-07-22,2024-07-29,3,31,1,177,177,2024-07-31,0
466,2024-07-23,2024-08-02,1,10,2,153,153,2024-08-02,1
467,2024-07-23,2024-08-02,2,16,2,128,128,2024-08-07,0
468,2024-07-24,2024-08-09,1,5,3,144,144,2024-08-09,1
469,2024-07-25,2024-08-05,1,9,4,142,142,2024-08-12,0
470,2024-07-25,2024-08-12,3,3,3,167,167,2024-08-12,1
471,2024-07-25,2024-08-12,3,5,3,143,143,2024-08-12,1
472,2024-07-25,2024-08-26,3,18,5,158,158,2024-08-26,1
473,2024-07-26,2024-08-05,1,12,4,155,155,2024-08-05,1
474,2024-07-26,2024-08-05,1,32,6,136,136,2024-08-05,1
475,2024-07-29,2024-08-14,2,2,3,161,161,2024-08-14,1
476,2024-07-29,2024-08-14,2,8,3,152,152,2024-08-16,0
477,2024-07-29,2024-08-08,2,10,2,154,154,2024-08-13,0
478,2024-07-29,2024-08-05,3,19,1,156,156,2024-08-05,1
479,2024-07-31,2024-08-16,3,8,3,134,134,2024-08-16,1
480,2024-07-31,2024-08-30,3,21,5,155,155,2024-08-30,1
481,2024-07-31,2024-08-12,3,28,2,155,155,2024-08-14,0
482,2024-08-01,2024-08-08,1,19,1,147,147,2024-08-12,0
483,2024-08-01,2024-09-02,2,23,5,149,149,2024-09-02,1
484,2024-08-02,2024-08-19,1,3,3,150,150,2024-08-19,1
485,2024-08-02,2024-09-02,1,17,5,161,161,2024-09-02,1
486,2024-08-02,2024-09-02,1,24,5,134,134,2024-09-02,1
487,2024-08-02,2024-08-12,1,29,6,148,148,2024-08-12,1
488,2024-08-05,2024-08-21,2,3,3,185,185,2024-08-21,1
489,2024-08-05,2024-08-14,2,9,4,155,155,2024-08-14,1
490,2024-08-05,2024-08-14,3,12,4,143,143,2024-08-26,0
491,2024-08-05,2024-08-14,3,14,4,164,164,2024-08-19,0
492,2024-08-05,2024-08-12,3,25,1,147,147,2024-08-19,0
493,2024-08-06,2024-08-14,1,27,6,143,143,2024-08-14,1
494,2024-08-07,2024-08-19,2,4,2,145,145,2024-08-19,1
495,2024-08-08,2024-09-09,1,18,5,157,157,2024-09-09,1
496,2024-08-08,2024-09-09,1,20,5,152,152,2024-09-09,1
497,2024-08-08,2024-08-15,2,7,1,155,155,2024-08-15,1
498,2024-08-08,2024-09-09,2,17,5,156,156,2024-09-09,1
499,2024-08-08,2024-08-19,3,9,4,167,167,2024-08-19,1
500,2024-08-08,2024-08-19,3,11,4,148,148,2024-08-26,0
501,2024-08-08,2024-09-09,3,24,5,130,130,2024-09-09,1
502,2024-08-12,2024-08-21,2,15,4,159,159,2024-08-21,1
503,2024-08-12,2024-08-20,3,27,6,145,145,2024-08-20,1
504,2024-08-13,2024-08-20,1,7,1,142,142,2024-08-20,1
505,2024-08-13,2024-08-20,2,19,1,146,146,2024-08-20,1
506,2024-08-13,2024-09-12,2,24,5,126,126,2024-09-12,1
507,2024-08-13,2024-08-23,3,4,2,150,150,2024-08-23,1
508,2024-08-13,2024-08-20,3,13,1,141,141,2024-08-20,1
509,2024-08-13,2024-08-21,3,32,6,128,128,2024-08-21,1
510,2024-08-14,2024-08-30,1,6,3,150,150,2024-09-02,0
511,2024-08-14,2024-08-23,1,15,4,159,159,2024-08-23,1
512,2024-08-14,2024-08-26,2,16,2,136,136,2024-08-28,0
513,2024-08-14,2024-09-13,2,20,5,167,167,2024-09-13,1
514,2024-08-14,2024-08-22,2,27,6,143,143,2024-08-22,1
515,2024-08-14,2024-08-22,2,30,6,153,153,2024-08-22,1
516,2024-08-15,2024-08-22,3,31,1,144,144,2024-08-27,0
517,2024-08-16,2024-08-26,1,12,4,150,150,2024-08-26,1
518,2024-08-16,2024-08-26,1,16,2,122,122,2024-08-26,1
519,2024-08-16,2024-08-26,2,11,4,154,154,2024-08-26,1
520,2024-08-16,2024-08-23,2,25,1,176,176,2024-08-23,1
521,2024-08-16,2024-09-16,3,17,5,145,145,2024-09-23,0
522,2024-08-19,2024-08-29,1,4,2,152,152,2024-08-29,1
523,2024-08-19,2024-09-04,1,8,3,136,136,2024-09-04,1
524,2024-08-19,2024-09-18,1,23,5,148,148,2024-09-18,1
525,2024-08-19,2024-08-27,1,30,6,147,147,2024-08-27,1
526,2024-08-19,2024-09-04,2,5,3,150,150,2024-09-04,1
527,2024-08-19,2024-08-26,3,7,1,149,149,2024-08-26,1
528,2024-08-19,2024-08-29,3,10,2,148,148,2024-09-10,0
529,2024-08-19,2024-08-28,3,15,4,143,143,2024-08-28,1
530,2024-08-19,2024-09-18,3,23,5,147,147,2024-09-20,0
531,2024-08-20,2024-08-27,2,1,1,159,159,2024-08-27,1
532,2024-08-20,2024-08-29,2,12,4,144,144,2024-08-29,1
533,2024-08-20,2024-08-27,3,19,1,152,152,2024-09-09,0
534,2024-08-21,2024-08-29,1,29,6,151,151,2024-08-29,1
535,2024-08-21,2024-09-02,3,22,2,149,149,2024-09-04,0
536,2024-08-22,2024-09-02,1,11,4,157,157,2024-09-04,0
537,2024-08-23,2024-09-09,1,2,3,141,141,2024-09-23,0
538,2024-08-23,2024-09-09,1,3,3,160,160,2024-09-09,1
539,2024-08-23,2024-08-30,1,25,1,160,160,2024-08-30,1
540,2024-08-23,2024-09-02,2,14,4,160,160,2024-09-02,1
541,2024-08-23,2024-08-30,3,1,1,141,141,2024-08-30,1
542,2024-08-23,2024-09-09,3,3,3,141,141,2024-09-11,0
543,2024-08-23,2024-09-23,3,18,5,156,156,2024-09-23,1
544,2024-08-26,2024-09-03,1,32,6,126,126,2024-09-03,1
545,2024-08-26,2024-09-25,2,18,5,149,149,2024-10-07,0
546,2024-08-26,2024-09-02,2,31,1,147,147,2024-09-02,1
547,2024-08-26,2024-09-25,3,24,5,146,146,2024-09-30,0
548,2024-08-27,2024-09-06,1,28,2,163,163,2024-09-11,0
549,2024-08-27,2024-09-03,1,31,1,171,171,2024-09-03,1
550,2024-08-27,2024-09-26,2,21,5,147,147,2024-09-26,1
551,2024-08-27,2024-09-04,2,29,6,144,144,2024-09-04,1
552,2024-08-27,2024-09-12,3,6,3,144,144,2024-09-12,1
553,2024-08-27,2024-09-04,3,30,6,144,144,2024-09-04,1
554,2024-08-28,2024-09-06,1,14,4,152,152,2024-09-06,1
555,2024-08-29,2024-09-16,2,8,3,134,134,2024-09-18,0
556,2024-08-29,2024-09-05,2,13,1,146,146,2024-09-09,0
557,2024-08-29,2024-09-06,2,26,6,156,156,2024-09-06,1
558,2024-08-29,2024-09-09,2,28,2,148,148,2024-09-09,1
559,2024-08-30,2024-09-30,1,24,5,144,144,2024-10-07,0
560,2024-09-02,2024-09-10,1,26,6,144,144,2024-09-12,0
561,2024-09-02,2024-09-12,2,22,2,146,146,2024-09-17,0
562,2024-09-03,2024-09-13,1,22,2,141,141,2024-09-13,1
563,2024-09-04,2024-10-04,1,21,5,149,149,2024-10-04,1
564,2024-09-04,2024-09-16,2,10,2,150,150,2024-09-16,1
565,2024-09-04,2024-09-20,3,2,3,164,164,2024-09-20,1
566,2024-09-04,2024-09-11,3,7,1,150,150,2024-09-11,1
567,2024-09-04,2024-09-11,3,25,1,142,142,2024-09-11,1
568,2024-09-04,2024-09-12,3,26,6,150,150,2024-09-12,1
569,2024-09-05,2024-09-16,1,16,2,136,136,2024-09-16,1
570,2024-09-05,2024-10-07,1,18,5,148,148,2024-10-07,1
571,2024-09-05,2024-09-13,2,32,6,136,136,2024-09-13,1
572,2024-09-05,2024-09-16,3,16,2,134,134,2024-09-18,0
573,2024-09-05,2024-09-16,3,28,2,168,168,2024-09-18,0
574,2024-09-05,2024-09-13,3,29,6,153,153,2024-09-13,1
575,2024-09-06,2024-09-16,1,9,4,149,149,2024-09-23,0
576,2024-09-06,2024-09-13,1,13,1,148,148,2024-09-13,1
577,2024-09-09,2024-09-16,1,19,1,149,149,2024-09-30,0
578,2024-09-09,2024-09-19,3,4,2,169,169,2024-09-19,1
579,2024-09-09,2024-09-16,3,31,1,141,141,2024-09-18,0
580,2024-09-10,2024-10-10,2,20,5,149,149,2024-10-10,1
581,2024-09-10,2024-09-19,3,11,4,148,148,2024-09-23,0
582,2024-09-11,2024-09-27,1,5,3,159,159,2024-10-02,0
583,2024-09-11,2024-10-11,1,20,5,143,143,2024-10-23,0
584,2024-09-11,2024-09-23,2,16,2,132,132,2024-09-23,1
585,2024-09-11,2024-09-27,3,8,3,130,130,2024-09-27,1
586,2024-09-12,2024-09-23,1,10,2,146,146,2024-09-25,0
587,2024-09-12,2024-10-14,1,23,5,150,150,2024-10-14,1
588,2024-09-12,2024-10-14,2,23,5,143,143,2024-10-16,0
589,2024-09-12,2024-10-14,2,24,5,134,134,2024-10-14,1
590,2024-09-12,2024-10-14,3,20,5,149,149,2024-10-28,0
591,2024-09-13,2024-09-30,2,3,3,141,141,2024-09-30,1
592,2024-09-16,2024-10-02,1,6,3,150,150,2024-10-14,0
593,2024-09-16,2024-10-02,2,6,3,144,144,2024-10-02,1
594,2024-09-16,2024-10-16,3,21,5,141,141,2024-10-16,1
595,2024-09-17,2024-09-26,2,11,4,147,147,2024-10-01,0
596,2024-09-17,2024-09-25,2,30,6,151,151,2024-09-25,1
597,2024-09-17,2024-10-17,3,23,5,142,142,2024-10-17,1
598,2024-09-18,2024-09-25,1,1,1,143,143,2024-09-25,1
599,2024-09-18,2024-10-04,2,5,3,157,157,2024-10-07,0
600,2024-09-18,2024-09-25,2,7,1,141,141,2024-09-25,1
601,2024-09-18,2024-09-25,2,25,1,142,142,2024-09-25,1
602,2024-09-18,2024-09-27,3,9,4,161,161,2024-09-27,1
603,2024-09-19,2024-09-30,1,4,2,145,145,2024-10-07,0
604,2024-09-20,2024-09-30,1,12,4,148,148,2024-10-07,0
605,2024-09-20,2024-10-07,3,5,3,157,157,2024-10-07,1
606,2024-09-20,2024-09-27,3,13,1,162,162,2024-09-27,1
607,2024-09-20,2024-09-30,3,14,4,147,147,2024-10-02,0
608,2024-09-23,2024-10-03,2,4,2,161,161,2024-10-03,1
609,2024-09-23,2024-10-23,2,17,5,152,152,2024-10-25,0
610,2024-09-24,2024-10-02,1,27,6,156,156,2024-10-02,1
611,2024-09-24,2024-10-02,3,32,6,138,138,2024-10-02,1
612,2024-09-25,2024-10-07,1,28,2,148,148,2024-10-07,1
613,2024-09-26,2024-10-03,1,31,1,168,168,2024-10-03,1
614,2024-09-26,2024-10-07,3,12,4,143,143,2024-10-07,1
615,2024-09-27,2024-10-04,1,7,1,150,150,2024-10-16,0
616,2024-09-27,2024-10-07,2,15,4,157,157,2024-10-07,1
617,2024-09-27,2024-10-28,3,17,5,155,155,2024-11-11,0
618,2024-09-30,2024-10-07,1,25,1,142,142,2024-10-07,1
619,2024-09-30,2024-10-08,1,30,6,142,142,2024-10-10,0
620,2024-09-30,2024-10-07,2,19,1,145,145,2024-10-09,0
621,2024-09-30,2024-10-30,2,21,5,149,149,2024-10-30,1
622,2024-09-30,2024-10-08,2,32,6,144,144,2024-10-10,0
623,2024-10-01,2024-10-17,1,8,3,136,136,2024-10-17,1
624,2024-10-01,2024-10-10,1,15,4,151,151,2024-10-15,0
625,2024-10-01,2024-10-17,2,2,3,156,156,2024-10-17,1
626,2024-10-01,2024-10-11,2,16,2,122,122,2024-10-11,1
627,2024-10-01,2024-10-31,2,23,5,144,144,2024-10-31,1
628,2024-10-01,2024-10-11,3,10,2,144,144,2024-10-14,0
629,2024-10-01,2024-10-31,3,18,5,149,149,2024-11-12,0
630,2024-10-02,2024-10-09,2,13,1,163,163,2024-10-09,1
631,2024-10-02,2024-10-10,2,29,6,146,146,2024-10-22,0
632,2024-10-02,2024-11-01,3,24,5,136,136,2024-11-01,1
633,2024-10-02,2024-10-10,3,29,6,155,155,2024-10-10,1
634,2024-10-03,2024-10-21,2,8,3,128,128,2024-10-21,1
635,2024-10-03,2024-10-14,2,22,2,142,142,2024-10-16,0
636,2024-10-03,2024-10-14,3,15,4,168,168,2024-10-14,1
637,2024-10-03,2024-10-10,3,25,1,150,150,2024-10-10,1
638,2024-10-04,2024-10-21,1,2,3,169,169,2024-10-21,1
639,2024-10-04,2024-10-11,2,1,1,141,141,2024-10-14,0
640,2024-10-04,2024-10-14,2,14,4,148,148,2024-10-14,1
641,2024-10-04,2024-10-21,3,6,3,150,150,2024-10-28,0
642,2024-10-04,2024-10-14,3,22,2,150,150,2024-10-14,1
643,2024-10-07,2024-10-17,1,16,2,136,136,2024-10-17,1
644,2024-10-07,2024-11-06,1,20,5,143,143,2024-11-11,0
645,2024-10-07,2024-10-16,2,9,4,157,157,2024-10-16,1
646,2024-10-07,2024-10-16,2,12,4,158,158,2024-10-16,1
647,2024-10-07,2024-10-14,3,7,1,154,154,2024-10-16,0
648,2024-10-07,2024-10-14,3,19,1,143,143,2024-10-14,1
649,2024-10-08,2024-10-16,1,32,6,130,130,2024-10-21,0
650,2024-10-08,2024-10-16,2,26,6,146,146,2024-10-16,1
651,2024-10-08,2024-10-24,3,2,3,141,141,2024-10-24,1
652,2024-10-09,2024-10-18,1,14,4,150,150,2024-10-18,1
653,2024-10-09,2024-11-08,1,24,5,150,150,2024-11-08,1
654,2024-10-09,2024-10-21,2,10,2,152,152,2024-10-21,1
655,2024-10-09,2024-10-17,2,27,6,144,144,2024-10-22,0
656,2024-10-09,2024-10-17,3,26,6,144,144,2024-10-17,1
657,2024-10-10,2024-10-28,1,5,3,150,150,2024-10-30,0
658,2024-10-10,2024-11-11,2,20,5,160,160,2024-11-25,0
659,2024-10-10,2024-10-28,3,3,3,155,155,2024-10-30,0
660,2024-10-10,2024-10-28,3,8,3,134,134,2024-10-28,1
661,2024-10-11,2024-11-11,1,17,5,155,155,2024-11-25,0
662,2024-10-11,2024-10-21,1,29,6,142,142,2024-10-21,1
663,2024-10-11,2024-10-21,2,28,2,146,146,2024-10-21,1
664,2024-10-11,2024-10-21,3,16,2,132,132,2024-10-23,0
665,2024-10-14,2024-10-30,1,3,3,148,148,2024-10-30,1
666,2024-10-14,2024-10-30,2,5,3,154,154,2024-10-30,1
667,2024-10-14,2024-10-21,2,25,1,143,143,2024-10-21,1
668,2024-10-14,2024-10-24,3,4,2,145,145,2024-10-29,0
669,2024-10-14,2024-10-30,3,5,3,142,142,2024-10-30,1
670,2024-10-14,2024-10-22,3,27,6,148,148,2024-10-24,0
671,2024-10-15,2024-10-22,3,1,1,150,150,2024-10-22,1
672,2024-10-17,2024-10-28,1,11,4,151,151,2024-11-11,0
673,2024-10-17,2024-10-24,1,13,1,141,141,2024-10-24,1
674,2024-10-17,2024-10-24,1,19,1,146,146,2024-10-24,1
675,2024-10-17,2024-10-25,1,26,6,142,142,2024-10-25,1
676,2024-10-17,2024-10-28,2,4,2,153,153,2024-10-28,1
677,2024-10-17,2024-11-18,2,17,5,150,150,2024-11-18,1
678,2024-10-17,2024-11-18,2,18,5,144,144,2024-11-18,1
679,2024-10-17,2024-11-18,2,24,5,124,124,2024-11-18,1
680,2024-10-17,2024-10-25,3,30,6,155,155,2024-10-25,1
681,2024-10-18,2024-11-04,1,6,3,167,167,2024-11-04,1
682,2024-10-18,2024-10-28,1,27,6,158,158,2024-11-04,0
683,2024-10-18,2024-10-28,3,10,2,147,147,2024-10-28,1
684,2024-10-18,2024-10-28,3,11,4,145,145,2024-10-30,0
685,2024-10-18,2024-11-18,3,17,5,148,148,2024-11-25,0
686,2024-10-18,2024-11-18,3,20,5,144,144,2024-11-18,1
687,2024-10-21,2024-11-20,3,23,5,152,152,2024-11-20,1
688,2024-10-21,2024-10-29,3,32,6,124,124,2024-10-29,1
689,2024-10-22,2024-10-30,2,30,6,141,141,2024-10-30,1
690,2024-10-23,2024-11-04,1,28,2,159,159,2024-11-04,1
691,2024-10-23,2024-11-08,2,3,3,157,157,2024-11-08,1
692,2024-10-23,2024-10-30,2,31,1,160,160,2024-11-01,0
693,2024-10-24,2024-11-25,1,23,5,146,146,2024-12-02,0
694,2024-10-24,2024-11-04,3,14,4,147,147,2024-11-04,1
695,2024-10-24,2024-11-25,3,21,5,141,141,2024-11-25,1
696,2024-10-25,2024-11-04,1,10,2,148,148,2024-11-04,1
697,2024-10-25,2024-11-04,1,12,4,197,197,2024-11-06,0
698,2024-10-25,2024-11-04,1,16,2,146,146,2024-11-04,1
699,2024-10-25,2024-11-25,1,24,5,142,142,2024-12-02,0
700,2024-10-25,2024-11-11,2,6,3,144,144,2024-11-11,1
701,2024-10-25,2024-11-04,3,12,4,147,147,2024-11-04,1
702,2024-10-28,2024-11-04,1,7,1,149,149,2024-11-04,1
703,2024-10-28,2024-11-27,1,21,5,149,149,2024-11-27,1
704,2024-10-28,2024-11-06,2,12,4,151,151,2024-11-06,1
705,2024-10-28,2024-11-06,2,15,4,156,156,2024-11-06,1
706,2024-10-28,2024-11-27,2,23,5,141,141,2024-11-29,0
707,2024-10-28,2024-11-05,2,32,6,130,130,2024-11-05,1
708,2024-10-29,2024-11-05,1,1,1,157,157,2024-11-07,0
709,2024-10-29,2024-11-28,1,18,5,147,147,2024-11-28,1
710,2024-10-29,2024-11-05,1,31,1,146,146,2024-11-11,0
711,2024-10-29,2024-11-28,2,21,5,156,156,2024-12-02,0
712,2024-10-29,2024-11-28,3,18,5,141,141,2024-12-02,0
713,2024-10-30,2024-11-15,1,5,3,143,143,2024-11-27,0
714,2024-10-30,2024-11-06,2,7,1,142,142,2024-11-08,0
715,2024-10-30,2024-11-06,3,13,1,154,154,2024-11-06,1
716,2024-10-30,2024-11-07,3,29,6,145,145,2024-11-07,1
717,2024-10-31,2024-11-08,1,29,6,150,150,2024-11-13,0
718,2024-10-31,2024-12-02,3,24,5,130,130,2024-12-16,0
719,2024-11-01,2024-11-18,1,8,3,146,146,2024-11-18,1
720,2024-11-01,2024-11-11,1,22,2,144,144,2024-11-11,1
721,2024-11-01,2024-11-11,2,22,2,149,149,2024-11-11,1
722,2024-11-01,2024-11-18,3,3,3,147,147,2024-11-18,1
723,2024-11-01,2024-11-18,3,6,3,160,160,2024-11-20,0
724,2024-11-01,2024-11-11,3,22,2,159,159,2024-11-13,0
725,2024-11-05,2024-11-14,1,9,4,145,145,2024-11-18,0
726,2024-11-05,2024-12-05,1,20,5,146,146,2024-12-05,1
727,2024-11-05,2024-11-13,1,32,6,126,126,2024-11-18,0
728,2024-11-05,2024-11-21,2,5,3,152,152,2024-11-21,1
729,2024-11-05,2024-11-21,2,8,3,136,136,2024-11-21,1
730,2024-11-05,2024-11-15,2,10,2,151,151,2024-11-15,1
731,2024-11-05,2024-11-15,2,16,2,122,122,2024-11-15,1
732,2024-11-05,2024-11-14,3,9,4,182,182,2024-11-14,1
733,2024-11-06,2024-11-13,1,25,1,146,146,2024-11-13,1
734,2024-11-06,2024-12-06,2,17,5,158,158,2024-12-06,1
735,2024-11-06,2024-11-18,3,16,2,130,130,2024-11-20,0
736,2024-11-07,2024-11-18,2,11,4,141,141,2024-11-18,1
737,2024-11-07,2024-11-14,2,19,1,141,141,2024-11-14,1
738,2024-11-07,2024-11-14,2,25,1,176,176,2024-11-26,0
739,2024-11-07,2024-11-18,3,4,2,154,154,2024-11-18,1
740,2024-11-07,2024-11-18,3,28,2,142,142,2024-12-02,0
741,2024-11-08,2024-11-15,3,25,1,144,144,2024-11-15,1
742,2024-11-11,2024-11-27,2,2,3,143,143,2024-12-09,0
743,2024-11-11,2024-11-20,2,9,4,161,161,2024-11-20,1
744,2024-11-11,2024-12-11,2,20,5,147,147,2024-12-16,0
745,2024-11-11,2024-11-19,2,26,6,146,146,2024-11-21,0
746,2024-11-11,2024-11-27,3,2,3,143,143,2024-11-27,1
747,2024-11-11,2024-11-27,3,8,3,130,130,2024-11-29,0
748,2024-11-11,2024-11-18,3,19,1,151,151,2024-11-20,0
749,2024-11-12,2024-11-22,1,16,2,122,122,2024-11-22,1
750,2024-11-12,2024-11-20,1,30,6,146,146,2024-11-25,0
751,2024-11-12,2024-11-19,3,1,1,149,149,2024-11-21,0
752,2024-11-12,2024-11-21,3,15,4,151,151,2024-12-03,0
753,2024-11-12,2024-11-20,3,32,6,126,126,2024-11-20,1
754,2024-11-13,2024-11-20,1,13,1,145,145,2024-11-25,0
755,2024-11-13,2024-11-20,1,19,1,154,154,2024-11-22,0
756,2024-11-13,2024-11-29,2,6,3,163,163,2024-12-04,0
757,2024-11-13,2024-11-21,3,30,6,175,175,2024-11-21,1
758,2024-11-14,2024-12-02,1,3,3,146,146,2024-12-02,1
759,2024-11-14,2024-11-25,1,15,4,153,153,2024-11-25,1
760,2024-11-14,2024-11-22,1,26,6,144,144,2024-11-22,1
761,2024-11-14,2024-11-21,2,13,1,148,148,2024-11-21,1
762,2024-11-14,2024-11-22,2,29,6,143,143,2024-11-27,0
763,2024-11-15,2024-11-25,1,14,4,189,189,2024-11-25,1
764,2024-11-15,2024-12-16,1,24,5,142,142,2024-12-23,0
765,2024-11-15,2024-11-22,2,7,1,148,148,2024-11-22,1
766,2024-11-15,2024-12-16,2,24,5,132,132,2024-12-16,1
767,2024-11-15,2024-11-25,3,27,6,156,156,2024-12-09,0
768,2024-11-15,2024-11-22,3,31,1,158,158,2024-12-04,0
769,2024-11-18,2024-12-04,1,2,3,145,145,2024-12-04,1
770,2024-11-18,2024-12-04,1,6,3,141,141,2024-12-04,1
771,2024-11-18,2024-11-27,1,11,4,141,141,2024-11-27,1
772,2024-11-18,2024-11-27,1,12,4,144,144,2024-12-02,0
773,2024-11-18,2024-11-26,1,27,6,162,162,2024-11-26,1
774,2024-11-18,2024-11-28,2,28,2,158,158,2024-11-28,1
775,2024-11-18,2024-11-26,2,32,6,132,132,2024-11-26,1
776,2024-11-18,2024-11-28,3,10,2,155,155,2024-11-28,1
777,2024-11-18,2024-11-26,3,29,6,154,154,2024-11-26,1
778,2024-11-19,2024-12-05,2,3,3,143,143,2024-12-05,1
779,2024-11-19,2024-12-19,2,18,5,165,165,2024-12-19,1
780,2024-11-19,2024-11-28,3,9,4,152,152,2024-11-28,1
781,2024-11-20,2024-12-02,1,4,2,149,149,2024-12-04,0
782,2024-11-20,2024-11-29,2,14,4,172,172,2024-11-29,1
783,2024-11-20,2024-12-20,2,23,5,143,143,2024-12-23,0
784,2024-11-20,2024-12-20,3,21,5,155,155,2024-12-23,0
785,2024-11-20,2024-12-20,3,24,5,124,124,2024-12-20,1
786,2024-11-21,2024-12-02,1,28,2,147,147,2024-12-02,1
787,2024-11-21,2024-12-23,2,21,5,170,170,2024-12-23,1
788,2024-11-21,2024-12-09,3,5,3,141,141,2024-12-09,1
789,2024-11-21,2024-11-28,3,13,1,148,148,2024-11-28,1
790,2024-11-21,2024-12-23,3,20,5,153,153,2024-12-30,0
791,2024-11-22,2024-12-23,3,17,5,152,152,2024-12-23,1
792,2024-11-22,2024-12-23,3,23,5,152,152,2024-12-23,1
793,2024-11-26,2024-12-26,1,21,5,143,143,2024-12-30,0
794,2024-11-26,2024-12-04,1,29,6,150,150,2024-12-09,0
795,2024-11-26,2024-12-05,2,15,4,142,142,2024-12-10,0
796,2024-11-27,2024-12-13,1,8,3,128,128,2024-12-13,1
797,2024-11-27,2024-12-09,2,10,2,144,144,2024-12-09,1
798,2024-11-27,2024-12-09,3,16,2,126,126,2024-12-09,1
799,2024-11-28,2024-12-09,1,10,2,177,177,2024-12-09,1
800,2024-11-28,2024-12-30,1,17,5,157,157,2024-12-30,1
801,2024-11-28,2024-12-30,1,23,5,149,149,2024-12-30,1
802,2024-11-28,2024-12-09,2,4,2,144,144,2024-12-09,1
803,2024-11-29,2024-12-06,1,7,1,165,165,2024-12-06,1
804,2024-11-29,2024-12-09,2,30,6,146,146,2024-12-23,0
805,2024-11-29,2024-12-30,3,18,5,147,147,2025-01-01,0
806,2024-12-02,2025-01-01,1,18,5,141,141,2025-01-03,0
807,2024-12-02,2024-12-18,2,5,3,143,143,2024-12-18,1
808,2024-12-02,2024-12-11,2,12,4,149,149,2024-12-11,1
809,2024-12-02,2024-12-11,3,11,4,150,150,2024-12-11,1
810,2024-12-02,2024-12-11,3,12,4,144,144,2024-12-11,1
811,2024-12-03,2024-12-13,1,22,2,146,146,2024-12-13,1
812,2024-12-03,2024-12-11,1,32,6,134,134,2024-12-11,1
813,2024-12-03,2024-12-11,2,27,6,148,148,2024-12-13,0
814,2024-12-03,2024-12-19,3,6,3,154,154,2024-12-24,0
815,2024-12-04,2024-12-11,1,1,1,164,164,2024-12-11,1
816,2024-12-04,2024-12-11,2,1,1,169,169,2024-12-11,1
817,2024-12-04,2024-12-16,3,22,2,142,142,2024-12-16,1
818,2024-12-05,2024-12-16,1,16,2,122,122,2024-12-16,1
819,2024-12-05,2025-01-06,2,17,5,152,152,2025-01-06,1
820,2024-12-05,2024-12-16,3,28,2,141,141,2024-12-16,1
821,2024-12-06,2024-12-23,1,5,3,156,156,2024-12-25,0
822,2024-12-06,2024-12-16,1,15,4,157,157,2024-12-16,1
823,2024-12-06,2024-12-16,2,16,2,126,126,2024-12-16,1
824,2024-12-06,2025-01-06,2,24,5,134,134,2025-01-06,1
825,2024-12-06,2024-12-16,2,29,6,148,148,2024-12-16,1
826,2024-12-06,2024-12-13,3,7,1,144,144,2024-12-13,1
827,2024-12-06,2024-12-16,3,10,2,142,142,2024-12-16,1
828,2024-12-06,2024-12-16,3,26,6,151,151,2024-12-16,1
829,2024-12-09,2025-01-08,1,20,5,147,147,2025-01-08,1
830,2024-12-09,2024-12-17,1,26,6,143,143,2024-12-17,1
831,2024-12-09,2025-01-08,2,20,5,154,154,2025-01-08,1
832,2024-12-09,2024-12-25,3,8,3,134,134,2024-12-25,1
833,2024-12-10,2024-12-17,2,19,1,153,153,2024-12-17,1
834,2024-12-10,2024-12-26,3,3,3,148,148,2024-12-26,1
835,2024-12-11,2024-12-23,2,22,2,144,144,2024-12-23,1
836,2024-12-12,2024-12-30,1,3,3,149,149,2025-01-13,0
837,2024-12-12,2024-12-20,1,27,6,142,142,2024-12-20,1
838,2024-12-12,2024-12-19,3,19,1,151,151,2024-12-19,1
839,2024-12-13,2024-12-30,1,2,3,146,146,2024-12-30,1
840,2024-12-13,2024-12-20,1,13,1,182,182,2024-12-20,1
841,2024-12-13,2024-12-20,1,25,1,145,145,2024-12-20,1
842,2024-12-13,2024-12-30,2,2,3,141,141,2024-12-30,1
843,2024-12-13,2024-12-23,2,9,4,149,149,2024-12-23,1
844,2024-12-13,2024-12-23,2,11,4,154,154,2024-12-30,0
845,2024-12-13,2024-12-23,3,32,6,126,126,2024-12-23,1
846,2024-12-16,2025-01-01,2,6,3,151,151,2025-01-03,0
847,2024-12-16,2025-01-01,2,8,3,138,138,2025-01-01,1
848,2024-12-16,2025-01-15,3,17,5,168,168,2025-01-27,0
849,2024-12-16,2024-12-23,3,25,1,142,142,2024-12-23,1
850,2024-12-17,2024-12-24,3,1,1,155,155,2024-12-24,1
851,2024-12-17,2025-01-16,3,20,5,147,147,2025-01-16,1
852,2024-12-18,2024-12-25,1,19,1,144,144,2024-12-25,1
853,2024-12-18,2024-12-26,1,30,6,148,148,2024-12-30,0
854,2024-12-18,2025-01-03,2,3,3,152,152,2025-01-08,0
855,2024-12-18,2025-01-17,2,23,5,158,158,2025-01-20,0
856,2024-12-18,2024-12-27,3,14,4,145,145,2024-12-27,1
857,2024-12-19,2024-12-26,1,31,1,144,144,2024-12-26,1
858,2024-12-19,2025-01-06,3,5,3,143,143,2025-01-08,0
859,2024-12-19,2024-12-27,3,29,6,153,153,2024-12-27,1
860,2024-12-20,2025-01-20,2,21,5,150,150,2025-01-20,1
861,2024-12-20,2024-12-27,3,13,1,151,151,2024-12-27,1
862,2024-12-23,2025-01-02,1,4,2,158,158,2025-01-02,1
863,2024-12-23,2024-12-30,1,7,1,143,143,2024-12-30,1
864,2024-12-23,2024-12-31,1,32,6,124,124,2024-12-31,1
865,2024-12-23,2025-01-22,2,18,5,156,156,2025-01-22,1
866,2024-12-24,2025-01-01,2,32,6,142,142,2025-01-01,1
867,2024-12-25,2025-01-03,1,9,4,167,167,2025-01-03,1
868,2024-12-25,2025-01-03,1,12,4,154,154,2025-01-06,0
869,2024-12-25,2025-01-24,1,17,5,141,141,2025-01-24,1
870,2024-12-25,2025-01-01,2,7,1,151,151,2025-01-01,1
871,2024-12-25,2025-01-01,2,31,1,145,145,2025-01-01,1
872,2024-12-26,2025-01-06,1,22,2,155,155,2025-01-06,1
873,2024-12-26,2025-01-27,1,23,5,142,142,2025-01-27,1
874,2024-12-26,2025-01-03,2,26,6,146,146,2025-01-03,1
875,2024-12-26,2025-01-06,2,28,2,152,152,2025-01-08,0
876,2024-12-26,2025-01-06,3,4,2,147,147,2025-01-06,1
877,2024-12-26,2025-01-27,3,24,5,128,128,2025-01-27,1
878,2024-12-26,2025-01-03,3,27,6,157,157,2025-01-03,1
879,2024-12-27,2025-01-06,2,15,4,153,153,2025-01-20,0
880,2024-12-30,2025-01-07,1,29,6,148,148,2025-01-07,1
881,2024-12-30,2025-01-29,3,21,5,149,149,2025-01-29,1
882,2024-12-31,2025-01-30,1,24,5,126,126,2025-02-11,0
883,2024-12-31,2025-01-09,2,12,4,141,141,2025-01-09,1
884,2024-12-31,2025-01-07,2,13,1,144,144,2025-01-07,1
885,2024-12-31,2025-01-09,2,14,4,152,152,2025-01-09,1
886,2024-12-31,2025-01-16,3,2,3,143,143,2025-01-16,1
887,2024-12-31,2025-01-10,3,16,2,138,138,2025-01-10,1
888,2024-12-31,2025-01-08,3,30,6,152,152,2025-01-08,1
889,2025-01-01,2025-01-17,1,6,3,144,144,2025-01-17,1
890,2025-01-01,2025-01-13,2,4,2,150,150,2025-01-20,0
891,2025-01-02,2025-01-13,1,14,4,149,149,2025-01-13,1
892,2025-01-02,2025-01-20,3,6,3,142,142,2025-01-20,1
893,2025-01-03,2025-02-03,2,24,5,132,132,2025-02-03,1
894,2025-01-03,2025-01-10,2,25,1,155,155,2025-01-13,0
895,2025-01-03,2025-01-13,3,9,4,147,147,2025-01-15,0
896,2025-01-03,2025-02-03,3,18,5,142,142,2025-02-03,1
897,2025-01-06,2025-02-05,1,21,5,144,144,2025-02-05,1
898,2025-01-08,2025-01-24,1,8,3,138,138,2025-01-27,0
899,2025-01-08,2025-01-17,1,11,4,152,152,2025-01-17,1
900,2025-01-09,2025-01-17,1,26,6,142,142,2025-01-20,0
901,2025-01-09,2025-01-20,2,16,2,124,124,2025-01-20,1
902,2025-01-09,2025-02-10,3,23,5,149,149,2025-02-17,0
903,2025-01-10,2025-01-17,1,1,1,149,149,2025-01-17,1
904,2025-01-10,2025-01-27,1,5,3,143,143,2025-01-29,0
905,2025-01-10,2025-01-17,1,13,1,141,141,2025-01-29,0
906,2025-01-10,2025-01-20,3,15,4,160,160,2025-01-20,1
907,2025-01-13,2025-01-23,1,10,2,151,151,2025-01-28,0
908,2025-01-13,2025-02-12,1,20,5,158,158,2025-02-12,1
909,2025-01-13,2025-01-23,2,22,2,141,141,2025-01-28,0
910,2025-01-13,2025-01-22,3,11,4,141,141,2025-01-27,0
911,2025-01-14,2025-01-23,1,15,4,141,141,2025-01-23,1
912,2025-01-14,2025-01-30,2,3,3,172,172,2025-01-30,1
913,2025-01-14,2025-01-24,2,10,2,144,144,2025-01-24,1
914,2025-01-14,2025-01-24,3,10,2,151,151,2025-01-24,1
915,2025-01-14,2025-01-23,3,14,4,179,179,2025-01-23,1
916,2025-01-14,2025-01-21,3,19,1,156,156,2025-01-21,1
917,2025-01-14,2025-01-24,3,22,2,152,152,2025-01-24,1
918,2025-01-14,2025-01-21,3,31,1,147,147,2025-01-21,1
919,2025-01-15,2025-02-14,2,20,5,142,142,2025-02-14,1
920,2025-01-15,2025-01-23,2,29,6,164,164,2025-01-23,1
921,2025-01-16,2025-01-27,3,12,4,154,154,2025-01-27,1
922,2025-01-16,2025-02-17,3,17,5,145,145,2025-02-17,1
923,2025-01-17,2025-01-27,1,9,4,161,161,2025-01-27,1
924,2025-01-17,2025-01-27,1,16,2,136,136,2025-02-03,0
925,2025-01-17,2025-01-27,1,28,2,156,156,2025-01-27,1
926,2025-01-17,2025-02-17,2,23,5,160,160,2025-02-17,1
927,2025-01-17,2025-01-27,3,26,6,146,146,2025-02-10,0
928,2025-01-20,2025-02-05,2,5,3,143,143,2025-02-10,0
929,2025-01-20,2025-01-28,3,32,6,134,134,2025-01-28,1
930,2025-01-21,2025-01-28,1,25,1,152,152,2025-01-28,1
931,2025-01-21,2025-01-29,1,27,6,143,143,2025-01-29,1
932,2025-01-21,2025-01-28,2,13,1,155,155,2025-01-30,0
933,2025-01-22,2025-02-21,1,18,5,142,142,2025-02-21,1
934,2025-01-22,2025-01-30,1,32,6,122,122,2025-01-30,1
935,2025-01-23,2025-02-10,2,6,3,149,149,2025-02-10,1
936,2025-01-23,2025-02-24,2,17,5,159,159,2025-02-24,1
937,2025-01-23,2025-02-10,3,3,3,150,150,2025-02-12,0
938,2025-01-23,2025-01-31,3,27,6,144,144,2025-01-31,1
939,2025-01-24,2025-01-31,2,25,1,142,142,2025-01-31,1
940,2025-01-24,2025-02-03,2,28,2,177,177,2025-02-03,1
941,2025-01-24,2025-01-31,3,13,1,149,149,2025-01-31,1
942,2025-01-27,2025-02-03,1,31,1,151,151,2025-02-03,1
943,2025-01-27,2025-02-05,2,12,4,157,157,2025-02-07,0
944,2025-01-27,2025-02-12,3,8,3,134,134,2025-02-12,1
945,2025-01-27,2025-02-26,3,20,5,153,153,2025-03-03,0
946,2025-01-28,2025-02-06,2,9,4,159,159,2025-02-06,1
947,2025-01-28,2025-02-04,3,7,1,152,152,2025-02-04,1
948,2025-01-28,2025-02-04,3,25,1,163,163,2025-02-04,1
949,2025-01-29,2025-02-14,1,6,3,172,172,2025-02-14,1
950,2025-01-29,2025-02-05,2,19,1,147,147,2025-02-05,1
951,2025-01-29,2025-02-05,2,31,1,164,164,2025-02-05,1
952,2025-01-30,2025-02-17,1,3,3,156,156,2025-02-17,1
953,2025-01-30,2025-02-10,1,14,4,144,144,2025-02-10,1
954,2025-01-30,2025-02-17,2,2,3,152,152,2025-02-19,0
955,2025-01-30,2025-03-03,3,24,5,128,128,2025-03-03,1
956,2025-01-31,2025-02-10,1,29,6,156,156,2025-02-10,1
957,2025-01-31,2025-02-10,2,11,4,159,159,2025-02-17,0
958,2025-01-31,2025-02-10,2,15,4,163,163,2025-02-10,1
959,2025-01-31,2025-02-10,2,26,6,144,144,2025-02-10,1
960,2025-01-31,2025-02-10,3,16,2,160,160,2025-02-12,0
961,2025-01-31,2025-02-10,3,28,2,141,141,2025-02-17,0
962,2025-02-03,2025-02-13,1,22,2,146,146,2025-02-17,0
963,2025-02-03,2025-02-13,2,10,2,142,142,2025-02-13,1
964,2025-02-03,2025-02-11,2,30,6,153,153,2025-02-11,1
965,2025-02-03,2025-02-13,3,4,2,157,157,2025-02-18,0
966,2025-02-04,2025-02-20,2,8,3,128,128,2025-02-20,1
967,2025-02-04,2025-03-06,2,18,5,157,157,2025-03-06,1
968,2025-02-04,2025-03-06,2,21,5,154,154,2025-03-11,0
969,2025-02-04,2025-02-12,2,27,6,152,152,2025-02-12,1
970,2025-02-04,2025-02-13,3,9,4,141,141,2025-02-13,1
971,2025-02-05,2025-02-12,1,1,1,167,167,2025-02-12,1
972,2025-02-05,2025-02-12,1,19,1,144,144,2025-02-14,0
973,2025-02-05,2025-02-13,1,26,6,155,155,2025-02-13,1
974,2025-02-05,2025-02-13,2,32,6,140,140,2025-02-17,0
975,2025-02-06,2025-02-13,1,7,1,160,160,2025-02-13,1
976,2025-02-06,2025-02-17,1,12,4,152,152,2025-02-19,0
977,2025-02-06,2025-02-13,1,13,1,142,142,2025-02-13,1
978,2025-02-06,2025-03-10,1,24,5,142,142,2025-03-10,1
979,2025-02-06,2025-02-13,3,1,1,148,148,2025-02-17,0
980,2025-02-07,2025-02-24,1,8,3,138,138,2025-02-24,1
981,2025-02-07,2025-03-10,2,24,5,122,122,2025-03-17,0
982,2025-02-07,2025-02-24,3,5,3,143,143,2025-03-03,0
983,2025-02-07,2025-02-17,3,11,4,151,151,2025-02-19,0
984,2025-02-10,2025-03-12,1,17,5,161,161,2025-03-12,1
985,2025-02-10,2025-02-26,3,2,3,173,173,2025-02-26,1
986,2025-02-10,2025-03-12,3,23,5,144,144,2025-03-12,1
987,2025-02-11,2025-02-20,1,9,4,143,143,2025-02-20,1
988,2025-02-12,2025-03-14,1,20,5,143,143,2025-03-14,1
989,2025-02-12,2025-03-14,1,21,5,152,152,2025-03-26,0
990,2025-02-12,2025-02-24,2,16,2,140,140,2025-02-24,1
991,2025-02-12,2025-02-24,2,22,2,146,146,2025-03-03,0
992,2025-02-13,2025-02-24,1,11,4,144,144,2025-03-03,0
993,2025-02-14,2025-02-24,1,16,2,132,132,2025-03-03,0
994,2025-02-14,2025-03-17,2,20,5,141,141,2025-03-17,1
995,2025-02-14,2025-02-24,3,10,2,175,175,2025-02-24,1
996,2025-02-14,2025-02-24,3,15,4,152,152,2025-02-24,1
997,2025-02-14,2025-02-24,3,22,2,141,141,2025-02-24,1
998,2025-02-14,2025-02-24,3,30,6,154,154,2025-02-24,1
999,2025-02-17,2025-02-24,2,13,1,152,152,2025-02-24,1
1000,2025-02-17,2025-03-05,3,8,3,130,130,2025-03-05,1
1001,2025-02-17,2025-02-25,3,32,6,130,130,2025-02-25,1
1002,2025-02-18,2025-02-26,1,27,6,146,146,2025-02-26,1
1003,2025-02-18,2025-02-28,2,4,2,142,142,2025-02-28,1
1004,2025-02-18,2025-03-06,2,5,3,156,156,2025-03-06,1
1005,2025-02-18,2025-02-25,2,7,1,159,159,2025-03-10,0
1006,2025-02-19,2025-03-03,1,4,2,162,162,2025-03-03,1
1007,2025-02-19,2025-03-21,1,23,5,142,142,2025-03-21,1
1008,2025-02-20,2025-02-27,1,25,1,146,146,2025-03-03,0
1009,2025-02-20,2025-03-10,2,3,3,157,157,2025-03-10,1
1010,2025-02-20,2025-02-27,2,19,1,150,150,2025-02-27,1
1011,2025-02-20,2025-03-24,3,18,5,145,145,2025-03-24,1
1012,2025-02-20,2025-02-27,3,25,1,149,149,2025-02-27,1
1013,2025-02-21,2025-02-28,1,19,1,149,149,2025-03-03,0
1014,2025-02-21,2025-02-28,2,1,1,157,157,2025-03-03,0
1015,2025-02-21,2025-03-24,3,17,5,141,141,2025-03-24,1
1016,2025-02-24,2025-03-12,1,2,3,144,144,2025-03-17,0
1017,2025-02-24,2025-03-06,1,28,2,145,145,2025-03-06,1
1018,2025-02-24,2025-03-04,3,26,6,141,141,2025-03-06,0
1019,2025-02-25,2025-03-07,1,10,2,151,151,2025-03-19,0
1020,2025-02-25,2025-03-04,1,31,1,170,170,2025-03-06,0
1021,2025-02-25,2025-03-06,2,11,4,150,150,2025-03-06,1
1022,2025-02-25,2025-03-27,3,21,5,155,155,2025-03-31,0
1023,2025-02-27,2025-03-10,1,14,4,142,142,2025-03-12,0
1024,2025-02-27,2025-03-07,1,30,6,154,154,2025-03-19,0
1025,2025-02-27,2025-03-17,2,2,3,142,142,2025-03-19,0
1026,2025-02-27,2025-03-07,2,26,6,162,162,2025-03-12,0
1027,2025-02-27,2025-03-06,3,13,1,150,150,2025-03-06,1
1028,2025-02-28,2025-03-17,1,5,3,150,150,2025-03-19,0
1029,2025-02-28,2025-03-10,2,29,6,157,157,2025-03-12,0
1030,2025-03-03,2025-03-10,1,13,1,144,144,2025-03-10,1
1031,2025-03-03,2025-03-12,2,12,4,145,145,2025-03-17,0
1032,2025-03-03,2025-03-10,2,25,1,156,156,2025-03-10,1
1033,2025-03-03,2025-03-19,3,3,3,155,155,2025-03-19,1
1034,2025-03-04,2025-03-13,2,14,4,144,144,2025-03-13,1
1035,2025-03-05,2025-03-21,1,3,3,141,141,2025-03-21,1
1036,2025-03-05,2025-03-13,1,26,6,150,150,2025-03-13,1
1037,2025-03-05,2025-03-14,2,9,4,149,149,2025-03-17,0
1038,2025-03-05,2025-04-04,3,24,5,138,138,2025-04-04,1
1039,2025-03-06,2025-03-17,3,9,4,151,151,2025-03-17,1
1040,2025-03-06,2025-03-17,3,14,4,147,147,2025-03-19,0
1041,2025-03-06,2025-03-17,3,28,2,149,149,2025-03-17,1
1042,2025-03-06,2025-03-14,3,29,6,146,146,2025-03-14,1
1043,2025-03-07,2025-03-17,2,4,2,141,141,2025-03-17,1
1044,2025-03-07,2025-03-17,2,32,6,122,122,2025-03-17,1
1045,2025-03-07,2025-03-17,3,30,6,145,145,2025-03-17,1
1046,2025-03-10,2025-03-19,1,9,4,150,150,2025-03-19,1
1047,2025-03-10,2025-04-09,1,24,5,138,138,2025-04-09,1
1048,2025-03-10,2025-03-19,2,15,4,142,142,2025-03-19,1
1049,2025-03-10,2025-03-18,2,30,6,188,188,2025-03-18,1
1050,2025-03-10,2025-03-26,3,6,3,161,161,2025-03-26,1
1051,2025-03-10,2025-04-09,3,20,5,144,144,2025-04-11,0
1052,2025-03-11,2025-03-20,1,15,4,143,143,2025-03-20,1
1053,2025-03-11,2025-04-10,2,17,5,147,147,2025-04-10,1
1054,2025-03-11,2025-03-21,3,10,2,144,144,2025-03-21,1
1055,2025-03-12,2025-03-20,1,32,6,142,142,2025-03-20,1
1056,2025-03-12,2025-03-20,3,27,6,158,158,2025-03-25,0
1057,2025-03-13,2025-03-20,3,31,1,172,172,2025-03-20,1
1058,2025-03-13,2025-03-21,3,32,6,130,130,2025-03-21,1
1059,2025-03-14,2025-03-31,1,6,3,141,141,2025-03-31,1
1060,2025-03-14,2025-04-14,1,17,5,147,147,2025-04-14,1
1061,2025-03-14,2025-03-24,1,29,6,141,141,2025-03-24,1
1062,2025-03-14,2025-03-31,2,8,3,122,122,2025-03-31,1
1063,2025-03-14,2025-04-14,2,20,5,150,150,2025-04-28,0
1064,2025-03-14,2025-03-31,3,2,3,144,144,2025-03-31,1
1065,2025-03-14,2025-03-21,3,25,1,145,145,2025-03-21,1
1066,2025-03-17,2025-04-02,2,5,3,142,142,2025-04-02,1
1067,2025-03-17,2025-03-27,2,22,2,142,142,2025-03-31,0
1068,2025-03-17,2025-03-25,2,27,6,143,143,2025-03-27,0
1069,2025-03-17,2025-03-24,2,31,1,155,155,2025-03-24,1
1070,2025-03-18,2025-03-26,1,27,6,176,176,2025-03-26,1
1071,2025-03-18,2025-04-03,3,8,3,142,142,2025-04-03,1
1072,2025-03-18,2025-03-27,3,12,4,153,153,2025-03-27,1
1073,2025-03-19,2025-03-31,1,22,2,142,142,2025-04-02,0
1074,2025-03-19,2025-04-18,1,23,5,150,150,2025-04-18,1
1075,2025-03-19,2025-03-31,2,16,2,130,130,2025-04-14,0
1076,2025-03-19,2025-03-26,3,19,1,146,146,2025-04-07,0
1077,2025-03-20,2025-03-27,1,1,1,152,152,2025-03-31,0
1078,2025-03-20,2025-03-31,1,12,4,141,141,2025-03-31,1
1079,2025-03-20,2025-04-07,2,2,3,147,147,2025-04-14,0
1080,2025-03-20,2025-03-31,3,11,4,156,156,2025-03-31,1
1081,2025-03-20,2025-03-31,3,16,2,132,132,2025-03-31,1
1082,2025-03-20,2025-04-21,3,17,5,149,149,2025-04-21,1
1083,2025-03-20,2025-03-31,3,22,2,147,147,2025-04-14,0
1084,2025-03-20,2025-04-21,3,23,5,146,146,2025-04-21,1
1085,2025-03-21,2025-03-31,1,16,2,124,124,2025-03-31,1
1086,2025-03-21,2025-03-28,1,19,1,156,156,2025-03-31,0
1087,2025-03-21,2025-03-31,1,26,6,155,155,2025-04-02,0
1088,2025-03-21,2025-04-07,2,3,3,156,156,2025-04-07,1
1089,2025-03-21,2025-03-31,2,10,2,145,145,2025-04-02,0
1090,2025-03-21,2025-04-21,2,24,5,140,140,2025-04-21,1
1091,2025-03-25,2025-04-01,2,13,1,147,147,2025-04-01,1
1092,2025-03-25,2025-04-04,2,28,2,153,153,2025-04-07,0
1093,2025-03-25,2025-04-01,3,7,1,142,142,2025-04-01,1
1094,2025-03-26,2025-04-11,1,3,3,141,141,2025-04-11,1
1095,2025-03-27,2025-04-03,2,19,1,159,159,2025-04-03,1
1096,2025-03-28,2025-04-04,2,1,1,142,142,2025-04-04,1
1097,2025-03-28,2025-04-14,2,6,3,143,143,2025-04-14,1
1098,2025-03-28,2025-04-28,3,24,5,130,130,2025-05-05,0
1099,2025-03-31,2025-04-30,1,24,5,132,132,2025-05-05,0
1100,2025-03-31,2025-04-30,2,21,5,146,146,2025-05-12,0
1101,2025-03-31,2025-04-10,3,4,2,149,149,2025-04-10,1
1102,2025-04-01,2025-04-08,1,7,1,141,141,2025-04-14,0
1103,2025-04-01,2025-05-01,2,23,5,173,173,2025-05-01,1
1104,2025-04-02,2025-04-14,1,4,2,152,152,2025-04-14,1
1105,2025-04-02,2025-04-11,1,11,4,144,144,2025-04-11,1
1106,2025-04-02,2025-04-09,1,13,1,142,142,2025-04-09,1
1107,2025-04-02,2025-04-18,3,2,3,142,142,2025-04-18,1
1108,2025-04-03,2025-05-05,3,18,5,158,158,2025-05-07,0
1109,2025-04-03,2025-04-10,3,31,1,148,148,2025-04-14,0
1110,2025-04-04,2025-04-14,1,14,4,149,149,2025-04-14,1
1111,2025-04-04,2025-04-14,2,22,2,157,157,2025-04-14,1
1112,2025-04-04,2025-04-14,3,9,4,150,150,2025-04-16,0
1113,2025-04-07,2025-05-07,1,21,5,170,170,2025-05-07,1
1114,2025-04-07,2025-05-07,2,18,5,142,142,2025-05-07,1
1115,2025-04-07,2025-04-15,2,26,6,144,144,2025-04-15,1
1116,2025-04-07,2025-04-15,2,30,6,147,147,2025-04-15,1
1117,2025-04-07,2025-04-14,3,1,1,145,145,2025-04-14,1
1118,2025-04-07,2025-05-07,3,21,5,144,144,2025-05-07,1
1119,2025-04-08,2025-04-15,1,1,1,144,144,2025-04-15,1
1120,2025-04-08,2025-04-24,3,6,3,141,141,2025-04-28,0
1121,2025-04-09,2025-04-25,1,5,3,148,148,2025-04-25,1
1122,2025-04-09,2025-04-18,1,15,4,151,151,2025-04-23,0
1123,2025-04-09,2025-05-09,1,20,5,155,155,2025-05-09,1
1124,2025-04-09,2025-04-17,1,29,6,150,150,2025-04-17,1
1125,2025-04-09,2025-04-25,3,5,3,168,168,2025-04-25,1
1126,2025-04-09,2025-04-16,3,25,1,144,144,2025-04-18,0
1127,2025-04-10,2025-04-21,1,22,2,142,142,2025-04-21,1
1128,2025-04-10,2025-04-17,1,31,1,141,141,2025-04-17,1
1129,2025-04-10,2025-04-18,2,29,6,143,143,2025-04-18,1
1130,2025-04-10,2025-04-21,3,15,4,150,150,2025-04-21,1
1131,2025-04-10,2025-05-12,3,20,5,148,148,2025-05-12,1
1132,2025-04-11,2025-04-28,1,2,3,142,142,2025-04-28,1
1133,2025-04-11,2025-04-18,2,7,1,146,146,2025-04-18,1
1134,2025-04-11,2025-04-18,2,13,1,169,169,2025-04-23,0
1135,2025-04-11,2025-05-12,2,17,5,168,168,2025-05-14,0
1136,2025-04-11,2025-05-12,2,23,5,153,153,2025-05-12,1
1137,2025-04-11,2025-04-18,3,13,1,159,159,2025-04-18,1
1138,2025-04-14,2025-04-23,1,9,4,154,154,2025-04-23,1
1139,2025-04-14,2025-05-14,1,17,5,157,157,2025-05-14,1
1140,2025-04-14,2025-04-21,1,25,1,173,173,2025-04-21,1
1141,2025-04-14,2025-04-24,2,4,2,145,145,2025-04-29,0
1142,2025-04-14,2025-04-24,3,28,2,151,151,2025-04-24,1
1143,2025-04-16,2025-05-02,2,2,3,146,146,2025-05-02,1
1144,2025-04-16,2025-04-25,2,12,4,144,144,2025-04-25,1
1145,2025-04-17,2025-05-05,1,3,3,142,142,2025-05-05,1
1146,2025-04-17,2025-05-19,1,18,5,144,144,2025-05-19,1
1147,2025-04-17,2025-04-24,2,25,1,145,145,2025-04-24,1
1148,2025-04-17,2025-04-25,2,27,6,142,142,2025-04-30,0
1149,2025-04-17,2025-05-19,3,23,5,142,142,2025-05-26,0
1150,2025-04-18,2025-04-28,1,30,6,153,153,2025-04-28,1
1151,2025-04-18,2025-04-28,2,11,4,147,147,2025-04-30,0
1152,2025-04-18,2025-04-25,3,7,1,157,157,2025-04-25,1
1153,2025-04-21,2025-04-29,1,26,6,153,153,2025-04-29,1
1154,2025-04-21,2025-05-01,3,10,2,150,150,2025-05-13,0
1155,2025-04-21,2025-04-28,3,19,1,153,153,2025-05-05,0
1156,2025-04-22,2025-05-01,1,12,4,142,142,2025-05-01,1
1157,2025-04-22,2025-05-01,2,9,4,165,165,2025-05-13,0
1158,2025-04-22,2025-05-22,2,20,5,142,142,2025-05-22,1
1159,2025-04-22,2025-04-30,3,30,6,144,144,2025-04-30,1
1160,2025-04-23,2025-05-09,1,6,3,147,147,2025-05-12,0
1161,2025-04-23,2025-04-30,2,19,1,152,152,2025-04-30,1
1162,2025-04-23,2025-05-02,3,14,4,167,167,2025-05-02,1
1163,2025-04-23,2025-05-01,3,27,6,146,146,2025-05-05,0
1164,2025-04-24,2025-05-26,2,21,5,141,141,2025-05-26,1
1165,2025-04-24,2025-05-12,3,3,3,148,148,2025-05-14,0
1166,2025-04-25,2025-05-12,2,3,3,149,149,2025-05-12,1
1167,2025-04-25,2025-05-12,2,6,3,147,147,2025-05-12,1
1168,2025-04-25,2025-05-05,2,14,4,141,141,2025-05-05,1
1169,2025-04-25,2025-05-02,2,31,1,144,144,2025-05-02,1
1170,2025-04-25,2025-05-05,3,11,4,162,162,2025-05-07,0
1171,2025-04-25,2025-05-05,3,12,4,148,148,2025-05-07,0
1172,2025-04-28,2025-05-05,2,1,1,156,156,2025-05-12,0
1173,2025-04-28,2025-05-08,2,10,2,151,151,2025-05-08,1
1174,2025-04-28,2025-05-06,3,26,6,153,153,2025-05-19,0
1175,2025-04-29,2025-05-15,2,5,3,161,161,2025-05-15,1
1176,2025-04-30,2025-05-08,2,26,6,159,159,2025-05-08,1
1177,2025-05-01,2025-06-02,2,18,5,147,147,2025-06-02,1
1178,2025-05-02,2025-05-12,1,4,2,157,157,2025-05-12,1
1179,2025-05-02,2025-05-12,1,14,4,155,155,2025-05-12,1
1180,2025-05-02,2025-05-09,1,19,1,141,141,2025-05-21,0
1181,2025-05-02,2025-06-02,1,23,5,143,143,2025-06-02,1
1182,2025-05-02,2025-06-02,3,21,5,154,154,2025-06-02,1
1183,2025-05-05,2025-05-12,1,13,1,151,151,2025-05-19,0
1184,2025-05-05,2025-05-15,1,28,2,147,147,2025-05-15,1
1185,2025-05-05,2025-05-21,3,6,3,150,150,2025-05-21,1
1186,2025-05-05,2025-05-14,3,9,4,170,170,2025-05-14,1
1187,2025-05-05,2025-05-12,3,25,1,149,149,2025-05-12,1
1188,2025-05-06,2025-05-16,1,10,2,161,161,2025-05-16,1
1189,2025-05-06,2025-05-16,3,22,2,142,142,2025-05-16,1
1190,2025-05-07,2025-06-06,1,20,5,145,145,2025-06-09,0
1191,2025-05-07,2025-05-23,3,2,3,150,150,2025-05-23,1
1192,2025-05-07,2025-06-06,3,17,5,154,154,2025-06-06,1
1193,2025-05-08,2025-05-15,1,1,1,152,152,2025-05-27,0
1194,2025-05-08,2025-05-15,2,7,1,151,151,2025-05-15,1
1195,2025-05-08,2025-05-19,2,28,2,154,154,2025-05-21,0
1196,2025-05-08,2025-05-16,2,29,6,158,158,2025-05-16,1
1197,2025-05-09,2025-05-19,1,29,6,148,148,2025-05-19,1
1198,2025-05-09,2025-05-19,3,4,2,146,146,2025-05-19,1
1199,2025-05-09,2025-05-16,3,31,1,148,148,2025-05-19,0
1200,2025-05-12,2025-05-21,1,11,4,150,150,2025-05-21,1
1201,2025-05-12,2025-05-21,2,15,4,148,148,2025-05-26,0
1202,2025-05-12,2025-05-21,3,15,4,142,142,2025-05-21,1
1203,2025-05-13,2025-05-29,1,3,3,154,154,2025-06-03,0
1204,2025-05-13,2025-05-29,1,5,3,141,141,2025-05-29,1
1205,2025-05-13,2025-05-20,1,7,1,143,143,2025-05-20,1
1206,2025-05-13,2025-05-23,2,4,2,144,144,2025-05-26,0
1207,2025-05-13,2025-05-22,2,12,4,143,143,2025-05-22,1
1208,2025-05-13,2025-05-21,2,27,6,154,154,2025-05-21,1
1209,2025-05-14,2025-05-23,1,15,4,155,155,2025-05-23,1
1210,2025-05-14,2025-05-22,1,27,6,144,144,2025-05-22,1
1211,2025-05-14,2025-05-26,2,22,2,141,141,2025-05-26,1
1212,2025-05-16,2025-05-26,1,9,4,155,155,2025-06-02,0
1213,2025-05-16,2025-06-16,1,17,5,152,152,2025-06-16,1
1214,2025-05-16,2025-06-16,1,21,5,142,142,2025-06-16,1
1215,2025-05-16,2025-06-02,2,3,3,143,143,2025-06-02,1
1216,2025-05-16,2025-05-23,3,13,1,146,146,2025-06-04,0
1217,2025-05-16,2025-05-23,3,19,1,163,163,2025-05-23,1
1218,2025-05-19,2025-06-18,2,23,5,149,149,2025-06-30,0
1219,2025-05-19,2025-06-04,3,5,3,147,147,2025-06-04,1
1220,2025-05-19,2025-05-27,3,26,6,170,170,2025-06-02,0
1221,2025-05-19,2025-05-27,3,30,6,164,164,2025-05-27,1
1222,2025-05-20,2025-05-30,1,22,2,151,151,2025-06-04,0
1223,2025-05-20,2025-05-27,3,1,1,152,152,2025-06-09,0
1224,2025-05-20,2025-05-29,3,12,4,141,141,2025-05-29,1
1225,2025-05-21,2025-06-02,2,10,2,142,142,2025-06-02,1
1226,2025-05-21,2025-05-30,2,11,4,142,142,2025-05-30,1
1227,2025-05-21,2025-06-20,2,17,5,158,158,2025-06-20,1
1228,2025-05-21,2025-06-02,3,10,2,146,146,2025-06-02,1
1229,2025-05-21,2025-06-20,3,18,5,142,142,2025-06-20,1
1230,2025-05-21,2025-06-20,3,20,5,150,150,2025-06-23,0
1231,2025-05-22,2025-05-29,1,31,1,146,146,2025-05-29,1
1232,2025-05-22,2025-06-23,2,21,5,145,145,2025-07-07,0
1233,2025-05-23,2025-06-02,1,30,6,148,148,2025-06-02,1
1234,2025-05-23,2025-05-30,2,13,1,146,146,2025-05-30,1
1235,2025-05-26,2025-06-11,1,6,3,154,154,2025-06-11,1
1236,2025-05-26,2025-06-04,1,14,4,152,152,2025-06-04,1
1237,2025-05-26,2025-06-05,2,28,2,147,147,2025-06-05,1
1238,2025-05-26,2025-06-03,2,30,6,161,161,2025-06-09,0
1239,2025-05-27,2025-06-12,1,2,3,150,150,2025-06-12,1
1240,2025-05-27,2025-06-05,2,9,4,141,141,2025-06-05,1
1241,2025-05-28,2025-06-04,2,19,1,148,148,2025-06-16,0
1242,2025-05-28,2025-06-04,2,25,1,158,158,2025-06-04,1
1243,2025-05-28,2025-06-05,3,27,6,153,153,2025-06-05,1
1244,2025-05-29,2025-06-05,1,25,1,151,151,2025-06-05,1
1245,2025-05-29,2025-06-06,1,26,6,169,169,2025-06-18,0
1246,2025-05-29,2025-06-16,2,6,3,153,153,2025-06-23,0
1247,2025-05-29,2025-06-05,3,31,1,152,152,2025-06-10,0
1248,2025-05-30,2025-06-09,1,4,2,158,158,2025-06-16,0
1249,2025-05-30,2025-06-16,2,2,3,141,141,2025-06-16,1
1250,2025-05-30,2025-06-09,2,14,4,144,144,2025-06-11,0
1251,2025-05-30,2025-06-30,2,18,5,152,152,2025-06-30,1
1252,2025-05-30,2025-06-09,3,11,4,165,165,2025-06-11,0
1253,2025-05-30,2025-06-30,3,21,5,172,172,2025-07-07,0
1254,2025-06-02,2025-06-09,2,7,1,144,144,2025-06-09,1
1255,2025-06-02,2025-06-11,3,14,4,173,173,2025-06-11,1
1256,2025-06-02,2025-06-10,3,29,6,143,143,2025-06-10,1
1257,2025-06-03,2025-06-12,1,12,4,154,154,2025-06-12,1
1258,2025-06-03,2025-06-10,1,13,1,146,146,2025-06-12,0
1259,2025-06-03,2025-07-03,1,18,5,155,155,2025-07-03,1
1260,2025-06-03,2025-06-12,2,12,4,143,143,2025-06-12,1
1261,2025-06-03,2025-07-03,3,23,5,144,144,2025-07-03,1
1262,2025-06-04,2025-06-12,2,26,6,162,162,2025-06-17,0
1263,2025-06-04,2025-06-12,2,29,6,155,155,2025-06-12,1
1264,2025-06-04,2025-06-11,3,25,1,141,141,2025-06-23,0
1265,2025-06-04,2025-06-16,3,28,2,164,164,2025-06-16,1
1266,2025-06-05,2025-06-13,1,29,6,145,145,2025-06-13,1
1267,2025-06-05,2025-06-16,2,4,2,141,141,2025-06-23,0
1268,2025-06-06,2025-06-16,1,10,2,147,147,2025-06-23,0
1269,2025-06-06,2025-07-07,1,17,5,151,151,2025-07-07,1
1270,2025-06-06,2025-07-07,1,20,5,145,145,2025-07-07,1
1271,2025-06-06,2025-06-23,3,3,3,147,147,2025-06-23,1
1272,2025-06-06,2025-06-16,3,15,4,146,146,2025-06-16,1
1273,2025-06-09,2025-06-17,2,27,6,143,143,2025-06-17,1
1274,2025-06-09,2025-06-25,3,2,3,144,144,2025-06-27,0
1275,2025-06-09,2025-06-25,3,5,3,150,150,2025-06-27,0
1276,2025-06-10,2025-06-17,1,19,1,142,142,2025-06-17,1
1277,2025-06-10,2025-06-26,2,5,3,157,157,2025-06-26,1
1278,2025-06-10,2025-06-19,3,9,4,145,145,2025-06-19,1
1279,2025-06-11,2025-06-27,1,5,3,160,160,2025-06-30,0
1280,2025-06-11,2025-06-20,1,11,4,152,152,2025-06-20,1
1281,2025-06-11,2025-07-11,2,20,5,171,171,2025-07-11,1
1282,2025-06-12,2025-06-23,1,15,4,144,144,2025-06-25,0
1283,2025-06-12,2025-07-14,1,23,5,142,142,2025-07-14,1
1284,2025-06-12,2025-06-19,2,31,1,153,153,2025-06-19,1
1285,2025-06-12,2025-06-30,3,6,3,150,150,2025-06-30,1
1286,2025-06-13,2025-06-23,1,28,2,141,141,2025-06-23,1
1287,2025-06-13,2025-06-23,3,4,2,147,147,2025-06-30,0
1288,2025-06-13,2025-06-23,3,10,2,154,154,2025-06-23,1
1289,2025-06-16,2025-06-23,1,1,1,163,163,2025-06-25,0
1290,2025-06-16,2025-06-23,2,19,1,148,148,2025-06-23,1
1291,2025-06-16,2025-06-23,3,7,1,148,148,2025-06-23,1
1292,2025-06-16,2025-06-26,3,22,2,154,154,2025-06-30,0
1293,2025-06-16,2025-06-24,3,30,6,149,149,2025-06-24,1
1294,2025-06-17,2025-07-03,1,3,3,153,153,2025-07-08,0
1295,2025-06-17,2025-06-26,1,9,4,149,149,2025-06-26,1
1296,2025-06-17,2025-06-24,3,13,1,148,148,2025-06-24,1
1297,2025-06-18,2025-06-26,1,27,6,141,141,2025-06-26,1
1298,2025-06-18,2025-06-30,2,10,2,149,149,2025-06-30,1
1299,2025-06-18,2025-07-18,3,20,5,149,149,2025-07-18,1
1300,2025-06-19,2025-06-30,1,4,2,149,149,2025-06-30,1
1301,2025-06-20,2025-06-30,2,22,2,145,145,2025-07-07,0
1302,2025-06-20,2025-06-27,2,25,1,142,142,2025-06-27,1
1303,2025-06-23,2025-06-30,1,31,1,151,151,2025-06-30,1
1304,2025-06-23,2025-07-09,2,6,3,171,171,2025-07-09,1
1305,2025-06-23,2025-07-02,2,15,4,143,143,2025-07-04,0
1306,2025-06-24,2025-07-04,1,22,2,147,147,2025-07-09,0
1307,2025-06-24,2025-07-24,3,17,5,152,152,2025-08-05,0
1308,2025-06-25,2025-07-02,2,1,1,147,147,2025-07-02,1
1309,2025-06-25,2025-07-25,2,23,5,141,141,2025-07-30,0
1310,2025-06-26,2025-07-03,1,7,1,148,148,2025-07-03,1
1311,2025-06-26,2025-07-28,1,17,5,144,144,2025-07-28,1
1312,2025-06-26,2025-07-07,2,11,4,177,177,2025-07-07,1
1313,2025-06-26,2025-07-07,2,28,2,142,142,2025-07-07,1
1314,2025-06-26,2025-07-14,3,3,3,148,148,2025-07-14,1
1315,2025-06-26,2025-07-07,3,28,2,152,152,2025-07-07,1
1316,2025-06-27,2025-07-07,1,26,6,153,153,2025-07-07,1
1317,2025-06-27,2025-07-07,1,29,6,159,159,2025-07-14,0
1318,2025-06-27,2025-07-07,1,30,6,156,156,2025-07-07,1
1319,2025-06-27,2025-07-07,2,29,6,144,144,2025-07-07,1
1320,2025-06-27,2025-07-07,2,30,6,157,157,2025-07-07,1
1321,2025-06-27,2025-07-28,3,23,5,143,143,2025-07-28,1
1322,2025-06-27,2025-07-07,3,26,6,153,153,2025-07-09,0
1323,2025-06-30,2025-07-30,2,21,5,146,146,2025-07-30,1
1324,2025-07-01,2025-07-08,1,19,1,144,144,2025-07-08,1
1325,2025-07-02,2025-07-18,1,6,3,143,143,2025-07-21,0
1326,2025-07-02,2025-07-18,2,5,3,152,152,2025-07-18,1
1327,2025-07-02,2025-08-01,2,18,5,142,142,2025-08-13,0
1328,2025-07-02,2025-07-09,3,1,1,142,142,2025-07-09,1
1329,2025-07-02,2025-07-10,3,29,6,162,162,2025-07-10,1
1330,2025-07-03,2025-07-21,2,3,3,143,143,2025-07-21,1
1331,2025-07-03,2025-07-14,2,9,4,154,154,2025-07-14,1
1332,2025-07-03,2025-07-14,2,14,4,142,142,2025-07-14,1
1333,2025-07-03,2025-07-10,3,19,1,145,145,2025-07-14,0
1334,2025-07-04,2025-07-11,2,13,1,162,162,2025-07-11,1
1335,2025-07-04,2025-07-14,2,26,6,143,143,2025-07-16,0
1336,2025-07-04,2025-07-14,3,15,4,144,144,2025-07-14,1
1337,2025-07-07,2025-07-23,2,2,3,141,141,2025-07-23,1
1338,2025-07-07,2025-07-17,3,4,2,154,154,2025-07-17,1
1339,2025-07-07,2025-07-16,3,11,4,146,146,2025-07-16,1
1340,2025-07-07,2025-07-16,3,12,4,148,148,2025-07-16,1
1341,2025-07-07,2025-07-14,3,25,1,159,159,2025-07-14,1
1342,2025-07-07,2025-07-15,3,27,6,157,157,2025-07-15,1
1343,2025-07-08,2025-07-24,1,3,3,173,173,2025-07-24,1
1344,2025-07-08,2025-07-17,1,12,4,147,147,2025-07-17,1
1345,2025-07-08,2025-07-15,1,13,1,147,147,2025-07-15,1
1346,2025-07-09,2025-07-18,1,15,4,153,153,2025-07-18,1
1347,2025-07-09,2025-08-08,1,20,5,154,154,2025-08-08,1
1348,2025-07-09,2025-08-08,2,20,5,157,157,2025-08-08,1
1349,2025-07-10,2025-07-17,1,25,1,149,149,2025-07-21,0
1350,2025-07-10,2025-07-21,2,4,2,159,159,2025-07-21,1
1351,2025-07-10,2025-07-17,3,7,1,155,155,2025-07-17,1
1352,2025-07-10,2025-07-21,3,14,4,147,147,2025-07-21,1
1353,2025-07-10,2025-08-11,3,17,5,144,144,2025-08-25,0
1354,2025-07-11,2025-08-11,1,21,5,145,145,2025-08-11,1
1355,2025-07-11,2025-07-28,3,2,3,145,145,2025-07-28,1
1356,2025-07-11,2025-07-28,3,6,3,142,142,2025-07-28,1
1357,2025-07-11,2025-08-11,3,18,5,146,146,2025-08-11,1
1358,2025-07-11,2025-07-18,3,31,1,151,151,2025-07-21,0
1359,2025-07-14,2025-07-21,2,7,1,148,148,2025-07-21,1
1360,2025-07-15,2025-07-24,1,9,4,143,143,2025-07-24,1
1361,2025-07-15,2025-08-14,1,18,5,154,154,2025-08-19,0
1362,2025-07-15,2025-07-23,1,27,6,154,154,2025-07-23,1
1363,2025-07-15,2025-07-24,2,12,4,145,145,2025-08-05,0
1364,2025-07-15,2025-08-14,2,17,5,151,151,2025-08-14,1
1365,2025-07-15,2025-08-14,2,21,5,146,146,2025-08-14,1
1366,2025-07-15,2025-07-24,3,9,4,145,145,2025-07-24,1
1367,2025-07-15,2025-07-25,3,28,2,149,149,2025-07-25,1
1368,2025-07-16,2025-07-23,1,31,1,145,145,2025-07-23,1
1369,2025-07-16,2025-07-23,2,31,1,148,148,2025-07-23,1
1370,2025-07-16,2025-08-01,3,5,3,153,153,2025-08-01,1
1371,2025-07-16,2025-07-28,3,10,2,142,142,2025-07-28,1
1372,2025-07-16,2025-08-15,3,20,5,143,143,2025-08-15,1
1373,2025-07-17,2025-07-28,1,10,2,164,164,2025-08-04,0
1374,2025-07-17,2025-07-28,1,14,4,162,162,2025-07-30,0
1375,2025-07-17,2025-07-24,2,19,1,157,157,2025-07-24,1
1376,2025-07-17,2025-07-25,2,27,6,172,172,2025-07-25,1
1377,2025-07-18,2025-08-04,1,2,3,148,148,2025-08-06,0
1378,2025-07-18,2025-07-28,1,30,6,146,146,2025-07-30,0
1379,2025-07-18,2025-08-18,3,23,5,142,142,2025-08-18,1
1380,2025-07-18,2025-07-28,3,29,6,144,144,2025-07-28,1
1381,2025-07-21,2025-07-31,1,4,2,146,146,2025-07-31,1
1382,2025-07-21,2025-07-28,3,13,1,141,141,2025-07-28,1
1383,2025-07-22,2025-08-21,3,21,5,155,155,2025-08-21,1
1384,2025-07-23,2025-07-30,1,1,1,142,142,2025-08-04,0
1385,2025-07-23,2025-08-01,1,11,4,143,143,2025-08-06,0
1386,2025-07-23,2025-07-31,1,26,6,147,147,2025-07-31,1
1387,2025-07-24,2025-07-31,1,19,1,150,150,2025-07-31,1
1388,2025-07-24,2025-08-04,2,15,4,143,143,2025-08-06,0
1389,2025-07-24,2025-08-04,2,28,2,141,141,2025-08-04,1
1390,2025-07-25,2025-08-11,2,3,3,148,148,2025-08-11,1
1391,2025-07-25,2025-08-04,3,30,6,141,141,2025-08-04,1
1392,2025-07-28,2025-08-07,1,28,2,160,160,2025-08-07,1
1393,2025-07-28,2025-08-05,1,29,6,146,146,2025-08-05,1
1394,2025-07-28,2025-08-04,2,1,1,145,145,2025-08-04,1
1395,2025-07-28,2025-08-13,2,5,3,157,157,2025-08-13,1
1396,2025-07-28,2025-08-13,2,6,3,157,157,2025-08-13,1
1397,2025-07-28,2025-08-07,2,22,2,158,158,2025-08-12,0
1398,2025-07-28,2025-08-13,3,3,3,145,145,2025-08-18,0
1399,2025-07-28,2025-08-05,3,26,6,156,156,2025-08-05,1
1400,2025-07-29,2025-08-05,1,25,1,146,146,2025-08-05,1
1401,2025-07-29,2025-08-08,2,10,2,155,155,2025-08-08,1
1402,2025-07-29,2025-08-05,2,25,1,141,141,2025-08-05,1
1403,2025-07-29,2025-08-06,2,30,6,155,155,2025-08-11,0
1404,2025-07-29,2025-08-08,3,22,2,141,141,2025-08-08,1
1405,2025-07-30,2025-08-15,3,2,3,148,148,2025-08-15,1
1406,2025-07-30,2025-08-11,3,16,2,32,32,2025-08-11,1
1407,2025-07-31,2025-08-11,2,14,4,148,148,2025-08-18,0
1408,2025-07-31,2025-09-01,2,23,5,171,171,2025-09-01,1
1409,2025-07-31,2025-08-07,3,7,1,148,148,2025-08-07,1
1410,2025-07-31,2025-09-01,3,18,5,167,167,2025-09-01,1
1411,2025-08-01,2025-08-08,1,7,1,146,146,2025-08-13,0
1412,2025-08-01,2025-09-01,1,20,5,154,154,2025-09-18,0
1413,2025-08-01,2025-08-11,3,12,4,147,147,2025-08-11,1
1414,2025-08-04,2025-08-11,1,31,1,145,145,2025-08-11,1
1415,2025-08-04,2025-09-03,2,20,5,153,153,2025-09-23,0
1416,2025-08-05,2025-08-21,1,6,3,151,151,2025-08-26,0
1417,2025-08-05,2025-08-13,1,27,6,172,172,2025-08-13,1
1418,2025-08-05,2025-08-15,2,4,2,150,150,2025-08-20,0
1419,2025-08-05,2025-08-13,3,27,6,143,143,2025-08-13,1
1420,2025-08-06,2025-08-15,2,11,4,142,142,2025-08-15,1
1421,2025-08-07,2025-08-25,1,5,3,143,143,2025-08-25,1
1422,2025-08-07,2025-08-14,1,13,1,153,153,2025-08-14,1
1423,2025-08-08,2025-08-18,1,9,4,152,152,2025-08-18,1
1424,2025-08-08,2025-08-18,1,10,2,175,175,2025-08-18,1
1425,2025-08-08,2025-08-18,1,12,4,164,164,2025-08-18,1
1426,2025-08-11,2025-09-10,1,21,5,146,146,2025-09-29,0
1427,2025-08-11,2025-09-10,1,23,5,146,146,2025-09-26,0
1428,2025-08-11,2025-08-18,2,25,1,146,146,2025-08-18,1
1429,2025-08-12,2025-08-19,1,19,1,142,142,2025-09-01,0
1430,2025-08-12,2025-08-20,2,26,6,149,149,2025-08-20,1
1431,2025-08-12,2025-08-20,2,29,6,160,160,2025-08-20,1
1432,2025-08-13,2025-09-12,1,18,5,143,143,2025-09-29,0
1433,2025-08-13,2025-08-25,1,22,2,141,141,2025-08-25,1
1434,2025-08-13,2025-08-29,2,2,3,146,146,2025-09-03,0
1435,2025-08-13,2025-08-22,2,9,4,153,153,2025-08-22,1
1436,2025-08-13,2025-08-20,2,13,1,164,164,2025-08-20,1
1437,2025-08-13,2025-08-25,3,4,2,142,142,2025-08-25,1
1438,2025-08-13,2025-08-20,3,25,1,145,145,2025-08-20,1
1439,2025-08-13,2025-08-25,3,28,2,150,150,2025-08-25,1
1440,2025-08-14,2025-08-21,2,31,1,141,141,2025-08-26,0
1441,2025-08-14,2025-08-25,3,11,4,143,143,2025-09-08,0
1442,2025-08-14,2025-08-25,3,14,4,143,143,2025-08-25,1
1443,2025-08-15,2025-09-15,1,17,5,149,149,2025-10-06,0
1444,2025-08-15,2025-09-01,2,5,3,144,144,2025-09-01,1
1445,2025-08-15,2025-08-22,2,7,1,146,146,2025-08-22,1
1446,2025-08-15,2025-08-22,3,31,1,151,151,2025-08-22,1
1447,2025-08-18,2025-09-03,1,8,3,39,39,2025-09-03,1
1448,2025-08-18,2025-09-17,2,18,5,147,147,2025-09-29,0
1449,2025-08-18,2025-08-25,2,19,1,144,144,2025-08-25,1
1450,2025-08-18,2025-08-27,3,9,4,161,161,2025-09-08,0
1451,2025-08-19,2025-08-27,1,30,6,150,150,2025-09-01,0
1452,2025-08-19,2025-08-27,1,32,6,33,33,2025-08-27,1
1453,2025-08-19,2025-09-04,2,6,3,146,146,2025-09-04,1
1454,2025-08-19,2025-08-29,3,22,2,178,178,2025-08-29,1
1455,2025-08-19,2025-09-18,3,23,5,150,150,2025-09-26,0
1456,2025-08-20,2025-09-05,1,2,3,161,161,2025-09-10,0
1457,2025-08-20,2025-09-05,1,3,3,143,143,2025-09-08,0
1458,2025-08-20,2025-08-27,1,25,1,143,143,2025-08-29,0
1459,2025-08-21,2025-09-01,1,4,2,141,141,2025-09-03,0
1460,2025-08-21,2025-09-01,1,28,2,178,178,2025-09-15,0
1461,2025-08-21,2025-08-28,3,1,1,168,168,2025-08-28,1
1462,2025-08-22,2025-09-01,1,15,4,154,154,2025-09-01,1
1463,2025-08-22,2025-09-01,3,15,4,143,143,2025-09-01,1
1464,2025-08-25,2025-09-02,1,26,6,145,145,2025-09-04,0
1465,2025-08-25,2025-09-10,3,2,3,143,143,2025-09-10,1
1466,2025-08-25,2025-09-10,3,6,3,148,148,2025-09-10,1
1467,2025-08-25,2025-09-01,3,7,1,145,145,2025-09-01,1
1468,2025-08-25,2025-09-02,3,26,6,162,162,2025-09-08,0
1469,2025-08-26,2025-09-04,1,14,4,173,173,2025-09-09,0
1470,2025-08-27,2025-09-04,1,29,6,141,141,2025-09-16,0
1471,2025-08-27,2025-09-26,2,20,5,149,149,2025-10-13,0
1472,2025-08-27,2025-09-26,2,21,5,149,149,2025-10-16,0
1473,2025-08-27,2025-09-03,3,13,1,144,144,2025-09-03,1
1474,2025-08-27,2025-09-26,3,20,5,178,178,2025-10-20,0
1475,2025-08-27,2025-09-04,3,29,6,151,151,2025-09-04,1
1476,2025-08-28,2025-09-15,1,6,3,147,147,2025-09-15,1
1477,2025-08-28,2025-09-08,1,12,4,161,161,2025-09-15,0
1478,2025-08-28,2025-09-08,2,12,4,165,165,2025-09-15,0
1479,2025-08-28,2025-09-15,3,3,3,153,153,2025-09-15,1
1480,2025-08-28,2025-09-08,3,12,4,150,150,2025-09-08,1
1481,2025-08-29,2025-09-08,2,14,4,149,149,2025-09-10,0
1482,2025-08-29,2025-09-29,2,23,5,144,144,2025-10-17,0
1483,2025-09-01,2025-09-09,2,30,6,142,142,2025-09-09,1
1484,2025-09-01,2025-10-01,3,17,5,161,161,2025-10-13,0
1485,2025-09-01,2025-09-08,3,19,1,143,143,2025-09-08,1
1486,2025-09-01,2025-10-01,3,21,5,146,146,2025-10-17,0
1487,2025-09-02,2025-09-09,2,13,1,148,148,2025-09-15,0
1488,2025-09-02,2025-09-18,3,5,3,142,142,2025-09-22,0
1489,2025-09-03,2025-09-10,1,31,1,141,141,2025-09-10,1
1490,2025-09-03,2025-09-12,2,11,4,141,141,2025-09-12,1
1491,2025-09-03,2025-10-03,2,17,5,159,159,2025-10-20,0
1492,2025-09-03,2025-09-11,2,29,6,142,142,2025-09-11,1
1493,2025-09-03,2025-09-15,3,10,2,144,144,2025-09-15,1
1494,2025-09-04,2025-09-15,2,10,2,155,155,2025-09-17,0
1495,2025-09-05,2025-09-12,1,19,1,144,144,2025-09-12,1
1496,2025-09-05,2025-09-15,1,27,6,146,146,2025-09-17,0
1497,2025-09-05,2025-09-15,2,15,4,162,162,2025-09-22,0
1498,2025-09-05,2025-09-15,2,22,2,150,150,2025-09-17,0
1499,2025-09-05,2025-09-15,2,28,2,156,156,2025-09-22,0
1500,2025-09-08,2025-10-08,1,21,5,174,174,2025-10-24,0
1501,2025-09-08,2025-09-16,1,30,6,156,156,2025-09-16,1
1502,2025-09-09,2025-09-25,2,8,3,42,42,2025-09-29,0
1503,2025-09-09,2025-09-16,2,19,1,145,145,2025-09-18,0
1504,2025-09-09,2025-09-16,2,25,1,142,142,2025-09-16,1
1505,2025-09-09,2025-10-09,3,18,5,160,160,2025-10-17,0
1506,2025-09-09,2025-09-19,3,28,2,149,149,2025-09-19,1
1507,2025-09-10,2025-09-26,1,2,3,143,143,2025-10-08,0
1508,2025-09-10,2025-10-10,1,17,5,141,141,2025-10-27,0
1509,2025-09-10,2025-10-10,1,23,5,158,158,2025-10-23,0
1510,2025-09-10,2025-10-10,2,21,5,154,154,2025-10-22,0
1511,2025-09-11,2025-09-22,1,11,4,154,154,2025-09-22,1
1512,2025-09-11,2025-09-18,2,1,1,147,147,2025-09-18,1
1513,2025-09-11,2025-09-18,2,7,1,143,143,2025-09-18,1
1514,2025-09-11,2025-10-13,3,23,5,158,158,2025-11-14,0
1515,2025-09-11,2025-09-18,3,25,1,149,149,2025-09-18,1
1516,2025-09-11,2025-09-19,3,27,6,145,145,2025-09-19,1
1517,2025-09-12,2025-10-13,1,20,5,146,146,2025-11-03,0
1518,2025-09-12,2025-09-22,2,4,2,156,156,2025-09-22,1
1519,2025-09-12,2025-09-29,2,6,3,178,178,2025-09-29,1
1520,2025-09-12,2025-09-22,2,26,6,151,151,2025-09-22,1
1521,2025-09-12,2025-09-22,3,9,4,159,159,2025-09-22,1
1522,2025-09-15,2025-09-22,1,7,1,156,156,2025-10-06,0
1523,2025-09-17,2025-10-03,1,6,3,149,149,2025-10-03,1
1524,2025-09-17,2025-09-26,3,11,4,147,147,2025-09-26,1
1525,2025-09-17,2025-09-25,3,30,6,146,146,2025-09-29,0
1526,2025-09-18,2025-09-29,1,15,4,159,159,2025-09-29,1
1527,2025-09-18,2025-10-06,2,2,3,147,147,2025-10-06,1
1528,2025-09-18,2025-09-26,3,26,6,151,151,2025-09-26,1
1529,2025-09-19,2025-09-26,1,1,1,149,149,2025-09-26,1
1530,2025-09-19,2025-10-06,1,8,3,45,45,2025-10-08,0
1531,2025-09-19,2025-09-26,1,13,1,141,141,2025-10-08,0
1532,2025-09-22,2025-10-08,2,3,3,152,152,2025-10-08,1
1533,2025-09-23,2025-10-03,1,10,2,152,152,2025-10-03,1
1534,2025-09-23,2025-10-03,1,22,2,151,151,2025-10-03,1
1535,2025-09-23,2025-09-30,1,25,1,146,146,2025-09-30,1
1536,2025-09-23,2025-10-09,2,5,3,155,155,2025-10-09,1
1537,2025-09-23,2025-10-01,2,29,6,144,144,2025-10-06,0
1538,2025-09-23,2025-09-30,3,13,1,151,151,2025-10-06,0
1539,2025-09-23,2025-09-30,3,19,1,151,151,2025-09-30,1
1540,2025-09-23,2025-10-03,3,22,2,157,157,2025-10-03,1
1541,2025-09-24,2025-10-03,1,11,4,146,146,2025-10-03,1
1542,2025-09-24,2025-10-03,2,14,4,143,143,2025-10-03,1
1543,2025-09-24,2025-10-03,2,15,4,162,162,2025-10-15,0
1544,2025-09-24,2025-10-24,2,17,5,155,155,2025-11-13,0
1545,2025-09-24,2025-10-24,2,20,5,151,151,2025-11-04,0
1546,2025-09-24,2025-10-10,3,2,3,143,143,2025-10-10,1
1547,2025-09-24,2025-10-06,3,4,2,149,149,2025-10-06,1
1548,2025-09-24,2025-10-10,3,6,3,153,153,2025-10-10,1
1549,2025-09-25,2025-10-13,1,3,3,142,142,2025-10-15,0
1550,2025-09-25,2025-10-03,1,29,6,141,141,2025-10-03,1
1551,2025-09-25,2025-10-06,2,11,4,158,158,2025-10-06,1
1552,2025-09-25,2025-10-06,3,10,2,146,146,2025-10-20,0
1553,2025-09-25,2025-10-06,3,15,4,148,148,2025-10-06,1
1554,2025-09-25,2025-10-27,3,21,5,145,145,2025-11-10,0
1555,2025-09-26,2025-10-06,2,22,2,161,161,2025-10-20,0
1556,2025-09-26,2025-10-06,2,30,6,148,148,2025-10-06,1
1557,2025-09-29,2025-10-09,1,28,2,141,141,2025-10-09,1
1558,2025-09-29,2025-10-07,2,27,6,159,159,2025-10-07,1
1559,2025-09-30,2025-10-10,1,4,2,147,147,2025-10-10,1
1560,2025-09-30,2025-10-16,1,5,3,143,143,2025-10-20,0
1561,2025-09-30,2025-10-30,1,18,5,141,141,2025-11-19,0
1562,2025-09-30,2025-10-09,3,14,4,167,167,2025-10-13,0
1563,2025-09-30,2025-10-07,3,31,1,153,153,2025-10-07,1
1564,2025-10-01,2025-10-08,3,1,1,150,150,2025-10-10,0
1565,2025-10-01,2025-10-17,3,5,3,158,158,2025-10-20,0
1566,2025-10-02,2025-11-03,1,23,5,142,142,2025-11-24,0
1567,2025-10-02,2025-10-09,1,31,1,172,172,2025-10-09,1
1568,2025-10-02,2025-10-09,2,1,1,142,142,2025-10-09,1
1569,2025-10-02,2025-10-10,2,26,6,156,156,2025-10-10,1
1570,2025-10-02,2025-10-13,2,28,2,146,146,2025-10-13,1
1571,2025-10-03,2025-10-10,2,25,1,155,155,2025-10-10,1
1572,2025-10-03,2025-10-10,2,31,1,154,154,2025-10-10,1
1573,2025-10-03,2025-10-20,3,3,3,175,175,2025-10-22,0
1574,2025-10-03,2025-10-13,3,11,4,147,147,2025-10-27,0
1575,2025-10-03,2025-11-03,3,20,5,158,158,2025-11-19,0
1576,2025-10-06,2025-10-14,1,26,6,147,147,2025-10-20,0
1577,2025-10-07,2025-10-16,1,12,4,142,142,2025-10-20,0
1578,2025-10-07,2025-10-14,1,19,1,169,169,2025-10-16,0
1579,2025-10-07,2025-11-06,1,21,5,150,150,2025-11-18,0
1580,2025-10-07,2025-11-06,2,18,5,163,163,2025-11-26,0
1581,2025-10-08,2025-10-24,1,2,3,166,166,2025-10-24,1
1582,2025-10-08,2025-11-07,1,20,5,161,161,2025-11-20,0
1583,2025-10-08,2025-10-15,3,25,1,166,166,2025-10-15,1
1584,2025-10-09,2025-10-20,1,9,4,150,150,2025-10-20,1
1585,2025-10-09,2025-10-20,2,12,4,155,155,2025-10-20,1
1586,2025-10-09,2025-10-16,2,13,1,149,149,2025-10-20,0
1587,2025-10-09,2025-10-16,2,19,1,148,148,2025-10-16,1
1588,2025-10-09,2025-10-16,3,7,1,157,157,2025-10-16,1
1589,2025-10-09,2025-10-27,3,8,3,38,38,2025-10-27,1
1590,2025-10-09,2025-11-10,3,17,5,149,149,2025-12-11,0
1591,2025-10-10,2025-10-27,1,6,3,142,142,2025-10-27,1
1592,2025-10-10,2025-10-17,1,7,1,147,147,2025-10-20,0
1593,2025-10-10,2025-11-10,1,17,5,147,147,2025-12-01,0
1594,2025-10-10,2025-10-20,3,12,4,162,162,2025-11-03,0
1595,2025-10-13,2025-10-22,1,15,4,153,153,2025-10-22,1
1596,2025-10-13,2025-10-20,2,7,1,144,144,2025-10-20,1
1597,2025-10-14,2025-10-24,1,4,2,142,142,2025-10-27,0
1598,2025-10-14,2025-10-30,2,3,3,142,142,2025-10-30,1
1599,2025-10-14,2025-11-13,2,23,5,147,147,2025-11-24,0
1600,2025-10-14,2025-10-22,3,29,6,160,160,2025-11-03,0
1601,2025-10-15,2025-10-24,1,14,4,160,160,2025-10-27,0
1602,2025-10-15,2025-10-23,1,27,6,150,150,2025-10-23,1
1603,2025-10-15,2025-10-23,1,29,6,158,158,2025-10-28,0
1604,2025-10-15,2025-10-31,2,2,3,144,144,2025-11-12,0
1605,2025-10-15,2025-10-27,2,10,2,158,158,2025-11-03,0
1606,2025-10-15,2025-10-23,2,32,6,34,34,2025-10-28,0
1607,2025-10-15,2025-10-23,3,27,6,146,146,2025-10-23,1
1608,2025-10-16,2025-10-23,1,1,1,159,159,2025-10-23,1
1609,2025-10-16,2025-11-17,1,18,5,174,174,2025-11-26,0
1610,2025-10-16,2025-10-27,2,11,4,144,144,2025-10-27,1
1611,2025-10-16,2025-11-17,2,21,5,154,154,2025-12-05,0
1612,2025-10-16,2025-10-23,3,13,1,157,157,2025-10-28,0
1613,2025-10-16,2025-11-17,3,23,5,163,163,2025-12-08,0
1614,2025-10-16,2025-10-24,3,30,6,175,175,2025-10-27,0
1615,2025-10-17,2025-10-27,3,15,4,151,151,2025-11-03,0
1616,2025-10-17,2025-11-17,3,18,5,147,147,2025-12-11,0
1617,2025-10-17,2025-10-27,3,28,2,142,142,2025-10-29,0
1618,2025-10-20,2025-10-29,1,11,4,146,146,2025-10-29,1
1619,2025-10-20,2025-10-27,1,13,1,151,151,2025-10-27,1
1620,2025-10-20,2025-10-30,3,10,2,143,143,2025-10-30,1
1621,2025-10-21,2025-11-06,2,6,3,145,145,2025-11-06,1
1622,2025-10-21,2025-10-29,2,29,6,150,150,2025-10-29,1
1623,2025-10-21,2025-10-28,3,1,1,141,141,2025-10-28,1
1624,2025-10-21,2025-11-06,3,2,3,142,142,2025-11-06,1
1625,2025-10-21,2025-10-30,3,9,4,163,163,2025-10-30,1
1626,2025-10-22,2025-10-29,1,25,1,142,142,2025-11-03,0
1627,2025-10-22,2025-10-30,1,30,6,147,147,2025-10-30,1
1628,2025-10-22,2025-10-30,2,27,6,151,151,2025-10-30,1
1629,2025-10-22,2025-11-03,3,16,2,35,35,2025-11-03,1
1630,2025-10-22,2025-11-21,3,21,5,158,158,2025-12-08,0
1631,2025-10-23,2025-10-31,1,32,6,44,44,2025-10-31,1
1632,2025-10-23,2025-10-30,2,13,1,149,149,2025-10-30,1
1633,2025-10-23,2025-11-24,2,17,5,154,154,2025-12-15,0
1634,2025-10-23,2025-10-30,3,19,1,156,156,2025-10-30,1
1635,2025-10-24,2025-11-10,2,8,3,38,38,2025-11-10,1
1636,2025-10-24,2025-10-31,2,25,1,147,147,2025-10-31,1
1637,2025-10-27,2025-11-06,1,10,2,177,177,2025-11-06,1
1638,2025-10-27,2025-11-06,1,16,2,32,32,2025-11-06,1
1639,2025-10-27,2025-11-12,2,5,3,156,156,2025-11-24,0
1640,2025-10-27,2025-11-12,3,5,3,142,142,2025-11-12,1
1641,2025-10-27,2025-11-05,3,11,4,146,146,2025-11-10,0
1642,2025-10-28,2025-11-06,2,9,4,158,158,2025-11-10,0
1643,2025-10-28,2025-11-06,2,15,4,141,141,2025-11-06,1
1644,2025-10-29,2025-11-05,1,1,1,170,170,2025-11-05,1
1645,2025-10-29,2025-11-14,1,5,3,143,143,2025-11-17,0
1646,2025-10-29,2025-11-07,1,15,4,147,147,2025-11-19,0
1647,2025-10-29,2025-11-10,1,28,2,143,143,2025-11-10,1
1648,2025-10-29,2025-11-10,2,22,2,163,163,2025-11-10,1
1649,2025-10-29,2025-11-10,3,4,2,157,157,2025-11-12,0
1650,2025-10-29,2025-11-05,3,25,1,150,150,2025-11-05,1
1651,2025-10-30,2025-11-17,1,3,3,145,145,2025-11-17,1
1652,2025-10-30,2025-11-06,1,7,1,152,152,2025-11-10,0
1653,2025-10-30,2025-11-06,1,31,1,144,144,2025-11-06,1
1654,2025-10-30,2025-11-17,2,3,3,164,164,2025-11-19,0
1655,2025-10-30,2025-11-10,2,28,2,158,158,2025-11-10,1
1656,2025-10-30,2025-11-07,2,30,6,151,151,2025-11-07,1
1657,2025-10-30,2025-12-01,3,20,5,141,141,2025-12-19,0
1658,2025-10-30,2025-11-07,3,26,6,149,149,2025-11-07,1
1659,2025-10-31,2025-11-10,2,11,4,160,160,2025-11-17,0
1660,2025-10-31,2025-11-10,3,14,4,151,151,2025-11-10,1
1661,2025-11-03,2025-11-10,1,19,1,155,155,2025-11-10,1
1662,2025-11-03,2025-11-10,2,1,1,153,153,2025-11-12,0
1663,2025-11-03,2025-11-10,3,31,1,143,143,2025-11-10,1
1664,2025-11-04,2025-12-04,1,23,5,148,148,2025-12-24,0
1665,2025-11-04,2025-11-12,1,29,6,141,141,2025-11-17,0
1666,2025-11-04,2025-11-11,2,7,1,167,167,2025-11-11,1
1667,2025-11-05,2025-11-14,1,12,4,148,148,2025-11-17,0
1668,2025-11-05,2025-12-05,2,23,5,152,152,2026-01-05,0
1669,2025-11-05,2025-11-13,2,26,6,164,164,2025-11-13,1
1670,2025-11-05,2025-11-13,3,29,6,166,166,2025-11-13,1
1671,2025-11-06,2025-12-08,1,20,5,160,160,2025-12-30,0
1672,2025-11-06,2025-12-08,1,21,5,152,152,2025-12-24,0
1673,2025-11-06,2025-11-17,2,10,2,150,150,2025-11-17,1
1674,2025-11-06,2025-11-14,2,27,6,149,149,2025-11-26,0
1675,2025-11-06,2025-11-14,3,27,6,191,191,2025-11-17,0
1676,2025-11-07,2025-11-17,1,22,2,151,151,2025-11-17,1
1677,2025-11-07,2025-11-17,1,26,6,158,158,2025-11-17,1
1678,2025-11-07,2025-12-08,2,18,5,142,142,2025-12-26,0
1679,2025-11-07,2025-11-14,2,31,1,156,156,2025-11-17,0
1680,2025-11-07,2025-11-14,3,7,1,171,171,2025-11-14,1
1681,2025-11-07,2025-11-17,3,9,4,151,151,2025-11-17,1
1682,2025-11-10,2025-11-20,2,4,2,146,146,2025-11-20,1
1683,2025-11-10,2025-11-19,2,14,4,171,171,2025-11-19,1
1684,2025-11-10,2025-11-19,3,12,4,143,143,2025-12-01,0
1685,2025-11-10,2025-12-10,3,21,5,180,180,2025-12-22,0
1686,2025-11-11,2025-11-20,1,14,4,146,146,2025-11-20,1
1687,2025-11-11,2025-12-11,2,21,5,175,175,2025-12-29,0
1688,2025-11-12,2025-11-28,1,2,3,149,149,2025-12-01,0
1689,2025-11-12,2025-11-24,1,4,2,147,147,2025-11-24,1
1690,2025-11-12,2025-11-28,1,6,3,153,153,2025-11-28,1
1691,2025-11-12,2025-11-28,2,2,3,151,151,2025-11-28,1
1692,2025-11-12,2025-11-19,2,19,1,143,143,2025-11-19,1
1693,2025-11-12,2025-12-12,3,18,5,163,163,2025-12-23,0
1694,2025-11-13,2025-12-15,2,20,5,148,148,2025-12-29,0
1695,2025-11-13,2025-12-01,3,6,3,148,148,2025-12-01,1
1696,2025-11-13,2025-11-24,3,11,4,181,181,2025-11-24,1
1697,2025-11-13,2025-12-15,3,17,5,150,150,2026-01-13,0
1698,2025-11-13,2025-11-21,3,30,6,156,156,2025-11-21,1
1699,2025-11-14,2025-11-24,1,9,4,154,154,2025-12-01,0
1700,2025-11-14,2025-11-21,1,13,1,144,144,2025-11-26,0
1701,2025-11-14,2025-12-01,2,6,3,151,151,2025-12-08,0
1702,2025-11-14,2025-11-24,2,12,4,143,143,2025-11-26,0
1703,2025-11-14,2025-12-01,3,3,3,155,155,2025-12-08,0
1704,2025-11-14,2025-12-15,3,23,5,153,153,2026-01-01,0
1705,2025-11-17,2025-12-17,1,17,5,152,152,2026-01-15,0
1706,2025-11-17,2025-11-25,1,27,6,151,151,2025-11-27,0
1707,2025-11-17,2025-11-26,2,9,4,163,163,2025-12-01,0
1708,2025-11-17,2025-11-26,2,11,4,142,142,2025-11-26,1
1709,2025-11-17,2025-11-24,2,13,1,150,150,2025-12-08,0
1710,2025-11-17,2025-11-27,3,22,2,172,172,2025-11-27,1
1711,2025-11-19,2025-12-19,1,18,5,164,164,2026-01-05,0
1712,2025-11-19,2025-12-19,2,17,5,148,148,2026-01-06,0
1713,2025-11-19,2025-11-27,2,29,6,141,141,2025-11-27,1
1714,2025-11-19,2025-11-26,3,19,1,144,144,2025-11-26,1
1715,2025-11-19,2025-12-19,3,20,5,158,158,2026-01-09,0
1716,2025-11-20,2025-11-27,1,25,1,145,145,2025-11-27,1
1717,2025-11-20,2025-12-01,2,15,4,145,145,2025-12-01,1
1718,2025-11-20,2025-12-08,3,5,3,141,141,2025-12-10,0
1719,2025-11-20,2025-12-01,3,10,2,153,153,2025-12-01,1
1720,2025-11-21,2025-12-01,2,14,4,142,142,2025-12-01,1
1721,2025-11-21,2025-11-28,3,1,1,163,163,2025-12-03,0
1722,2025-11-24,2025-12-01,1,7,1,154,154,2025-12-08,0
1723,2025-11-24,2025-12-24,1,21,5,172,172,2026-01-13,0
1724,2025-11-24,2025-12-02,1,30,6,152,152,2025-12-04,0
1725,2025-11-25,2025-12-11,1,5,3,151,151,2025-12-11,1
1726,2025-11-25,2025-12-02,2,7,1,159,159,2025-12-04,0
1727,2025-11-25,2025-12-02,2,25,1,144,144,2025-12-08,0
1728,2025-11-25,2025-12-02,2,31,1,147,147,2025-12-02,1
1729,2025-11-25,2025-12-05,3,4,2,146,146,2025-12-05,1
1730,2025-11-25,2025-12-11,3,8,3,33,33,2025-12-11,1
1731,2025-11-25,2025-12-04,3,15,4,144,144,2025-12-04,1
1732,2025-11-26,2025-12-08,3,28,2,156,156,2025-12-08,1
1733,2025-11-27,2025-12-15,1,3,3,141,141,2025-12-15,1
1734,2025-11-27,2025-12-15,1,8,3,36,36,2025-12-17,0
1735,2025-11-27,2025-12-05,2,26,6,151,151,2025-12-05,1
1736,2025-11-27,2025-12-04,3,13,1,155,155,2025-12-09,0
1737,2025-11-27,2025-12-08,3,22,2,158,158,2025-12-08,1
1738,2025-11-28,2025-12-08,1,4,2,143,143,2025-12-15,0
1739,2025-11-28,2025-12-08,1,12,4,144,144,2025-12-08,1
1740,2025-11-28,2025-12-29,1,18,5,148,148,2026-01-14,0
1741,2025-11-28,2025-12-08,1,22,2,153,153,2025-12-10,0
1742,2025-11-28,2025-12-08,1,28,2,152,152,2025-12-08,1
1743,2025-11-28,2025-12-05,2,1,1,151,151,2025-12-05,1
1744,2025-11-28,2025-12-08,2,22,2,153,153,2025-12-08,1
1745,2025-11-28,2025-12-08,2,32,6,31,31,2025-12-08,1
1746,2025-11-28,2025-12-08,3,26,6,155,155,2025-12-08,1
1747,2025-12-01,2025-12-11,1,10,2,167,167,2025-12-11,1
1748,2025-12-01,2025-12-17,3,6,3,176,176,2025-12-17,1
1749,2025-12-01,2025-12-08,3,7,1,146,146,2025-12-08,1
1750,2025-12-01,2025-12-10,3,12,4,155,155,2025-12-15,0
1751,2025-12-01,2025-12-08,3,31,1,153,153,2025-12-10,0
1752,2025-12-02,2025-12-11,1,15,4,146,146,2025-12-11,1
1753,2025-12-02,2025-12-10,1,26,6,141,141,2025-12-10,1
1754,2025-12-03,2026-01-02,2,18,5,145,145,2026-01-28,0
1755,2025-12-03,2025-12-11,3,27,6,141,141,2025-12-11,1
1756,2025-12-04,2025-12-11,1,1,1,152,152,2025-12-16,0
1757,2025-12-04,2025-12-15,1,14,4,148,148,2025-12-15,1
1758,2025-12-04,2025-12-11,3,25,1,144,144,2025-12-11,1
1759,2025-12-05,2025-12-22,1,2,3,160,160,2025-12-24,0
1760,2025-12-05,2025-12-15,1,16,2,35,35,2025-12-15,1
1761,2025-12-08,2025-12-17,1,11,4,143,143,2025-12-19,0
1762,2025-12-08,2025-12-15,1,31,1,144,144,2025-12-15,1
1763,2025-12-08,2025-12-15,2,13,1,161,161,2025-12-15,1
1764,2025-12-08,2025-12-15,2,19,1,156,156,2025-12-15,1
1765,2025-12-08,2025-12-16,2,27,6,147,147,2025-12-18,0
1766,2025-12-08,2025-12-16,2,29,6,154,154,2025-12-22,0
1767,2025-12-08,2026-01-07,3,21,5,158,158,2026-01-26,0
1768,2025-12-09,2025-12-17,1,27,6,159,159,2025-12-17,1
1769,2025-12-09,2025-12-17,1,29,6,152,152,2025-12-19,0
1770,2025-12-09,2025-12-25,2,3,3,159,159,2025-12-29,0
1771,2025-12-09,2025-12-25,2,6,3,150,150,2025-12-25,1
1772,2025-12-09,2026-01-08,2,23,5,158,158,2026-01-16,0
1773,2025-12-09,2025-12-17,2,30,6,151,151,2025-12-17,1
1774,2025-12-10,2025-12-22,2,4,2,159,159,2025-12-22,1
1775,2025-12-10,2026-01-09,2,21,5,146,146,2026-01-20,0
1776,2025-12-10,2025-12-26,3,5,3,149,149,2025-12-31,0
1777,2025-12-10,2025-12-19,3,9,4,148,148,2025-12-22,0
1778,2025-12-11,2025-12-29,1,5,3,218,218,2026-01-12,0
1779,2025-12-11,2025-12-18,1,7,1,162,162,2025-12-18,1
1780,2025-12-11,2026-01-12,1,17,5,142,142,2026-01-30,0
1781,2025-12-11,2025-12-22,2,15,4,148,148,2025-12-22,1
1782,2025-12-11,2025-12-18,3,1,1,142,142,2025-12-22,0
1783,2025-12-11,2026-01-12,3,18,5,144,144,2026-01-30,0
1784,2025-12-12,2026-01-12,1,23,5,161,161,2026-02-02,0
1785,2025-12-12,2025-12-22,2,12,4,155,155,2025-12-22,1
1786,2025-12-12,2025-12-22,2,28,2,144,144,2025-12-22,1
1787,2025-12-12,2025-12-22,3,14,4,150,150,2025-12-22,1
1788,2025-12-12,2025-12-22,3,29,6,151,151,2025-12-22,1
1789,2025-12-15,2025-12-22,1,19,1,175,175,2025-12-22,1
1790,2025-12-15,2025-12-31,2,2,3,153,153,2025-12-31,1
1791,2025-12-15,2025-12-24,3,11,4,142,142,2025-12-24,1
1792,2025-12-15,2025-12-25,3,16,2,34,34,2025-12-25,1
1793,2025-12-15,2025-12-23,3,30,6,183,183,2025-12-23,1
1794,2025-12-17,2026-01-16,3,17,5,151,151,2026-01-26,0
1795,2025-12-18,2025-12-29,1,4,2,141,141,2025-12-29,1
1796,2025-12-18,2026-01-19,1,20,5,148,148,2026-02-02,0
1797,2025-12-18,2025-12-25,3,19,1,175,175,2025-12-25,1
1798,2025-12-19,2025-12-26,2,1,1,153,153,2025-12-31,0
1799,2025-12-19,2025-12-29,2,14,4,144,144,2025-12-29,1
1800,2025-12-19,2025-12-26,2,25,1,152,152,2025-12-26,1
1801,2025-12-22,2026-01-21,2,20,5,150,150,2026-02-05,0
1802,2025-12-22,2026-01-07,3,2,3,148,148,2026-01-07,1
1803,2025-12-22,2026-01-21,3,21,5,180,180,2026-02-09,0
1804,2025-12-22,2025-12-30,3,32,6,41,41,2025-12-30,1
1805,2025-12-23,2026-01-02,3,10,2,143,143,2026-01-02,1
1806,2025-12-24,2025-12-31,1,13,1,151,151,2025-12-31,1
1807,2025-12-24,2026-01-05,1,28,2,185,185,2026-01-05,1
1808,2025-12-24,2026-01-09,2,5,3,152,152,2026-01-09,1
1809,2025-12-24,2026-01-23,3,23,5,145,145,2026-02-09,0
1810,2025-12-25,2026-01-12,1,6,3,173,173,2026-01-14,0
1811,2025-12-25,2026-01-01,2,7,1,146,146,2026-01-01,1
1812,2025-12-25,2026-01-05,3,15,4,141,141,2026-01-05,1
1813,2025-12-25,2026-01-26,3,20,5,152,152,2026-02-16,0
1814,2025-12-25,2026-01-05,3,22,2,158,158,2026-01-05,1
1815,2025-12-25,2026-01-05,3,28,2,154,154,2026-01-05,1
1816,2025-12-25,2026-01-01,3,31,1,170,170,2026-01-01,1
1817,2025-12-26,2026-01-12,1,3,3,146,146,2026-01-12,1
1818,2025-12-26,2026-01-12,2,8,3,34,34,2026-01-14,0
1819,2025-12-26,2026-01-05,2,22,2,151,151,2026-01-05,1
1820,2025-12-26,2026-01-12,3,3,3,149,149,2026-01-19,0
1821,2025-12-29,2026-01-07,1,9,4,155,155,2026-01-07,1
1822,2025-12-29,2026-01-07,1,12,4,149,149,2026-01-07,1
1823,2025-12-29,2026-01-06,1,26,6,141,141,2026-01-08,0
1824,2025-12-29,2026-01-07,2,9,4,142,142,2026-01-09,0
1825,2025-12-29,2026-01-28,2,18,5,148,148,2026-02-11,0
1826,2025-12-30,2026-01-08,1,14,4,149,149,2026-01-08,1
1827,2025-12-30,2026-01-07,1,32,6,42,42,2026-01-07,1
1828,2025-12-30,2026-01-29,2,17,5,155,155,2026-02-09,0
1829,2025-12-30,2026-01-15,3,6,3,144,144,2026-01-15,1
1830,2025-12-31,2026-01-30,1,21,5,142,142,2026-02-12,0
1831,2025-12-31,2026-01-09,2,15,4,157,157,2026-01-14,0
1832,2026-01-01,2026-01-12,1,10,2,157,157,2026-01-26,0
1833,2026-01-01,2026-01-09,1,27,6,151,151,2026-01-09,1
1834,2026-01-01,2026-01-19,2,3,3,159,159,2026-02-02,0
1835,2026-01-01,2026-01-09,2,30,6,144,144,2026-01-09,1
1836,2026-01-01,2026-01-08,2,31,1,146,146,2026-01-08,1
1837,2026-01-02,2026-01-12,1,4,2,147,147,2026-01-12,1
1838,2026-01-02,2026-01-12,2,10,2,168,168,2026-01-12,1
1839,2026-01-02,2026-01-12,2,29,6,143,143,2026-01-14,0
1840,2026-01-02,2026-01-09,3,1,1,158,158,2026-01-09,1
1841,2026-01-02,2026-01-12,3,4,2,145,145,2026-01-12,1
1842,2026-01-05,2026-02-04,1,18,5,190,190,2026-02-06,0
1843,2026-01-05,2026-01-12,2,19,1,150,150,2026-01-14,0
1844,2026-01-06,2026-01-15,1,11,4,144,144,2026-01-20,0
1845,2026-01-06,2026-01-14,1,30,6,150,150,2026-01-19,0
1846,2026-01-06,2026-01-15,2,11,4,154,154,2026-01-15,1
1847,2026-01-06,2026-01-13,2,13,1,142,142,2026-01-26,0
1848,2026-01-06,2026-01-22,3,5,3,148,148,2026-01-26,0
1849,2026-01-06,2026-01-15,3,9,4,149,149,2026-01-27,0
1850,2026-01-06,2026-01-14,3,27,6,180,180,2026-01-19,0
1851,2026-01-07,2026-01-19,1,22,2,168,168,2026-01-26,0
1852,2026-01-07,2026-01-14,1,25,1,150,150,2026-01-14,1
1853,2026-01-07,2026-01-15,1,29,6,142,142,2026-01-27,0
1854,2026-01-07,2026-01-16,3,14,4,147,147,2026-01-16,1
1855,2026-01-08,2026-01-19,2,12,4,141,141,2026-01-21,0
1856,2026-01-09,2026-01-19,1,15,4,149,149,2026-01-19,1
1857,2026-01-09,2026-02-09,3,24,5,38,38,2026-02-09,1
1858,2026-01-12,2026-02-11,1,23,5,154,154,2026-02-11,1
1859,2026-01-12,2026-01-19,2,25,1,143,143,2026-01-21,0
1860,2026-01-13,2026-01-20,1,1,1,143,143,2026-01-20,1
1861,2026-01-13,2026-01-20,1,7,1,163,163,2026-01-22,0
1862,2026-01-13,2026-02-12,1,20,5,141,141,2026-02-16,0
1863,2026-01-13,2026-01-21,1,32,6,30,30,2026-01-21,1
1864,2026-01-13,2026-02-12,2,20,5,143,143,2026-02-17,0
1865,2026-01-13,2026-01-23,3,10,2,142,142,2026-01-26,0
1866,2026-01-13,2026-02-12,3,17,5,164,164,2026-02-12,1
1867,2026-01-13,2026-01-20,3,25,1,149,149,2026-01-20,1
1868,2026-01-13,2026-01-21,3,26,6,164,164,2026-01-21,1
1869,2026-01-13,2026-01-21,3,29,6,149,149,2026-01-23,0
1870,2026-01-14,2026-01-30,1,2,3,158,158,2026-01-30,1
1871,2026-01-14,2026-01-26,2,4,2,148,148,2026-01-26,1
1872,2026-01-14,2026-02-13,2,24,5,42,42,2026-02-13,1
1873,2026-01-14,2026-01-21,3,19,1,145,145,2026-01-21,1
1874,2026-01-15,2026-02-16,1,17,5,151,151,2026-02-16,1
1875,2026-01-15,2026-01-22,3,7,1,205,205,2026-01-22,1
1876,2026-01-16,2026-02-02,1,5,3,155,155,2026-02-02,1
1877,2026-01-19,2026-02-04,1,3,3,141,141,2026-02-04,1
1878,2026-01-19,2026-02-04,1,6,3,150,150,2026-02-04,1
1879,2026-01-19,2026-01-26,1,31,1,142,142,2026-01-28,0
1880,2026-01-19,2026-01-27,2,32,6,35,35,2026-01-27,1
1881,2026-01-19,2026-02-04,3,3,3,143,143,2026-02-04,1
1882,2026-01-19,2026-01-27,3,30,6,145,145,2026-02-02,0
1883,2026-01-20,2026-02-05,2,5,3,156,156,2026-02-05,1
1884,2026-01-20,2026-01-27,3,1,1,164,164,2026-01-27,1
1885,2026-01-21,2026-01-30,1,9,4,144,144,2026-01-30,1
1886,2026-01-21,2026-02-20,1,18,5,148,148,2026-02-20,1
1887,2026-01-22,2026-02-02,2,14,4,151,151,2026-02-02,1
1888,2026-01-22,2026-01-30,2,27,6,152,152,2026-02-04,0
1889,2026-01-22,2026-02-02,2,28,2,151,151,2026-02-04,0
1890,2026-01-22,2026-01-30,2,30,6,142,142,2026-02-04,0
1891,2026-01-22,2026-01-29,2,31,1,153,153,2026-02-02,0
1892,2026-01-22,2026-02-02,3,12,4,151,151,2026-02-02,1
1893,2026-01-22,2026-02-23,3,18,5,153,153,2026-02-23,1
1894,2026-01-23,2026-02-09,2,2,3,152,152,2026-02-09,1
1895,2026-01-23,2026-01-30,2,7,1,168,168,2026-01-30,1
1896,2026-01-23,2026-02-02,2,26,6,152,152,2026-02-02,1
1897,2026-01-26,2026-02-11,2,6,3,160,160,2026-02-11,1
1898,2026-01-26,2026-02-03,2,29,6,148,148,2026-02-03,1
1899,2026-01-26,2026-02-04,3,14,4,141,141,2026-02-06,0
1900,2026-01-27,2026-02-06,1,10,2,158,158,2026-02-11,0
1901,2026-01-27,2026-02-03,1,19,1,172,172,2026-02-03,1
1902,2026-01-27,2026-02-26,2,23,5,144,144,2026-03-03,0
1903,2026-01-27,2026-02-12,3,2,3,141,141,2026-02-12,1
1904,2026-01-27,2026-02-26,3,24,5,34,34,2026-02-26,1
1905,2026-01-28,2026-02-09,2,16,2,43,43,2026-02-11,0
1906,2026-01-28,2026-02-27,2,18,5,162,162,2026-02-27,1
1907,2026-01-28,2026-02-27,2,21,5,158,158,2026-02-27,1
1908,2026-01-28,2026-02-13,3,5,3,177,177,2026-02-13,1
1909,2026-01-29,2026-02-16,1,8,3,36,36,2026-02-18,0
1910,2026-01-29,2026-02-16,3,8,3,32,32,2026-02-16,1
1911,2026-01-29,2026-03-02,3,23,5,156,156,2026-03-02,1
1912,2026-01-30,2026-02-09,3,11,4,165,165,2026-02-09,1
1913,2026-01-30,2026-02-09,3,22,2,151,151,2026-02-16,0
1914,2026-02-02,2026-02-09,2,1,1,159,159,2026-02-09,1
1915,2026-02-02,2026-02-18,2,3,3,185,185,2026-02-18,1
1916,2026-02-02,2026-03-04,3,21,5,148,148,2026-03-04,1
1917,2026-02-03,2026-02-12,1,12,4,166,166,2026-02-17,0
1918,2026-02-03,2026-02-11,1,26,6,148,148,2026-02-11,1
1919,2026-02-03,2026-02-13,1,28,2,149,149,2026-02-13,1
1920,2026-02-03,2026-02-10,1,31,1,149,149,2026-02-10,1
1921,2026-02-03,2026-03-05,2,17,5,163,163,2026-03-09,0
1922,2026-02-03,2026-03-05,3,20,5,150,150,2026-03-05,1
1923,2026-02-03,2026-02-11,3,27,6,160,160,2026-02-11,1
1924,2026-02-04,2026-02-12,1,27,6,142,142,2026-02-24,0
1925,2026-02-04,2026-02-13,2,9,4,148,148,2026-02-13,1
1926,2026-02-04,2026-02-16,2,22,2,144,144,2026-02-16,1
1927,2026-02-04,2026-02-13,3,9,4,167,167,2026-02-16,0
1928,2026-02-04,2026-02-13,3,12,4,142,142,2026-02-13,1
1929,2026-02-04,2026-02-16,3,16,2,37,37,2026-02-16,1
1930,2026-02-05,2026-03-09,1,17,5,147,147,2026-03-09,1
1931,2026-02-05,2026-02-23,3,3,3,157,157,2026-02-23,1
1932,2026-02-05,2026-02-12,3,13,1,143,143,2026-02-16,0
1933,2026-02-05,2026-03-09,3,17,5,174,174,2026-03-09,1
1934,2026-02-06,2026-02-23,1,6,3,151,151,2026-02-23,1
1935,2026-02-06,2026-02-16,2,27,6,161,161,2026-02-23,0
1936,2026-02-09,2026-02-19,1,4,2,162,162,2026-03-03,0
1937,2026-02-09,2026-02-18,1,14,4,178,178,2026-02-18,1
1938,2026-02-09,2026-02-19,2,10,2,148,148,2026-02-19,1
1939,2026-02-09,2026-02-19,2,28,2,145,145,2026-02-19,1
1940,2026-02-09,2026-02-19,3,28,2,143,143,2026-02-19,1
1941,2026-02-10,2026-02-19,2,12,4,141,141,2026-02-19,1
1942,2026-02-10,2026-02-20,3,4,2,150,150,2026-02-25,0
1943,2026-02-10,2026-02-19,3,15,4,144,144,2026-02-19,1
1944,2026-02-11,2026-02-18,1,25,1,152,152,2026-02-18,1
1945,2026-02-11,2026-02-19,1,29,6,145,145,2026-02-19,1
1946,2026-02-11,2026-02-20,2,15,4,144,144,2026-02-20,1
1947,2026-02-11,2026-02-18,2,19,1,148,148,2026-02-18,1
1948,2026-02-11,2026-02-18,3,31,1,150,150,2026-02-18,1
1949,2026-02-12,2026-03-16,1,21,5,162,162,2026-03-16,1
1950,2026-02-12,2026-03-16,1,23,5,141,141,2026-03-16,1
1951,2026-02-12,2026-03-16,3,24,5,30,30,2026-03-18,0
1952,2026-02-13,2026-02-20,1,1,1,181,181,2026-02-25,0
1953,2026-02-13,2026-03-16,1,18,5,141,141,2026-03-16,1
1954,2026-02-13,2026-02-20,2,25,1,146,146,2026-02-20,1
1955,2026-02-13,2026-02-23,2,26,6,155,155,2026-02-23,1
1956,2026-02-16,2026-02-24,1,30,6,154,154,2026-02-26,0
1957,2026-02-16,2026-03-04,2,5,3,150,150,2026-03-04,1
1958,2026-02-16,2026-02-23,2,31,1,144,144,2026-02-25,0
1959,2026-02-17,2026-02-26,2,11,4,142,142,2026-03-03,0
1960,2026-02-17,2026-02-24,2,13,1,149,149,2026-02-24,1
1961,2026-02-17,2026-03-19,2,20,5,153,153,2026-03-19,1
1962,2026-02-17,2026-02-27,3,10,2,142,142,2026-02-27,1
1963,2026-02-17,2026-03-19,3,18,5,147,147,2026-03-19,1
1964,2026-02-18,2026-03-06,1,5,3,151,151,2026-03-09,0
1965,2026-02-18,2026-03-06,1,8,3,56,56,2026-03-11,0
1966,2026-02-18,2026-02-27,1,11,4,170,170,2026-02-27,1
1967,2026-02-19,2026-03-02,1,9,4,141,141,2026-03-04,0
1968,2026-02-19,2026-03-02,2,22,2,143,143,2026-03-02,1
1969,2026-02-19,2026-03-23,3,23,5,141,141,2026-03-23,1
1970,2026-02-20,2026-02-27,1,13,1,143,143,2026-02-27,1
1971,2026-02-20,2026-03-23,2,18,5,175,175,2026-03-23,1
1972,2026-02-20,2026-03-23,3,20,5,184,184,2026-03-23,1
1973,2026-02-20,2026-03-02,3,26,6,148,148,2026-03-02,1
1974,2026-02-20,2026-03-02,3,29,6,169,169,2026-03-09,0
1975,2026-02-23,2026-03-25,1,20,5,144,144,2026-03-27,0
1976,2026-02-23,2026-03-05,2,10,2,145,145,2026-03-09,0
1977,2026-02-23,2026-03-04,2,14,4,141,141,2026-03-09,0
1978,2026-02-24,2026-03-26,2,23,5,146,146,2026-03-26,1
1979,2026-02-24,2026-03-03,3,1,1,159,159,2026-03-03,1
1980,2026-02-24,2026-03-03,3,7,1,150,150,2026-03-03,1
1981,2026-02-25,2026-03-13,3,2,3,169,169,2026-03-18,0
1982,2026-02-26,2026-03-16,1,2,3,159,159,2026-03-16,1
1983,2026-02-26,2026-03-05,1,7,1,154,154,2026-03-05,1
1984,2026-02-26,2026-03-16,2,2,3,152,152,2026-03-18,0
1985,2026-02-26,2026-03-16,2,6,3,150,150,2026-03-16,1
1986,2026-02-26,2026-03-16,3,6,3,158,158,2026-03-18,0
1987,2026-02-26,2026-03-16,3,8,3,38,38,2026-03-16,1
1988,2026-02-26,2026-03-09,3,12,4,157,157,2026-03-09,1
1989,2026-02-26,2026-03-09,3,14,4,143,143,2026-03-09,1
1990,2026-02-27,2026-03-09,1,22,2,155,155,2026-03-09,1
1991,2026-02-27,2026-03-09,1,27,6,144,144,2026-03-09,1
1992,2026-03-02,2026-03-09,1,19,1,143,143,2026-03-23,0
1993,2026-03-02,2026-03-10,1,32,6,39,39,2026-03-10,1
1994,2026-03-02,2026-03-11,2,9,4,146,146,2026-03-16,0
1995,2026-03-03,2026-03-13,1,4,2,142,142,2026-03-25,0
1996,2026-03-03,2026-03-13,1,10,2,150,150,2026-03-13,1
1997,2026-03-03,2026-03-11,2,29,6,143,143,2026-03-11,1
1998,2026-03-03,2026-03-19,3,3,3,160,160,2026-03-19,1
1999,2026-03-03,2026-03-11,3,27,6,151,151,2026-03-11,1
2000,2026-03-03,2026-03-11,3,30,6,145,145,2026-03-11,1
2001,2026-03-04,2026-03-20,1,3,3,143,143,2026-03-20,1
2002,2026-03-04,2026-03-13,1,12,4,142,142,2026-03-13,1
2003,2026-03-04,2026-03-16,1,28,2,156,156,2026-03-16,1
2004,2026-03-04,2026-03-11,2,1,1,141,141,2026-03-11,1
2005,2026-03-04,2026-03-13,2,12,4,147,147,2026-03-13,1
2006,2026-03-04,2026-04-03,2,24,5,30,30,2026-04-03,1
2007,2026-03-04,2026-03-13,3,15,4,152,152,2026-03-13,1
2008,2026-03-04,2026-03-16,3,22,2,146,146,2026-03-16,1
2009,2026-03-04,2026-03-16,3,28,2,151,151,2026-03-18,0
2010,2026-03-05,2026-03-12,1,31,1,150,150,2026-03-12,1
2011,2026-03-05,2026-04-06,3,21,5,149,149,2026-04-13,0
2012,2026-03-06,2026-03-16,2,4,2,145,145,2026-03-18,0
2013,2026-03-06,2026-03-13,2,7,1,152,152,2026-03-13,1
2014,2026-03-06,2026-04-06,2,17,5,153,153,2026-04-06,1
2015,2026-03-06,2026-04-06,3,24,5,38,38,2026-04-06,1
2016,2026-03-09,2026-03-18,1,14,4,148,148,2026-03-18,1
2017,2026-03-09,2026-04-08,1,17,5,170,170,2026-04-10,0
2018,2026-03-09,2026-03-25,2,5,3,162,162,2026-03-25,1
2019,2026-03-09,2026-03-17,2,30,6,158,158,2026-03-17,1
2020,2026-03-09,2026-03-16,3,19,1,143,143,2026-03-16,1
2021,2026-03-10,2026-03-17,3,7,1,145,145,2026-03-17,1
2022,2026-03-10,2026-03-19,3,11,4,147,147,2026-03-24,0
2023,2026-03-11,2026-03-20,1,15,4,154,154,2026-03-20,1
2024,2026-03-11,2026-04-10,2,20,5,141,141,2026-04-10,1
2025,2026-03-11,2026-03-23,3,10,2,165,165,2026-03-23,1
2026,2026-03-11,2026-03-18,3,13,1,145,145,2026-03-18,1
2027,2026-03-12,2026-03-20,1,26,6,146,146,2026-04-01,0
2028,2026-03-12,2026-04-13,2,21,5,151,151,2026-04-13,1
2029,2026-03-12,2026-03-23,3,4,2,142,142,2026-03-23,1
2030,2026-03-12,2026-03-23,3,9,4,141,141,2026-03-23,1
2031,2026-03-13,2026-03-23,1,16,2,39,39,2026-03-23,1
2032,2026-03-13,2026-03-20,2,19,1,161,161,2026-03-20,1
2033,2026-03-13,2026-03-20,2,25,1,156,156,2026-03-23,0
2034,2026-03-13,2026-03-23,2,28,2,160,160,2026-03-30,0
2035,2026-03-16,2026-03-23,1,13,1,155,155,2026-03-23,1
2036,2026-03-16,2026-03-25,2,11,4,145,145,2026-04-06,0
2037,2026-03-16,2026-04-15,2,23,5,151,151,2026-04-15,1
2038,2026-03-16,2026-03-26,3,16,2,38,38,2026-03-26,1
2039,2026-03-16,2026-03-23,3,31,1,155,155,2026-03-23,1
2040,2026-03-17,2026-03-24,1,25,1,147,147,2026-03-24,1
2041,2026-03-17,2026-03-25,1,27,6,141,141,2026-03-25,1
2042,2026-03-17,2026-04-02,2,3,3,144,144,2026-04-02,1
2043,2026-03-17,2026-04-02,3,5,3,145,145,2026-04-02,1
2044,2026-03-17,2026-03-24,3,25,1,157,157,2026-03-24,1
2045,2026-03-17,2026-03-25,3,29,6,173,173,2026-03-25,1
2046,2026-03-18,2026-04-03,3,2,3,141,141,2026-04-03,1
2047,2026-03-18,2026-04-17,3,18,5,143,143,2026-04-17,1
2048,2026-03-19,2026-03-30,1,9,4,153,153,2026-04-01,0
2049,2026-03-19,2026-03-27,2,26,6,156,156,2026-03-27,1
2050,2026-03-19,2026-03-26,2,31,1,166,166,2026-03-26,1
2051,2026-03-20,2026-03-30,1,10,2,141,141,2026-04-13,0
2052,2026-03-20,2026-04-20,1,21,5,145,145,2026-04-20,1
2053,2026-03-20,2026-03-30,1,29,6,148,148,2026-04-01,0
2054,2026-03-20,2026-03-30,1,30,6,152,152,2026-03-30,1
2055,2026-03-20,2026-03-30,2,10,2,141,141,2026-04-06,0
2056,2026-03-20,2026-03-30,3,26,6,142,142,2026-03-30,1
2057,2026-03-23,2026-04-08,1,5,3,158,158,2026-04-20,0
2058,2026-03-23,2026-04-08,1,6,3,142,142,2026-04-08,1
2059,2026-03-23,2026-04-22,3,17,5,191,191,2026-04-22,1
2060,2026-03-23,2026-03-31,3,32,6,37,37,2026-03-31,1
2061,2026-03-24,2026-04-03,1,22,2,147,147,2026-04-03,1
2062,2026-03-24,2026-04-02,2,15,4,154,154,2026-04-07,0
2063,2026-03-24,2026-04-23,2,18,5,146,146,2026-04-23,1
2064,2026-03-24,2026-03-31,3,1,1,153,153,2026-03-31,1
2065,2026-03-24,2026-04-02,3,14,4,143,143,2026-04-02,1
2066,2026-03-25,2026-04-01,1,7,1,141,141,2026-04-06,0
2067,2026-03-26,2026-04-02,1,1,1,147,147,2026-04-02,1
2068,2026-03-26,2026-04-06,1,11,4,147,147,2026-04-20,0
2069,2026-03-26,2026-04-06,1,15,4,142,142,2026-04-06,1
2070,2026-03-26,2026-04-27,1,23,5,147,147,2026-04-27,1
2071,2026-03-26,2026-04-03,2,27,6,143,143,2026-04-03,1
2072,2026-03-26,2026-04-13,3,6,3,147,147,2026-04-15,0
2073,2026-03-30,2026-04-15,1,3,3,153,153,2026-04-15,1
2074,2026-03-30,2026-04-08,1,14,4,154,154,2026-04-08,1
2075,2026-03-31,2026-04-07,2,7,1,148,148,2026-04-20,0
2076,2026-03-31,2026-04-10,2,16,2,45,45,2026-04-15,0
2077,2026-03-31,2026-04-30,3,20,5,157,157,2026-04-30,1
2078,2026-03-31,2026-04-30,3,23,5,171,171,2026-04-30,1
2079,2026-04-01,2026-05-01,1,18,5,150,150,2026-05-06,0
2080,2026-04-01,2026-04-08,1,19,1,159,159,2026-04-08,1
2081,2026-04-01,2026-04-13,2,22,2,155,155,2026-04-13,1
2082,2026-04-01,2026-04-09,2,29,6,154,154,2026-04-09,1
2083,2026-04-02,2026-04-10,1,26,6,146,146,2026-04-10,1
2084,2026-04-02,2026-04-09,2,1,1,151,151,2026-04-09,1
2085,2026-04-02,2026-04-20,2,2,3,159,159,2026-04-20,1
2086,2026-04-02,2026-04-20,2,3,3,158,158,2026-04-20,1
2087,2026-04-02,2026-04-13,2,14,4,142,142,2026-04-13,1
2088,2026-04-02,2026-05-04,2,21,5,159,159,2026-05-04,1
2089,2026-04-02,2026-04-20,3,5,3,158,158,2026-04-20,1
2090,2026-04-03,2026-04-13,2,12,4,142,142,2026-04-15,0
2091,2026-04-03,2026-04-13,2,32,6,31,31,2026-04-20,0
2092,2026-04-03,2026-04-20,3,3,3,146,146,2026-04-22,0
2093,2026-04-06,2026-04-16,1,4,2,166,166,2026-04-16,1
2094,2026-04-06,2026-05-06,1,20,5,159,159,2026-05-08,0
2095,2026-04-06,2026-04-22,2,5,3,141,141,2026-04-22,1
2096,2026-04-06,2026-05-06,3,18,5,145,145,2026-05-06,1
2097,2026-04-06,2026-04-14,3,30,6,142,142,2026-04-14,1
2098,2026-04-07,2026-04-14,1,25,1,156,156,2026-04-20,0
2099,2026-04-07,2026-04-15,2,30,6,141,141,2026-04-15,1
2100,2026-04-07,2026-04-14,2,31,1,146,146,2026-04-14,1
2101,2026-04-08,2026-04-17,2,11,4,157,157,2026-04-17,1
2102,2026-04-09,2026-04-20,1,28,2,149,149,2026-04-20,1
2103,2026-04-09,2026-04-20,2,4,2,148,148,2026-04-20,1
2104,2026-04-09,2026-04-16,3,7,1,148,148,2026-04-16,1
2105,2026-04-09,2026-05-11,3,17,5,142,142,2026-05-11,1
2106,2026-04-09,2026-04-20,3,22,2,148,148,2026-04-20,1
2107,2026-04-10,2026-04-20,3,12,4,145,145,2026-04-20,1
2108,2026-04-10,2026-04-17,3,13,1,149,149,2026-04-17,1
2109,2026-04-10,2026-05-11,3,21,5,141,141,2026-05-18,0
2110,2026-04-10,2026-04-17,3,31,1,156,156,2026-04-20,0
2111,2026-04-13,2026-04-29,1,2,3,162,162,2026-05-04,0
2112,2026-04-13,2026-05-13,1,17,5,156,156,2026-05-15,0
2113,2026-04-13,2026-04-29,2,6,3,169,169,2026-04-29,1
2114,2026-04-13,2026-04-20,2,13,1,161,161,2026-04-20,1
2115,2026-04-14,2026-04-30,1,8,3,41,41,2026-05-04,0
2116,2026-04-14,2026-04-22,1,27,6,157,157,2026-04-22,1
2117,2026-04-14,2026-05-14,2,20,5,153,153,2026-05-14,1
2118,2026-04-14,2026-04-21,3,1,1,151,151,2026-04-27,0
2119,2026-04-15,2026-04-23,1,30,6,148,148,2026-04-23,1
2120,2026-04-15,2026-04-24,3,11,4,170,170,2026-04-27,0
2121,2026-04-16,2026-04-27,2,9,4,180,180,2026-04-29,0
2122,2026-04-16,2026-04-23,2,19,1,142,142,2026-04-23,1
2123,2026-04-16,2026-05-04,3,2,3,146,146,2026-05-04,1
2124,2026-04-16,2026-04-27,3,15,4,163,163,2026-04-29,0
2125,2026-04-16,2026-04-24,3,29,6,159,159,2026-04-24,1
2126,2026-04-17,2026-04-27,3,9,4,141,141,2026-04-27,1
2127,2026-04-17,2026-04-27,3,10,2,157,157,2026-04-27,1
2128,2026-04-20,2026-05-06,1,5,3,214,214,2026-05-18,0
2129,2026-04-20,2026-05-20,2,17,5,145,145,2026-06-01,0
2130,2026-04-20,2026-05-20,2,18,5,145,145,2026-05-20,1
2131,2026-04-20,2026-05-20,2,23,5,150,150,2026-05-20,1
2132,2026-04-20,2026-04-30,2,28,2,142,142,2026-04-30,1
2133,2026-04-21,2026-05-07,1,3,3,189,189,2026-05-19,0
2134,2026-04-21,2026-04-28,1,13,1,149,149,2026-04-28,1
2135,2026-04-21,2026-04-28,2,25,1,143,143,2026-04-28,1
2136,2026-04-21,2026-05-01,3,28,2,146,146,2026-05-01,1
2137,2026-04-22,2026-05-01,1,11,4,142,142,2026-05-06,0
2138,2026-04-22,2026-04-29,1,19,1,142,142,2026-04-29,1
2139,2026-04-22,2026-04-30,3,26,6,146,146,2026-04-30,1
2140,2026-04-23,2026-04-30,1,1,1,144,144,2026-04-30,1
2141,2026-04-23,2026-05-04,1,9,4,160,160,2026-05-04,1
2142,2026-04-23,2026-05-01,2,27,6,145,145,2026-05-01,1
2143,2026-04-23,2026-05-01,3,27,6,179,179,2026-05-01,1
2144,2026-04-24,2026-05-04,1,4,2,158,158,2026-05-06,0
2145,2026-04-24,2026-05-04,1,29,6,143,143,2026-05-04,1
2146,2026-04-24,2026-05-11,3,5,3,148,148,2026-05-11,1
2147,2026-04-27,2026-05-07,2,22,2,147,147,2026-05-11,0
2148,2026-04-27,2026-05-13,3,8,3,34,34,2026-05-15,0
2149,2026-04-27,2026-05-27,3,20,5,155,155,2026-05-27,1
2150,2026-04-28,2026-05-28,1,18,5,154,154,2026-06-09,0
2151,2026-04-28,2026-05-07,2,15,4,150,150,2026-05-19,0
2152,2026-04-28,2026-05-14,3,6,3,153,153,2026-05-14,1
2153,2026-04-29,2026-05-06,1,7,1,142,142,2026-05-08,0
2154,2026-04-30,2026-05-11,2,4,2,142,142,2026-05-11,1
2155,2026-04-30,2026-05-18,2,5,3,150,150,2026-05-18,1
2156,2026-04-30,2026-05-11,2,10,2,147,147,2026-05-11,1
2157,2026-04-30,2026-05-07,3,19,1,168,168,2026-05-07,1
2158,2026-04-30,2026-06-01,3,21,5,144,144,2026-06-01,1
2159,2026-04-30,2026-05-08,3,30,6,163,163,2026-05-11,0
2160,2026-05-01,2026-05-11,1,14,4,151,151,2026-05-11,1
2161,2026-05-01,2026-05-11,1,15,4,143,143,2026-05-11,1
2162,2026-05-01,2026-05-11,1,16,2,31,31,2026-05-11,1
2163,2026-05-01,2026-05-11,1,22,2,141,141,2026-05-13,0
2164,2026-05-01,2026-06-01,2,20,5,159,159,2026-06-08,0
2165,2026-05-01,2026-05-08,2,31,1,143,143,2026-05-08,1
2166,2026-05-04,2026-05-20,1,6,3,183,183,2026-05-25,0
2167,2026-05-04,2026-05-20,1,8,3,30,30,2026-06-01,0
2168,2026-05-04,2026-05-11,1,31,1,151,151,2026-05-11,1
2169,2026-05-04,2026-05-14,2,16,2,38,38,2026-05-14,1
2170,2026-05-04,2026-05-12,2,32,6,30,30,2026-05-12,1
2171,2026-05-05,2026-06-04,3,18,5,142,142,2026-06-08,0
2172,2026-05-06,2026-05-22,2,6,3,146,146,2026-05-25,0
2173,2026-05-06,2026-05-14,2,26,6,142,142,2026-05-14,1
2174,2026-05-06,2026-05-14,2,29,6,147,147,2026-05-14,1
2175,2026-05-06,2026-05-15,3,14,4,159,159,2026-05-15,1
2176,2026-05-07,2026-05-18,1,12,4,148,148,2026-05-18,1
2177,2026-05-07,2026-05-14,1,13,1,148,148,2026-05-19,0
2178,2026-05-07,2026-05-18,2,9,4,150,150,2026-05-18,1
2179,2026-05-07,2026-06-08,2,24,5,36,36,2026-06-15,0
2180,2026-05-08,2026-05-18,3,28,2,145,145,2026-05-18,1
2181,2026-05-11,2026-05-27,1,2,3,141,141,2026-05-27,1
2182,2026-05-11,2026-05-18,2,13,1,160,160,2026-05-18,1
2183,2026-05-12,2026-05-22,1,10,2,151,151,2026-05-22,1
2184,2026-05-12,2026-06-11,1,23,5,159,159,2026-06-11,1
2185,2026-05-12,2026-05-20,1,30,6,145,145,2026-05-20,1
2186,2026-05-12,2026-05-21,2,12,4,155,155,2026-05-21,1
2187,2026-05-12,2026-05-20,2,30,6,149,149,2026-05-20,1
2188,2026-05-12,2026-05-22,3,4,2,144,144,2026-05-22,1
2189,2026-05-12,2026-05-21,3,15,4,161,161,2026-05-21,1
2190,2026-05-12,2026-06-11,3,23,5,158,158,2026-06-15,0
2191,2026-05-12,2026-05-19,3,25,1,151,151,2026-05-21,0
2192,2026-05-13,2026-06-12,2,21,5,143,143,2026-06-15,0
2193,2026-05-13,2026-05-20,2,25,1,142,142,2026-05-22,0
2194,2026-05-13,2026-05-22,3,12,4,143,143,2026-05-22,1
2195,2026-05-14,2026-05-22,1,26,6,144,144,2026-05-22,1
2196,2026-05-14,2026-05-22,1,27,6,167,167,2026-05-22,1
2197,2026-05-14,2026-05-21,2,19,1,171,171,2026-05-21,1
2198,2026-05-14,2026-06-01,3,2,3,170,170,2026-06-08,0
2199,2026-05-14,2026-05-25,3,22,2,147,147,2026-05-25,1
2200,2026-05-15,2026-06-15,1,20,5,153,153,2026-06-15,1
2201,2026-05-15,2026-06-15,1,21,5,149,149,2026-06-29,0
2202,2026-05-15,2026-05-25,2,14,4,158,158,2026-05-25,1
2203,2026-05-15,2026-05-22,3,7,1,151,151,2026-05-22,1
2204,2026-05-15,2026-05-25,3,11,4,149,149,2026-06-01,0
2205,2026-05-15,2026-05-22,3,13,1,148,148,2026-06-03,0
2206,2026-05-15,2026-06-15,3,17,5,153,153,2026-06-29,0
2207,2026-05-15,2026-05-25,3,27,6,164,164,2026-05-27,0
2208,2026-05-18,2026-05-25,1,25,1,156,156,2026-05-25,1
2209,2026-05-18,2026-06-03,2,2,3,149,149,2026-06-03,1
2210,2026-05-18,2026-06-03,2,3,3,157,157,2026-06-03,1
2211,2026-05-18,2026-06-03,3,3,3,158,158,2026-06-03,1
2212,2026-05-18,2026-05-27,3,9,4,149,149,2026-05-27,1
2213,2026-05-18,2026-05-28,3,10,2,156,156,2026-05-28,1
2214,2026-05-18,2026-05-26,3,26,6,153,153,2026-05-26,1
2215,2026-05-19,2026-05-29,2,4,2,148,148,2026-05-29,1
2216,2026-05-19,2026-05-26,2,7,1,155,155,2026-05-26,1
2217,2026-05-19,2026-05-27,2,27,6,143,143,2026-05-27,1
2218,2026-05-20,2026-05-29,2,11,4,149,149,2026-05-29,1
2219,2026-05-20,2026-06-01,2,16,2,40,40,2026-06-15,0
2220,2026-05-21,2026-06-08,1,3,3,148,148,2026-06-10,0
2221,2026-05-21,2026-06-01,1,14,4,155,155,2026-06-01,1
2222,2026-05-21,2026-06-01,1,28,2,154,154,2026-06-01,1
2223,2026-05-21,2026-05-29,1,29,6,145,145,2026-05-29,1
2224,2026-05-22,2026-06-22,1,17,5,142,142,2026-06-22,1
2225,2026-05-22,2026-06-22,1,18,5,167,167,2026-06-22,1
2226,2026-05-22,2026-05-29,1,19,1,145,145,2026-05-29,1
2227,2026-05-22,2026-06-08,2,5,3,147,147,2026-06-08,1
2228,2026-05-22,2026-05-29,2,25,1,153,153,2026-05-29,1
2229,2026-05-22,2026-06-01,2,26,6,148,148,2026-06-08,0
2230,2026-05-22,2026-05-29,3,1,1,159,159,2026-06-01,0
2231,2026-05-22,2026-06-08,3,5,3,147,147,2026-06-10,0
2232,2026-05-22,2026-06-08,3,6,3,145,145,2026-06-08,1
2233,2026-05-22,2026-06-01,3,30,6,145,145,2026-06-01,1
2234,2026-05-25,2026-06-01,1,1,1,152,152,2026-06-01,1
2235,2026-05-25,2026-06-24,2,23,5,156,156,2026-06-24,1
2236,2026-05-25,2026-06-04,2,28,2,170,170,2026-06-04,1
2237,2026-05-26,2026-06-25,2,17,5,146,146,2026-07-07,0
2238,2026-05-26,2026-06-05,2,22,2,141,141,2026-06-05,1
2239,2026-05-26,2026-06-03,2,32,6,38,38,2026-06-03,1
2240,2026-05-27,2026-06-05,1,11,4,151,151,2026-06-17,0
2241,2026-05-27,2026-06-26,2,18,5,159,159,2026-07-01,0
2242,2026-05-28,2026-06-08,1,12,4,144,144,2026-06-10,0
2243,2026-05-28,2026-06-04,1,31,1,142,142,2026-06-08,0
2244,2026-05-28,2026-06-04,2,1,1,150,150,2026-06-16,0
2245,2026-05-29,2026-06-08,1,4,2,155,155,2026-06-08,1
2246,2026-05-29,2026-06-15,1,5,3,143,143,2026-06-15,1
2247,2026-05-29,2026-06-15,2,6,3,143,143,2026-06-15,1
2248,2026-05-29,2026-06-05,3,31,1,144,144,2026-06-10,0
2249,2026-06-01,2026-06-10,2,9,4,143,143,2026-06-10,1
2250,2026-06-01,2026-06-17,3,8,3,37,37,2026-06-17,1
2251,2026-06-03,2026-06-11,1,26,6,153,153,2026-06-11,1
2252,2026-06-03,2026-06-15,2,10,2,154,154,2026-06-15,1
2253,2026-06-03,2026-07-03,2,21,5,141,141,2026-07-03,1
2254,2026-06-03,2026-06-19,3,3,3,166,166,2026-06-19,1
2255,2026-06-03,2026-06-12,3,15,4,145,145,2026-06-12,1
2256,2026-06-03,2026-06-11,3,32,6,47,47,2026-06-16,0
2257,2026-06-04,2026-06-15,1,22,2,146,146,2026-06-15,1
2258,2026-06-04,2026-06-22,2,2,3,150,150,2026-06-22,1
2259,2026-06-04,2026-06-22,2,3,3,159,159,2026-06-22,1
2260,2026-06-04,2026-06-15,3,4,2,173,173,2026-06-15,1
2261,2026-06-04,2026-06-15,3,10,2,145,145,2026-06-15,1
2262,2026-06-04,2026-06-11,3,19,1,144,144,2026-06-11,1
2263,2026-06-05,2026-06-12,1,13,1,160,160,2026-06-24,0
2264,2026-06-05,2026-06-15,1,15,4,147,147,2026-06-15,1
2265,2026-06-05,2026-06-15,2,11,4,147,147,2026-06-15,1
2266,2026-06-05,2026-06-12,3,13,1,147,147,2026-06-15,0
2267,2026-06-08,2026-06-17,1,9,4,157,157,2026-06-22,0
2268,2026-06-08,2026-06-18,1,10,2,142,142,2026-06-23,0
2269,2026-06-08,2026-06-16,1,27,6,144,144,2026-06-16,1
2270,2026-06-08,2026-06-15,2,13,1,142,142,2026-06-17,0
2271,2026-06-08,2026-06-15,2,31,1,169,169,2026-06-22,0
2272,2026-06-08,2026-07-08,3,20,5,183,183,2026-07-08,1
2273,2026-06-08,2026-07-08,3,24,5,32,32,2026-07-08,1
2274,2026-06-09,2026-06-17,1,30,6,151,151,2026-06-17,1
2275,2026-06-09,2026-06-18,2,14,4,146,146,2026-06-18,1
2276,2026-06-09,2026-06-18,2,15,4,142,142,2026-06-18,1
2277,2026-06-09,2026-06-16,2,19,1,155,155,2026-06-16,1
2278,2026-06-09,2026-07-09,2,20,5,141,141,2026-07-09,1
2279,2026-06-10,2026-06-26,1,3,3,178,178,2026-06-29,0
2280,2026-06-10,2026-07-10,1,21,5,143,143,2026-07-10,1
2281,2026-06-10,2026-06-22,2,4,2,150,150,2026-06-22,1
2282,2026-06-10,2026-06-18,2,29,6,142,142,2026-06-22,0
2283,2026-06-10,2026-06-18,3,26,6,154,154,2026-06-22,0
2284,2026-06-11,2026-06-22,2,22,2,142,142,2026-06-29,0
2285,2026-06-11,2026-06-22,3,14,4,147,147,2026-06-22,1
2286,2026-06-11,2026-06-22,3,28,2,146,146,2026-06-29,0
2287,2026-06-12,2026-06-19,2,7,1,141,141,2026-06-19,1
2288,2026-06-12,2026-07-13,3,18,5,152,152,2026-07-13,1
2289,2026-06-15,2026-06-22,1,19,1,141,141,2026-06-22,1
2290,2026-06-15,2026-06-25,1,28,2,143,143,2026-06-25,1
2291,2026-06-15,2026-06-24,2,12,4,147,147,2026-06-24,1
2292,2026-06-15,2026-06-23,2,30,6,166,166,2026-06-29,0
2293,2026-06-15,2026-06-22,3,25,1,147,147,2026-06-22,1
2294,2026-06-15,2026-06-22,3,31,1,144,144,2026-06-22,1
2295,2026-06-16,2026-07-16,2,17,5,150,150,2026-07-20,0
2296,2026-06-16,2026-06-24,3,27,6,143,143,2026-06-26,0
2297,2026-06-17,2026-06-25,1,29,6,143,143,2026-06-30,0
2298,2026-06-18,2026-07-20,1,23,5,152,152,2026-07-20,1
2299,2026-06-18,2026-07-20,1,24,5,40,40,2026-07-22,0
2300,2026-06-18,2026-06-25,1,25,1,158,158,2026-06-25,1
2301,2026-06-18,2026-07-06,3,2,3,143,143,2026-07-06,1
2302,2026-06-18,2026-07-06,3,5,3,159,159,2026-07-13,0
2303,2026-06-18,2026-06-29,3,22,2,146,146,2026-06-29,1
2304,2026-06-18,2026-07-20,3,23,5,154,154,2026-07-20,1
2305,2026-06-18,2026-06-26,3,29,6,151,151,2026-07-01,0
2306,2026-06-19,2026-06-29,3,11,4,154,154,2026-06-29,1
2307,2026-06-19,2026-07-20,3,17,5,149,149,2026-07-20,1
2308,2026-06-19,2026-06-29,3,30,6,156,156,2026-07-01,0
2309,2026-06-22,2026-07-22,1,18,5,156,156,2026-08-03,0
2310,2026-06-22,2026-06-29,2,1,1,141,141,2026-06-29,1
2311,2026-06-22,2026-07-08,2,8,3,41,41,2026-07-08,1
2312,2026-06-23,2026-07-09,1,5,3,145,145,2026-07-09,1
2313,2026-06-23,2026-07-01,1,27,6,142,142,2026-07-01,1
2314,2026-06-23,2026-07-01,2,26,6,151,151,2026-07-06,0
2315,2026-06-23,2026-06-30,3,1,1,160,160,2026-06-30,1
2316,2026-06-24,2026-07-01,1,7,1,147,147,2026-07-01,1
2317,2026-06-24,2026-07-01,1,13,1,158,158,2026-07-06,0
2318,2026-06-24,2026-07-24,2,18,5,155,155,2026-07-24,1
2319,2026-06-24,2026-07-10,3,8,3,42,42,2026-07-13,0
2320,2026-06-25,2026-07-27,1,20,5,161,161,2026-07-27,1
2321,2026-06-25,2026-07-06,2,14,4,143,143,2026-07-06,1
2322,2026-06-25,2026-07-02,2,19,1,142,142,2026-07-02,1
2323,2026-06-25,2026-07-03,2,27,6,163,163,2026-07-03,1
2324,2026-06-25,2026-07-13,3,6,3,142,142,2026-07-15,0
2325,2026-06-25,2026-07-27,3,20,5,148,148,2026-07-29,0
2326,2026-06-26,2026-07-03,1,1,1,160,160,2026-07-03,1
2327,2026-06-26,2026-07-06,1,4,2,149,149,2026-07-06,1
2328,2026-06-26,2026-07-06,3,12,4,145,145,2026-07-08,0
2329,2026-06-29,2026-07-15,1,6,3,146,146,2026-07-15,1
2330,2026-06-29,2026-07-15,1,8,3,31,31,2026-07-15,1
2331,2026-06-29,2026-07-08,1,14,4,141,141,2026-07-08,1
2332,2026-06-29,2026-07-15,2,6,3,151,151,2026-07-15,1
2333,2026-06-29,2026-07-08,2,11,4,145,145,2026-07-08,1
2334,2026-06-30,2026-07-09,1,12,4,162,162,2026-07-13,0
2335,2026-06-30,2026-07-07,1,31,1,164,164,2026-07-07,1
2336,2026-07-01,2026-07-17,1,2,3,144,144,2026-07-22,0
2337,2026-07-01,2026-07-10,1,15,4,150,150,2026-07-10,1
2338,2026-07-01,2026-07-10,2,9,4,144,144,2026-07-10,1
2339,2026-07-01,2026-07-08,2,13,1,148,148,2026-07-08,1
2340,2026-07-01,2026-07-31,2,20,5,150,150,2026-07-31,1
2341,2026-07-01,2026-07-31,2,21,5,149,149,2026-07-31,1
2342,2026-07-02,2026-07-10,1,32,6,36,36,2026-07-15,0
2343,2026-07-02,2026-07-13,2,4,2,151,151,2026-07-13,1
2344,2026-07-02,2026-07-13,2,22,2,163,163,2026-07-27,0
2345,2026-07-02,2026-08-03,2,23,5,155,155,2026-08-03,1
2346,2026-07-02,2026-07-13,2,28,2,154,154,2026-07-13,1
2347,2026-07-02,2026-07-10,2,32,6,40,40,2026-07-10,1
2348,2026-07-02,2026-07-09,3,7,1,146,146,2026-07-09,1
2349,2026-07-02,2026-07-13,3,14,4,149,149,2026-07-15,0
2350,2026-07-03,2026-07-13,1,26,6,143,143,2026-07-13,1
2351,2026-07-03,2026-07-20,2,2,3,151,151,2026-07-20,1
2352,2026-07-03,2026-07-13,3,9,4,143,143,2026-07-13,1
2353,2026-07-03,2026-08-03,3,23,5,153,153,2026-08-03,1
2354,2026-07-06,2026-07-15,1,9,4,143,143,2026-07-15,1
2355,2026-07-06,2026-07-15,1,11,4,141,141,2026-07-17,0
2356,2026-07-06,2026-07-13,1,25,1,146,146,2026-07-13,1
2357,2026-07-06,2026-07-22,3,3,3,159,159,2026-07-22,1
2358,2026-07-06,2026-07-15,3,15,4,144,144,2026-07-15,1
2359,2026-07-07,2026-07-17,1,22,2,142,142,2026-07-29,0
2360,2026-07-07,2026-07-14,2,25,1,144,144,2026-07-14,1
2361,2026-07-08,2026-08-07,1,17,5,166,166,2026-08-10,0
2362,2026-07-08,2026-08-07,1,21,5,142,142,2026-08-07,1
2363,2026-07-08,2026-07-24,2,5,3,152,152,2026-07-24,1
2364,2026-07-08,2026-07-20,2,10,2,141,141,2026-07-20,1
2365,2026-07-08,2026-07-15,2,31,1,162,162,2026-07-17,0
2366,2026-07-09,2026-07-27,1,3,3,155,155,2026-07-27,1
2367,2026-07-09,2026-08-10,1,23,5,155,155,2026-08-10,1
2368,2026-07-09,2026-07-20,2,15,4,151,151,2026-07-22,0
2369,2026-07-09,2026-08-10,2,17,5,156,156,2026-08-10,1
2370,2026-07-09,2026-07-17,2,29,6,157,157,2026-07-17,1
2371,2026-07-10,2026-07-20,3,16,2,38,38,2026-07-20,1
2372,2026-07-10,2026-08-10,3,17,5,162,162,2026-08-10,1
2373,2026-07-10,2026-08-10,3,21,5,146,146,2026-08-10,1
2374,2026-07-10,2026-07-20,3,26,6,177,177,2026-07-20,1
2375,2026-07-13,2026-07-29,2,3,3,167,167,2026-07-29,1
2376,2026-07-13,2026-07-29,3,5,3,155,155,2026-08-03,0
2377,2026-07-13,2026-07-23,3,10,2,143,143,2026-07-27,0
2378,2026-07-13,2026-07-20,3,19,1,175,175,2026-07-20,1
2379,2026-07-14,2026-07-22,3,29,6,156,156,2026-07-27,0
2380,2026-07-15,2026-07-23,1,32,6,46,46,2026-07-23,1
2381,2026-07-15,2026-07-22,2,7,1,147,147,2026-07-22,1
2382,2026-07-15,2026-07-27,3,4,2,160,160,2026-07-27,1
2383,2026-07-15,2026-07-22,3,13,1,141,141,2026-07-24,0
2384,2026-07-16,2026-08-03,1,6,3,146,146,2026-08-05,0
2385,2026-07-16,2026-07-24,1,27,6,142,142,2026-07-29,0
2386,2026-07-16,2026-07-23,3,25,1,157,157,2026-07-23,1
2387,2026-07-17,2026-07-27,2,16,2,50,50,2026-07-27,1
2388,2026-07-17,2026-07-27,2,26,6,144,144,2026-07-27,1
2389,2026-07-17,2026-07-27,3,27,6,149,149,2026-07-27,1
2390,2026-07-20,2026-07-27,1,13,1,155,155,2026-07-27,1
2391,2026-07-20,2026-07-30,3,22,2,141,141,2026-08-03,0
2392,2026-07-20,2026-07-27,3,31,1,141,141,2026-07-27,1
2393,2026-07-21,2026-07-31,1,16,2,45,45,2026-07-31,1
2394,2026-07-21,2026-07-30,2,11,4,149,149,2026-07-30,1
2395,2026-07-21,2026-08-20,3,18,5,155,155,2026-08-20,1
2396,2026-07-22,2026-07-29,1,19,1,145,145,2026-07-29,1
2397,2026-07-22,2026-08-21,1,20,5,142,142,2026-08-21,1
2398,2026-07-22,2026-08-03,2,4,2,146,146,2026-08-10,0
2399,2026-07-22,2026-08-21,2,20,5,142,142,2026-08-24,0
2400,2026-07-23,2026-07-30,1,1,1,146,146,2026-07-30,1
2401,2026-07-23,2026-07-30,1,7,1,147,147,2026-07-30,1
2402,2026-07-23,2026-08-03,2,12,4,142,142,2026-08-17,0
2403,2026-07-23,2026-07-31,2,27,6,156,156,2026-07-31,1
2404,2026-07-23,2026-08-10,3,2,3,162,162,2026-08-12,0
2405,2026-07-23,2026-08-03,3,11,4,157,157,2026-08-05,0
2406,2026-07-24,2026-08-10,1,2,3,161,161,2026-08-10,1
2407,2026-07-24,2026-07-31,2,19,1,156,156,2026-07-31,1
2408,2026-07-24,2026-08-10,3,3,3,144,144,2026-08-10,1
2409,2026-07-27,2026-08-05,1,12,4,148,148,2026-08-05,1
2410,2026-07-27,2026-08-04,1,30,6,143,143,2026-08-04,1
2411,2026-07-27,2026-08-06,2,22,2,155,155,2026-08-06,1
2412,2026-07-28,2026-08-27,1,23,5,141,141,2026-08-31,0
2413,2026-07-28,2026-08-07,1,28,2,154,154,2026-08-10,0
2414,2026-07-28,2026-08-13,2,2,3,158,158,2026-08-13,1
2415,2026-07-28,2026-08-27,2,23,5,151,0,,0
2416,2026-07-28,2026-08-07,2,28,2,177,177,2026-08-07,1
2417,2026-07-28,2026-08-06,3,12,4,158,158,2026-08-11,0
2418,2026-07-28,2026-08-07,3,28,2,162,162,2026-08-07,1
2419,2026-07-29,2026-08-10,1,4,2,159,159,2026-08-10,1
2420,2026-07-29,2026-08-10,1,10,2,157,157,2026-08-10,1
2421,2026-07-29,2026-08-07,2,9,4,145,145,2026-08-07,1
2422,2026-07-29,2026-08-07,3,15,4,198,198,2026-08-10,0
2423,2026-07-29,2026-08-28,3,20,5,145,145,2026-08-28,1
2424,2026-07-29,2026-08-06,3,30,6,142,142,2026-08-06,1
2425,2026-07-30,2026-08-17,1,5,3,141,141,2026-08-24,0
2426,2026-07-30,2026-08-10,1,11,4,148,148,2026-08-10,1
2427,2026-07-30,2026-08-07,1,26,6,146,146,2026-08-07,1
2428,2026-07-30,2026-08-06,2,1,1,158,158,2026-08-06,1
2429,2026-07-30,2026-08-10,2,15,4,141,141,2026-08-10,1
2430,2026-07-31,2026-08-31,1,18,5,154,154,2026-08-31,1
2431,2026-07-31,2026-08-17,2,6,3,156,156,2026-08-31,0
2432,2026-07-31,2026-08-17,2,8,3,34,34,2026-08-17,1
2433,2026-07-31,2026-08-07,2,13,1,147,147,2026-08-07,1
2434,2026-08-03,2026-08-11,1,29,6,141,141,2026-08-11,1
2435,2026-08-03,2026-08-10,3,1,1,161,161,2026-08-12,0
2436,2026-08-03,2026-08-19,3,8,3,30,30,2026-08-19,1
2437,2026-08-03,2026-08-13,3,10,2,153,153,2026-08-17,0
2438,2026-08-04,2026-08-13,2,14,4,174,174,2026-08-13,1
2439,2026-08-04,2026-08-11,2,25,1,156,156,2026-08-24,0
2440,2026-08-04,2026-09-03,3,21,5,142,0,,0
2441,2026-08-04,2026-08-12,3,26,6,147,147,2026-08-12,1
2442,2026-08-06,2026-09-07,1,17,5,141,0,,0
2443,2026-08-06,2026-08-17,1,22,2,145,145,2026-08-17,1
2444,2026-08-06,2026-08-17,3,14,4,153,153,2026-08-31,0
2445,2026-08-06,2026-09-07,3,23,5,144,0,,0
2446,2026-08-07,2026-08-24,1,3,3,146,146,2026-08-24,1
2447,2026-08-07,2026-08-17,1,15,4,160,160,2026-08-17,1
2448,2026-08-07,2026-08-17,2,29,6,155,155,2026-08-17,1
2449,2026-08-07,2026-08-14,2,31,1,148,148,2026-08-14,1
2450,2026-08-07,2026-08-17,3,9,4,159,159,2026-08-24,0
2451,2026-08-10,2026-09-09,1,24,5,50,0,,0
2452,2026-08-10,2026-08-18,1,30,6,161,161,2026-08-18,1
2453,2026-08-10,2026-09-09,3,18,5,150,0,,0
2454,2026-08-11,2026-09-10,1,21,5,141,0,,0
2455,2026-08-11,2026-08-19,2,30,6,145,145,2026-08-21,0
2456,2026-08-11,2026-08-18,3,13,1,149,149,2026-08-24,0
2457,2026-08-12,2026-08-28,2,3,3,157,157,2026-08-28,1
2458,2026-08-12,2026-08-24,2,4,2,145,145,2026-08-24,1
2459,2026-08-12,2026-09-11,2,18,5,154,0,,0
2460,2026-08-12,2026-08-19,3,19,1,150,150,2026-08-19,1
2461,2026-08-13,2026-08-24,1,12,4,157,157,2026-08-24,1
2462,2026-08-13,2026-09-14,2,24,5,32,0,,0
2463,2026-08-13,2026-08-24,3,16,2,49,49,2026-08-31,0
2464,2026-08-14,2026-08-21,1,7,1,162,162,2026-08-21,1
2465,2026-08-14,2026-08-21,1,13,1,147,147,2026-08-21,1
2466,2026-08-14,2026-08-24,2,32,6,37,37,2026-08-24,1
2467,2026-08-14,2026-08-24,3,22,2,143,143,2026-08-24,1
2468,2026-08-17,2026-08-26,1,11,4,145,0,,0
2469,2026-08-17,2026-08-24,1,31,1,151,151,2026-08-24,1
2470,2026-08-17,2026-08-25,1,32,6,47,47,2026-08-25,1
2471,2026-08-17,2026-09-02,2,8,3,56,0,,0
2472,2026-08-17,2026-08-27,2,10,2,146,146,2026-08-27,1
2473,2026-08-17,2026-09-16,2,21,5,165,0,,0
2474,2026-08-17,2026-09-02,3,5,3,150,0,,0
2475,2026-08-17,2026-08-26,3,15,4,148,148,2026-08-26,1
2476,2026-08-17,2026-09-16,3,17,5,162,0,,0
2477,2026-08-18,2026-08-28,1,4,2,156,156,2026-08-28,1
2478,2026-08-18,2026-08-26,1,29,6,145,145,2026-08-28,0
2479,2026-08-18,2026-09-03,2,2,3,150,0,,0
2480,2026-08-18,2026-08-26,3,27,6,142,142,2026-08-26,1
2481,2026-08-18,2026-08-25,3,31,1,150,150,2026-08-25,1
2482,2026-08-19,2026-08-26,2,19,1,147,147,2026-08-26,1
2483,2026-08-19,2026-08-31,3,4,2,157,157,2026-08-31,1
2484,2026-08-19,2026-09-04,3,8,3,47,0,,0
2485,2026-08-20,2026-09-21,2,23,5,144,0,,0
2486,2026-08-20,2026-08-27,3,7,1,173,173,2026-08-31,0
2487,2026-08-20,2026-08-27,3,25,1,148,148,2026-08-27,1
2488,2026-08-21,2026-08-31,1,14,4,145,145,2026-08-31,1
2489,2026-08-21,2026-09-21,1,23,5,151,0,,0
2490,2026-08-21,2026-08-31,2,26,6,166,166,2026-08-31,1
2491,2026-08-21,2026-09-07,3,6,3,157,0,,0
2492,2026-08-21,2026-09-21,3,20,5,143,0,,0
2493,2026-08-24,2026-09-09,2,5,3,155,0,,0
2494,2026-08-24,2026-09-03,2,28,2,148,0,,0
2495,2026-08-25,2026-09-02,1,27,6,155,0,,0
2496,2026-08-25,2026-09-24,2,20,5,146,0,,0
2497,2026-08-25,2026-09-04,2,22,2,143,0,,0
2498,2026-08-25,2026-09-02,3,32,6,40,0,,0
2499,2026-08-26,2026-09-11,1,6,3,152,0,,0
2500,2026-08-26,2026-09-07,1,10,2,171,0,,0
2501,2026-08-26,2026-09-02,1,19,1,153,0,,0
2502,2026-08-26,2026-09-25,1,21,5,144,0,,0
2503,2026-08-26,2026-09-04,2,11,4,150,0,,0
2504,2026-08-27,2026-09-07,2,16,2,42,0,,0
2505,2026-08-27,2026-09-07,3,12,4,152,0,,0
2506,2026-08-28,2026-09-28,1,18,5,143,0,,0
2507,2026-08-28,2026-09-14,3,3,3,153,0,,0
2508,2026-08-28,2026-09-07,3,11,4,154,0,,0
2509,2026-08-28,2026-09-07,3,30,6,143,0,,0
2510,2026-08-31,2026-09-09,1,9,4,153,0,,0
2511,2026-08-31,2026-09-30,1,17,5,146,0,,0
2512,2026-08-31,2026-09-07,1,25,1,152,0,,0
2513,2026-08-31,2026-09-16,2,6,3,173,0,,0
2514,2026-08-31,2026-09-08,2,32,6,36,0,,0
2515,2026-08-31,2026-09-09,3,9,4,158,0,,0
