ReceiptID,PurchaseID,Date,WarehouseID,ProductID,SupplierID,Units,ValueUSD,LeadDays,OnTime
1,15,2024-01-15,1,16,2,154,3432.66,10,1
2,19,2024-01-18,1,12,4,147,8615.67,9,1
3,11,2024-01-19,1,2,3,142,8349.6,16,1
4,18,2024-01-19,1,4,2,144,11257.92,10,1
5,20,2024-01-19,2,16,2,142,3165.18,10,1
6,25,2024-01-19,1,25,1,171,2240.1,7,1
7,14,2024-01-22,1,5,3,149,837.38,17,1
8,17,2024-01-22,3,27,6,144,11334.24,14,0
9,23,2024-01-22,1,22,2,144,2700.0,11,1
10,34,2024-01-24,2,25,1,141,1847.1,7,1
11,37,2024-01-26,2,32,6,140,1478.4,8,1
12,40,2024-01-26,3,31,1,156,3346.2,7,1
13,16,2024-01-29,1,8,3,126,5865.3,21,0
14,22,2024-01-29,1,3,3,145,4914.05,18,1
15,26,2024-01-29,2,3,3,145,4914.05,17,1
16,27,2024-01-29,2,8,3,122,5679.1,17,1
17,35,2024-01-29,3,16,2,126,2808.54,12,1
18,39,2024-01-29,3,4,2,152,11883.36,10,1
19,2,2024-01-31,1,24,5,128,10384.64,30,1
20,3,2024-01-31,2,17,5,190,14056.2,30,1
21,4,2024-01-31,2,18,5,148,6916.04,30,1
22,5,2024-01-31,2,24,5,164,13305.32,30,1
23,6,2024-01-31,3,17,5,153,11318.94,30,1
24,7,2024-01-31,3,18,5,164,7663.72,30,1
25,10,2024-01-31,3,24,5,162,13143.06,30,1
26,31,2024-02-01,3,5,3,156,876.72,16,1
27,32,2024-02-01,3,8,3,134,6237.7,16,1
28,42,2024-02-01,2,28,2,173,1749.03,10,1
29,1,2024-02-02,1,18,5,159,7430.07,32,0
30,47,2024-02-02,1,14,4,158,9481.58,9,1
31,49,2024-02-02,3,25,1,149,1951.9,9,0
32,50,2024-02-02,2,26,6,154,8567.02,8,1
33,12,2024-02-05,2,20,5,141,8248.5,32,1
34,13,2024-02-05,2,21,5,150,3207.0,32,1
35,38,2024-02-05,3,2,3,148,8702.4,18,1
36,46,2024-02-05,1,9,4,151,1543.22,12,0
37,51,2024-02-05,2,15,4,152,7023.92,10,1
38,41,2024-02-07,2,2,3,144,8467.2,16,1
39,59,2024-02-07,3,19,1,148,2018.72,7,1
40,43,2024-02-08,1,6,3,143,1578.72,16,1
41,52,2024-02-08,1,32,6,128,1351.68,10,0
42,61,2024-02-09,2,29,6,156,2265.12,8,1
43,63,2024-02-09,3,32,6,130,1372.8,8,1
44,8,2024-02-12,3,20,5,196,11466.0,42,0
45,9,2024-02-12,3,21,5,166,3549.08,42,0
46,24,2024-02-12,1,23,5,148,11844.44,31,1
47,44,2024-02-12,2,7,1,142,8035.78,20,0
48,45,2024-02-12,3,3,3,144,4880.16,20,0
49,48,2024-02-12,1,31,1,154,3303.3,19,0
50,53,2024-02-12,2,30,6,141,4221.54,14,0
51,54,2024-02-12,1,16,2,122,2719.38,13,0
52,57,2024-02-12,1,28,2,147,1486.17,12,1
53,62,2024-02-12,3,28,2,147,1486.17,11,1
54,21,2024-02-14,3,23,5,164,13124.92,35,0
55,28,2024-02-14,1,20,5,154,9009.0,30,1
56,29,2024-02-14,2,23,5,151,12084.53,30,1
57,60,2024-02-14,1,26,6,141,7843.83,13,0
58,64,2024-02-14,2,4,2,145,11336.1,12,0
59,66,2024-02-14,3,22,2,148,2775.0,12,0
60,67,2024-02-14,1,12,4,148,8674.28,9,1
61,68,2024-02-14,2,1,1,142,10980.86,9,0
62,73,2024-02-14,1,13,1,146,10687.2,7,1
63,75,2024-02-14,1,19,1,142,1936.88,7,1
64,30,2024-02-15,2,24,5,128,10384.64,30,1
65,55,2024-02-15,2,6,3,147,1622.88,16,1
66,69,2024-02-15,2,9,4,170,1737.4,9,1
67,71,2024-02-15,3,12,4,145,8498.45,9,1
68,72,2024-02-15,3,14,4,152,9121.52,9,1
69,76,2024-02-15,1,1,1,169,13068.77,7,1
70,77,2024-02-15,2,19,1,142,1936.88,7,1
71,33,2024-02-16,1,21,5,149,3185.62,30,1
72,36,2024-02-19,1,17,5,145,10727.1,32,1
73,58,2024-02-19,2,8,3,126,5865.3,19,0
74,65,2024-02-19,3,6,3,148,1633.92,17,1
75,79,2024-02-19,2,14,4,162,9721.62,10,1
76,80,2024-02-19,3,26,6,154,8567.02,10,1
77,56,2024-02-21,2,10,2,152,9656.56,22,0
78,78,2024-02-21,1,27,6,141,11098.11,12,0
79,81,2024-02-21,3,30,6,158,4730.52,12,0
80,84,2024-02-21,3,15,4,160,7393.6,9,1
81,92,2024-02-23,2,27,6,143,11255.53,8,1
82,89,2024-02-26,3,29,6,148,2148.96,12,0
83,97,2024-02-26,1,7,1,141,7979.19,7,1
84,100,2024-02-27,3,19,1,144,1964.16,7,1
85,96,2024-02-28,3,10,2,145,9211.85,12,0
86,98,2024-02-28,2,32,6,138,1457.28,8,1
87,104,2024-02-28,3,25,1,142,1860.2,7,1
88,86,2024-02-29,3,8,3,148,6889.4,16,1
89,106,2024-02-29,2,7,1,146,8262.14,7,1
90,82,2024-03-01,1,5,3,151,848.62,18,0
91,105,2024-03-01,1,30,6,145,4341.3,8,1
92,108,2024-03-01,2,26,6,145,8066.35,8,1
93,110,2024-03-01,3,32,6,132,1393.92,8,1
94,88,2024-03-04,1,8,3,128,5958.4,19,0
95,93,2024-03-04,1,4,2,146,11414.28,17,0
96,95,2024-03-04,3,5,3,152,854.24,17,1
97,102,2024-03-04,1,29,6,180,2613.6,12,0
98,107,2024-03-04,2,25,1,143,1873.3,11,0
99,109,2024-03-04,3,12,4,141,8264.01,11,1
100,111,2024-03-04,1,16,2,138,3076.02,10,1
101,113,2024-03-04,2,12,4,151,8850.11,10,1
102,115,2024-03-04,3,11,4,151,8067.93,10,1
103,118,2024-03-05,1,32,6,126,1330.56,8,1
104,124,2024-03-06,3,7,1,144,8148.96,7,1
105,121,2024-03-07,1,15,4,146,6746.66,9,1
106,123,2024-03-07,2,30,6,143,4281.42,8,1
107,103,2024-03-08,2,5,3,148,831.76,16,1
108,127,2024-03-08,1,25,1,151,1978.1,7,1
109,128,2024-03-08,1,31,1,160,3432.0,7,1
110,70,2024-03-11,2,17,5,143,10579.14,34,0
111,74,2024-03-11,1,18,5,149,6962.77,33,0
112,99,2024-03-11,3,3,3,158,5354.62,20,0
113,122,2024-03-11,2,10,2,149,9465.97,12,1
114,125,2024-03-11,1,14,4,142,8521.42,11,1
115,130,2024-03-11,3,27,6,152,11963.92,10,1
116,132,2024-03-13,1,12,4,163,9553.43,9,1
117,120,2024-03-14,1,2,3,143,8408.4,16,1
118,135,2024-03-14,1,11,4,143,7640.49,9,1
119,85,2024-03-15,3,24,5,132,10709.16,32,0
120,83,2024-03-18,2,24,5,144,11682.72,35,0
121,87,2024-03-18,3,23,5,154,12324.62,34,0
122,90,2024-03-18,1,20,5,153,8950.5,32,1
123,112,2024-03-18,2,11,4,150,8014.5,24,0
124,126,2024-03-18,2,3,3,143,4846.27,18,1
125,140,2024-03-18,3,16,2,124,2763.96,12,1
126,143,2024-03-18,2,16,2,130,2897.7,10,1
127,145,2024-03-18,2,31,1,146,3131.7,10,0
128,148,2024-03-18,2,13,1,145,10614.0,7,1
129,131,2024-03-20,1,6,3,154,1700.16,16,1
130,133,2024-03-20,2,6,3,151,1667.04,16,1
131,141,2024-03-20,2,29,6,149,2163.48,13,0
132,146,2024-03-20,1,9,4,149,1522.78,9,1
133,155,2024-03-20,2,19,1,141,1923.24,7,1
134,147,2024-03-21,2,4,2,148,11570.64,10,1
135,149,2024-03-21,2,22,2,144,2700.0,10,1
136,151,2024-03-22,1,10,2,153,9720.09,10,1
137,153,2024-03-22,3,4,2,149,11648.82,10,1
138,154,2024-03-22,2,14,4,149,8941.49,9,1
139,161,2024-03-22,1,13,1,154,11272.8,7,1
140,163,2024-03-22,3,1,1,166,12836.78,7,1
141,91,2024-03-25,2,18,5,157,7336.61,39,0
142,94,2024-03-25,1,17,5,141,10431.18,38,0
143,101,2024-03-25,1,23,5,143,11444.29,33,0
144,114,2024-03-25,2,23,5,154,12324.62,31,1
145,116,2024-03-25,3,21,5,162,3463.56,31,1
146,137,2024-03-25,2,1,1,157,12140.81,20,0
147,158,2024-03-25,2,28,2,174,1759.14,11,1
148,162,2024-03-25,2,15,4,156,7208.76,10,1
149,164,2024-03-25,3,30,6,152,4550.88,10,1
150,156,2024-03-26,1,19,1,145,1977.8,12,0
151,166,2024-03-26,1,27,6,150,11806.5,8,1
152,168,2024-03-26,2,32,6,134,1415.04,8,1
153,169,2024-03-26,1,1,1,160,12372.8,7,1
154,171,2024-03-26,2,25,1,151,1978.1,7,1
155,117,2024-03-27,1,21,5,159,3399.42,30,1
156,150,2024-03-28,1,8,3,138,6423.9,16,1
157,165,2024-03-28,1,4,2,149,11648.82,10,1
158,167,2024-03-28,1,28,2,147,1486.17,10,1
159,176,2024-03-29,2,26,6,144,8010.72,8,1
160,129,2024-04-01,3,17,5,151,11170.98,31,1
161,152,2024-04-01,3,2,3,144,8467.2,20,0
162,157,2024-04-01,2,2,3,147,8643.6,18,1
163,159,2024-04-01,3,8,3,122,5679.1,18,1
164,173,2024-04-01,3,10,2,147,9338.91,13,0
165,134,2024-04-02,1,3,3,154,5219.06,28,0
166,174,2024-04-02,3,15,4,155,7162.55,14,0
167,182,2024-04-03,2,30,6,152,4550.88,8,1
168,136,2024-04-04,1,24,5,144,11682.72,30,1
169,138,2024-04-05,2,21,5,147,3142.86,30,1
170,184,2024-04-05,3,29,6,155,2250.6,10,0
171,190,2024-04-05,1,32,6,136,1436.16,8,1
172,194,2024-04-05,3,32,6,128,1351.68,8,1
173,119,2024-04-08,3,20,5,145,8482.5,42,0
174,142,2024-04-08,3,18,5,157,7336.61,32,1
175,144,2024-04-08,2,20,5,167,9769.5,31,1
176,172,2024-04-08,3,6,3,141,1556.64,20,0
177,175,2024-04-08,2,8,3,156,7261.8,18,1
178,183,2024-04-08,3,12,4,142,8322.62,13,0
179,177,2024-04-09,3,13,1,151,11053.2,19,0
180,181,2024-04-09,2,12,4,144,8439.84,14,0
181,188,2024-04-10,3,9,4,145,1481.9,14,0
182,197,2024-04-10,2,11,4,156,8335.08,9,1
183,198,2024-04-10,1,29,6,147,2134.44,8,1
184,206,2024-04-11,3,19,1,141,1923.24,7,1
185,201,2024-04-12,2,1,1,150,11599.5,9,0
186,204,2024-04-12,2,29,6,166,2410.32,8,1
187,180,2024-04-15,3,26,6,155,8622.65,21,0
188,185,2024-04-15,1,5,3,146,820.52,19,0
189,189,2024-04-15,1,2,3,154,9055.2,18,1
190,193,2024-04-15,3,22,2,153,2868.75,18,0
191,196,2024-04-15,1,26,6,147,8177.61,14,0
192,207,2024-04-15,3,27,6,144,11334.24,11,0
193,210,2024-04-15,1,25,1,153,2004.3,10,0
194,139,2024-04-17,2,24,5,122,9897.86,42,0
195,160,2024-04-17,3,24,5,130,10546.9,34,0
196,202,2024-04-17,3,16,2,126,2808.54,14,0
197,216,2024-04-17,2,27,6,155,12200.05,8,1
198,170,2024-04-18,2,18,5,157,7336.61,30,1
199,199,2024-04-18,3,3,3,150,5083.5,16,1
200,217,2024-04-18,3,7,1,155,8771.45,9,0
201,224,2024-04-18,2,31,1,141,3024.45,7,1
202,214,2024-04-19,1,22,2,149,2793.75,10,1
203,215,2024-04-19,1,30,6,154,4610.76,10,0
204,220,2024-04-19,3,14,4,148,8881.48,9,1
205,229,2024-04-19,2,25,1,176,2305.6,7,1
206,178,2024-04-22,3,23,5,149,11924.47,31,1
207,191,2024-04-22,2,5,3,151,848.62,25,0
208,192,2024-04-22,3,11,4,143,7640.49,25,0
209,195,2024-04-22,3,28,2,161,1627.71,24,0
210,218,2024-04-22,1,1,1,150,11599.5,12,0
211,222,2024-04-22,2,16,2,124,2763.96,11,1
212,228,2024-04-22,1,12,4,158,9260.38,10,1
213,225,2024-04-23,3,25,1,146,1912.6,12,0
214,179,2024-04-24,3,21,5,156,3335.28,30,1
215,205,2024-04-24,3,5,3,144,809.28,20,0
216,212,2024-04-24,3,8,3,134,6237.7,16,1
217,230,2024-04-24,1,7,1,162,9167.58,9,0
218,238,2024-04-24,2,19,1,157,2141.48,7,1
219,187,2024-04-26,1,24,5,132,10709.16,30,1
220,237,2024-04-26,2,14,4,145,8701.45,9,1
221,240,2024-04-26,3,32,6,122,1288.32,8,1
222,241,2024-04-26,1,31,1,141,3024.45,7,1
223,208,2024-04-29,1,6,3,152,1678.08,24,0
224,211,2024-04-29,2,9,4,169,1727.18,21,0
225,226,2024-04-29,1,9,4,151,1543.22,17,0
226,227,2024-04-29,1,11,4,142,7587.06,17,0
227,239,2024-04-29,1,16,2,140,3120.6,11,1
228,244,2024-04-29,3,31,1,161,3453.45,10,0
229,250,2024-04-30,2,7,1,161,9110.99,7,1
230,252,2024-04-30,3,13,1,145,10614.0,7,1
231,231,2024-05-01,1,8,3,124,5772.2,16,1
232,235,2024-05-01,3,6,3,147,1622.88,16,1
233,247,2024-05-01,1,19,1,151,2059.64,9,0
234,245,2024-05-02,1,4,2,152,11883.36,10,1
235,200,2024-05-03,1,23,5,153,12244.59,30,1
236,249,2024-05-03,1,10,2,156,9910.68,10,1
237,242,2024-05-06,2,3,3,143,4846.27,17,1
238,243,2024-05-06,2,6,3,153,1689.12,17,1
239,253,2024-05-06,1,14,4,141,8461.41,12,0
240,254,2024-05-06,3,28,2,156,1577.16,12,1
241,232,2024-05-07,2,4,2,143,11179.74,22,0
242,236,2024-05-07,1,15,4,150,6931.5,21,0
243,186,2024-05-08,1,20,5,143,8365.5,42,0
244,203,2024-05-08,2,17,5,147,10875.06,34,0
245,209,2024-05-08,1,18,5,153,7149.69,33,0
246,213,2024-05-08,3,24,5,130,10546.9,30,1
247,248,2024-05-08,3,2,3,143,8408.4,16,1
248,251,2024-05-08,3,4,2,164,12821.52,15,0
249,263,2024-05-08,1,27,6,142,11176.82,8,1
250,265,2024-05-08,2,26,6,155,8622.65,8,1
251,268,2024-05-08,3,29,6,147,2134.44,8,1
252,260,2024-05-09,2,22,2,152,2850.0,10,1
253,262,2024-05-09,3,22,2,152,2850.0,10,1
254,267,2024-05-09,3,12,4,143,8381.23,9,1
255,269,2024-05-09,2,32,6,132,1393.92,8,1
256,219,2024-05-10,2,23,5,165,13204.95,30,1
257,264,2024-05-10,1,28,2,146,1476.06,10,1
258,266,2024-05-10,3,10,2,143,9084.79,10,1
259,273,2024-05-10,3,1,1,143,11058.19,7,1
260,221,2024-05-13,1,21,5,155,3313.9,32,1
261,223,2024-05-13,2,20,5,152,8892.0,32,1
262,255,2024-05-13,1,3,3,144,4880.16,17,1
263,256,2024-05-13,3,8,3,130,6051.5,17,1
264,271,2024-05-13,2,10,2,147,9338.91,11,1
265,274,2024-05-13,3,30,6,144,4311.36,10,1
266,277,2024-05-13,2,13,1,141,10321.2,7,1
267,233,2024-05-15,2,21,5,151,3228.38,30,1
268,234,2024-05-15,2,24,5,122,9897.86,30,1
269,270,2024-05-15,3,15,4,143,6608.03,14,0
270,291,2024-05-16,2,31,1,142,3045.9,7,1
271,282,2024-05-17,1,9,4,141,1441.02,9,1
272,284,2024-05-17,3,14,4,141,8461.41,9,1
273,275,2024-05-20,1,1,1,179,13842.07,14,0
274,285,2024-05-20,3,16,2,150,3343.5,12,1
275,246,2024-05-22,1,17,5,146,10801.08,30,1
276,295,2024-05-23,2,30,6,144,4311.36,10,0
277,299,2024-05-23,3,11,4,141,7533.63,9,1
278,300,2024-05-23,1,29,6,144,2090.88,8,1
279,306,2024-05-24,3,32,6,138,1457.28,8,1
280,257,2024-05-27,3,17,5,158,11688.84,31,1
281,258,2024-05-27,3,20,5,142,8307.0,31,1
282,259,2024-05-27,3,21,5,146,3121.48,31,1
283,272,2024-05-27,2,29,6,143,2076.36,24,0
284,278,2024-05-27,2,15,4,148,6839.08,21,0
285,283,2024-05-27,1,13,1,149,10906.8,19,0
286,286,2024-05-27,1,2,3,150,8820.0,18,1
287,289,2024-05-27,2,16,2,130,2897.7,18,0
288,302,2024-05-27,1,11,4,150,8014.5,11,1
289,298,2024-05-28,3,9,4,144,1471.68,14,0
290,308,2024-05-28,3,29,6,144,2090.88,8,1
291,261,2024-05-29,3,18,5,143,6682.39,30,1
292,296,2024-05-29,3,5,3,141,792.42,16,1
293,311,2024-05-30,2,11,4,165,8815.95,9,1
294,315,2024-05-30,2,32,6,138,1457.28,8,1
295,301,2024-05-31,3,3,3,151,5117.39,16,1
296,292,2024-06-03,3,26,6,152,8455.76,24,0
297,304,2024-06-03,2,2,3,149,8761.2,18,1
298,314,2024-06-03,2,28,2,142,1435.62,12,1
299,318,2024-06-03,2,19,1,145,1977.8,11,0
300,319,2024-06-03,2,14,4,152,9121.52,10,1
301,321,2024-06-03,1,19,1,145,1977.8,7,1
302,328,2024-06-03,3,31,1,143,3067.35,7,1
303,297,2024-06-04,2,12,4,143,8381.23,21,0
304,303,2024-06-04,1,25,1,159,2082.9,19,0
305,313,2024-06-04,1,30,6,146,4371.24,13,0
306,323,2024-06-04,1,32,6,134,1415.04,8,1
307,276,2024-06-05,1,23,5,142,11364.26,30,1
308,324,2024-06-05,2,9,4,141,1441.02,9,1
309,333,2024-06-05,3,19,1,152,2073.28,7,1
310,279,2024-06-06,1,24,5,128,10384.64,30,1
311,281,2024-06-06,2,20,5,157,9184.5,30,1
312,310,2024-06-06,2,6,3,146,1611.84,16,1
313,322,2024-06-06,1,22,2,148,2775.0,10,1
314,325,2024-06-06,2,10,2,141,8957.73,10,1
315,335,2024-06-06,1,7,1,162,9167.58,7,1
316,330,2024-06-07,1,16,2,128,2853.12,10,1
317,340,2024-06-07,2,25,1,143,1873.3,7,1
318,280,2024-06-10,2,18,5,160,7476.8,34,0
319,287,2024-06-10,1,5,3,153,859.86,32,0
320,288,2024-06-10,2,8,3,156,7261.8,32,0
321,290,2024-06-10,2,17,5,145,10727.1,32,1
322,316,2024-06-10,3,25,1,156,2043.6,19,0
323,317,2024-06-10,1,8,3,140,6517.0,18,1
324,327,2024-06-10,3,27,6,144,11334.24,14,0
325,337,2024-06-10,3,15,4,145,6700.45,11,1
326,309,2024-06-11,1,12,4,151,8850.11,21,0
327,342,2024-06-11,1,26,6,170,9457.1,8,1
328,347,2024-06-11,1,31,1,149,3196.05,7,1
329,294,2024-06-12,1,21,5,145,3100.1,30,1
330,329,2024-06-12,1,4,2,158,12352.44,15,0
331,344,2024-06-12,3,1,1,145,11212.85,9,0
332,351,2024-06-12,3,7,1,155,8771.45,7,1
333,341,2024-06-13,1,10,2,145,9211.85,10,1
334,345,2024-06-13,1,14,4,152,9121.52,9,1
335,353,2024-06-13,2,7,1,147,8318.73,7,1
336,293,2024-06-14,1,18,5,150,7009.5,32,0
337,348,2024-06-14,3,22,2,144,2700.0,10,1
338,320,2024-06-17,2,27,6,142,11176.82,24,0
339,343,2024-06-17,2,1,1,168,12991.44,14,0
340,349,2024-06-17,2,13,1,144,10540.8,12,0
341,354,2024-06-17,2,22,2,146,2737.5,11,1
342,356,2024-06-17,2,29,6,146,2119.92,11,0
343,358,2024-06-17,1,15,4,145,6700.45,10,1
344,360,2024-06-17,3,11,4,156,8335.08,10,1
345,362,2024-06-17,1,13,1,161,11785.2,7,1
346,368,2024-06-18,3,29,6,146,2119.92,8,1
347,305,2024-06-19,2,23,5,162,12964.86,34,0
348,336,2024-06-19,2,3,3,180,6100.2,20,0
349,367,2024-06-19,3,9,4,149,1522.78,9,1
350,370,2024-06-20,2,31,1,148,3174.6,7,1
351,350,2024-06-21,3,2,3,145,8526.0,16,1
352,369,2024-06-21,2,30,6,145,4341.3,8,1
353,307,2024-06-24,1,17,5,146,10801.08,38,0
354,357,2024-06-24,3,10,2,152,9656.56,18,0
355,359,2024-06-24,2,5,3,160,899.2,17,1
356,366,2024-06-24,3,4,2,165,12899.7,14,0
357,371,2024-06-24,1,9,4,143,1461.46,10,1
358,312,2024-06-25,2,24,5,132,10709.16,35,0
359,364,2024-06-25,1,28,2,153,1546.83,15,0
360,376,2024-06-25,2,26,6,164,9123.32,8,1
361,326,2024-06-26,2,21,5,152,3249.76,30,1
362,381,2024-06-26,1,1,1,143,11058.19,7,1
363,382,2024-06-28,2,12,4,154,9025.94,9,1
364,385,2024-06-28,1,27,6,150,11806.5,8,1
365,386,2024-06-28,3,13,1,143,10467.6,7,1
366,331,2024-07-01,3,18,5,144,6729.12,34,0
367,352,2024-07-01,1,6,3,146,1611.84,25,0
368,361,2024-07-01,3,16,2,126,2808.54,24,0
369,377,2024-07-01,3,28,2,179,1809.69,14,0
370,387,2024-07-01,3,14,4,148,8881.48,10,1
371,388,2024-07-01,3,26,6,142,7899.46,10,1
372,390,2024-07-01,1,25,1,142,1860.2,7,1
373,332,2024-07-02,3,24,5,126,10222.38,35,0
374,374,2024-07-03,1,5,3,149,837.38,16,1
375,346,2024-07-04,1,24,5,130,10546.9,30,1
376,378,2024-07-04,1,2,3,152,8937.6,16,1
377,379,2024-07-04,1,3,3,154,5219.06,16,1
378,391,2024-07-04,2,16,2,138,3076.02,10,1
379,400,2024-07-04,2,7,1,147,8318.73,7,1
380,398,2024-07-05,3,12,4,164,9612.04,9,1
381,399,2024-07-05,1,30,6,157,4700.58,8,1
382,404,2024-07-05,3,32,6,126,1330.56,8,1
383,338,2024-07-08,3,20,5,149,8716.5,39,0
384,355,2024-07-08,2,24,5,124,10060.12,32,1
385,365,2024-07-08,2,8,3,156,7261.8,28,0
386,389,2024-07-08,1,19,1,144,1964.16,14,0
387,397,2024-07-08,3,30,6,150,4491.0,13,0
388,401,2024-07-08,2,11,4,141,7533.63,11,1
389,395,2024-07-09,2,15,4,174,8040.54,14,0
390,410,2024-07-09,3,27,6,153,12042.63,8,1
391,334,2024-07-10,3,23,5,143,11444.29,42,0
392,407,2024-07-10,3,25,1,153,2004.3,12,0
393,412,2024-07-10,2,27,6,141,11098.11,8,1
394,415,2024-07-10,2,25,1,143,1873.3,7,1
395,394,2024-07-11,2,2,3,156,9172.8,16,1
396,408,2024-07-11,1,28,2,151,1526.61,10,1
397,363,2024-07-12,1,20,5,156,9126.0,32,0
398,419,2024-07-12,3,7,1,143,8092.37,7,1
399,339,2024-07-15,3,21,5,144,3078.72,46,0
400,372,2024-07-15,3,17,5,153,11318.94,31,1
401,373,2024-07-15,3,18,5,152,7102.96,31,1
402,384,2024-07-15,1,11,4,157,8388.51,25,0
403,392,2024-07-15,3,3,3,144,4880.16,21,0
404,402,2024-07-15,3,5,3,143,803.66,18,1
405,403,2024-07-15,3,6,3,145,1600.8,18,1
406,414,2024-07-15,2,22,2,141,2643.75,12,1
407,416,2024-07-15,1,12,4,146,8557.06,11,1
408,417,2024-07-15,2,4,2,154,12039.72,10,1
409,429,2024-07-16,2,13,1,148,10833.6,7,1
410,375,2024-07-17,2,17,5,145,10727.1,30,1
411,426,2024-07-17,2,12,4,160,9377.6,9,1
412,428,2024-07-17,1,29,6,153,2221.56,8,1
413,430,2024-07-17,2,29,6,150,2178.0,8,1
414,380,2024-07-18,1,21,5,142,3035.96,30,1
415,421,2024-07-18,1,16,2,140,3120.6,10,1
416,440,2024-07-19,2,1,1,160,12372.8,7,1
417,406,2024-07-22,3,8,3,132,6144.6,24,0
418,425,2024-07-22,2,9,4,157,1604.54,14,0
419,432,2024-07-22,1,22,2,175,3281.25,12,1
420,433,2024-07-22,2,16,2,132,2942.28,12,1
421,438,2024-07-22,3,15,4,146,6746.66,11,1
422,441,2024-07-22,3,22,2,162,3037.5,10,1
423,444,2024-07-23,1,31,1,169,3625.05,7,1
424,445,2024-07-23,2,19,1,142,1936.88,7,1
425,383,2024-07-24,2,18,5,160,7476.8,35,0
426,413,2024-07-24,3,4,2,143,11179.74,22,0
427,424,2024-07-24,2,6,3,151,1667.04,16,1
428,448,2024-07-24,3,26,6,145,8066.35,8,1
429,449,2024-07-24,1,7,1,141,7979.19,7,1
430,420,2024-07-26,1,8,3,128,5958.4,18,0
431,446,2024-07-26,2,32,6,130,1372.8,10,0
432,447,2024-07-26,3,16,2,140,3120.6,10,1
433,453,2024-07-26,2,31,1,144,3088.8,9,0
434,457,2024-07-26,3,29,6,151,2192.52,8,1
435,463,2024-07-26,3,1,1,142,10980.86,7,1
436,396,2024-07-29,2,23,5,146,11684.38,34,0
437,405,2024-07-29,2,20,5,160,9360.0,31,1
438,437,2024-07-29,2,8,3,126,5865.3,18,1
439,439,2024-07-29,1,4,2,154,12039.72,17,0
440,442,2024-07-29,3,10,2,150,9529.5,14,0
441,455,2024-07-29,1,15,4,152,7023.92,11,1
442,459,2024-07-29,1,26,6,153,8511.39,10,1
443,393,2024-07-30,1,18,5,141,6588.93,35,0
444,409,2024-07-31,3,23,5,154,12324.62,30,1
445,452,2024-07-31,2,28,2,149,1506.39,14,0
446,460,2024-07-31,2,14,4,156,9361.56,12,0
447,464,2024-07-31,1,13,1,161,11785.2,9,0
448,465,2024-07-31,3,31,1,177,3796.65,9,0
449,411,2024-08-01,1,23,5,146,11684.38,30,1
450,450,2024-08-02,2,5,3,143,803.66,16,1
451,466,2024-08-02,1,10,2,153,9720.09,10,1
452,418,2024-08-05,2,17,5,143,10579.14,31,1
453,423,2024-08-05,2,3,3,143,4846.27,28,0
454,456,2024-08-05,3,2,3,148,8702.4,18,1
455,458,2024-08-05,1,2,3,151,8878.8,17,1
456,473,2024-08-05,1,12,4,155,9084.55,10,1
457,474,2024-08-05,1,32,6,136,1436.16,10,1
458,478,2024-08-05,3,19,1,156,2127.84,7,1
459,443,2024-08-06,1,14,4,148,8881.48,21,0
460,422,2024-08-07,1,24,5,124,10060.12,30,1
461,467,2024-08-07,2,16,2,128,2853.12,15,0
462,427,2024-08-08,1,20,5,153,8950.5,30,1
463,468,2024-08-09,1,5,3,144,809.28,16,1
464,431,2024-08-12,1,21,5,145,3100.1,33,0
465,462,2024-08-12,2,26,6,143,7955.09,24,0
466,469,2024-08-12,1,9,4,142,1451.24,18,0
467,470,2024-08-12,3,3,3,167,5659.63,18,1
468,471,2024-08-12,3,5,3,143,803.66,18,1
469,482,2024-08-12,1,19,1,147,2005.08,11,0
470,487,2024-08-12,1,29,6,148,2148.96,10,1
471,477,2024-08-13,2,10,2,154,9783.62,15,0
472,434,2024-08-14,2,18,5,142,6635.66,35,0
473,435,2024-08-14,3,17,5,144,10653.12,35,0
474,475,2024-08-14,2,2,3,161,9466.8,16,1
475,481,2024-08-14,3,28,2,155,1567.05,14,0
476,489,2024-08-14,2,9,4,155,1584.1,9,1
477,493,2024-08-14,1,27,6,143,11255.53,8,1
478,497,2024-08-15,2,7,1,155,8771.45,7,1
479,451,2024-08-16,2,21,5,156,3335.28,30,1
480,454,2024-08-16,3,20,5,143,8365.5,30,1
481,476,2024-08-16,2,8,3,152,7075.6,18,0
482,479,2024-08-16,3,8,3,134,6237.7,16,1
483,436,2024-08-19,1,17,5,151,11170.98,39,0
484,461,2024-08-19,2,24,5,124,10060.12,31,1
485,484,2024-08-19,1,3,3,150,5083.5,17,1
486,491,2024-08-19,3,14,4,164,9841.64,14,0
487,492,2024-08-19,3,25,1,147,1925.7,14,0
488,494,2024-08-19,2,4,2,145,11336.1,12,1
489,499,2024-08-19,3,9,4,167,1706.74,11,1
490,503,2024-08-20,3,27,6,145,11412.95,8,1
491,504,2024-08-20,1,7,1,142,8035.78,7,1
492,505,2024-08-20,2,19,1,146,1991.44,7,1
493,508,2024-08-20,3,13,1,141,10321.2,7,1
494,488,2024-08-21,2,3,3,185,6269.65,16,1
495,502,2024-08-21,2,15,4,159,7347.39,9,1
496,509,2024-08-21,3,32,6,128,1351.68,8,1
497,514,2024-08-22,2,27,6,143,11255.53,8,1
498,515,2024-08-22,2,30,6,153,4580.82,8,1
499,507,2024-08-23,3,4,2,150,11727.0,10,1
500,511,2024-08-23,1,15,4,159,7347.39,9,1
501,520,2024-08-23,2,25,1,176,2305.6,7,1
502,472,2024-08-26,3,18,5,158,7383.34,32,1
503,490,2024-08-26,3,12,4,143,8381.23,21,0
504,500,2024-08-26,3,11,4,148,7907.64,18,0
505,517,2024-08-26,1,12,4,150,8791.5,10,1
506,518,2024-08-26,1,16,2,122,2719.38,10,1
507,519,2024-08-26,2,11,4,154,8228.22,10,1
508,527,2024-08-26,3,7,1,149,8431.91,7,1
509,516,2024-08-27,3,31,1,144,3088.8,12,0
510,525,2024-08-27,1,30,6,147,4401.18,8,1
511,531,2024-08-27,2,1,1,159,12295.47,7,1
512,512,2024-08-28,2,16,2,136,3031.44,14,0
513,529,2024-08-28,3,15,4,143,6608.03,9,1
514,522,2024-08-29,1,4,2,152,11883.36,10,1
515,532,2024-08-29,2,12,4,144,8439.84,9,1
516,534,2024-08-29,1,29,6,151,2192.52,8,1
517,480,2024-08-30,3,21,5,155,3313.9,30,1
518,539,2024-08-30,1,25,1,160,2096.0,7,1
519,541,2024-08-30,3,1,1,141,10903.53,7,1
520,483,2024-09-02,2,23,5,149,11924.47,32,1
521,485,2024-09-02,1,17,5,161,11910.78,31,1
522,486,2024-09-02,1,24,5,134,10871.42,31,1
523,510,2024-09-02,1,6,3,150,1656.0,19,0
524,540,2024-09-02,2,14,4,160,9601.6,10,1
525,546,2024-09-02,2,31,1,147,3153.15,7,1
526,544,2024-09-03,1,32,6,126,1330.56,8,1
527,549,2024-09-03,1,31,1,171,3667.95,7,1
528,523,2024-09-04,1,8,3,136,6330.8,16,1
529,526,2024-09-04,2,5,3,150,843.0,16,1
530,535,2024-09-04,3,22,2,149,2793.75,14,0
531,536,2024-09-04,1,11,4,157,8388.51,13,0
532,551,2024-09-04,2,29,6,144,2090.88,8,1
533,553,2024-09-04,3,30,6,144,4311.36,8,1
534,554,2024-09-06,1,14,4,152,9121.52,9,1
535,557,2024-09-06,2,26,6,156,8678.28,8,1
536,495,2024-09-09,1,18,5,157,7336.61,32,1
537,496,2024-09-09,1,20,5,152,8892.0,32,1
538,498,2024-09-09,2,17,5,156,11540.88,32,1
539,501,2024-09-09,3,24,5,130,10546.9,32,1
540,533,2024-09-09,3,19,1,152,2073.28,20,0
541,538,2024-09-09,1,3,3,160,5422.4,17,1
542,556,2024-09-09,2,13,1,146,10687.2,11,0
543,558,2024-09-09,2,28,2,148,1496.28,11,1
544,528,2024-09-10,3,10,2,148,9402.44,22,0
545,542,2024-09-11,3,3,3,141,4778.49,19,0
546,548,2024-09-11,1,28,2,163,1647.93,15,0
547,566,2024-09-11,3,7,1,150,8488.5,7,1
548,567,2024-09-11,3,25,1,142,1860.2,7,1
549,506,2024-09-12,2,24,5,126,10222.38,30,1
550,552,2024-09-12,3,6,3,144,1589.76,16,1
551,560,2024-09-12,1,26,6,144,8010.72,10,0
552,568,2024-09-12,3,26,6,150,8344.5,8,1
553,513,2024-09-13,2,20,5,167,9769.5,30,1
554,562,2024-09-13,1,22,2,141,2643.75,10,1
555,571,2024-09-13,2,32,6,136,1436.16,8,1
556,574,2024-09-13,3,29,6,153,2221.56,8,1
557,576,2024-09-13,1,13,1,148,10833.6,7,1
558,564,2024-09-16,2,10,2,150,9529.5,12,1
559,569,2024-09-16,1,16,2,136,3031.44,11,1
560,561,2024-09-17,2,22,2,146,2737.5,15,0
561,524,2024-09-18,1,23,5,148,11844.44,30,1
562,555,2024-09-18,2,8,3,134,6237.7,20,0
563,572,2024-09-18,3,16,2,134,2986.86,13,0
564,573,2024-09-18,3,28,2,168,1698.48,13,0
565,579,2024-09-18,3,31,1,141,3024.45,9,0
566,578,2024-09-19,3,4,2,169,13212.42,10,1
567,530,2024-09-20,3,23,5,147,11764.41,32,0
568,565,2024-09-20,3,2,3,164,9643.2,16,1
569,521,2024-09-23,3,17,5,145,10727.1,38,0
570,537,2024-09-23,1,2,3,141,8290.8,31,0
571,543,2024-09-23,3,18,5,156,7289.88,31,1
572,575,2024-09-23,1,9,4,149,1522.78,17,0
573,581,2024-09-23,3,11,4,148,7907.64,13,0
574,584,2024-09-23,2,16,2,132,2942.28,12,1
575,586,2024-09-25,1,10,2,146,9275.38,13,0
576,596,2024-09-25,2,30,6,151,4520.94,8,1
577,598,2024-09-25,1,1,1,143,11058.19,7,1
578,600,2024-09-25,2,7,1,141,7979.19,7,1
579,601,2024-09-25,2,25,1,142,1860.2,7,1
580,550,2024-09-26,2,21,5,147,3142.86,30,1
581,585,2024-09-27,3,8,3,130,6051.5,16,1
582,602,2024-09-27,3,9,4,161,1645.42,9,1
583,606,2024-09-27,3,13,1,162,11858.4,7,1
584,547,2024-09-30,3,24,5,146,11844.98,35,0
585,577,2024-09-30,1,19,1,149,2032.36,21,0
586,591,2024-09-30,2,3,3,141,4778.49,17,1
587,595,2024-10-01,2,11,4,147,7854.21,14,0
588,582,2024-10-02,1,5,3,159,893.58,21,0
589,593,2024-10-02,2,6,3,144,1589.76,16,1
590,607,2024-10-02,3,14,4,147,8821.47,12,0
591,610,2024-10-02,1,27,6,156,12278.76,8,1
592,611,2024-10-02,3,32,6,138,1457.28,8,1
593,608,2024-10-03,2,4,2,161,12586.98,10,1
594,613,2024-10-03,1,31,1,168,3603.6,7,1
595,563,2024-10-04,1,21,5,149,3185.62,30,1
596,545,2024-10-07,2,18,5,149,6962.77,42,0
597,559,2024-10-07,1,24,5,144,11682.72,38,0
598,570,2024-10-07,1,18,5,148,6916.04,32,1
599,599,2024-10-07,2,5,3,157,882.34,19,0
600,603,2024-10-07,1,4,2,145,11336.1,18,0
601,604,2024-10-07,1,12,4,148,8674.28,17,0
602,605,2024-10-07,3,5,3,157,882.34,17,1
603,612,2024-10-07,1,28,2,148,1496.28,12,1
604,614,2024-10-07,3,12,4,143,8381.23,11,1
605,616,2024-10-07,2,15,4,157,7254.97,10,1
606,618,2024-10-07,1,25,1,142,1860.2,7,1
607,620,2024-10-09,2,19,1,145,1977.8,9,0
608,630,2024-10-09,2,13,1,163,11931.6,7,1
609,580,2024-10-10,2,20,5,149,8716.5,30,1
610,619,2024-10-10,1,30,6,142,4251.48,10,0
611,622,2024-10-10,2,32,6,144,1520.64,10,0
612,633,2024-10-10,3,29,6,155,2250.6,8,1
613,637,2024-10-10,3,25,1,150,1965.0,7,1
614,626,2024-10-11,2,16,2,122,2719.38,10,1
615,587,2024-10-14,1,23,5,150,12004.5,32,1
616,589,2024-10-14,2,24,5,134,10871.42,32,1
617,592,2024-10-14,1,6,3,150,1656.0,28,0
618,628,2024-10-14,3,10,2,144,9148.32,13,0
619,636,2024-10-14,3,15,4,168,7763.28,11,1
620,639,2024-10-14,2,1,1,141,10903.53,10,0
621,640,2024-10-14,2,14,4,148,8881.48,10,1
622,642,2024-10-14,3,22,2,150,2812.5,10,1
623,648,2024-10-14,3,19,1,143,1950.52,7,1
624,624,2024-10-15,1,15,4,151,6977.71,14,0
625,588,2024-10-16,2,23,5,143,11444.29,34,0
626,594,2024-10-16,3,21,5,141,3014.58,30,1
627,615,2024-10-16,1,7,1,150,8488.5,19,0
628,635,2024-10-16,2,22,2,142,2662.5,13,0
629,645,2024-10-16,2,9,4,157,1604.54,9,1
630,646,2024-10-16,2,12,4,158,9260.38,9,1
631,647,2024-10-16,3,7,1,154,8714.86,9,0
632,650,2024-10-16,2,26,6,146,8121.98,8,1
633,597,2024-10-17,3,23,5,142,11364.26,30,1
634,623,2024-10-17,1,8,3,136,6330.8,16,1
635,625,2024-10-17,2,2,3,156,9172.8,16,1
636,643,2024-10-17,1,16,2,136,3031.44,10,1
637,656,2024-10-17,3,26,6,144,8010.72,8,1
638,652,2024-10-18,1,14,4,150,9001.5,9,1
639,634,2024-10-21,2,8,3,128,5958.4,18,1
640,638,2024-10-21,1,2,3,169,9937.2,17,1
641,649,2024-10-21,1,32,6,130,1372.8,13,0
642,654,2024-10-21,2,10,2,152,9656.56,12,1
643,662,2024-10-21,1,29,6,142,2061.84,10,1
644,663,2024-10-21,2,28,2,146,1476.06,10,1
645,667,2024-10-21,2,25,1,143,1873.3,7,1
646,631,2024-10-22,2,29,6,146,2119.92,20,0
647,655,2024-10-22,2,27,6,144,11334.24,13,0
648,671,2024-10-22,3,1,1,150,11599.5,7,1
649,583,2024-10-23,1,20,5,143,8365.5,42,0
650,664,2024-10-23,3,16,2,132,2942.28,12,0
651,651,2024-10-24,3,2,3,141,8290.8,16,1
652,670,2024-10-24,3,27,6,148,11649.08,10,0
653,673,2024-10-24,1,13,1,141,10321.2,7,1
654,674,2024-10-24,1,19,1,146,1991.44,7,1
655,609,2024-10-25,2,17,5,152,11244.96,32,0
656,675,2024-10-25,1,26,6,142,7899.46,8,1
657,680,2024-10-25,3,30,6,155,4640.7,8,1
658,590,2024-10-28,3,20,5,149,8716.5,46,0
659,641,2024-10-28,3,6,3,150,1656.0,24,0
660,660,2024-10-28,3,8,3,134,6237.7,18,1
661,676,2024-10-28,2,4,2,153,11961.54,11,1
662,683,2024-10-28,3,10,2,147,9338.91,10,1
663,668,2024-10-29,3,4,2,145,11336.1,15,0
664,688,2024-10-29,3,32,6,124,1309.44,8,1
665,621,2024-10-30,2,21,5,149,3185.62,30,1
666,657,2024-10-30,1,5,3,150,843.0,20,0
667,659,2024-10-30,3,3,3,155,5252.95,20,0
668,665,2024-10-30,1,3,3,148,5015.72,16,1
669,666,2024-10-30,2,5,3,154,865.48,16,1
670,669,2024-10-30,3,5,3,142,798.04,16,1
671,684,2024-10-30,3,11,4,145,7747.35,12,0
672,689,2024-10-30,2,30,6,141,4221.54,8,1
673,627,2024-10-31,2,23,5,144,11524.32,30,1
674,632,2024-11-01,3,24,5,136,11033.68,30,1
675,692,2024-11-01,2,31,1,160,3432.0,9,0
676,681,2024-11-04,1,6,3,167,1843.68,17,1
677,682,2024-11-04,1,27,6,158,12436.18,17,0
678,690,2024-11-04,1,28,2,159,1607.49,12,1
679,694,2024-11-04,3,14,4,147,8821.47,11,1
680,696,2024-11-04,1,10,2,148,9402.44,10,1
681,698,2024-11-04,1,16,2,146,3254.34,10,1
682,701,2024-11-04,3,12,4,147,8615.67,10,1
683,702,2024-11-04,1,7,1,149,8431.91,7,1
684,707,2024-11-05,2,32,6,130,1372.8,8,1
685,697,2024-11-06,1,12,4,197,11546.17,12,0
686,704,2024-11-06,2,12,4,151,8850.11,9,1
687,705,2024-11-06,2,15,4,156,7208.76,9,1
688,715,2024-11-06,3,13,1,154,11272.8,7,1
689,708,2024-11-07,1,1,1,157,12140.81,9,0
690,716,2024-11-07,3,29,6,145,2105.4,8,1
691,653,2024-11-08,1,24,5,150,12169.5,30,1
692,691,2024-11-08,2,3,3,157,5320.73,16,1
693,714,2024-11-08,2,7,1,142,8035.78,9,0
694,617,2024-11-11,3,17,5,155,11466.9,45,0
695,644,2024-11-11,1,20,5,143,8365.5,35,0
696,672,2024-11-11,1,11,4,151,8067.93,25,0
697,700,2024-11-11,2,6,3,144,1589.76,17,1
698,710,2024-11-11,1,31,1,146,3131.7,13,0
699,720,2024-11-11,1,22,2,144,2700.0,10,1
700,721,2024-11-11,2,22,2,149,2793.75,10,1
701,629,2024-11-12,3,18,5,149,6962.77,42,0
702,717,2024-11-13,1,29,6,150,2178.0,13,0
703,724,2024-11-13,3,22,2,159,2981.25,12,0
704,733,2024-11-13,1,25,1,146,1912.6,7,1
705,732,2024-11-14,3,9,4,182,1860.04,9,1
706,737,2024-11-14,2,19,1,141,1923.24,7,1
707,730,2024-11-15,2,10,2,151,9593.03,10,1
708,731,2024-11-15,2,16,2,122,2719.38,10,1
709,741,2024-11-15,3,25,1,144,1886.4,7,1
710,677,2024-11-18,2,17,5,150,11097.0,32,1
711,678,2024-11-18,2,18,5,144,6729.12,32,1
712,679,2024-11-18,2,24,5,124,10060.12,32,1
713,686,2024-11-18,3,20,5,144,8424.0,31,1
714,719,2024-11-18,1,8,3,146,6796.3,17,1
715,722,2024-11-18,3,3,3,147,4981.83,17,1
716,725,2024-11-18,1,9,4,145,1481.9,13,0
717,727,2024-11-18,1,32,6,126,1330.56,13,0
718,736,2024-11-18,2,11,4,141,7533.63,11,1
719,739,2024-11-18,3,4,2,154,12039.72,11,1
720,687,2024-11-20,3,23,5,152,12164.56,30,1
721,723,2024-11-20,3,6,3,160,1766.4,19,0
722,735,2024-11-20,3,16,2,130,2897.7,14,0
723,743,2024-11-20,2,9,4,161,1645.42,9,1
724,748,2024-11-20,3,19,1,151,2059.64,9,0
725,753,2024-11-20,3,32,6,126,1330.56,8,1
726,728,2024-11-21,2,5,3,152,854.24,16,1
727,729,2024-11-21,2,8,3,136,6330.8,16,1
728,745,2024-11-21,2,26,6,146,8121.98,10,0
729,751,2024-11-21,3,1,1,149,11522.17,9,0
730,757,2024-11-21,3,30,6,175,5239.5,8,1
731,761,2024-11-21,2,13,1,148,10833.6,7,1
732,749,2024-11-22,1,16,2,122,2719.38,10,1
733,755,2024-11-22,1,19,1,154,2100.56,9,0
734,760,2024-11-22,1,26,6,144,8010.72,8,1
735,765,2024-11-22,2,7,1,148,8375.32,7,1
736,658,2024-11-25,2,20,5,160,9360.0,46,0
737,661,2024-11-25,1,17,5,155,11466.9,45,0
738,685,2024-11-25,3,17,5,148,10949.04,38,0
739,695,2024-11-25,3,21,5,141,3014.58,32,1
740,750,2024-11-25,1,30,6,146,4371.24,13,0
741,754,2024-11-25,1,13,1,145,10614.0,12,0
742,759,2024-11-25,1,15,4,153,7070.13,11,1
743,763,2024-11-25,1,14,4,189,11341.89,10,1
744,738,2024-11-26,2,25,1,176,2305.6,19,0
745,773,2024-11-26,1,27,6,162,12751.02,8,1
746,775,2024-11-26,2,32,6,132,1393.92,8,1
747,777,2024-11-26,3,29,6,154,2236.08,8,1
748,703,2024-11-27,1,21,5,149,3185.62,30,1
749,713,2024-11-27,1,5,3,143,803.66,28,0
750,746,2024-11-27,3,2,3,143,8408.4,16,1
751,762,2024-11-27,2,29,6,143,2076.36,13,0
752,771,2024-11-27,1,11,4,141,7533.63,9,1
753,709,2024-11-28,1,18,5,147,6869.31,30,1
754,774,2024-11-28,2,28,2,158,1597.38,10,1
755,776,2024-11-28,3,10,2,155,9847.15,10,1
756,780,2024-11-28,3,9,4,152,1553.44,9,1
757,789,2024-11-28,3,13,1,148,10833.6,7,1
758,706,2024-11-29,2,23,5,141,11284.23,32,0
759,747,2024-11-29,3,8,3,130,6051.5,18,0
760,782,2024-11-29,2,14,4,172,10321.72,9,1
761,693,2024-12-02,1,23,5,146,11684.38,39,0
762,699,2024-12-02,1,24,5,142,11520.46,38,0
763,711,2024-12-02,2,21,5,156,3335.28,34,0
764,712,2024-12-02,3,18,5,141,6588.93,34,0
765,740,2024-12-02,3,28,2,142,1435.62,25,0
766,758,2024-12-02,1,3,3,146,4947.94,18,1
767,772,2024-12-02,1,12,4,144,8439.84,14,0
768,786,2024-12-02,1,28,2,147,1486.17,11,1
769,752,2024-12-03,3,15,4,151,6977.71,21,0
770,756,2024-12-04,2,6,3,163,1799.52,21,0
771,768,2024-12-04,3,31,1,158,3389.1,19,0
772,769,2024-12-04,1,2,3,145,8526.0,16,1
773,770,2024-12-04,1,6,3,141,1556.64,16,1
774,781,2024-12-04,1,4,2,149,11648.82,14,0
775,726,2024-12-05,1,20,5,146,8541.0,30,1
776,778,2024-12-05,2,3,3,143,4846.27,16,1
777,734,2024-12-06,2,17,5,158,11688.84,30,1
778,803,2024-12-06,1,7,1,165,9337.35,7,1
779,742,2024-12-09,2,2,3,143,8408.4,28,0
780,767,2024-12-09,3,27,6,156,12278.76,24,0
781,788,2024-12-09,3,5,3,141,792.42,18,1
782,794,2024-12-09,1,29,6,150,2178.0,13,0
783,797,2024-12-09,2,10,2,144,9148.32,12,1
784,798,2024-12-09,3,16,2,126,2808.54,12,1
785,799,2024-12-09,1,10,2,177,11244.81,11,1
786,802,2024-12-09,2,4,2,144,11257.92,11,1
787,795,2024-12-10,2,15,4,142,6561.82,14,0
788,808,2024-12-11,2,12,4,149,8732.89,9,1
789,809,2024-12-11,3,11,4,150,8014.5,9,1
790,810,2024-12-11,3,12,4,144,8439.84,9,1
791,812,2024-12-11,1,32,6,134,1415.04,8,1
792,815,2024-12-11,1,1,1,164,12682.12,7,1
793,816,2024-12-11,2,1,1,169,13068.77,7,1
794,796,2024-12-13,1,8,3,128,5958.4,16,1
795,811,2024-12-13,1,22,2,146,2737.5,10,1
796,813,2024-12-13,2,27,6,148,11649.08,10,0
797,826,2024-12-13,3,7,1,144,8148.96,7,1
798,718,2024-12-16,3,24,5,130,10546.9,46,0
799,744,2024-12-16,2,20,5,147,8599.5,35,0
800,766,2024-12-16,2,24,5,132,10709.16,31,1
801,817,2024-12-16,3,22,2,142,2662.5,12,1
802,818,2024-12-16,1,16,2,122,2719.38,11,1
803,820,2024-12-16,3,28,2,141,1425.51,11,1
804,822,2024-12-16,1,15,4,157,7254.97,10,1
805,823,2024-12-16,2,16,2,126,2808.54,10,1
806,825,2024-12-16,2,29,6,148,2148.96,10,1
807,827,2024-12-16,3,10,2,142,9021.26,10,1
808,828,2024-12-16,3,26,6,151,8400.13,10,1
809,830,2024-12-17,1,26,6,143,7955.09,8,1
810,833,2024-12-17,2,19,1,153,2086.92,7,1
811,807,2024-12-18,2,5,3,143,803.66,16,1
812,779,2024-12-19,2,18,5,165,7710.45,30,1
813,838,2024-12-19,3,19,1,151,2059.64,7,1
814,785,2024-12-20,3,24,5,124,10060.12,30,1
815,837,2024-12-20,1,27,6,142,11176.82,8,1
816,840,2024-12-20,1,13,1,182,13322.4,7,1
817,841,2024-12-20,1,25,1,145,1899.5,7,1
818,764,2024-12-23,1,24,5,142,11520.46,38,0
819,783,2024-12-23,2,23,5,143,11444.29,33,0
820,784,2024-12-23,3,21,5,155,3313.9,33,0
821,787,2024-12-23,2,21,5,170,3634.6,32,1
822,791,2024-12-23,3,17,5,152,11244.96,31,1
823,792,2024-12-23,3,23,5,152,12164.56,31,1
824,804,2024-12-23,2,30,6,146,4371.24,24,0
825,835,2024-12-23,2,22,2,144,2700.0,12,1
826,843,2024-12-23,2,9,4,149,1522.78,10,1
827,845,2024-12-23,3,32,6,126,1330.56,10,1
828,849,2024-12-23,3,25,1,142,1860.2,7,1
829,814,2024-12-24,3,6,3,154,1700.16,21,0
830,850,2024-12-24,3,1,1,155,11986.15,7,1
831,821,2024-12-25,1,5,3,156,876.72,19,0
832,832,2024-12-25,3,8,3,134,6237.7,16,1
833,852,2024-12-25,1,19,1,144,1964.16,7,1
834,834,2024-12-26,3,3,3,148,5015.72,16,1
835,857,2024-12-26,1,31,1,144,3088.8,7,1
836,856,2024-12-27,3,14,4,145,8701.45,9,1
837,859,2024-12-27,3,29,6,153,2221.56,8,1
838,861,2024-12-27,3,13,1,151,11053.2,7,1
839,790,2024-12-30,3,20,5,153,8950.5,39,0
840,793,2024-12-30,1,21,5,143,3057.34,34,0
841,800,2024-12-30,1,17,5,157,11614.86,32,1
842,801,2024-12-30,1,23,5,149,11924.47,32,1
843,839,2024-12-30,1,2,3,146,8584.8,17,1
844,842,2024-12-30,2,2,3,141,8290.8,17,1
845,844,2024-12-30,2,11,4,154,8228.22,17,0
846,853,2024-12-30,1,30,6,148,4431.12,12,0
847,863,2024-12-30,1,7,1,143,8092.37,7,1
848,864,2024-12-31,1,32,6,124,1309.44,8,1
849,805,2025-01-01,3,18,5,147,6869.31,33,0
850,847,2025-01-01,2,8,3,138,6423.9,16,1
851,866,2025-01-01,2,32,6,142,1499.52,8,1
852,870,2025-01-01,2,7,1,151,8545.09,7,1
853,871,2025-01-01,2,31,1,145,3110.25,7,1
854,862,2025-01-02,1,4,2,158,12352.44,10,1
855,806,2025-01-03,1,18,5,141,6588.93,32,0
856,846,2025-01-03,2,6,3,151,1667.04,18,0
857,867,2025-01-03,1,9,4,167,1706.74,9,1
858,874,2025-01-03,2,26,6,146,8121.98,8,1
859,878,2025-01-03,3,27,6,157,12357.47,8,1
860,819,2025-01-06,2,17,5,152,11244.96,32,1
861,824,2025-01-06,2,24,5,134,10871.42,31,1
862,868,2025-01-06,1,12,4,154,9025.94,12,0
863,872,2025-01-06,1,22,2,155,2906.25,11,1
864,876,2025-01-06,3,4,2,147,11492.46,11,1
865,880,2025-01-07,1,29,6,148,2148.96,8,1
866,884,2025-01-07,2,13,1,144,10540.8,7,1
867,829,2025-01-08,1,20,5,147,8599.5,30,1
868,831,2025-01-08,2,20,5,154,9009.0,30,1
869,854,2025-01-08,2,3,3,152,5151.28,21,0
870,858,2025-01-08,3,5,3,143,803.66,20,0
871,875,2025-01-08,2,28,2,152,1536.72,13,0
872,888,2025-01-08,3,30,6,152,4550.88,8,1
873,883,2025-01-09,2,12,4,141,8264.01,9,1
874,885,2025-01-09,2,14,4,152,9121.52,9,1
875,887,2025-01-10,3,16,2,138,3076.02,10,1
876,836,2025-01-13,1,3,3,149,5049.61,32,0
877,891,2025-01-13,1,14,4,149,8941.49,11,1
878,894,2025-01-13,2,25,1,155,2030.5,10,0
879,895,2025-01-15,3,9,4,147,1502.34,12,0
880,851,2025-01-16,3,20,5,147,8599.5,30,1
881,886,2025-01-16,3,2,3,143,8408.4,16,1
882,889,2025-01-17,1,6,3,144,1589.76,16,1
883,899,2025-01-17,1,11,4,152,8121.36,9,1
884,903,2025-01-17,1,1,1,149,11522.17,7,1
885,855,2025-01-20,2,23,5,158,12644.74,33,0
886,860,2025-01-20,2,21,5,150,3207.0,31,1
887,879,2025-01-20,2,15,4,153,7070.13,24,0
888,890,2025-01-20,2,4,2,150,11727.0,19,0
889,892,2025-01-20,3,6,3,142,1567.68,18,1
890,900,2025-01-20,1,26,6,142,7899.46,11,0
891,901,2025-01-20,2,16,2,124,2763.96,11,1
892,906,2025-01-20,3,15,4,160,7393.6,10,1
893,916,2025-01-21,3,19,1,156,2127.84,7,1
894,918,2025-01-21,3,31,1,147,3153.15,7,1
895,865,2025-01-22,2,18,5,156,7289.88,30,1
896,911,2025-01-23,1,15,4,141,6515.61,9,1
897,915,2025-01-23,3,14,4,179,10741.79,9,1
898,920,2025-01-23,2,29,6,164,2381.28,8,1
899,869,2025-01-24,1,17,5,141,10431.18,30,1
900,913,2025-01-24,2,10,2,144,9148.32,10,1
901,914,2025-01-24,3,10,2,151,9593.03,10,1
902,917,2025-01-24,3,22,2,152,2850.0,10,1
903,848,2025-01-27,3,17,5,168,12428.64,42,0
904,873,2025-01-27,1,23,5,142,11364.26,32,1
905,877,2025-01-27,3,24,5,128,10384.64,32,1
906,898,2025-01-27,1,8,3,138,6423.9,19,0
907,910,2025-01-27,3,11,4,141,7533.63,14,0
908,921,2025-01-27,3,12,4,154,9025.94,11,1
909,923,2025-01-27,1,9,4,161,1645.42,10,1
910,925,2025-01-27,1,28,2,156,1577.16,10,1
911,907,2025-01-28,1,10,2,151,9593.03,15,0
912,909,2025-01-28,2,22,2,141,2643.75,15,0
913,929,2025-01-28,3,32,6,134,1415.04,8,1
914,930,2025-01-28,1,25,1,152,1991.2,7,1
915,881,2025-01-29,3,21,5,149,3185.62,30,1
916,904,2025-01-29,1,5,3,143,803.66,19,0
917,905,2025-01-29,1,13,1,141,10321.2,19,0
918,931,2025-01-29,1,27,6,143,11255.53,8,1
919,912,2025-01-30,2,3,3,172,5829.08,16,1
920,932,2025-01-30,2,13,1,155,11346.0,9,0
921,934,2025-01-30,1,32,6,122,1288.32,8,1
922,938,2025-01-31,3,27,6,144,11334.24,8,1
923,939,2025-01-31,2,25,1,142,1860.2,7,1
924,941,2025-01-31,3,13,1,149,10906.8,7,1
925,893,2025-02-03,2,24,5,132,10709.16,31,1
926,896,2025-02-03,3,18,5,142,6635.66,31,1
927,924,2025-02-03,1,16,2,136,3031.44,17,0
928,940,2025-02-03,2,28,2,177,1789.47,10,1
929,942,2025-02-03,1,31,1,151,3238.95,7,1
930,947,2025-02-04,3,7,1,152,8601.68,7,1
931,948,2025-02-04,3,25,1,163,2135.3,7,1
932,897,2025-02-05,1,21,5,144,3078.72,30,1
933,950,2025-02-05,2,19,1,147,2005.08,7,1
934,951,2025-02-05,2,31,1,164,3517.8,7,1
935,946,2025-02-06,2,9,4,159,1624.98,9,1
936,943,2025-02-07,2,12,4,157,9201.77,11,0
937,927,2025-02-10,3,26,6,146,8121.98,24,0
938,928,2025-02-10,2,5,3,143,803.66,21,0
939,935,2025-02-10,2,6,3,149,1644.96,18,1
940,953,2025-02-10,1,14,4,144,8641.44,11,1
941,956,2025-02-10,1,29,6,156,2265.12,10,1
942,958,2025-02-10,2,15,4,163,7532.23,10,1
943,959,2025-02-10,2,26,6,144,8010.72,10,1
944,882,2025-02-11,1,24,5,126,10222.38,42,0
945,964,2025-02-11,2,30,6,153,4580.82,8,1
946,908,2025-02-12,1,20,5,158,9243.0,30,1
947,937,2025-02-12,3,3,3,150,5083.5,20,0
948,944,2025-02-12,3,8,3,134,6237.7,16,1
949,960,2025-02-12,3,16,2,160,3566.4,12,0
950,969,2025-02-12,2,27,6,152,11963.92,8,1
951,971,2025-02-12,1,1,1,167,12914.11,7,1
952,963,2025-02-13,2,10,2,142,9021.26,10,1
953,970,2025-02-13,3,9,4,141,1441.02,9,1
954,973,2025-02-13,1,26,6,155,8622.65,8,1
955,975,2025-02-13,1,7,1,160,9054.4,7,1
956,977,2025-02-13,1,13,1,142,10394.4,7,1
957,919,2025-02-14,2,20,5,142,8307.0,30,1
958,949,2025-02-14,1,6,3,172,1898.88,16,1
959,972,2025-02-14,1,19,1,144,1964.16,9,0
960,902,2025-02-17,3,23,5,149,11924.47,39,0
961,922,2025-02-17,3,17,5,145,10727.1,32,1
962,926,2025-02-17,2,23,5,160,12804.8,31,1
963,952,2025-02-17,1,3,3,156,5286.84,18,1
964,957,2025-02-17,2,11,4,159,8495.37,17,0
965,961,2025-02-17,3,28,2,141,1425.51,17,0
966,962,2025-02-17,1,22,2,146,2737.5,14,0
967,974,2025-02-17,2,32,6,140,1478.4,12,0
968,979,2025-02-17,3,1,1,148,11444.84,11,0
969,965,2025-02-18,3,4,2,157,12274.26,15,0
970,954,2025-02-19,2,2,3,152,8937.6,20,0
971,976,2025-02-19,1,12,4,152,8908.72,13,0
972,983,2025-02-19,3,11,4,151,8067.93,12,0
973,966,2025-02-20,2,8,3,128,5958.4,16,1
974,987,2025-02-20,1,9,4,143,1461.46,9,1
975,933,2025-02-21,1,18,5,142,6635.66,30,1
976,936,2025-02-24,2,17,5,159,11762.82,32,1
977,980,2025-02-24,1,8,3,138,6423.9,17,1
978,990,2025-02-24,2,16,2,140,3120.6,12,1
979,995,2025-02-24,3,10,2,175,11117.75,10,1
980,996,2025-02-24,3,15,4,152,7023.92,10,1
981,997,2025-02-24,3,22,2,141,2643.75,10,1
982,998,2025-02-24,3,30,6,154,4610.76,10,1
983,999,2025-02-24,2,13,1,152,11126.4,7,1
984,1001,2025-02-25,3,32,6,130,1372.8,8,1
985,985,2025-02-26,3,2,3,173,10172.4,16,1
986,1002,2025-02-26,1,27,6,146,11491.66,8,1
987,1010,2025-02-27,2,19,1,150,2046.0,7,1
988,1012,2025-02-27,3,25,1,149,1951.9,7,1
989,1003,2025-02-28,2,4,2,142,11101.56,10,1
990,945,2025-03-03,3,20,5,153,8950.5,35,0
991,955,2025-03-03,3,24,5,128,10384.64,32,1
992,982,2025-03-03,3,5,3,143,803.66,24,0
993,991,2025-03-03,2,22,2,146,2737.5,19,0
994,992,2025-03-03,1,11,4,144,7693.92,18,0
995,993,2025-03-03,1,16,2,132,2942.28,17,0
996,1006,2025-03-03,1,4,2,162,12665.16,12,1
997,1008,2025-03-03,1,25,1,146,1912.6,11,0
998,1013,2025-03-03,1,19,1,149,2032.36,10,0
999,1014,2025-03-03,2,1,1,157,12140.81,10,0
1000,1000,2025-03-05,3,8,3,130,6051.5,16,1
1001,967,2025-03-06,2,18,5,157,7336.61,30,1
1002,1004,2025-03-06,2,5,3,156,876.72,16,1
1003,1017,2025-03-06,1,28,2,145,1465.95,10,1
1004,1018,2025-03-06,3,26,6,141,7843.83,10,0
1005,1020,2025-03-06,1,31,1,170,3646.5,9,0
1006,1021,2025-03-06,2,11,4,150,8014.5,9,1
1007,1027,2025-03-06,3,13,1,150,10980.0,7,1
1008,978,2025-03-10,1,24,5,142,11520.46,32,1
1009,1005,2025-03-10,2,7,1,159,8997.81,20,0
1010,1009,2025-03-10,2,3,3,157,5320.73,18,1
1011,1030,2025-03-10,1,13,1,144,10540.8,7,1
1012,1032,2025-03-10,2,25,1,156,2043.6,7,1
1013,968,2025-03-11,2,21,5,154,3292.52,35,0
1014,984,2025-03-12,1,17,5,161,11910.78,30,1
1015,986,2025-03-12,3,23,5,144,11524.32,30,1
1016,1023,2025-03-12,1,14,4,142,8521.42,13,0
1017,1026,2025-03-12,2,26,6,162,9012.06,13,0
1018,1029,2025-03-12,2,29,6,157,2279.64,12,0
1019,1034,2025-03-13,2,14,4,144,8641.44,9,1
1020,1036,2025-03-13,1,26,6,150,8344.5,8,1
1021,988,2025-03-14,1,20,5,143,8365.5,30,1
1022,1042,2025-03-14,3,29,6,146,2119.92,8,1
1023,981,2025-03-17,2,24,5,122,9897.86,38,0
1024,994,2025-03-17,2,20,5,141,8248.5,31,1
1025,1016,2025-03-17,1,2,3,144,8467.2,21,0
1026,1031,2025-03-17,2,12,4,145,8498.45,14,0
1027,1037,2025-03-17,2,9,4,149,1522.78,12,0
1028,1039,2025-03-17,3,9,4,151,1543.22,11,1
1029,1041,2025-03-17,3,28,2,149,1506.39,11,1
1030,1043,2025-03-17,2,4,2,141,11023.38,10,1
1031,1044,2025-03-17,2,32,6,122,1288.32,10,1
1032,1045,2025-03-17,3,30,6,145,4341.3,10,1
1033,1049,2025-03-18,2,30,6,188,5628.72,8,1
1034,1019,2025-03-19,1,10,2,151,9593.03,22,0
1035,1024,2025-03-19,1,30,6,154,4610.76,20,0
1036,1025,2025-03-19,2,2,3,142,8349.6,20,0
1037,1028,2025-03-19,1,5,3,150,843.0,19,0
1038,1033,2025-03-19,3,3,3,155,5252.95,16,1
1039,1040,2025-03-19,3,14,4,147,8821.47,13,0
1040,1046,2025-03-19,1,9,4,150,1533.0,9,1
1041,1048,2025-03-19,2,15,4,142,6561.82,9,1
1042,1052,2025-03-20,1,15,4,143,6608.03,9,1
1043,1055,2025-03-20,1,32,6,142,1499.52,8,1
1044,1057,2025-03-20,3,31,1,172,3689.4,7,1
1045,1007,2025-03-21,1,23,5,142,11364.26,30,1
1046,1035,2025-03-21,1,3,3,141,4778.49,16,1
1047,1054,2025-03-21,3,10,2,144,9148.32,10,1
1048,1058,2025-03-21,3,32,6,130,1372.8,8,1
1049,1065,2025-03-21,3,25,1,145,1899.5,7,1
1050,1011,2025-03-24,3,18,5,145,6775.85,32,1
1051,1015,2025-03-24,3,17,5,141,10431.18,31,1
1052,1061,2025-03-24,1,29,6,141,2047.32,10,1
1053,1069,2025-03-24,2,31,1,155,3324.75,7,1
1054,1056,2025-03-25,3,27,6,158,12436.18,13,0
1055,989,2025-03-26,1,21,5,152,3249.76,42,0
1056,1050,2025-03-26,3,6,3,161,1777.44,16,1
1057,1070,2025-03-26,1,27,6,176,13852.96,8,1
1058,1068,2025-03-27,2,27,6,143,11255.53,10,0
1059,1072,2025-03-27,3,12,4,153,8967.33,9,1
1060,1022,2025-03-31,3,21,5,155,3313.9,34,0
1061,1059,2025-03-31,1,6,3,141,1556.64,17,1
1062,1062,2025-03-31,2,8,3,122,5679.1,17,1
1063,1064,2025-03-31,3,2,3,144,8467.2,17,1
1064,1067,2025-03-31,2,22,2,142,2662.5,14,0
1065,1077,2025-03-31,1,1,1,152,11754.16,11,0
1066,1078,2025-03-31,1,12,4,141,8264.01,11,1
1067,1080,2025-03-31,3,11,4,156,8335.08,11,1
1068,1081,2025-03-31,3,16,2,132,2942.28,11,1
1069,1085,2025-03-31,1,16,2,124,2763.96,10,1
1070,1086,2025-03-31,1,19,1,156,2127.84,10,0
1071,1091,2025-04-01,2,13,1,147,10760.4,7,1
1072,1093,2025-04-01,3,7,1,142,8035.78,7,1
1073,1066,2025-04-02,2,5,3,142,798.04,16,1
1074,1073,2025-04-02,1,22,2,142,2662.5,14,0
1075,1087,2025-04-02,1,26,6,155,8622.65,12,0
1076,1089,2025-04-02,2,10,2,145,9211.85,12,0
1077,1071,2025-04-03,3,8,3,142,6610.1,16,1
1078,1095,2025-04-03,2,19,1,159,2168.76,7,1
1079,1038,2025-04-04,3,24,5,138,11195.94,30,1
1080,1096,2025-04-04,2,1,1,142,10980.86,7,1
1081,1076,2025-04-07,3,19,1,146,1991.44,19,0
1082,1088,2025-04-07,2,3,3,156,5286.84,17,1
1083,1092,2025-04-07,2,28,2,153,1546.83,13,0
1084,1047,2025-04-09,1,24,5,138,11195.94,30,1
1085,1106,2025-04-09,1,13,1,142,10394.4,7,1
1086,1053,2025-04-10,2,17,5,147,10875.06,30,1
1087,1101,2025-04-10,3,4,2,149,11648.82,10,1
1088,1051,2025-04-11,3,20,5,144,8424.0,32,0
1089,1094,2025-04-11,1,3,3,141,4778.49,16,1
1090,1105,2025-04-11,1,11,4,144,7693.92,9,1
1091,1060,2025-04-14,1,17,5,147,10875.06,31,1
1092,1075,2025-04-14,2,16,2,130,2897.7,26,0
1093,1079,2025-04-14,2,2,3,147,8643.6,25,0
1094,1083,2025-04-14,3,22,2,147,2756.25,25,0
1095,1097,2025-04-14,2,6,3,143,1578.72,17,1
1096,1102,2025-04-14,1,7,1,141,7979.19,13,0
1097,1104,2025-04-14,1,4,2,152,11883.36,12,1
1098,1109,2025-04-14,3,31,1,148,3174.6,11,0
1099,1110,2025-04-14,1,14,4,149,8941.49,10,1
1100,1111,2025-04-14,2,22,2,157,2943.75,10,1
1101,1117,2025-04-14,3,1,1,145,11212.85,7,1
1102,1115,2025-04-15,2,26,6,144,8010.72,8,1
1103,1116,2025-04-15,2,30,6,147,4401.18,8,1
1104,1119,2025-04-15,1,1,1,144,11135.52,7,1
1105,1112,2025-04-16,3,9,4,150,1533.0,12,0
1106,1124,2025-04-17,1,29,6,150,2178.0,8,1
1107,1128,2025-04-17,1,31,1,141,3024.45,7,1
1108,1074,2025-04-18,1,23,5,150,12004.5,30,1
1109,1107,2025-04-18,3,2,3,142,8349.6,16,1
1110,1126,2025-04-18,3,25,1,144,1886.4,9,0
1111,1129,2025-04-18,2,29,6,143,2076.36,8,1
1112,1133,2025-04-18,2,7,1,146,8262.14,7,1
1113,1137,2025-04-18,3,13,1,159,11638.8,7,1
1114,1082,2025-04-21,3,17,5,149,11023.02,32,1
1115,1084,2025-04-21,3,23,5,146,11684.38,32,1
1116,1090,2025-04-21,2,24,5,140,11358.2,31,1
1117,1127,2025-04-21,1,22,2,142,2662.5,11,1
1118,1130,2025-04-21,3,15,4,150,6931.5,11,1
1119,1140,2025-04-21,1,25,1,173,2266.3,7,1
1120,1122,2025-04-23,1,15,4,151,6977.71,14,0
1121,1134,2025-04-23,2,13,1,169,12370.8,12,0
1122,1138,2025-04-23,1,9,4,154,1573.88,9,1
1123,1142,2025-04-24,3,28,2,151,1526.61,10,1
1124,1147,2025-04-24,2,25,1,145,1899.5,7,1
1125,1121,2025-04-25,1,5,3,148,831.76,16,1
1126,1125,2025-04-25,3,5,3,168,944.16,16,1
1127,1144,2025-04-25,2,12,4,144,8439.84,9,1
1128,1152,2025-04-25,3,7,1,157,8884.63,7,1
1129,1063,2025-04-28,2,20,5,150,8775.0,45,0
1130,1120,2025-04-28,3,6,3,141,1556.64,20,0
1131,1132,2025-04-28,1,2,3,142,8349.6,17,1
1132,1150,2025-04-28,1,30,6,153,4580.82,10,1
1133,1141,2025-04-29,2,4,2,145,11336.1,15,0
1134,1153,2025-04-29,1,26,6,153,8511.39,8,1
1135,1148,2025-04-30,2,27,6,142,11176.82,13,0
1136,1151,2025-04-30,2,11,4,147,7854.21,12,0
1137,1159,2025-04-30,3,30,6,144,4311.36,8,1
1138,1161,2025-04-30,2,19,1,152,2073.28,7,1
1139,1103,2025-05-01,2,23,5,173,13845.19,30,1
1140,1156,2025-05-01,1,12,4,142,8322.62,9,1
1141,1143,2025-05-02,2,2,3,146,8584.8,16,1
1142,1162,2025-05-02,3,14,4,167,10021.67,9,1
1143,1169,2025-05-02,2,31,1,144,3088.8,7,1
1144,1098,2025-05-05,3,24,5,130,10546.9,38,0
1145,1099,2025-05-05,1,24,5,132,10709.16,35,0
1146,1145,2025-05-05,1,3,3,142,4812.38,18,1
1147,1155,2025-05-05,3,19,1,153,2086.92,14,0
1148,1163,2025-05-05,3,27,6,146,11491.66,12,0
1149,1168,2025-05-05,2,14,4,141,8461.41,10,1
1150,1108,2025-05-07,3,18,5,158,7383.34,34,0
1151,1113,2025-05-07,1,21,5,170,3634.6,30,1
1152,1114,2025-05-07,2,18,5,142,6635.66,30,1
1153,1118,2025-05-07,3,21,5,144,3078.72,30,1
1154,1170,2025-05-07,3,11,4,162,8655.66,12,0
1155,1171,2025-05-07,3,12,4,148,8674.28,12,0
1156,1173,2025-05-08,2,10,2,151,9593.03,10,1
1157,1176,2025-05-08,2,26,6,159,8845.17,8,1
1158,1123,2025-05-09,1,20,5,155,9067.5,30,1
1159,1100,2025-05-12,2,21,5,146,3121.48,42,0
1160,1131,2025-05-12,3,20,5,148,8658.0,32,1
1161,1136,2025-05-12,2,23,5,153,12244.59,31,1
1162,1160,2025-05-12,1,6,3,147,1622.88,19,0
1163,1166,2025-05-12,2,3,3,149,5049.61,17,1
1164,1167,2025-05-12,2,6,3,147,1622.88,17,1
1165,1172,2025-05-12,2,1,1,156,12063.48,14,0
1166,1178,2025-05-12,1,4,2,157,12274.26,10,1
1167,1179,2025-05-12,1,14,4,155,9301.55,10,1
1168,1187,2025-05-12,3,25,1,149,1951.9,7,1
1169,1154,2025-05-13,3,10,2,150,9529.5,22,0
1170,1157,2025-05-13,2,9,4,165,1686.3,21,0
1171,1135,2025-05-14,2,17,5,168,12428.64,33,0
1172,1139,2025-05-14,1,17,5,157,11614.86,30,1
1173,1165,2025-05-14,3,3,3,148,5015.72,20,0
1174,1186,2025-05-14,3,9,4,170,1737.4,9,1
1175,1175,2025-05-15,2,5,3,161,904.82,16,1
1176,1184,2025-05-15,1,28,2,147,1486.17,10,1
1177,1194,2025-05-15,2,7,1,151,8545.09,7,1
1178,1188,2025-05-16,1,10,2,161,10228.33,10,1
1179,1189,2025-05-16,3,22,2,142,2662.5,10,1
1180,1196,2025-05-16,2,29,6,158,2294.16,8,1
1181,1146,2025-05-19,1,18,5,144,6729.12,32,1
1182,1174,2025-05-19,3,26,6,153,8511.39,21,0
1183,1183,2025-05-19,1,13,1,151,11053.2,14,0
1184,1197,2025-05-19,1,29,6,148,2148.96,10,1
1185,1198,2025-05-19,3,4,2,146,11414.28,10,1
1186,1199,2025-05-19,3,31,1,148,3174.6,10,0
1187,1205,2025-05-20,1,7,1,143,8092.37,7,1
1188,1180,2025-05-21,1,19,1,141,1923.24,19,0
1189,1185,2025-05-21,3,6,3,150,1656.0,16,1
1190,1195,2025-05-21,2,28,2,154,1556.94,13,0
1191,1200,2025-05-21,1,11,4,150,8014.5,9,1
1192,1202,2025-05-21,3,15,4,142,6561.82,9,1
1193,1208,2025-05-21,2,27,6,154,12121.34,8,1
1194,1158,2025-05-22,2,20,5,142,8307.0,30,1
1195,1207,2025-05-22,2,12,4,143,8381.23,9,1
1196,1210,2025-05-22,1,27,6,144,11334.24,8,1
1197,1191,2025-05-23,3,2,3,150,8820.0,16,1
1198,1209,2025-05-23,1,15,4,155,7162.55,9,1
1199,1217,2025-05-23,3,19,1,163,2223.32,7,1
1200,1149,2025-05-26,3,23,5,142,11364.26,39,0
1201,1164,2025-05-26,2,21,5,141,3014.58,32,1
1202,1201,2025-05-26,2,15,4,148,6839.08,14,0
1203,1206,2025-05-26,2,4,2,144,11257.92,13,0
1204,1211,2025-05-26,2,22,2,141,2643.75,12,1
1205,1193,2025-05-27,1,1,1,152,11754.16,19,0
1206,1221,2025-05-27,3,30,6,164,4910.16,8,1
1207,1204,2025-05-29,1,5,3,141,792.42,16,1
1208,1224,2025-05-29,3,12,4,141,8264.01,9,1
1209,1231,2025-05-29,1,31,1,146,3131.7,7,1
1210,1226,2025-05-30,2,11,4,142,7587.06,9,1
1211,1234,2025-05-30,2,13,1,146,10687.2,7,1
1212,1177,2025-06-02,2,18,5,147,6869.31,32,1
1213,1181,2025-06-02,1,23,5,143,11444.29,31,1
1214,1182,2025-06-02,3,21,5,154,3292.52,31,1
1215,1212,2025-06-02,1,9,4,155,1584.1,17,0
1216,1215,2025-06-02,2,3,3,143,4846.27,17,1
1217,1220,2025-06-02,3,26,6,170,9457.1,14,0
1218,1225,2025-06-02,2,10,2,142,9021.26,12,1
1219,1228,2025-06-02,3,10,2,146,9275.38,12,1
1220,1233,2025-06-02,1,30,6,148,4431.12,10,1
1221,1203,2025-06-03,1,3,3,154,5219.06,21,0
1222,1216,2025-06-04,3,13,1,146,10687.2,19,0
1223,1219,2025-06-04,3,5,3,147,826.14,16,1
1224,1222,2025-06-04,1,22,2,151,2831.25,15,0
1225,1236,2025-06-04,1,14,4,152,9121.52,9,1
1226,1242,2025-06-04,2,25,1,158,2069.8,7,1
1227,1237,2025-06-05,2,28,2,147,1486.17,10,1
1228,1240,2025-06-05,2,9,4,141,1441.02,9,1
1229,1243,2025-06-05,3,27,6,153,12042.63,8,1
1230,1244,2025-06-05,1,25,1,151,1978.1,7,1
1231,1192,2025-06-06,3,17,5,154,11392.92,30,1
1232,1190,2025-06-09,1,20,5,145,8482.5,33,0
1233,1223,2025-06-09,3,1,1,152,11754.16,20,0
1234,1238,2025-06-09,2,30,6,161,4820.34,14,0
1235,1254,2025-06-09,2,7,1,144,8148.96,7,1
1236,1247,2025-06-10,3,31,1,152,3260.4,12,0
1237,1256,2025-06-10,3,29,6,143,2076.36,8,1
1238,1235,2025-06-11,1,6,3,154,1700.16,16,1
1239,1250,2025-06-11,2,14,4,144,8641.44,12,0
1240,1252,2025-06-11,3,11,4,165,8815.95,12,0
1241,1255,2025-06-11,3,14,4,173,10381.73,9,1
1242,1239,2025-06-12,1,2,3,150,8820.0,16,1
1243,1257,2025-06-12,1,12,4,154,9025.94,9,1
1244,1258,2025-06-12,1,13,1,146,10687.2,9,0
1245,1260,2025-06-12,2,12,4,143,8381.23,9,1
1246,1263,2025-06-12,2,29,6,155,2250.6,8,1
1247,1266,2025-06-13,1,29,6,145,2105.4,8,1
1248,1213,2025-06-16,1,17,5,152,11244.96,31,1
1249,1214,2025-06-16,1,21,5,142,3035.96,31,1
1250,1241,2025-06-16,2,19,1,148,2018.72,19,0
1251,1248,2025-06-16,1,4,2,158,12352.44,17,0
1252,1249,2025-06-16,2,2,3,141,8290.8,17,1
1253,1265,2025-06-16,3,28,2,164,1658.04,12,1
1254,1272,2025-06-16,3,15,4,146,6746.66,10,1
1255,1262,2025-06-17,2,26,6,162,9012.06,13,0
1256,1273,2025-06-17,2,27,6,143,11255.53,8,1
1257,1276,2025-06-17,1,19,1,142,1936.88,7,1
1258,1245,2025-06-18,1,26,6,169,9401.47,20,0
1259,1278,2025-06-19,3,9,4,145,1481.9,9,1
1260,1284,2025-06-19,2,31,1,153,3281.85,7,1
1261,1227,2025-06-20,2,17,5,158,11688.84,30,1
1262,1229,2025-06-20,3,18,5,142,6635.66,30,1
1263,1280,2025-06-20,1,11,4,152,8121.36,9,1
1264,1230,2025-06-23,3,20,5,150,8775.0,33,0
1265,1246,2025-06-23,2,6,3,153,1689.12,25,0
1266,1264,2025-06-23,3,25,1,141,1847.1,19,0
1267,1267,2025-06-23,2,4,2,141,11023.38,18,0
1268,1268,2025-06-23,1,10,2,147,9338.91,17,0
1269,1271,2025-06-23,3,3,3,147,4981.83,17,1
1270,1286,2025-06-23,1,28,2,141,1425.51,10,1
1271,1288,2025-06-23,3,10,2,154,9783.62,10,1
1272,1290,2025-06-23,2,19,1,148,2018.72,7,1
1273,1291,2025-06-23,3,7,1,148,8375.32,7,1
1274,1293,2025-06-24,3,30,6,149,4461.06,8,1
1275,1296,2025-06-24,3,13,1,148,10833.6,7,1
1276,1282,2025-06-25,1,15,4,144,6654.24,13,0
1277,1289,2025-06-25,1,1,1,163,12604.79,9,0
1278,1277,2025-06-26,2,5,3,157,882.34,16,1
1279,1295,2025-06-26,1,9,4,149,1522.78,9,1
1280,1297,2025-06-26,1,27,6,141,11098.11,8,1
1281,1274,2025-06-27,3,2,3,144,8467.2,18,0
1282,1275,2025-06-27,3,5,3,150,843.0,18,0
1283,1302,2025-06-27,2,25,1,142,1860.2,7,1
1284,1218,2025-06-30,2,23,5,149,11924.47,42,0
1285,1251,2025-06-30,2,18,5,152,7102.96,31,1
1286,1279,2025-06-30,1,5,3,160,899.2,19,0
1287,1285,2025-06-30,3,6,3,150,1656.0,18,1
1288,1287,2025-06-30,3,4,2,147,11492.46,17,0
1289,1292,2025-06-30,3,22,2,154,2887.5,14,0
1290,1298,2025-06-30,2,10,2,149,9465.97,12,1
1291,1300,2025-06-30,1,4,2,149,11648.82,11,1
1292,1303,2025-06-30,1,31,1,151,3238.95,7,1
1293,1308,2025-07-02,2,1,1,147,11367.51,7,1
1294,1259,2025-07-03,1,18,5,155,7243.15,30,1
1295,1261,2025-07-03,3,23,5,144,11524.32,30,1
1296,1310,2025-07-03,1,7,1,148,8375.32,7,1
1297,1305,2025-07-04,2,15,4,143,6608.03,11,0
1298,1232,2025-07-07,2,21,5,145,3100.1,46,0
1299,1253,2025-07-07,3,21,5,172,3677.36,38,0
1300,1269,2025-07-07,1,17,5,151,11170.98,31,1
1301,1270,2025-07-07,1,20,5,145,8482.5,31,1
1302,1301,2025-07-07,2,22,2,145,2718.75,17,0
1303,1312,2025-07-07,2,11,4,177,9457.11,11,1
1304,1313,2025-07-07,2,28,2,142,1435.62,11,1
1305,1315,2025-07-07,3,28,2,152,1536.72,11,1
1306,1316,2025-07-07,1,26,6,153,8511.39,10,1
1307,1318,2025-07-07,1,30,6,156,4670.64,10,1
1308,1319,2025-07-07,2,29,6,144,2090.88,10,1
1309,1320,2025-07-07,2,30,6,157,4700.58,10,1
1310,1294,2025-07-08,1,3,3,153,5185.17,21,0
1311,1324,2025-07-08,1,19,1,144,1964.16,7,1
1312,1304,2025-07-09,2,6,3,171,1887.84,16,1
1313,1306,2025-07-09,1,22,2,147,2756.25,15,0
1314,1322,2025-07-09,3,26,6,153,8511.39,12,0
1315,1328,2025-07-09,3,1,1,142,10980.86,7,1
1316,1329,2025-07-10,3,29,6,162,2352.24,8,1
1317,1281,2025-07-11,2,20,5,171,10003.5,30,1
1318,1334,2025-07-11,2,13,1,162,11858.4,7,1
1319,1283,2025-07-14,1,23,5,142,11364.26,32,1
1320,1314,2025-07-14,3,3,3,148,5015.72,18,1
1321,1317,2025-07-14,1,29,6,159,2308.68,17,0
1322,1331,2025-07-14,2,9,4,154,1573.88,11,1
1323,1332,2025-07-14,2,14,4,142,8521.42,11,1
1324,1333,2025-07-14,3,19,1,145,1977.8,11,0
1325,1336,2025-07-14,3,15,4,144,6654.24,10,1
1326,1341,2025-07-14,3,25,1,159,2082.9,7,1
1327,1342,2025-07-15,3,27,6,157,12357.47,8,1
1328,1345,2025-07-15,1,13,1,147,10760.4,7,1
1329,1335,2025-07-16,2,26,6,143,7955.09,12,0
1330,1339,2025-07-16,3,11,4,146,7800.78,9,1
1331,1340,2025-07-16,3,12,4,148,8674.28,9,1
1332,1338,2025-07-17,3,4,2,154,12039.72,10,1
1333,1344,2025-07-17,1,12,4,147,8615.67,9,1
1334,1351,2025-07-17,3,7,1,155,8771.45,7,1
1335,1299,2025-07-18,3,20,5,149,8716.5,30,1
1336,1326,2025-07-18,2,5,3,152,854.24,16,1
1337,1346,2025-07-18,1,15,4,153,7070.13,9,1
1338,1325,2025-07-21,1,6,3,143,1578.72,19,0
1339,1330,2025-07-21,2,3,3,143,4846.27,18,1
1340,1349,2025-07-21,1,25,1,149,1951.9,11,0
1341,1350,2025-07-21,2,4,2,159,12430.62,11,1
1342,1352,2025-07-21,3,14,4,147,8821.47,11,1
1343,1358,2025-07-21,3,31,1,151,3238.95,10,0
1344,1359,2025-07-21,2,7,1,148,8375.32,7,1
1345,1337,2025-07-23,2,2,3,141,8290.8,16,1
1346,1362,2025-07-23,1,27,6,154,12121.34,8,1
1347,1368,2025-07-23,1,31,1,145,3110.25,7,1
1348,1369,2025-07-23,2,31,1,148,3174.6,7,1
1349,1343,2025-07-24,1,3,3,173,5862.97,16,1
1350,1360,2025-07-24,1,9,4,143,1461.46,9,1
1351,1366,2025-07-24,3,9,4,145,1481.9,9,1
1352,1375,2025-07-24,2,19,1,157,2141.48,7,1
1353,1367,2025-07-25,3,28,2,149,1506.39,10,1
1354,1376,2025-07-25,2,27,6,172,13538.12,8,1
1355,1311,2025-07-28,1,17,5,144,10653.12,32,1
1356,1321,2025-07-28,3,23,5,143,11444.29,31,1
1357,1355,2025-07-28,3,2,3,145,8526.0,17,1
1358,1356,2025-07-28,3,6,3,142,1567.68,17,1
1359,1371,2025-07-28,3,10,2,142,9021.26,12,1
1360,1380,2025-07-28,3,29,6,144,2090.88,10,1
1361,1382,2025-07-28,3,13,1,141,10321.2,7,1
1362,1309,2025-07-30,2,23,5,141,11284.23,35,0
1363,1323,2025-07-30,2,21,5,146,3121.48,30,1
1364,1374,2025-07-30,1,14,4,162,9721.62,13,0
1365,1378,2025-07-30,1,30,6,146,4371.24,12,0
1366,1381,2025-07-31,1,4,2,146,11414.28,10,1
1367,1386,2025-07-31,1,26,6,147,8177.61,8,1
1368,1387,2025-07-31,1,19,1,150,2046.0,7,1
1369,1370,2025-08-01,3,5,3,153,859.86,16,1
1370,1373,2025-08-04,1,10,2,164,10418.92,18,0
1371,1384,2025-08-04,1,1,1,142,10980.86,12,0
1372,1389,2025-08-04,2,28,2,141,1425.51,11,1
1373,1391,2025-08-04,3,30,6,141,4221.54,10,1
1374,1394,2025-08-04,2,1,1,145,11212.85,7,1
1375,1307,2025-08-05,3,17,5,152,11244.96,42,0
1376,1363,2025-08-05,2,12,4,145,8498.45,21,0
1377,1393,2025-08-05,1,29,6,146,2119.92,8,1
1378,1399,2025-08-05,3,26,6,156,8678.28,8,1
1379,1400,2025-08-05,1,25,1,146,1912.6,7,1
1380,1402,2025-08-05,2,25,1,141,1847.1,7,1
1381,1377,2025-08-06,1,2,3,148,8702.4,19,0
1382,1385,2025-08-06,1,11,4,143,7640.49,14,0
1383,1388,2025-08-06,2,15,4,143,6608.03,13,0
1384,1392,2025-08-07,1,28,2,160,1617.6,10,1
1385,1409,2025-08-07,3,7,1,148,8375.32,7,1
1386,1347,2025-08-08,1,20,5,154,9009.0,30,1
1387,1348,2025-08-08,2,20,5,157,9184.5,30,1
1388,1401,2025-08-08,2,10,2,155,9847.15,10,1
1389,1404,2025-08-08,3,22,2,141,2643.75,10,1
1390,1354,2025-08-11,1,21,5,145,3100.1,31,1
1391,1357,2025-08-11,3,18,5,146,6822.58,31,1
1392,1390,2025-08-11,2,3,3,148,5015.72,17,1
1393,1403,2025-08-11,2,30,6,155,4640.7,13,0
1394,1406,2025-08-11,3,16,2,32,713.28,12,1
1395,1413,2025-08-11,3,12,4,147,8615.67,10,1
1396,1414,2025-08-11,1,31,1,145,3110.25,7,1
1397,1397,2025-08-12,2,22,2,158,2962.5,15,0
1398,1327,2025-08-13,2,18,5,142,6635.66,42,0
1399,1395,2025-08-13,2,5,3,157,882.34,16,1
1400,1396,2025-08-13,2,6,3,157,1733.28,16,1
1401,1411,2025-08-13,1,7,1,146,8262.14,12,0
1402,1417,2025-08-13,1,27,6,172,13538.12,8,1
1403,1419,2025-08-13,3,27,6,143,11255.53,8,1
1404,1364,2025-08-14,2,17,5,151,11170.98,30,1
1405,1365,2025-08-14,2,21,5,146,3121.48,30,1
1406,1422,2025-08-14,1,13,1,153,11199.6,7,1
1407,1372,2025-08-15,3,20,5,143,8365.5,30,1
1408,1405,2025-08-15,3,2,3,148,8702.4,16,1
1409,1420,2025-08-15,2,11,4,142,7587.06,9,1
1410,1379,2025-08-18,3,23,5,142,11364.26,31,1
1411,1398,2025-08-18,3,3,3,145,4914.05,21,0
1412,1407,2025-08-18,2,14,4,148,8881.48,18,0
1413,1423,2025-08-18,1,9,4,152,1553.44,10,1
1414,1424,2025-08-18,1,10,2,175,11117.75,10,1
1415,1425,2025-08-18,1,12,4,164,9612.04,10,1
1416,1428,2025-08-18,2,25,1,146,1912.6,7,1
1417,1361,2025-08-19,1,18,5,154,7196.42,35,0
1418,1418,2025-08-20,2,4,2,150,11727.0,15,0
1419,1430,2025-08-20,2,26,6,149,8288.87,8,1
1420,1431,2025-08-20,2,29,6,160,2323.2,8,1
1421,1436,2025-08-20,2,13,1,164,12004.8,7,1
1422,1438,2025-08-20,3,25,1,145,1899.5,7,1
1423,1383,2025-08-21,3,21,5,155,3313.9,30,1
1424,1435,2025-08-22,2,9,4,153,1563.66,9,1
1425,1445,2025-08-22,2,7,1,146,8262.14,7,1
1426,1446,2025-08-22,3,31,1,151,3238.95,7,1
1427,1353,2025-08-25,3,17,5,144,10653.12,46,0
1428,1421,2025-08-25,1,5,3,143,803.66,18,1
1429,1433,2025-08-25,1,22,2,141,2643.75,12,1
1430,1437,2025-08-25,3,4,2,142,11101.56,12,1
1431,1439,2025-08-25,3,28,2,150,1516.5,12,1
1432,1442,2025-08-25,3,14,4,143,8581.43,11,1
1433,1449,2025-08-25,2,19,1,144,1964.16,7,1
1434,1416,2025-08-26,1,6,3,151,1667.04,21,0
1435,1440,2025-08-26,2,31,1,141,3024.45,12,0
1436,1452,2025-08-27,1,32,6,33,348.48,8,1
1437,1461,2025-08-28,3,1,1,168,12991.44,7,1
1438,1454,2025-08-29,3,22,2,178,3337.5,10,1
1439,1458,2025-08-29,1,25,1,143,1873.3,9,0
1440,1408,2025-09-01,2,23,5,171,13685.13,32,1
1441,1410,2025-09-01,3,18,5,167,7803.91,32,1
1442,1429,2025-09-01,1,19,1,142,1936.88,20,0
1443,1444,2025-09-01,2,5,3,144,809.28,17,1
1444,1451,2025-09-01,1,30,6,150,4491.0,13,0
1445,1462,2025-09-01,1,15,4,154,7116.34,10,1
1446,1463,2025-09-01,3,15,4,143,6608.03,10,1
1447,1467,2025-09-01,3,7,1,145,8205.55,7,1
1448,1434,2025-09-03,2,2,3,146,8584.8,21,0
1449,1447,2025-09-03,1,8,3,39,1815.45,16,1
1450,1459,2025-09-03,1,4,2,141,11023.38,13,0
1451,1473,2025-09-03,3,13,1,144,10540.8,7,1
1452,1453,2025-09-04,2,6,3,146,1611.84,16,1
1453,1464,2025-09-04,1,26,6,145,8066.35,10,0
1454,1475,2025-09-04,3,29,6,151,2192.52,8,1
1455,1441,2025-09-08,3,11,4,143,7640.49,25,0
1456,1450,2025-09-08,3,9,4,161,1645.42,21,0
1457,1457,2025-09-08,1,3,3,143,4846.27,19,0
1458,1468,2025-09-08,3,26,6,162,9012.06,14,0
1459,1480,2025-09-08,3,12,4,150,8791.5,11,1
1460,1485,2025-09-08,3,19,1,143,1950.52,7,1
1461,1469,2025-09-09,1,14,4,173,10381.73,14,0
1462,1483,2025-09-09,2,30,6,142,4251.48,8,1
1463,1456,2025-09-10,1,2,3,161,9466.8,21,0
1464,1465,2025-09-10,3,2,3,143,8408.4,16,1
1465,1466,2025-09-10,3,6,3,148,1633.92,16,1
1466,1481,2025-09-10,2,14,4,149,8941.49,12,0
1467,1489,2025-09-10,1,31,1,141,3024.45,7,1
1468,1492,2025-09-11,2,29,6,142,2061.84,8,1
1469,1490,2025-09-12,2,11,4,141,7533.63,9,1
1470,1495,2025-09-12,1,19,1,144,1964.16,7,1
1471,1460,2025-09-15,1,28,2,178,1799.58,25,0
1472,1476,2025-09-15,1,6,3,147,1622.88,18,1
1473,1477,2025-09-15,1,12,4,161,9436.21,18,0
1474,1478,2025-09-15,2,12,4,165,9670.65,18,0
1475,1479,2025-09-15,3,3,3,153,5185.17,18,1
1476,1487,2025-09-15,2,13,1,148,10833.6,13,0
1477,1493,2025-09-15,3,10,2,144,9148.32,12,1
1478,1470,2025-09-16,1,29,6,141,2047.32,20,0
1479,1501,2025-09-16,1,30,6,156,4670.64,8,1
1480,1504,2025-09-16,2,25,1,142,1860.2,7,1
1481,1494,2025-09-17,2,10,2,155,9847.15,13,0
1482,1496,2025-09-17,1,27,6,146,11491.66,12,0
1483,1498,2025-09-17,2,22,2,150,2812.5,12,0
1484,1412,2025-09-18,1,20,5,154,9009.0,48,0
1485,1503,2025-09-18,2,19,1,145,1977.8,9,0
1486,1512,2025-09-18,2,1,1,147,11367.51,7,1
1487,1513,2025-09-18,2,7,1,143,8092.37,7,1
1488,1515,2025-09-18,3,25,1,149,1951.9,7,1
1489,1506,2025-09-19,3,28,2,149,1506.39,10,1
1490,1516,2025-09-19,3,27,6,145,11412.95,8,1
1491,1488,2025-09-22,3,5,3,142,798.04,20,0
1492,1497,2025-09-22,2,15,4,162,7486.02,17,0
1493,1499,2025-09-22,2,28,2,156,1577.16,17,0
1494,1511,2025-09-22,1,11,4,154,8228.22,11,1
1495,1518,2025-09-22,2,4,2,156,12196.08,10,1
1496,1520,2025-09-22,2,26,6,151,8400.13,10,1
1497,1521,2025-09-22,3,9,4,159,1624.98,10,1
1498,1415,2025-09-23,2,20,5,153,8950.5,50,0
1499,1427,2025-09-26,1,23,5,146,11684.38,46,0
1500,1455,2025-09-26,3,23,5,150,12004.5,38,0
1501,1524,2025-09-26,3,11,4,147,7854.21,9,1
1502,1528,2025-09-26,3,26,6,151,8400.13,8,1
1503,1529,2025-09-26,1,1,1,149,11522.17,7,1
1504,1426,2025-09-29,1,21,5,146,3121.48,49,0
1505,1432,2025-09-29,1,18,5,143,6682.39,47,0
1506,1448,2025-09-29,2,18,5,147,6869.31,42,0
1507,1502,2025-09-29,2,8,3,42,1955.1,20,0
1508,1519,2025-09-29,2,6,3,178,1965.12,17,1
1509,1525,2025-09-29,3,30,6,146,4371.24,12,0
1510,1526,2025-09-29,1,15,4,159,7347.39,11,1
1511,1535,2025-09-30,1,25,1,146,1912.6,7,1
1512,1539,2025-09-30,3,19,1,151,2059.64,7,1
1513,1523,2025-10-03,1,6,3,149,1644.96,16,1
1514,1533,2025-10-03,1,10,2,152,9656.56,10,1
1515,1534,2025-10-03,1,22,2,151,2831.25,10,1
1516,1540,2025-10-03,3,22,2,157,2943.75,10,1
1517,1541,2025-10-03,1,11,4,146,7800.78,9,1
1518,1542,2025-10-03,2,14,4,143,8581.43,9,1
1519,1550,2025-10-03,1,29,6,141,2047.32,8,1
1520,1443,2025-10-06,1,17,5,149,11023.02,52,0
1521,1522,2025-10-06,1,7,1,156,8828.04,21,0
1522,1527,2025-10-06,2,2,3,147,8643.6,18,1
1523,1537,2025-10-06,2,29,6,144,2090.88,13,0
1524,1538,2025-10-06,3,13,1,151,11053.2,13,0
1525,1547,2025-10-06,3,4,2,149,11648.82,12,1
1526,1551,2025-10-06,2,11,4,158,8441.94,11,1
1527,1553,2025-10-06,3,15,4,148,6839.08,11,1
1528,1556,2025-10-06,2,30,6,148,4431.12,10,1
1529,1558,2025-10-07,2,27,6,159,12514.89,8,1
1530,1563,2025-10-07,3,31,1,153,3281.85,7,1
1531,1507,2025-10-08,1,2,3,143,8408.4,28,0
1532,1530,2025-10-08,1,8,3,45,2094.75,19,0
1533,1531,2025-10-08,1,13,1,141,10321.2,19,0
1534,1532,2025-10-08,2,3,3,152,5151.28,16,1
1535,1536,2025-10-09,2,5,3,155,871.1,16,1
1536,1557,2025-10-09,1,28,2,141,1425.51,10,1
1537,1567,2025-10-09,1,31,1,172,3689.4,7,1
1538,1568,2025-10-09,2,1,1,142,10980.86,7,1
1539,1546,2025-10-10,3,2,3,143,8408.4,16,1
1540,1548,2025-10-10,3,6,3,153,1689.12,16,1
1541,1559,2025-10-10,1,4,2,147,11492.46,10,1
1542,1564,2025-10-10,3,1,1,150,11599.5,9,0
1543,1569,2025-10-10,2,26,6,156,8678.28,8,1
1544,1571,2025-10-10,2,25,1,155,2030.5,7,1
1545,1572,2025-10-10,2,31,1,154,3303.3,7,1
1546,1471,2025-10-13,2,20,5,149,8716.5,47,0
1547,1484,2025-10-13,3,17,5,161,11910.78,42,0
1548,1562,2025-10-13,3,14,4,167,10021.67,13,0
1549,1570,2025-10-13,2,28,2,146,1476.06,11,1
1550,1543,2025-10-15,2,15,4,162,7486.02,21,0
1551,1549,2025-10-15,1,3,3,142,4812.38,20,0
1552,1583,2025-10-15,3,25,1,166,2174.6,7,1
1553,1472,2025-10-16,2,21,5,149,3185.62,50,0
1554,1578,2025-10-16,1,19,1,169,2305.16,9,0
1555,1587,2025-10-16,2,19,1,148,2018.72,7,1
1556,1588,2025-10-16,3,7,1,157,8884.63,7,1
1557,1482,2025-10-17,2,23,5,144,11524.32,49,0
1558,1486,2025-10-17,3,21,5,146,3121.48,46,0
1559,1505,2025-10-17,3,18,5,160,7476.8,38,0
1560,1474,2025-10-20,3,20,5,178,10413.0,54,0
1561,1491,2025-10-20,2,17,5,159,11762.82,47,0
1562,1552,2025-10-20,3,10,2,146,9275.38,25,0
1563,1555,2025-10-20,2,22,2,161,3018.75,24,0
1564,1560,2025-10-20,1,5,3,143,803.66,20,0
1565,1565,2025-10-20,3,5,3,158,887.96,19,0
1566,1576,2025-10-20,1,26,6,147,8177.61,14,0
1567,1577,2025-10-20,1,12,4,142,8322.62,13,0
1568,1584,2025-10-20,1,9,4,150,1533.0,11,1
1569,1585,2025-10-20,2,12,4,155,9084.55,11,1
1570,1586,2025-10-20,2,13,1,149,10906.8,11,0
1571,1592,2025-10-20,1,7,1,147,8318.73,10,0
1572,1596,2025-10-20,2,7,1,144,8148.96,7,1
1573,1510,2025-10-22,2,21,5,154,3292.52,42,0
1574,1573,2025-10-22,3,3,3,175,5930.75,19,0
1575,1595,2025-10-22,1,15,4,153,7070.13,9,1
1576,1509,2025-10-23,1,23,5,158,12644.74,43,0
1577,1602,2025-10-23,1,27,6,150,11806.5,8,1
1578,1607,2025-10-23,3,27,6,146,11491.66,8,1
1579,1608,2025-10-23,1,1,1,159,12295.47,7,1
1580,1500,2025-10-24,1,21,5,174,3720.12,46,0
1581,1581,2025-10-24,1,2,3,166,9760.8,16,1
1582,1508,2025-10-27,1,17,5,141,10431.18,47,0
1583,1574,2025-10-27,3,11,4,147,7854.21,24,0
1584,1589,2025-10-27,3,8,3,38,1768.9,18,1
1585,1591,2025-10-27,1,6,3,142,1567.68,17,1
1586,1597,2025-10-27,1,4,2,142,11101.56,13,0
1587,1601,2025-10-27,1,14,4,160,9601.6,12,0
1588,1610,2025-10-27,2,11,4,144,7693.92,11,1
1589,1614,2025-10-27,3,30,6,175,5239.5,11,0
1590,1619,2025-10-27,1,13,1,151,11053.2,7,1
1591,1603,2025-10-28,1,29,6,158,2294.16,13,0
1592,1606,2025-10-28,2,32,6,34,359.04,13,0
1593,1612,2025-10-28,3,13,1,157,11492.4,12,0
1594,1623,2025-10-28,3,1,1,141,10903.53,7,1
1595,1617,2025-10-29,3,28,2,142,1435.62,12,0
1596,1618,2025-10-29,1,11,4,146,7800.78,9,1
1597,1622,2025-10-29,2,29,6,150,2178.0,8,1
1598,1598,2025-10-30,2,3,3,142,4812.38,16,1
1599,1620,2025-10-30,3,10,2,143,9084.79,10,1
1600,1625,2025-10-30,3,9,4,163,1665.86,9,1
1601,1627,2025-10-30,1,30,6,147,4401.18,8,1
1602,1628,2025-10-30,2,27,6,151,11885.21,8,1
1603,1632,2025-10-30,2,13,1,149,10906.8,7,1
1604,1634,2025-10-30,3,19,1,156,2127.84,7,1
1605,1631,2025-10-31,1,32,6,44,464.64,8,1
1606,1636,2025-10-31,2,25,1,147,1925.7,7,1
1607,1517,2025-11-03,1,20,5,146,8541.0,52,0
1608,1594,2025-11-03,3,12,4,162,9494.82,24,0
1609,1600,2025-11-03,3,29,6,160,2323.2,20,0
1610,1605,2025-11-03,2,10,2,158,10037.74,19,0
1611,1615,2025-11-03,3,15,4,151,6977.71,17,0
1612,1626,2025-11-03,1,25,1,142,1860.2,12,0
1613,1629,2025-11-03,3,16,2,35,780.15,12,1
1614,1545,2025-11-04,2,20,5,151,8833.5,41,0
1615,1644,2025-11-05,1,1,1,170,13146.1,7,1
1616,1650,2025-11-05,3,25,1,150,1965.0,7,1
1617,1621,2025-11-06,2,6,3,145,1600.8,16,1
1618,1624,2025-11-06,3,2,3,142,8349.6,16,1
1619,1637,2025-11-06,1,10,2,177,11244.81,10,1
1620,1638,2025-11-06,1,16,2,32,713.28,10,1
1621,1643,2025-11-06,2,15,4,141,6515.61,9,1
1622,1653,2025-11-06,1,31,1,144,3088.8,7,1
1623,1656,2025-11-07,2,30,6,151,4520.94,8,1
1624,1658,2025-11-07,3,26,6,149,8288.87,8,1
1625,1554,2025-11-10,3,21,5,145,3100.1,46,0
1626,1635,2025-11-10,2,8,3,38,1768.9,17,1
1627,1641,2025-11-10,3,11,4,146,7800.78,14,0
1628,1642,2025-11-10,2,9,4,158,1614.76,13,0
1629,1647,2025-11-10,1,28,2,143,1445.73,12,1
1630,1648,2025-11-10,2,22,2,163,3056.25,12,1
1631,1652,2025-11-10,1,7,1,152,8601.68,11,0
1632,1655,2025-11-10,2,28,2,158,1597.38,11,1
1633,1660,2025-11-10,3,14,4,151,9061.51,10,1
1634,1661,2025-11-10,1,19,1,155,2114.2,7,1
1635,1663,2025-11-10,3,31,1,143,3067.35,7,1
1636,1666,2025-11-11,2,7,1,167,9450.53,7,1
1637,1604,2025-11-12,2,2,3,144,8467.2,28,0
1638,1640,2025-11-12,3,5,3,142,798.04,16,1
1639,1649,2025-11-12,3,4,2,157,12274.26,14,0
1640,1662,2025-11-12,2,1,1,153,11831.49,9,0
1641,1544,2025-11-13,2,17,5,155,11466.9,50,0
1642,1669,2025-11-13,2,26,6,164,9123.32,8,1
1643,1670,2025-11-13,3,29,6,166,2410.32,8,1
1644,1514,2025-11-14,3,23,5,158,12644.74,64,0
1645,1680,2025-11-14,3,7,1,171,9676.89,7,1
1646,1645,2025-11-17,1,5,3,143,803.66,19,0
1647,1651,2025-11-17,1,3,3,145,4914.05,18,1
1648,1659,2025-11-17,2,11,4,160,8548.8,17,0
1649,1665,2025-11-17,1,29,6,141,2047.32,13,0
1650,1667,2025-11-17,1,12,4,148,8674.28,12,0
1651,1673,2025-11-17,2,10,2,150,9529.5,11,1
1652,1675,2025-11-17,3,27,6,191,15033.61,11,0
1653,1676,2025-11-17,1,22,2,151,2831.25,10,1
1654,1677,2025-11-17,1,26,6,158,8789.54,10,1
1655,1679,2025-11-17,2,31,1,156,3346.2,10,0
1656,1681,2025-11-17,3,9,4,151,1543.22,10,1
1657,1579,2025-11-18,1,21,5,150,3207.0,42,0
1658,1561,2025-11-19,1,18,5,141,6588.93,50,0
1659,1575,2025-11-19,3,20,5,158,9243.0,47,0
1660,1646,2025-11-19,1,15,4,147,6792.87,21,0
1661,1654,2025-11-19,2,3,3,164,5557.96,20,0
1662,1683,2025-11-19,2,14,4,171,10261.71,9,1
1663,1692,2025-11-19,2,19,1,143,1950.52,7,1
1664,1582,2025-11-20,1,20,5,161,9418.5,43,0
1665,1682,2025-11-20,2,4,2,146,11414.28,10,1
1666,1686,2025-11-20,1,14,4,146,8761.46,9,1
1667,1698,2025-11-21,3,30,6,156,4670.64,8,1
1668,1566,2025-11-24,1,23,5,142,11364.26,53,0
1669,1599,2025-11-24,2,23,5,147,11764.41,41,0
1670,1639,2025-11-24,2,5,3,156,876.72,28,0
1671,1689,2025-11-24,1,4,2,147,11492.46,12,1
1672,1696,2025-11-24,3,11,4,181,9670.83,11,1
1673,1580,2025-11-26,2,18,5,163,7616.99,50,0
1674,1609,2025-11-26,1,18,5,174,8131.02,41,0
1675,1674,2025-11-26,2,27,6,149,11727.79,20,0
1676,1700,2025-11-26,1,13,1,144,10540.8,12,0
1677,1702,2025-11-26,2,12,4,143,8381.23,12,0
1678,1708,2025-11-26,2,11,4,142,7587.06,9,1
1679,1714,2025-11-26,3,19,1,144,1964.16,7,1
1680,1706,2025-11-27,1,27,6,151,11885.21,10,0
1681,1710,2025-11-27,3,22,2,172,3225.0,10,1
1682,1713,2025-11-27,2,29,6,141,2047.32,8,1
1683,1716,2025-11-27,1,25,1,145,1899.5,7,1
1684,1690,2025-11-28,1,6,3,153,1689.12,16,1
1685,1691,2025-11-28,2,2,3,151,8878.8,16,1
1686,1593,2025-12-01,1,17,5,147,10875.06,52,0
1687,1684,2025-12-01,3,12,4,143,8381.23,21,0
1688,1688,2025-12-01,1,2,3,149,8761.2,19,0
1689,1695,2025-12-01,3,6,3,148,1633.92,18,1
1690,1699,2025-12-01,1,9,4,154,1573.88,17,0
1691,1707,2025-12-01,2,9,4,163,1665.86,14,0
1692,1717,2025-12-01,2,15,4,145,6700.45,11,1
1693,1719,2025-12-01,3,10,2,153,9720.09,11,1
1694,1720,2025-12-01,2,14,4,142,8521.42,10,1
1695,1728,2025-12-02,2,31,1,147,3153.15,7,1
1696,1721,2025-12-03,3,1,1,163,12604.79,12,0
1697,1724,2025-12-04,1,30,6,152,4550.88,10,0
1698,1726,2025-12-04,2,7,1,159,8997.81,9,0
1699,1731,2025-12-04,3,15,4,144,6654.24,9,1
1700,1611,2025-12-05,2,21,5,154,3292.52,50,0
1701,1729,2025-12-05,3,4,2,146,11414.28,10,1
1702,1735,2025-12-05,2,26,6,151,8400.13,8,1
1703,1743,2025-12-05,2,1,1,151,11676.83,7,1
1704,1613,2025-12-08,3,23,5,163,13044.89,53,0
1705,1630,2025-12-08,3,21,5,158,3378.04,47,0
1706,1701,2025-12-08,2,6,3,151,1667.04,24,0
1707,1703,2025-12-08,3,3,3,155,5252.95,24,0
1708,1709,2025-12-08,2,13,1,150,10980.0,21,0
1709,1722,2025-12-08,1,7,1,154,8714.86,14,0
1710,1727,2025-12-08,2,25,1,144,1886.4,13,0
1711,1732,2025-12-08,3,28,2,156,1577.16,12,1
1712,1737,2025-12-08,3,22,2,158,2962.5,11,1
1713,1739,2025-12-08,1,12,4,144,8439.84,10,1
1714,1742,2025-12-08,1,28,2,152,1536.72,10,1
1715,1744,2025-12-08,2,22,2,153,2868.75,10,1
1716,1745,2025-12-08,2,32,6,31,327.36,10,1
1717,1746,2025-12-08,3,26,6,155,8622.65,10,1
1718,1749,2025-12-08,3,7,1,146,8262.14,7,1
1719,1736,2025-12-09,3,13,1,155,11346.0,12,0
1720,1718,2025-12-10,3,5,3,141,792.42,20,0
1721,1741,2025-12-10,1,22,2,153,2868.75,12,0
1722,1751,2025-12-10,3,31,1,153,3281.85,9,0
1723,1753,2025-12-10,1,26,6,141,7843.83,8,1
1724,1590,2025-12-11,3,17,5,149,11023.02,63,0
1725,1616,2025-12-11,3,18,5,147,6869.31,55,0
1726,1725,2025-12-11,1,5,3,151,848.62,16,1
1727,1730,2025-12-11,3,8,3,33,1536.15,16,1
1728,1747,2025-12-11,1,10,2,167,10609.51,10,1
1729,1752,2025-12-11,1,15,4,146,6746.66,9,1
1730,1755,2025-12-11,3,27,6,141,11098.11,8,1
1731,1758,2025-12-11,3,25,1,144,1886.4,7,1
1732,1633,2025-12-15,2,17,5,154,11392.92,53,0
1733,1733,2025-12-15,1,3,3,141,4778.49,18,1
1734,1738,2025-12-15,1,4,2,143,11179.74,17,0
1735,1750,2025-12-15,3,12,4,155,9084.55,14,0
1736,1757,2025-12-15,1,14,4,148,8881.48,11,1
1737,1760,2025-12-15,1,16,2,35,780.15,10,1
1738,1762,2025-12-15,1,31,1,144,3088.8,7,1
1739,1763,2025-12-15,2,13,1,161,11785.2,7,1
1740,1764,2025-12-15,2,19,1,156,2127.84,7,1
1741,1756,2025-12-16,1,1,1,152,11754.16,12,0
1742,1734,2025-12-17,1,8,3,36,1675.8,20,0
1743,1748,2025-12-17,3,6,3,176,1943.04,16,1
1744,1768,2025-12-17,1,27,6,159,12514.89,8,1
1745,1773,2025-12-17,2,30,6,151,4520.94,8,1
1746,1765,2025-12-18,2,27,6,147,11570.37,10,0
1747,1779,2025-12-18,1,7,1,162,9167.58,7,1
1748,1657,2025-12-19,3,20,5,141,8248.5,50,0
1749,1761,2025-12-19,1,11,4,143,7640.49,11,0
1750,1769,2025-12-19,1,29,6,152,2207.04,10,0
1751,1685,2025-12-22,3,21,5,180,3848.4,42,0
1752,1766,2025-12-22,2,29,6,154,2236.08,14,0
1753,1774,2025-12-22,2,4,2,159,12430.62,12,1
1754,1777,2025-12-22,3,9,4,148,1512.56,12,0
1755,1781,2025-12-22,2,15,4,148,6839.08,11,1
1756,1782,2025-12-22,3,1,1,142,10980.86,11,0
1757,1785,2025-12-22,2,12,4,155,9084.55,10,1
1758,1786,2025-12-22,2,28,2,144,1455.84,10,1
1759,1787,2025-12-22,3,14,4,150,9001.5,10,1
1760,1788,2025-12-22,3,29,6,151,2192.52,10,1
1761,1789,2025-12-22,1,19,1,175,2387.0,7,1
1762,1693,2025-12-23,3,18,5,163,7616.99,41,0
1763,1793,2025-12-23,3,30,6,183,5479.02,8,1
1764,1664,2025-12-24,1,23,5,148,11844.44,50,0
1765,1672,2025-12-24,1,21,5,152,3249.76,48,0
1766,1759,2025-12-24,1,2,3,160,9408.0,19,0
1767,1791,2025-12-24,3,11,4,142,7587.06,9,1
1768,1771,2025-12-25,2,6,3,150,1656.0,16,1
1769,1792,2025-12-25,3,16,2,34,757.86,10,1
1770,1797,2025-12-25,3,19,1,175,2387.0,7,1
1771,1678,2025-12-26,2,18,5,142,6635.66,49,0
1772,1800,2025-12-26,2,25,1,152,1991.2,7,1
1773,1687,2025-12-29,2,21,5,175,3741.5,48,0
1774,1694,2025-12-29,2,20,5,148,8658.0,46,0
1775,1770,2025-12-29,2,3,3,159,5388.51,20,0
1776,1795,2025-12-29,1,4,2,141,11023.38,11,1
1777,1799,2025-12-29,2,14,4,144,8641.44,10,1
1778,1671,2025-12-30,1,20,5,160,9360.0,54,0
1779,1804,2025-12-30,3,32,6,41,432.96,8,1
1780,1776,2025-12-31,3,5,3,149,837.38,21,0
1781,1790,2025-12-31,2,2,3,153,8996.4,16,1
1782,1798,2025-12-31,2,1,1,153,11831.49,12,0
1783,1806,2025-12-31,1,13,1,151,11053.2,7,1
1784,1704,2026-01-01,3,23,5,153,12244.59,48,0
1785,1811,2026-01-01,2,7,1,146,8262.14,7,1
1786,1816,2026-01-01,3,31,1,170,3646.5,7,1
1787,1805,2026-01-02,3,10,2,143,9084.79,10,1
1788,1668,2026-01-05,2,23,5,152,12164.56,61,0
1789,1711,2026-01-05,1,18,5,164,7663.72,47,0
1790,1807,2026-01-05,1,28,2,185,1870.35,12,1
1791,1812,2026-01-05,3,15,4,141,6515.61,11,1
1792,1814,2026-01-05,3,22,2,158,2962.5,11,1
1793,1815,2026-01-05,3,28,2,154,1556.94,11,1
1794,1819,2026-01-05,2,22,2,151,2831.25,10,1
1795,1712,2026-01-06,2,17,5,148,10949.04,48,0
1796,1802,2026-01-07,3,2,3,148,8702.4,16,1
1797,1821,2026-01-07,1,9,4,155,1584.1,9,1
1798,1822,2026-01-07,1,12,4,149,8732.89,9,1
1799,1827,2026-01-07,1,32,6,42,443.52,8,1
1800,1823,2026-01-08,1,26,6,141,7843.83,10,0
1801,1826,2026-01-08,1,14,4,149,8941.49,9,1
1802,1836,2026-01-08,2,31,1,146,3131.7,7,1
1803,1715,2026-01-09,3,20,5,158,9243.0,51,0
1804,1808,2026-01-09,2,5,3,152,854.24,16,1
1805,1824,2026-01-09,2,9,4,142,1451.24,11,0
1806,1833,2026-01-09,1,27,6,151,11885.21,8,1
1807,1835,2026-01-09,2,30,6,144,4311.36,8,1
1808,1840,2026-01-09,3,1,1,158,12218.14,7,1
1809,1778,2026-01-12,1,5,3,218,1225.16,32,0
1810,1817,2026-01-12,1,3,3,146,4947.94,17,1
1811,1837,2026-01-12,1,4,2,147,11492.46,10,1
1812,1838,2026-01-12,2,10,2,168,10673.04,10,1
1813,1841,2026-01-12,3,4,2,145,11336.1,10,1
1814,1697,2026-01-13,3,17,5,150,11097.0,61,0
1815,1723,2026-01-13,1,21,5,172,3677.36,50,0
1816,1740,2026-01-14,1,18,5,148,6916.04,47,0
1817,1810,2026-01-14,1,6,3,173,1909.92,20,0
1818,1818,2026-01-14,2,8,3,34,1582.7,19,0
1819,1831,2026-01-14,2,15,4,157,7254.97,14,0
1820,1839,2026-01-14,2,29,6,143,2076.36,12,0
1821,1843,2026-01-14,2,19,1,150,2046.0,9,0
1822,1852,2026-01-14,1,25,1,150,1965.0,7,1
1823,1705,2026-01-15,1,17,5,152,11244.96,59,0
1824,1829,2026-01-15,3,6,3,144,1589.76,16,1
1825,1846,2026-01-15,2,11,4,154,8228.22,9,1
1826,1772,2026-01-16,2,23,5,158,12644.74,38,0
1827,1854,2026-01-16,3,14,4,147,8821.47,9,1
1828,1820,2026-01-19,3,3,3,149,5049.61,24,0
1829,1845,2026-01-19,1,30,6,150,4491.0,13,0
1830,1850,2026-01-19,3,27,6,180,14167.8,13,0
1831,1856,2026-01-19,1,15,4,149,6885.29,10,1
1832,1775,2026-01-20,2,21,5,146,3121.48,41,0
1833,1844,2026-01-20,1,11,4,144,7693.92,14,0
1834,1860,2026-01-20,1,1,1,143,11058.19,7,1
1835,1867,2026-01-20,3,25,1,149,1951.9,7,1
1836,1855,2026-01-21,2,12,4,141,8264.01,13,0
1837,1859,2026-01-21,2,25,1,143,1873.3,9,0
1838,1863,2026-01-21,1,32,6,30,316.8,8,1
1839,1868,2026-01-21,3,26,6,164,9123.32,8,1
1840,1873,2026-01-21,3,19,1,145,1977.8,7,1
1841,1861,2026-01-22,1,7,1,163,9224.17,9,0
1842,1875,2026-01-22,3,7,1,205,11600.95,7,1
1843,1869,2026-01-23,3,29,6,149,2163.48,10,0
1844,1767,2026-01-26,3,21,5,158,3378.04,49,0
1845,1794,2026-01-26,3,17,5,151,11170.98,40,0
1846,1832,2026-01-26,1,10,2,157,9974.21,25,0
1847,1847,2026-01-26,2,13,1,142,10394.4,20,0
1848,1848,2026-01-26,3,5,3,148,831.76,20,0
1849,1851,2026-01-26,1,22,2,168,3150.0,19,0
1850,1865,2026-01-26,3,10,2,142,9021.26,13,0
1851,1871,2026-01-26,2,4,2,148,11570.64,12,1
1852,1849,2026-01-27,3,9,4,149,1522.78,21,0
1853,1853,2026-01-27,1,29,6,142,2061.84,20,0
1854,1880,2026-01-27,2,32,6,35,369.6,8,1
1855,1884,2026-01-27,3,1,1,164,12682.12,7,1
1856,1754,2026-01-28,2,18,5,145,6775.85,56,0
1857,1879,2026-01-28,1,31,1,142,3045.9,9,0
1858,1780,2026-01-30,1,17,5,142,10505.16,50,0
1859,1783,2026-01-30,3,18,5,144,6729.12,50,0
1860,1870,2026-01-30,1,2,3,158,9290.4,16,1
1861,1885,2026-01-30,1,9,4,144,1471.68,9,1
1862,1895,2026-01-30,2,7,1,168,9507.12,7,1
1863,1784,2026-02-02,1,23,5,161,12884.83,52,0
1864,1796,2026-02-02,1,20,5,148,8658.0,46,0
1865,1834,2026-02-02,2,3,3,159,5388.51,32,0
1866,1876,2026-02-02,1,5,3,155,871.1,17,1
1867,1882,2026-02-02,3,30,6,145,4341.3,14,0
1868,1887,2026-02-02,2,14,4,151,9061.51,11,1
1869,1891,2026-02-02,2,31,1,153,3281.85,11,0
1870,1892,2026-02-02,3,12,4,151,8850.11,11,1
1871,1896,2026-02-02,2,26,6,152,8455.76,10,1
1872,1898,2026-02-03,2,29,6,148,2148.96,8,1
1873,1901,2026-02-03,1,19,1,172,2346.08,7,1
1874,1877,2026-02-04,1,3,3,141,4778.49,16,1
1875,1878,2026-02-04,1,6,3,150,1656.0,16,1
1876,1881,2026-02-04,3,3,3,143,4846.27,16,1
1877,1888,2026-02-04,2,27,6,152,11963.92,13,0
1878,1889,2026-02-04,2,28,2,151,1526.61,13,0
1879,1890,2026-02-04,2,30,6,142,4251.48,13,0
1880,1801,2026-02-05,2,20,5,150,8775.0,45,0
1881,1883,2026-02-05,2,5,3,156,876.72,16,1
1882,1842,2026-02-06,1,18,5,190,8878.7,32,0
1883,1899,2026-02-06,3,14,4,141,8461.41,11,0
1884,1803,2026-02-09,3,21,5,180,3848.4,49,0
1885,1809,2026-02-09,3,23,5,145,11604.35,47,0
1886,1828,2026-02-09,2,17,5,155,11466.9,41,0
1887,1857,2026-02-09,3,24,5,38,3082.94,31,1
1888,1894,2026-02-09,2,2,3,152,8937.6,17,1
1889,1912,2026-02-09,3,11,4,165,8815.95,10,1
1890,1914,2026-02-09,2,1,1,159,12295.47,7,1
1891,1920,2026-02-10,1,31,1,149,3196.05,7,1
1892,1825,2026-02-11,2,18,5,148,6916.04,44,0
1893,1858,2026-02-11,1,23,5,154,12324.62,30,1
1894,1897,2026-02-11,2,6,3,160,1766.4,16,1
1895,1900,2026-02-11,1,10,2,158,10037.74,15,0
1896,1905,2026-02-11,2,16,2,43,958.47,14,0
1897,1918,2026-02-11,1,26,6,148,8233.24,8,1
1898,1923,2026-02-11,3,27,6,160,12593.6,8,1
1899,1830,2026-02-12,1,21,5,142,3035.96,43,0
1900,1866,2026-02-12,3,17,5,164,12132.72,30,1
1901,1903,2026-02-12,3,2,3,141,8290.8,16,1
1902,1872,2026-02-13,2,24,5,42,3407.46,30,1
1903,1908,2026-02-13,3,5,3,177,994.74,16,1
1904,1919,2026-02-13,1,28,2,149,1506.39,10,1
1905,1925,2026-02-13,2,9,4,148,1512.56,9,1
1906,1928,2026-02-13,3,12,4,142,8322.62,9,1
1907,1813,2026-02-16,3,20,5,152,8892.0,53,0
1908,1862,2026-02-16,1,20,5,141,8248.5,34,0
1909,1874,2026-02-16,1,17,5,151,11170.98,32,1
1910,1910,2026-02-16,3,8,3,32,1489.6,18,1
1911,1913,2026-02-16,3,22,2,151,2831.25,17,0
1912,1926,2026-02-16,2,22,2,144,2700.0,12,1
1913,1927,2026-02-16,3,9,4,167,1706.74,12,0
1914,1929,2026-02-16,3,16,2,37,824.73,12,1
1915,1932,2026-02-16,3,13,1,143,10467.6,11,0
1916,1864,2026-02-17,2,20,5,143,8365.5,35,0
1917,1917,2026-02-17,1,12,4,166,9729.26,14,0
1918,1909,2026-02-18,1,8,3,36,1675.8,20,0
1919,1915,2026-02-18,2,3,3,185,6269.65,16,1
1920,1937,2026-02-18,1,14,4,178,10681.78,9,1
1921,1944,2026-02-18,1,25,1,152,1991.2,7,1
1922,1947,2026-02-18,2,19,1,148,2018.72,7,1
1923,1948,2026-02-18,3,31,1,150,3217.5,7,1
1924,1938,2026-02-19,2,10,2,148,9402.44,10,1
1925,1939,2026-02-19,2,28,2,145,1465.95,10,1
1926,1940,2026-02-19,3,28,2,143,1445.73,10,1
1927,1941,2026-02-19,2,12,4,141,8264.01,9,1
1928,1943,2026-02-19,3,15,4,144,6654.24,9,1
1929,1945,2026-02-19,1,29,6,145,2105.4,8,1
1930,1886,2026-02-20,1,18,5,148,6916.04,30,1
1931,1946,2026-02-20,2,15,4,144,6654.24,9,1
1932,1954,2026-02-20,2,25,1,146,1912.6,7,1
1933,1893,2026-02-23,3,18,5,153,7149.69,32,1
1934,1931,2026-02-23,3,3,3,157,5320.73,18,1
1935,1934,2026-02-23,1,6,3,151,1667.04,17,1
1936,1935,2026-02-23,2,27,6,161,12672.31,17,0
1937,1955,2026-02-23,2,26,6,155,8622.65,10,1
1938,1924,2026-02-24,1,27,6,142,11176.82,20,0
1939,1960,2026-02-24,2,13,1,149,10906.8,7,1
1940,1942,2026-02-25,3,4,2,150,11727.0,15,0
1941,1952,2026-02-25,1,1,1,181,13996.73,12,0
1942,1958,2026-02-25,2,31,1,144,3088.8,9,0
1943,1904,2026-02-26,3,24,5,34,2758.42,30,1
1944,1956,2026-02-26,1,30,6,154,4610.76,10,0
1945,1906,2026-02-27,2,18,5,162,7570.26,30,1
1946,1907,2026-02-27,2,21,5,158,3378.04,30,1
1947,1962,2026-02-27,3,10,2,142,9021.26,10,1
1948,1966,2026-02-27,1,11,4,170,9083.1,9,1
1949,1970,2026-02-27,1,13,1,143,10467.6,7,1
1950,1911,2026-03-02,3,23,5,156,12484.68,32,1
1951,1968,2026-03-02,2,22,2,143,2681.25,11,1
1952,1973,2026-03-02,3,26,6,148,8233.24,10,1
1953,1902,2026-03-03,2,23,5,144,11524.32,35,0
1954,1936,2026-03-03,1,4,2,162,12665.16,22,0
1955,1959,2026-03-03,2,11,4,142,7587.06,14,0
1956,1979,2026-03-03,3,1,1,159,12295.47,7,1
1957,1980,2026-03-03,3,7,1,150,8488.5,7,1
1958,1916,2026-03-04,3,21,5,148,3164.24,30,1
1959,1957,2026-03-04,2,5,3,150,843.0,16,1
1960,1967,2026-03-04,1,9,4,141,1441.02,13,0
1961,1922,2026-03-05,3,20,5,150,8775.0,30,1
1962,1983,2026-03-05,1,7,1,154,8714.86,7,1
1963,1921,2026-03-09,2,17,5,163,12058.74,34,0
1964,1930,2026-03-09,1,17,5,147,10875.06,32,1
1965,1933,2026-03-09,3,17,5,174,12872.52,32,1
1966,1964,2026-03-09,1,5,3,151,848.62,19,0
1967,1974,2026-03-09,3,29,6,169,2453.88,17,0
1968,1976,2026-03-09,2,10,2,145,9211.85,14,0
1969,1977,2026-03-09,2,14,4,141,8461.41,14,0
1970,1988,2026-03-09,3,12,4,157,9201.77,11,1
1971,1989,2026-03-09,3,14,4,143,8581.43,11,1
1972,1990,2026-03-09,1,22,2,155,2906.25,10,1
1973,1991,2026-03-09,1,27,6,144,11334.24,10,1
1974,1993,2026-03-10,1,32,6,39,411.84,8,1
1975,1965,2026-03-11,1,8,3,56,2606.8,21,0
1976,1997,2026-03-11,2,29,6,143,2076.36,8,1
1977,1999,2026-03-11,3,27,6,151,11885.21,8,1
1978,2000,2026-03-11,3,30,6,145,4341.3,8,1
1979,2004,2026-03-11,2,1,1,141,10903.53,7,1
1980,2010,2026-03-12,1,31,1,150,3217.5,7,1
1981,1996,2026-03-13,1,10,2,150,9529.5,10,1
1982,2002,2026-03-13,1,12,4,142,8322.62,9,1
1983,2005,2026-03-13,2,12,4,147,8615.67,9,1
1984,2007,2026-03-13,3,15,4,152,7023.92,9,1
1985,2013,2026-03-13,2,7,1,152,8601.68,7,1
1986,1949,2026-03-16,1,21,5,162,3463.56,32,1
1987,1950,2026-03-16,1,23,5,141,11284.23,32,1
1988,1953,2026-03-16,1,18,5,141,6588.93,31,1
1989,1982,2026-03-16,1,2,3,159,9349.2,18,1
1990,1985,2026-03-16,2,6,3,150,1656.0,18,1
1991,1987,2026-03-16,3,8,3,38,1768.9,18,1
1992,1994,2026-03-16,2,9,4,146,1492.12,14,0
1993,2003,2026-03-16,1,28,2,156,1577.16,12,1
1994,2008,2026-03-16,3,22,2,146,2737.5,12,1
1995,2020,2026-03-16,3,19,1,143,1950.52,7,1
1996,2019,2026-03-17,2,30,6,158,4730.52,8,1
1997,2021,2026-03-17,3,7,1,145,8205.55,7,1
1998,1951,2026-03-18,3,24,5,30,2433.9,34,0
1999,1981,2026-03-18,3,2,3,169,9937.2,21,0
2000,1984,2026-03-18,2,2,3,152,8937.6,20,0
2001,1986,2026-03-18,3,6,3,158,1744.32,20,0
2002,2009,2026-03-18,3,28,2,151,1526.61,14,0
2003,2012,2026-03-18,2,4,2,145,11336.1,12,0
2004,2016,2026-03-18,1,14,4,148,8881.48,9,1
2005,2026,2026-03-18,3,13,1,145,10614.0,7,1
2006,1961,2026-03-19,2,20,5,153,8950.5,30,1
2007,1963,2026-03-19,3,18,5,147,6869.31,30,1
2008,1998,2026-03-19,3,3,3,160,5422.4,16,1
2009,2001,2026-03-20,1,3,3,143,4846.27,16,1
2010,2023,2026-03-20,1,15,4,154,7116.34,9,1
2011,2032,2026-03-20,2,19,1,161,2196.04,7,1
2012,1969,2026-03-23,3,23,5,141,11284.23,32,1
2013,1971,2026-03-23,2,18,5,175,8177.75,31,1
2014,1972,2026-03-23,3,20,5,184,10764.0,31,1
2015,1992,2026-03-23,1,19,1,143,1950.52,21,0
2016,2025,2026-03-23,3,10,2,165,10482.45,12,1
2017,2029,2026-03-23,3,4,2,142,11101.56,11,1
2018,2030,2026-03-23,3,9,4,141,1441.02,11,1
2019,2031,2026-03-23,1,16,2,39,869.31,10,1
2020,2033,2026-03-23,2,25,1,156,2043.6,10,0
2021,2035,2026-03-23,1,13,1,155,11346.0,7,1
2022,2039,2026-03-23,3,31,1,155,3324.75,7,1
2023,2022,2026-03-24,3,11,4,147,7854.21,14,0
2024,2040,2026-03-24,1,25,1,147,1925.7,7,1
2025,2044,2026-03-24,3,25,1,157,2056.7,7,1
2026,1995,2026-03-25,1,4,2,142,11101.56,22,0
2027,2018,2026-03-25,2,5,3,162,910.44,16,1
2028,2041,2026-03-25,1,27,6,141,11098.11,8,1
2029,2045,2026-03-25,3,29,6,173,2511.96,8,1
2030,1978,2026-03-26,2,23,5,146,11684.38,30,1
2031,2038,2026-03-26,3,16,2,38,847.02,10,1
2032,2050,2026-03-26,2,31,1,166,3560.7,7,1
2033,1975,2026-03-27,1,20,5,144,8424.0,32,0
2034,2049,2026-03-27,2,26,6,156,8678.28,8,1
2035,2034,2026-03-30,2,28,2,160,1617.6,17,0
2036,2054,2026-03-30,1,30,6,152,4550.88,10,1
2037,2056,2026-03-30,3,26,6,142,7899.46,10,1
2038,2060,2026-03-31,3,32,6,37,390.72,8,1
2039,2064,2026-03-31,3,1,1,153,11831.49,7,1
2040,2027,2026-04-01,1,26,6,146,8121.98,20,0
2041,2048,2026-04-01,1,9,4,153,1563.66,13,0
2042,2053,2026-04-01,1,29,6,148,2148.96,12,0
2043,2042,2026-04-02,2,3,3,144,4880.16,16,1
2044,2043,2026-04-02,3,5,3,145,814.9,16,1
2045,2065,2026-04-02,3,14,4,143,8581.43,9,1
2046,2067,2026-04-02,1,1,1,147,11367.51,7,1
2047,2006,2026-04-03,2,24,5,30,2433.9,30,1
2048,2046,2026-04-03,3,2,3,141,8290.8,16,1
2049,2061,2026-04-03,1,22,2,147,2756.25,10,1
2050,2071,2026-04-03,2,27,6,143,11255.53,8,1
2051,2014,2026-04-06,2,17,5,153,11318.94,31,1
2052,2015,2026-04-06,3,24,5,38,3082.94,31,1
2053,2036,2026-04-06,2,11,4,145,7747.35,21,0
2054,2055,2026-04-06,2,10,2,141,8957.73,17,0
2055,2066,2026-04-06,1,7,1,141,7979.19,12,0
2056,2069,2026-04-06,1,15,4,142,6561.82,11,1
2057,2062,2026-04-07,2,15,4,154,7116.34,14,0
2058,2058,2026-04-08,1,6,3,142,1567.68,16,1
2059,2074,2026-04-08,1,14,4,154,9241.54,9,1
2060,2080,2026-04-08,1,19,1,159,2168.76,7,1
2061,2082,2026-04-09,2,29,6,154,2236.08,8,1
2062,2084,2026-04-09,2,1,1,151,11676.83,7,1
2063,2017,2026-04-10,1,17,5,170,12576.6,32,0
2064,2024,2026-04-10,2,20,5,141,8248.5,30,1
2065,2083,2026-04-10,1,26,6,146,8121.98,8,1
2066,2011,2026-04-13,3,21,5,149,3185.62,39,0
2067,2028,2026-04-13,2,21,5,151,3228.38,32,1
2068,2051,2026-04-13,1,10,2,141,8957.73,24,0
2069,2081,2026-04-13,2,22,2,155,2906.25,12,1
2070,2087,2026-04-13,2,14,4,142,8521.42,11,1
2071,2097,2026-04-14,3,30,6,142,4251.48,8,1
2072,2100,2026-04-14,2,31,1,146,3131.7,7,1
2073,2037,2026-04-15,2,23,5,151,12084.53,30,1
2074,2072,2026-04-15,3,6,3,147,1622.88,20,0
2075,2073,2026-04-15,1,3,3,153,5185.17,16,1
2076,2076,2026-04-15,2,16,2,45,1003.05,15,0
2077,2090,2026-04-15,2,12,4,142,8322.62,12,0
2078,2099,2026-04-15,2,30,6,141,4221.54,8,1
2079,2093,2026-04-16,1,4,2,166,12977.88,10,1
2080,2104,2026-04-16,3,7,1,148,8375.32,7,1
2081,2047,2026-04-17,3,18,5,143,6682.39,30,1
2082,2101,2026-04-17,2,11,4,157,8388.51,9,1
2083,2108,2026-04-17,3,13,1,149,10906.8,7,1
2084,2052,2026-04-20,1,21,5,145,3100.1,31,1
2085,2057,2026-04-20,1,5,3,158,887.96,28,0
2086,2068,2026-04-20,1,11,4,147,7854.21,25,0
2087,2075,2026-04-20,2,7,1,148,8375.32,20,0
2088,2085,2026-04-20,2,2,3,159,9349.2,18,1
2089,2086,2026-04-20,2,3,3,158,5354.62,18,1
2090,2089,2026-04-20,3,5,3,158,887.96,18,1
2091,2091,2026-04-20,2,32,6,31,327.36,17,0
2092,2098,2026-04-20,1,25,1,156,2043.6,13,0
2093,2102,2026-04-20,1,28,2,149,1506.39,11,1
2094,2103,2026-04-20,2,4,2,148,11570.64,11,1
2095,2106,2026-04-20,3,22,2,148,2775.0,11,1
2096,2107,2026-04-20,3,12,4,145,8498.45,10,1
2097,2110,2026-04-20,3,31,1,156,3346.2,10,0
2098,2114,2026-04-20,2,13,1,161,11785.2,7,1
2099,2059,2026-04-22,3,17,5,191,14130.18,30,1
2100,2092,2026-04-22,3,3,3,146,4947.94,19,0
2101,2095,2026-04-22,2,5,3,141,792.42,16,1
2102,2116,2026-04-22,1,27,6,157,12357.47,8,1
2103,2063,2026-04-23,2,18,5,146,6822.58,30,1
2104,2119,2026-04-23,1,30,6,148,4431.12,8,1
2105,2122,2026-04-23,2,19,1,142,1936.88,7,1
2106,2125,2026-04-24,3,29,6,159,2308.68,8,1
2107,2070,2026-04-27,1,23,5,147,11764.41,32,1
2108,2118,2026-04-27,3,1,1,151,11676.83,13,0
2109,2120,2026-04-27,3,11,4,170,9083.1,12,0
2110,2126,2026-04-27,3,9,4,141,1441.02,10,1
2111,2127,2026-04-27,3,10,2,157,9974.21,10,1
2112,2134,2026-04-28,1,13,1,149,10906.8,7,1
2113,2135,2026-04-28,2,25,1,143,1873.3,7,1
2114,2113,2026-04-29,2,6,3,169,1865.76,16,1
2115,2121,2026-04-29,2,9,4,180,1839.6,13,0
2116,2124,2026-04-29,3,15,4,163,7532.23,13,0
2117,2138,2026-04-29,1,19,1,142,1936.88,7,1
2118,2077,2026-04-30,3,20,5,157,9184.5,30,1
2119,2078,2026-04-30,3,23,5,171,13685.13,30,1
2120,2132,2026-04-30,2,28,2,142,1435.62,10,1
2121,2139,2026-04-30,3,26,6,146,8121.98,8,1
2122,2140,2026-04-30,1,1,1,144,11135.52,7,1
2123,2136,2026-05-01,3,28,2,146,1476.06,10,1
2124,2142,2026-05-01,2,27,6,145,11412.95,8,1
2125,2143,2026-05-01,3,27,6,179,14089.09,8,1
2126,2088,2026-05-04,2,21,5,159,3399.42,32,1
2127,2111,2026-05-04,1,2,3,162,9525.6,21,0
2128,2115,2026-05-04,1,8,3,41,1908.55,20,0
2129,2123,2026-05-04,3,2,3,146,8584.8,18,1
2130,2141,2026-05-04,1,9,4,160,1635.2,11,1
2131,2145,2026-05-04,1,29,6,143,2076.36,10,1
2132,2079,2026-05-06,1,18,5,150,7009.5,35,0
2133,2096,2026-05-06,3,18,5,145,6775.85,30,1
2134,2137,2026-05-06,1,11,4,142,7587.06,14,0
2135,2144,2026-05-06,1,4,2,158,12352.44,12,0
2136,2157,2026-05-07,3,19,1,168,2291.52,7,1
2137,2094,2026-05-08,1,20,5,159,9301.5,32,0
2138,2153,2026-05-08,1,7,1,142,8035.78,9,0
2139,2165,2026-05-08,2,31,1,143,3067.35,7,1
2140,2105,2026-05-11,3,17,5,142,10505.16,32,1
2141,2146,2026-05-11,3,5,3,148,831.76,17,1
2142,2147,2026-05-11,2,22,2,147,2756.25,14,0
2143,2154,2026-05-11,2,4,2,142,11101.56,11,1
2144,2156,2026-05-11,2,10,2,147,9338.91,11,1
2145,2159,2026-05-11,3,30,6,163,4880.22,11,0
2146,2160,2026-05-11,1,14,4,151,9061.51,10,1
2147,2161,2026-05-11,1,15,4,143,6608.03,10,1
2148,2162,2026-05-11,1,16,2,31,690.99,10,1
2149,2168,2026-05-11,1,31,1,151,3238.95,7,1
2150,2170,2026-05-12,2,32,6,30,316.8,8,1
2151,2163,2026-05-13,1,22,2,141,2643.75,12,0
2152,2117,2026-05-14,2,20,5,153,8950.5,30,1
2153,2152,2026-05-14,3,6,3,153,1689.12,16,1
2154,2169,2026-05-14,2,16,2,38,847.02,10,1
2155,2173,2026-05-14,2,26,6,142,7899.46,8,1
2156,2174,2026-05-14,2,29,6,147,2134.44,8,1
2157,2112,2026-05-15,1,17,5,156,11540.88,32,0
2158,2148,2026-05-15,3,8,3,34,1582.7,18,0
2159,2175,2026-05-15,3,14,4,159,9541.59,9,1
2160,2109,2026-05-18,3,21,5,141,3014.58,38,0
2161,2128,2026-05-18,1,5,3,214,1202.68,28,0
2162,2155,2026-05-18,2,5,3,150,843.0,18,1
2163,2176,2026-05-18,1,12,4,148,8674.28,11,1
2164,2178,2026-05-18,2,9,4,150,1533.0,11,1
2165,2180,2026-05-18,3,28,2,145,1465.95,10,1
2166,2182,2026-05-18,2,13,1,160,11712.0,7,1
2167,2133,2026-05-19,1,3,3,189,6405.21,28,0
2168,2151,2026-05-19,2,15,4,150,6931.5,21,0
2169,2177,2026-05-19,1,13,1,148,10833.6,12,0
2170,2130,2026-05-20,2,18,5,145,6775.85,30,1
2171,2131,2026-05-20,2,23,5,150,12004.5,30,1
2172,2185,2026-05-20,1,30,6,145,4341.3,8,1
2173,2187,2026-05-20,2,30,6,149,4461.06,8,1
2174,2186,2026-05-21,2,12,4,155,9084.55,9,1
2175,2189,2026-05-21,3,15,4,161,7439.81,9,1
2176,2191,2026-05-21,3,25,1,151,1978.1,9,0
2177,2197,2026-05-21,2,19,1,171,2332.44,7,1
2178,2183,2026-05-22,1,10,2,151,9593.03,10,1
2179,2188,2026-05-22,3,4,2,144,11257.92,10,1
2180,2193,2026-05-22,2,25,1,142,1860.2,9,0
2181,2194,2026-05-22,3,12,4,143,8381.23,9,1
2182,2195,2026-05-22,1,26,6,144,8010.72,8,1
2183,2196,2026-05-22,1,27,6,167,13144.57,8,1
2184,2203,2026-05-22,3,7,1,151,8545.09,7,1
2185,2166,2026-05-25,1,6,3,183,2020.32,21,0
2186,2172,2026-05-25,2,6,3,146,1611.84,19,0
2187,2199,2026-05-25,3,22,2,147,2756.25,11,1
2188,2202,2026-05-25,2,14,4,158,9481.58,10,1
2189,2208,2026-05-25,1,25,1,156,2043.6,7,1
2190,2214,2026-05-26,3,26,6,153,8511.39,8,1
2191,2216,2026-05-26,2,7,1,155,8771.45,7,1
2192,2149,2026-05-27,3,20,5,155,9067.5,30,1
2193,2181,2026-05-27,1,2,3,141,8290.8,16,1
2194,2207,2026-05-27,3,27,6,164,12908.44,12,0
2195,2212,2026-05-27,3,9,4,149,1522.78,9,1
2196,2217,2026-05-27,2,27,6,143,11255.53,8,1
2197,2213,2026-05-28,3,10,2,156,9910.68,10,1
2198,2215,2026-05-29,2,4,2,148,11570.64,10,1
2199,2218,2026-05-29,2,11,4,149,7961.07,9,1
2200,2223,2026-05-29,1,29,6,145,2105.4,8,1
2201,2226,2026-05-29,1,19,1,145,1977.8,7,1
2202,2228,2026-05-29,2,25,1,153,2004.3,7,1
2203,2129,2026-06-01,2,17,5,145,10727.1,42,0
2204,2158,2026-06-01,3,21,5,144,3078.72,32,1
2205,2167,2026-06-01,1,8,3,30,1396.5,28,0
2206,2204,2026-06-01,3,11,4,149,7961.07,17,0
2207,2221,2026-06-01,1,14,4,155,9301.55,11,1
2208,2222,2026-06-01,1,28,2,154,1556.94,11,1
2209,2230,2026-06-01,3,1,1,159,12295.47,10,0
2210,2233,2026-06-01,3,30,6,145,4341.3,10,1
2211,2234,2026-06-01,1,1,1,152,11754.16,7,1
2212,2205,2026-06-03,3,13,1,148,10833.6,19,0
2213,2209,2026-06-03,2,2,3,149,8761.2,16,1
2214,2210,2026-06-03,2,3,3,157,5320.73,16,1
2215,2211,2026-06-03,3,3,3,158,5354.62,16,1
2216,2239,2026-06-03,2,32,6,38,401.28,8,1
2217,2236,2026-06-04,2,28,2,170,1718.7,10,1
2218,2238,2026-06-05,2,22,2,141,2643.75,10,1
2219,2164,2026-06-08,2,20,5,159,9301.5,38,0
2220,2171,2026-06-08,3,18,5,142,6635.66,34,0
2221,2198,2026-06-08,3,2,3,170,9996.0,25,0
2222,2227,2026-06-08,2,5,3,147,826.14,17,1
2223,2229,2026-06-08,2,26,6,148,8233.24,17,0
2224,2232,2026-06-08,3,6,3,145,1600.8,17,1
2225,2243,2026-06-08,1,31,1,142,3045.9,11,0
2226,2245,2026-06-08,1,4,2,155,12117.9,10,1
2227,2150,2026-06-09,1,18,5,154,7196.42,42,0
2228,2220,2026-06-10,1,3,3,148,5015.72,20,0
2229,2231,2026-06-10,3,5,3,147,826.14,19,0
2230,2242,2026-06-10,1,12,4,144,8439.84,13,0
2231,2248,2026-06-10,3,31,1,144,3088.8,12,0
2232,2249,2026-06-10,2,9,4,143,1461.46,9,1
2233,2184,2026-06-11,1,23,5,159,12724.77,30,1
2234,2251,2026-06-11,1,26,6,153,8511.39,8,1
2235,2262,2026-06-11,3,19,1,144,1964.16,7,1
2236,2255,2026-06-12,3,15,4,145,6700.45,9,1
2237,2179,2026-06-15,2,24,5,36,2920.68,39,0
2238,2190,2026-06-15,3,23,5,158,12644.74,34,0
2239,2192,2026-06-15,2,21,5,143,3057.34,33,0
2240,2200,2026-06-15,1,20,5,153,8950.5,31,1
2241,2219,2026-06-15,2,16,2,40,891.6,26,0
2242,2246,2026-06-15,1,5,3,143,803.66,17,1
2243,2247,2026-06-15,2,6,3,143,1578.72,17,1
2244,2252,2026-06-15,2,10,2,154,9783.62,12,1
2245,2257,2026-06-15,1,22,2,146,2737.5,11,1
2246,2260,2026-06-15,3,4,2,173,13525.14,11,1
2247,2261,2026-06-15,3,10,2,145,9211.85,11,1
2248,2264,2026-06-15,1,15,4,147,6792.87,10,1
2249,2265,2026-06-15,2,11,4,147,7854.21,10,1
2250,2266,2026-06-15,3,13,1,147,10760.4,10,0
2251,2244,2026-06-16,2,1,1,150,11599.5,19,0
2252,2256,2026-06-16,3,32,6,47,496.32,13,0
2253,2269,2026-06-16,1,27,6,144,11334.24,8,1
2254,2277,2026-06-16,2,19,1,155,2114.2,7,1
2255,2240,2026-06-17,1,11,4,151,8067.93,21,0
2256,2250,2026-06-17,3,8,3,37,1722.35,16,1
2257,2270,2026-06-17,2,13,1,142,10394.4,9,0
2258,2274,2026-06-17,1,30,6,151,4520.94,8,1
2259,2275,2026-06-18,2,14,4,146,8761.46,9,1
2260,2276,2026-06-18,2,15,4,142,6561.82,9,1
2261,2254,2026-06-19,3,3,3,166,5625.74,16,1
2262,2287,2026-06-19,2,7,1,141,7979.19,7,1
2263,2224,2026-06-22,1,17,5,142,10505.16,31,1
2264,2225,2026-06-22,1,18,5,167,7803.91,31,1
2265,2258,2026-06-22,2,2,3,150,8820.0,18,1
2266,2259,2026-06-22,2,3,3,159,5388.51,18,1
2267,2267,2026-06-22,1,9,4,157,1604.54,14,0
2268,2271,2026-06-22,2,31,1,169,3625.05,14,0
2269,2281,2026-06-22,2,4,2,150,11727.0,12,1
2270,2282,2026-06-22,2,29,6,142,2061.84,12,0
2271,2283,2026-06-22,3,26,6,154,8567.02,12,0
2272,2285,2026-06-22,3,14,4,147,8821.47,11,1
2273,2289,2026-06-22,1,19,1,141,1923.24,7,1
2274,2293,2026-06-22,3,25,1,147,1925.7,7,1
2275,2294,2026-06-22,3,31,1,144,3088.8,7,1
2276,2268,2026-06-23,1,10,2,142,9021.26,15,0
2277,2235,2026-06-24,2,23,5,156,12484.68,30,1
2278,2263,2026-06-24,1,13,1,160,11712.0,19,0
2279,2291,2026-06-24,2,12,4,147,8615.67,9,1
2280,2290,2026-06-25,1,28,2,143,1445.73,10,1
2281,2300,2026-06-25,1,25,1,158,2069.8,7,1
2282,2296,2026-06-26,3,27,6,143,11255.53,10,0
2283,2201,2026-06-29,1,21,5,149,3185.62,45,0
2284,2206,2026-06-29,3,17,5,153,11318.94,45,0
2285,2279,2026-06-29,1,3,3,178,6032.42,19,0
2286,2284,2026-06-29,2,22,2,142,2662.5,18,0
2287,2286,2026-06-29,3,28,2,146,1476.06,18,0
2288,2292,2026-06-29,2,30,6,166,4970.04,14,0
2289,2303,2026-06-29,3,22,2,146,2737.5,11,1
2290,2306,2026-06-29,3,11,4,154,8228.22,10,1
2291,2310,2026-06-29,2,1,1,141,10903.53,7,1
2292,2297,2026-06-30,1,29,6,143,2076.36,13,0
2293,2315,2026-06-30,3,1,1,160,12372.8,7,1
2294,2241,2026-07-01,2,18,5,159,7430.07,35,0
2295,2305,2026-07-01,3,29,6,151,2192.52,13,0
2296,2308,2026-07-01,3,30,6,156,4670.64,12,0
2297,2313,2026-07-01,1,27,6,142,11176.82,8,1
2298,2316,2026-07-01,1,7,1,147,8318.73,7,1
2299,2322,2026-07-02,2,19,1,142,1936.88,7,1
2300,2253,2026-07-03,2,21,5,141,3014.58,30,1
2301,2323,2026-07-03,2,27,6,163,12829.73,8,1
2302,2326,2026-07-03,1,1,1,160,12372.8,7,1
2303,2301,2026-07-06,3,2,3,143,8408.4,18,1
2304,2314,2026-07-06,2,26,6,151,8400.13,13,0
2305,2317,2026-07-06,1,13,1,158,11565.6,12,0
2306,2321,2026-07-06,2,14,4,143,8581.43,11,1
2307,2327,2026-07-06,1,4,2,149,11648.82,10,1
2308,2237,2026-07-07,2,17,5,146,10801.08,42,0
2309,2335,2026-07-07,1,31,1,164,3517.8,7,1
2310,2272,2026-07-08,3,20,5,183,10705.5,30,1
2311,2273,2026-07-08,3,24,5,32,2596.16,30,1
2312,2311,2026-07-08,2,8,3,41,1908.55,16,1
2313,2328,2026-07-08,3,12,4,145,8498.45,12,0
2314,2331,2026-07-08,1,14,4,141,8461.41,9,1
2315,2333,2026-07-08,2,11,4,145,7747.35,9,1
2316,2339,2026-07-08,2,13,1,148,10833.6,7,1
2317,2278,2026-07-09,2,20,5,141,8248.5,30,1
2318,2312,2026-07-09,1,5,3,145,814.9,16,1
2319,2348,2026-07-09,3,7,1,146,8262.14,7,1
2320,2280,2026-07-10,1,21,5,143,3057.34,30,1
2321,2337,2026-07-10,1,15,4,150,6931.5,9,1
2322,2338,2026-07-10,2,9,4,144,1471.68,9,1
2323,2347,2026-07-10,2,32,6,40,422.4,8,1
2324,2288,2026-07-13,3,18,5,152,7102.96,31,1
2325,2302,2026-07-13,3,5,3,159,893.58,25,0
2326,2319,2026-07-13,3,8,3,42,1955.1,19,0
2327,2334,2026-07-13,1,12,4,162,9494.82,13,0
2328,2343,2026-07-13,2,4,2,151,11805.18,11,1
2329,2346,2026-07-13,2,28,2,154,1556.94,11,1
2330,2350,2026-07-13,1,26,6,143,7955.09,10,1
2331,2352,2026-07-13,3,9,4,143,1461.46,10,1
2332,2356,2026-07-13,1,25,1,146,1912.6,7,1
2333,2360,2026-07-14,2,25,1,144,1886.4,7,1
2334,2324,2026-07-15,3,6,3,142,1567.68,20,0
2335,2329,2026-07-15,1,6,3,146,1611.84,16,1
2336,2330,2026-07-15,1,8,3,31,1443.05,16,1
2337,2332,2026-07-15,2,6,3,151,1667.04,16,1
2338,2342,2026-07-15,1,32,6,36,380.16,13,0
2339,2349,2026-07-15,3,14,4,149,8941.49,13,0
2340,2354,2026-07-15,1,9,4,143,1461.46,9,1
2341,2358,2026-07-15,3,15,4,144,6654.24,9,1
2342,2355,2026-07-17,1,11,4,141,7533.63,11,0
2343,2365,2026-07-17,2,31,1,162,3474.9,9,0
2344,2370,2026-07-17,2,29,6,157,2279.64,8,1
2345,2295,2026-07-20,2,17,5,150,11097.0,34,0
2346,2298,2026-07-20,1,23,5,152,12164.56,32,1
2347,2304,2026-07-20,3,23,5,154,12324.62,32,1
2348,2307,2026-07-20,3,17,5,149,11023.02,31,1
2349,2351,2026-07-20,2,2,3,151,8878.8,17,1
2350,2364,2026-07-20,2,10,2,141,8957.73,12,1
2351,2371,2026-07-20,3,16,2,38,847.02,10,1
2352,2374,2026-07-20,3,26,6,177,9846.51,10,1
2353,2378,2026-07-20,3,19,1,175,2387.0,7,1
2354,2299,2026-07-22,1,24,5,40,3245.2,34,0
2355,2336,2026-07-22,1,2,3,144,8467.2,21,0
2356,2357,2026-07-22,3,3,3,159,5388.51,16,1
2357,2368,2026-07-22,2,15,4,151,6977.71,13,0
2358,2381,2026-07-22,2,7,1,147,8318.73,7,1
2359,2380,2026-07-23,1,32,6,46,485.76,8,1
2360,2386,2026-07-23,3,25,1,157,2056.7,7,1
2361,2318,2026-07-24,2,18,5,155,7243.15,30,1
2362,2363,2026-07-24,2,5,3,152,854.24,16,1
2363,2383,2026-07-24,3,13,1,141,10321.2,9,0
2364,2320,2026-07-27,1,20,5,161,9418.5,32,1
2365,2344,2026-07-27,2,22,2,163,3056.25,25,0
2366,2366,2026-07-27,1,3,3,155,5252.95,18,1
2367,2377,2026-07-27,3,10,2,143,9084.79,14,0
2368,2379,2026-07-27,3,29,6,156,2265.12,13,0
2369,2382,2026-07-27,3,4,2,160,12508.8,12,1
2370,2387,2026-07-27,2,16,2,50,1114.5,10,1
2371,2388,2026-07-27,2,26,6,144,8010.72,10,1
2372,2389,2026-07-27,3,27,6,149,11727.79,10,1
2373,2390,2026-07-27,1,13,1,155,11346.0,7,1
2374,2392,2026-07-27,3,31,1,141,3024.45,7,1
2375,2325,2026-07-29,3,20,5,148,8658.0,34,0
2376,2359,2026-07-29,1,22,2,142,2662.5,22,0
2377,2375,2026-07-29,2,3,3,167,5659.63,16,1
2378,2385,2026-07-29,1,27,6,142,11176.82,13,0
2379,2396,2026-07-29,1,19,1,145,1977.8,7,1
2380,2394,2026-07-30,2,11,4,149,7961.07,9,1
2381,2400,2026-07-30,1,1,1,146,11290.18,7,1
2382,2401,2026-07-30,1,7,1,147,8318.73,7,1
2383,2340,2026-07-31,2,20,5,150,8775.0,30,1
2384,2341,2026-07-31,2,21,5,149,3185.62,30,1
2385,2393,2026-07-31,1,16,2,45,1003.05,10,1
2386,2403,2026-07-31,2,27,6,156,12278.76,8,1
2387,2407,2026-07-31,2,19,1,156,2127.84,7,1
2388,2309,2026-08-03,1,18,5,156,7289.88,42,0
2389,2345,2026-08-03,2,23,5,155,12404.65,32,1
2390,2353,2026-08-03,3,23,5,153,12244.59,31,1
2391,2376,2026-08-03,3,5,3,155,871.1,21,0
2392,2391,2026-08-03,3,22,2,141,2643.75,14,0
2393,2410,2026-08-04,1,30,6,143,4281.42,8,1
2394,2384,2026-08-05,1,6,3,146,1611.84,20,0
2395,2405,2026-08-05,3,11,4,157,8388.51,13,0
2396,2409,2026-08-05,1,12,4,148,8674.28,9,1
2397,2411,2026-08-06,2,22,2,155,2906.25,10,1
2398,2424,2026-08-06,3,30,6,142,4251.48,8,1
2399,2428,2026-08-06,2,1,1,158,12218.14,7,1
2400,2362,2026-08-07,1,21,5,142,3035.96,30,1
2401,2416,2026-08-07,2,28,2,177,1789.47,10,1
2402,2418,2026-08-07,3,28,2,162,1637.82,10,1
2403,2421,2026-08-07,2,9,4,145,1481.9,9,1
2404,2427,2026-08-07,1,26,6,146,8121.98,8,1
2405,2433,2026-08-07,2,13,1,147,10760.4,7,1
2406,2361,2026-08-10,1,17,5,166,12280.68,33,0
2407,2367,2026-08-10,1,23,5,155,12404.65,32,1
2408,2369,2026-08-10,2,17,5,156,11540.88,32,1
2409,2372,2026-08-10,3,17,5,162,11984.76,31,1
2410,2373,2026-08-10,3,21,5,146,3121.48,31,1
2411,2398,2026-08-10,2,4,2,146,11414.28,19,0
2412,2406,2026-08-10,1,2,3,161,9466.8,17,1
2413,2408,2026-08-10,3,3,3,144,4880.16,17,1
2414,2413,2026-08-10,1,28,2,154,1556.94,13,0
2415,2419,2026-08-10,1,4,2,159,12430.62,12,1
2416,2420,2026-08-10,1,10,2,157,9974.21,12,1
2417,2422,2026-08-10,3,15,4,198,9149.58,12,0
2418,2426,2026-08-10,1,11,4,148,7907.64,11,1
2419,2429,2026-08-10,2,15,4,141,6515.61,11,1
2420,2417,2026-08-11,3,12,4,158,9260.38,14,0
2421,2434,2026-08-11,1,29,6,141,2047.32,8,1
2422,2404,2026-08-12,3,2,3,162,9525.6,20,0
2423,2435,2026-08-12,3,1,1,161,12450.13,9,0
2424,2441,2026-08-12,3,26,6,147,8177.61,8,1
2425,2414,2026-08-13,2,2,3,158,9290.4,16,1
2426,2438,2026-08-13,2,14,4,174,10441.74,9,1
2427,2449,2026-08-14,2,31,1,148,3174.6,7,1
2428,2402,2026-08-17,2,12,4,142,8322.62,25,0
2429,2432,2026-08-17,2,8,3,34,1582.7,17,1
2430,2437,2026-08-17,3,10,2,153,9720.09,14,0
2431,2443,2026-08-17,1,22,2,145,2718.75,11,1
2432,2447,2026-08-17,1,15,4,160,7393.6,10,1
2433,2448,2026-08-17,2,29,6,155,2250.6,10,1
2434,2452,2026-08-18,1,30,6,161,4820.34,8,1
2435,2436,2026-08-19,3,8,3,30,1396.5,16,1
2436,2460,2026-08-19,3,19,1,150,2046.0,7,1
2437,2395,2026-08-20,3,18,5,155,7243.15,30,1
2438,2397,2026-08-21,1,20,5,142,8307.0,30,1
2439,2455,2026-08-21,2,30,6,145,4341.3,10,0
2440,2464,2026-08-21,1,7,1,162,9167.58,7,1
2441,2465,2026-08-21,1,13,1,147,10760.4,7,1
2442,2399,2026-08-24,2,20,5,142,8307.0,33,0
2443,2425,2026-08-24,1,5,3,141,792.42,25,0
2444,2439,2026-08-24,2,25,1,156,2043.6,20,0
2445,2446,2026-08-24,1,3,3,146,4947.94,17,1
2446,2450,2026-08-24,3,9,4,159,1624.98,17,0
2447,2456,2026-08-24,3,13,1,149,10906.8,13,0
2448,2458,2026-08-24,2,4,2,145,11336.1,12,1
2449,2461,2026-08-24,1,12,4,157,9201.77,11,1
2450,2466,2026-08-24,2,32,6,37,390.72,10,1
2451,2467,2026-08-24,3,22,2,143,2681.25,10,1
2452,2469,2026-08-24,1,31,1,151,3238.95,7,1
2453,2470,2026-08-25,1,32,6,47,496.32,8,1
2454,2481,2026-08-25,3,31,1,150,3217.5,7,1
2455,2475,2026-08-26,3,15,4,148,6839.08,9,1
2456,2480,2026-08-26,3,27,6,142,11176.82,8,1
2457,2482,2026-08-26,2,19,1,147,2005.08,7,1
2458,2472,2026-08-27,2,10,2,146,9275.38,10,1
2459,2487,2026-08-27,3,25,1,148,1938.8,7,1
2460,2423,2026-08-28,3,20,5,145,8482.5,30,1
2461,2457,2026-08-28,2,3,3,157,5320.73,16,1
2462,2477,2026-08-28,1,4,2,156,12196.08,10,1
2463,2478,2026-08-28,1,29,6,145,2105.4,10,0
2464,2412,2026-08-31,1,23,5,141,11284.23,34,0
2465,2430,2026-08-31,1,18,5,154,7196.42,31,1
2466,2431,2026-08-31,2,6,3,156,1722.24,31,0
2467,2444,2026-08-31,3,14,4,153,9181.53,25,0
2468,2463,2026-08-31,3,16,2,49,1092.21,18,0
2469,2483,2026-08-31,3,4,2,157,12274.26,12,1
2470,2486,2026-08-31,3,7,1,173,9790.07,11,0
2471,2488,2026-08-31,1,14,4,145,8701.45,10,1
2472,2490,2026-08-31,2,26,6,166,9234.58,10,1
