Date,WarehouseID,Stage,CapacityUnits,CompletedUnits,OpeningQueueUnits,ClosingQueueUnits,WaitUnitDays
2024-01-01,1,Dispatch,213,0,0,0,0
2024-01-01,1,Pack,235,0,0,0,0
2024-01-01,1,Pick,267,157,157,0,0
2024-01-01,2,Dispatch,238,0,0,0,0
2024-01-01,2,Pack,208,0,0,0,0
2024-01-01,2,Pick,264,112,112,0,0
2024-01-01,3,Dispatch,214,0,0,0,0
2024-01-01,3,Pack,221,0,0,0,0
2024-01-01,3,Pick,251,157,157,0,0
2024-01-02,1,Dispatch,201,0,0,0,0
2024-01-02,1,Pack,199,157,157,0,157
2024-01-02,1,Pick,236,173,173,0,0
2024-01-02,2,Dispatch,259,0,0,0,0
2024-01-02,2,Pack,190,112,112,0,112
2024-01-02,2,Pick,247,163,163,0,0
2024-01-02,3,Dispatch,253,0,0,0,0
2024-01-02,3,Pack,223,157,157,0,157
2024-01-02,3,Pick,263,161,161,0,0
2024-01-03,1,Dispatch,258,157,157,0,157
2024-01-03,1,Pack,197,173,173,0,173
2024-01-03,1,Pick,267,161,161,0,0
2024-01-03,2,Dispatch,229,112,112,0,112
2024-01-03,2,Pack,227,163,163,0,163
2024-01-03,2,Pick,209,209,209,0,0
2024-01-03,3,Dispatch,252,157,157,0,157
2024-01-03,3,Pack,189,161,161,0,161
2024-01-03,3,Pick,223,153,153,0,0
2024-01-04,1,Dispatch,223,173,173,0,173
2024-01-04,1,Pack,203,161,161,0,161
2024-01-04,1,Pick,254,187,187,0,0
2024-01-04,2,Dispatch,214,163,163,0,163
2024-01-04,2,Pack,231,209,209,0,209
2024-01-04,2,Pick,236,168,168,0,0
2024-01-04,3,Dispatch,207,161,161,0,161
2024-01-04,3,Pack,223,153,153,0,153
2024-01-04,3,Pick,244,149,149,0,0
2024-01-05,1,Dispatch,253,161,161,0,161
2024-01-05,1,Pack,184,184,187,3,184
2024-01-05,1,Pick,251,169,169,0,0
2024-01-05,2,Dispatch,246,209,209,0,209
2024-01-05,2,Pack,239,168,168,0,168
2024-01-05,2,Pick,240,183,183,0,0
2024-01-05,3,Dispatch,211,153,153,0,153
2024-01-05,3,Pack,215,149,149,0,149
2024-01-05,3,Pick,217,189,189,0,0
2024-01-08,1,Dispatch,209,184,184,0,552
2024-01-08,1,Pack,236,172,172,0,519
2024-01-08,1,Pick,261,186,186,0,0
2024-01-08,2,Dispatch,260,168,168,0,504
2024-01-08,2,Pack,216,183,183,0,549
2024-01-08,2,Pick,231,147,147,0,0
2024-01-08,3,Dispatch,248,149,149,0,447
2024-01-08,3,Pack,184,184,189,5,552
2024-01-08,3,Pick,242,170,170,0,0
2024-01-09,1,Dispatch,213,172,172,0,172
2024-01-09,1,Pack,237,186,186,0,186
2024-01-09,1,Pick,254,182,182,0,0
2024-01-09,2,Dispatch,235,183,183,0,183
2024-01-09,2,Pack,228,147,147,0,147
2024-01-09,2,Pick,229,193,193,0,0
2024-01-09,3,Dispatch,223,184,184,0,184
2024-01-09,3,Pack,219,175,175,0,190
2024-01-09,3,Pick,228,139,139,0,0
2024-01-10,1,Dispatch,224,186,186,0,186
2024-01-10,1,Pack,235,182,182,0,182
2024-01-10,1,Pick,215,127,127,0,0
2024-01-10,2,Dispatch,227,147,147,0,147
2024-01-10,2,Pack,222,193,193,0,193
2024-01-10,2,Pick,232,115,115,0,0
2024-01-10,3,Dispatch,207,175,175,0,175
2024-01-10,3,Pack,185,139,139,0,139
2024-01-10,3,Pick,246,143,143,0,0
2024-01-11,1,Dispatch,230,182,182,0,182
2024-01-11,1,Pack,191,127,127,0,127
2024-01-11,1,Pick,262,141,141,0,0
2024-01-11,2,Dispatch,235,193,193,0,193
2024-01-11,2,Pack,238,115,115,0,115
2024-01-11,2,Pick,236,178,178,0,0
2024-01-11,3,Dispatch,234,139,139,0,139
2024-01-11,3,Pack,195,143,143,0,143
2024-01-11,3,Pick,266,119,119,0,0
2024-01-12,1,Dispatch,201,127,127,0,127
2024-01-12,1,Pack,217,141,141,0,141
2024-01-12,1,Pick,221,156,156,0,0
2024-01-12,2,Dispatch,244,115,115,0,115
2024-01-12,2,Pack,200,178,178,0,178
2024-01-12,2,Pick,234,139,139,0,0
2024-01-12,3,Dispatch,219,143,143,0,143
2024-01-12,3,Pack,207,119,119,0,119
2024-01-12,3,Pick,221,189,189,0,0
2024-01-15,1,Dispatch,259,141,141,0,423
2024-01-15,1,Pack,229,156,156,0,468
2024-01-15,1,Pick,233,143,143,0,0
2024-01-15,2,Dispatch,229,178,178,0,534
2024-01-15,2,Pack,228,139,139,0,417
2024-01-15,2,Pick,243,155,155,0,0
2024-01-15,3,Dispatch,260,119,119,0,357
2024-01-15,3,Pack,239,189,189,0,567
2024-01-15,3,Pick,254,114,114,0,0
2024-01-16,1,Dispatch,207,156,156,0,156
2024-01-16,1,Pack,202,143,143,0,143
2024-01-16,1,Pick,259,86,86,0,0
2024-01-16,2,Dispatch,216,139,139,0,139
2024-01-16,2,Pack,237,155,155,0,155
2024-01-16,2,Pick,253,139,147,8,0
2024-01-16,3,Dispatch,246,189,189,0,189
2024-01-16,3,Pack,206,114,114,0,114
2024-01-16,3,Pick,265,158,158,0,0
2024-01-17,1,Dispatch,240,143,143,0,143
2024-01-17,1,Pack,194,86,86,0,86
2024-01-17,1,Pick,223,154,154,0,0
2024-01-17,2,Dispatch,207,155,155,0,155
2024-01-17,2,Pack,213,139,139,0,139
2024-01-17,2,Pick,263,192,200,8,0
2024-01-17,3,Dispatch,261,114,114,0,114
2024-01-17,3,Pack,190,158,158,0,158
2024-01-17,3,Pick,209,149,149,0,0
2024-01-18,1,Dispatch,243,86,86,0,86
2024-01-18,1,Pack,218,154,154,0,154
2024-01-18,1,Pick,227,106,106,0,0
2024-01-18,2,Dispatch,220,139,139,0,139
2024-01-18,2,Pack,201,192,192,0,192
2024-01-18,2,Pick,244,128,136,8,0
2024-01-18,3,Dispatch,260,158,158,0,158
2024-01-18,3,Pack,196,149,149,0,149
2024-01-18,3,Pick,213,195,195,0,0
2024-01-19,1,Dispatch,224,154,154,0,154
2024-01-19,1,Pack,223,106,106,0,106
2024-01-19,1,Pick,266,143,143,0,0
2024-01-19,2,Dispatch,252,192,192,0,192
2024-01-19,2,Pack,203,128,128,0,128
2024-01-19,2,Pick,265,131,149,18,0
2024-01-19,3,Dispatch,235,149,149,0,149
2024-01-19,3,Pack,218,195,195,0,195
2024-01-19,3,Pick,206,129,129,0,0
2024-01-22,1,Dispatch,243,106,106,0,318
2024-01-22,1,Pack,230,143,143,0,429
2024-01-22,1,Pick,244,137,137,0,0
2024-01-22,2,Dispatch,258,128,128,0,384
2024-01-22,2,Pack,229,131,131,0,393
2024-01-22,2,Pick,249,153,186,33,0
2024-01-22,3,Dispatch,236,195,195,0,585
2024-01-22,3,Pack,185,129,129,0,387
2024-01-22,3,Pick,245,127,127,0,0
2024-01-23,1,Dispatch,262,143,143,0,143
2024-01-23,1,Pack,202,137,137,0,137
2024-01-23,1,Pick,224,157,157,0,0
2024-01-23,2,Dispatch,243,131,131,0,131
2024-01-23,2,Pack,190,153,153,0,153
2024-01-23,2,Pick,213,141,174,33,0
2024-01-23,3,Dispatch,263,129,129,0,129
2024-01-23,3,Pack,199,127,127,0,127
2024-01-23,3,Pick,222,159,159,0,0
2024-01-24,1,Dispatch,231,137,137,0,137
2024-01-24,1,Pack,190,157,157,0,157
2024-01-24,1,Pick,216,213,213,0,0
2024-01-24,2,Dispatch,222,153,153,0,153
2024-01-24,2,Pack,219,141,141,0,141
2024-01-24,2,Pick,235,106,155,49,0
2024-01-24,3,Dispatch,228,127,127,0,127
2024-01-24,3,Pack,225,159,159,0,159
2024-01-24,3,Pick,250,115,115,0,0
2024-01-25,1,Dispatch,255,157,157,0,157
2024-01-25,1,Pack,207,207,213,6,207
2024-01-25,1,Pick,261,144,144,0,0
2024-01-25,2,Dispatch,213,141,141,0,141
2024-01-25,2,Pack,231,106,106,0,106
2024-01-25,2,Pick,228,127,197,70,0
2024-01-25,3,Dispatch,205,159,159,0,159
2024-01-25,3,Pack,239,115,115,0,115
2024-01-25,3,Pick,226,161,161,0,0
2024-01-26,1,Dispatch,235,207,207,0,207
2024-01-26,1,Pack,211,150,150,0,156
2024-01-26,1,Pick,227,184,184,0,0
2024-01-26,2,Dispatch,214,106,106,0,106
2024-01-26,2,Pack,220,127,127,0,127
2024-01-26,2,Pick,252,148,218,70,0
2024-01-26,3,Dispatch,201,115,115,0,115
2024-01-26,3,Pack,190,161,161,0,161
2024-01-26,3,Pick,222,110,110,0,0
2024-01-29,1,Dispatch,214,150,150,0,450
2024-01-29,1,Pack,210,184,184,0,552
2024-01-29,1,Pick,218,150,150,0,0
2024-01-29,2,Dispatch,212,127,127,0,381
2024-01-29,2,Pack,220,148,148,0,444
2024-01-29,2,Pick,238,197,278,81,0
2024-01-29,3,Dispatch,204,161,161,0,483
2024-01-29,3,Pack,239,110,110,0,330
2024-01-29,3,Pick,264,177,177,0,0
2024-01-30,1,Dispatch,243,184,184,0,184
2024-01-30,1,Pack,223,150,150,0,150
2024-01-30,1,Pick,215,133,133,0,0
2024-01-30,2,Dispatch,221,148,148,0,148
2024-01-30,2,Pack,226,197,197,0,197
2024-01-30,2,Pick,206,162,243,81,0
2024-01-30,3,Dispatch,245,110,110,0,110
2024-01-30,3,Pack,229,177,177,0,177
2024-01-30,3,Pick,218,122,122,0,0
2024-01-31,1,Dispatch,235,150,150,0,150
2024-01-31,1,Pack,191,133,133,0,133
2024-01-31,1,Pick,215,129,129,0,0
2024-01-31,2,Dispatch,233,197,197,0,197
2024-01-31,2,Pack,219,162,162,0,162
2024-01-31,2,Pick,205,205,259,54,635
2024-01-31,3,Dispatch,239,177,177,0,177
2024-01-31,3,Pack,220,122,122,0,122
2024-01-31,3,Pick,251,155,155,0,0
2024-02-01,1,Dispatch,205,133,133,0,133
2024-02-01,1,Pack,231,129,129,0,129
2024-02-01,1,Pick,249,114,114,0,0
2024-02-01,2,Dispatch,252,162,162,0,162
2024-02-01,2,Pack,191,191,205,14,191
2024-02-01,2,Pick,250,200,200,0,54
2024-02-01,3,Dispatch,254,122,122,0,122
2024-02-01,3,Pack,235,155,155,0,155
2024-02-01,3,Pick,225,147,147,0,0
2024-02-02,1,Dispatch,231,129,129,0,129
2024-02-02,1,Pack,230,114,114,0,114
2024-02-02,1,Pick,223,196,196,0,0
2024-02-02,2,Dispatch,261,191,191,0,191
2024-02-02,2,Pack,224,214,214,0,228
2024-02-02,2,Pick,236,165,165,0,0
2024-02-02,3,Dispatch,209,155,155,0,155
2024-02-02,3,Pack,193,147,147,0,147
2024-02-02,3,Pick,254,118,118,0,0
2024-02-05,1,Dispatch,225,114,114,0,342
2024-02-05,1,Pack,184,184,196,12,552
2024-02-05,1,Pick,238,135,135,0,0
2024-02-05,2,Dispatch,203,203,214,11,609
2024-02-05,2,Pack,203,165,165,0,495
2024-02-05,2,Pick,235,169,169,0,0
2024-02-05,3,Dispatch,248,147,147,0,441
2024-02-05,3,Pack,211,118,118,0,354
2024-02-05,3,Pick,215,171,171,0,0
2024-02-06,1,Dispatch,202,184,184,0,184
2024-02-06,1,Pack,238,147,147,0,183
2024-02-06,1,Pick,252,125,125,0,0
2024-02-06,2,Dispatch,226,176,176,0,209
2024-02-06,2,Pack,187,169,169,0,169
2024-02-06,2,Pick,228,173,173,0,0
2024-02-06,3,Dispatch,205,118,118,0,118
2024-02-06,3,Pack,185,171,171,0,171
2024-02-06,3,Pick,250,115,117,2,0
2024-02-07,1,Dispatch,212,147,147,0,147
2024-02-07,1,Pack,187,125,125,0,125
2024-02-07,1,Pick,256,150,150,0,0
2024-02-07,2,Dispatch,200,169,169,0,169
2024-02-07,2,Pack,209,173,173,0,173
2024-02-07,2,Pick,237,111,111,0,0
2024-02-07,3,Dispatch,221,171,171,0,171
2024-02-07,3,Pack,211,115,115,0,115
2024-02-07,3,Pick,227,149,164,15,0
2024-02-08,1,Dispatch,232,125,125,0,125
2024-02-08,1,Pack,217,150,150,0,150
2024-02-08,1,Pick,205,159,159,0,0
2024-02-08,2,Dispatch,242,173,173,0,173
2024-02-08,2,Pack,198,111,111,0,111
2024-02-08,2,Pick,216,185,187,2,0
2024-02-08,3,Dispatch,210,115,115,0,115
2024-02-08,3,Pack,185,149,149,0,149
2024-02-08,3,Pick,217,114,129,15,0
2024-02-09,1,Dispatch,255,150,150,0,150
2024-02-09,1,Pack,185,159,159,0,159
2024-02-09,1,Pick,229,185,185,0,0
2024-02-09,2,Dispatch,245,111,111,0,111
2024-02-09,2,Pack,241,185,185,0,185
2024-02-09,2,Pick,214,172,174,2,0
2024-02-09,3,Dispatch,255,149,149,0,149
2024-02-09,3,Pack,187,114,114,0,114
2024-02-09,3,Pick,239,209,209,0,32
2024-02-12,1,Dispatch,246,159,159,0,477
2024-02-12,1,Pack,192,185,185,0,555
2024-02-12,1,Pick,248,190,194,4,0
2024-02-12,2,Dispatch,248,185,185,0,555
2024-02-12,2,Pack,186,172,172,0,516
2024-02-12,2,Pick,254,202,202,0,8
2024-02-12,3,Dispatch,241,114,114,0,342
2024-02-12,3,Pack,189,189,209,20,567
2024-02-12,3,Pick,213,177,177,0,0
2024-02-13,1,Dispatch,207,185,185,0,185
2024-02-13,1,Pack,191,190,190,0,190
2024-02-13,1,Pick,258,139,152,13,0
2024-02-13,2,Dispatch,203,172,172,0,172
2024-02-13,2,Pack,233,202,202,0,202
2024-02-13,2,Pick,233,163,163,0,0
2024-02-13,3,Dispatch,204,189,189,0,189
2024-02-13,3,Pack,216,197,197,0,257
2024-02-13,3,Pick,241,140,140,0,0
2024-02-14,1,Dispatch,207,190,190,0,190
2024-02-14,1,Pack,228,139,139,0,139
2024-02-14,1,Pick,266,158,171,13,0
2024-02-14,2,Dispatch,258,202,202,0,202
2024-02-14,2,Pack,220,163,163,0,163
2024-02-14,2,Pick,236,124,124,0,0
2024-02-14,3,Dispatch,223,197,197,0,197
2024-02-14,3,Pack,210,140,140,0,140
2024-02-14,3,Pick,216,135,153,18,0
2024-02-15,1,Dispatch,208,139,139,0,139
2024-02-15,1,Pack,224,158,158,0,158
2024-02-15,1,Pick,249,147,147,0,30
2024-02-15,2,Dispatch,256,163,163,0,163
2024-02-15,2,Pack,222,124,124,0,124
2024-02-15,2,Pick,240,158,167,9,0
2024-02-15,3,Dispatch,256,140,140,0,140
2024-02-15,3,Pack,226,135,135,0,135
2024-02-15,3,Pick,237,189,189,0,18
2024-02-16,1,Dispatch,209,158,158,0,158
2024-02-16,1,Pack,206,147,147,0,147
2024-02-16,1,Pick,225,144,144,0,0
2024-02-16,2,Dispatch,261,124,124,0,124
2024-02-16,2,Pack,204,158,158,0,158
2024-02-16,2,Pick,258,170,179,9,0
2024-02-16,3,Dispatch,252,135,135,0,135
2024-02-16,3,Pack,236,189,189,0,189
2024-02-16,3,Pick,230,152,152,0,0
2024-02-19,1,Dispatch,260,147,147,0,441
2024-02-19,1,Pack,225,144,144,0,432
2024-02-19,1,Pick,238,159,159,0,0
2024-02-19,2,Dispatch,248,158,158,0,474
2024-02-19,2,Pack,203,170,170,0,510
2024-02-19,2,Pick,220,179,188,9,0
2024-02-19,3,Dispatch,252,189,189,0,567
2024-02-19,3,Pack,219,152,152,0,456
2024-02-19,3,Pick,227,149,149,0,0
2024-02-20,1,Dispatch,214,144,144,0,144
2024-02-20,1,Pack,224,159,159,0,159
2024-02-20,1,Pick,217,114,114,0,0
2024-02-20,2,Dispatch,257,170,170,0,170
2024-02-20,2,Pack,203,179,179,0,179
2024-02-20,2,Pick,261,151,164,13,0
2024-02-20,3,Dispatch,206,152,152,0,152
2024-02-20,3,Pack,217,149,149,0,149
2024-02-20,3,Pick,205,190,190,0,0
2024-02-21,1,Dispatch,226,159,159,0,159
2024-02-21,1,Pack,203,114,114,0,114
2024-02-21,1,Pick,243,179,179,0,0
2024-02-21,2,Dispatch,261,179,179,0,179
2024-02-21,2,Pack,236,151,151,0,151
2024-02-21,2,Pick,231,207,207,0,58
2024-02-21,3,Dispatch,256,149,149,0,149
2024-02-21,3,Pack,218,190,190,0,190
2024-02-21,3,Pick,232,147,147,0,0
2024-02-22,1,Dispatch,227,114,114,0,114
2024-02-22,1,Pack,227,179,179,0,179
2024-02-22,1,Pick,218,172,172,0,0
2024-02-22,2,Dispatch,214,151,151,0,151
2024-02-22,2,Pack,209,207,207,0,207
2024-02-22,2,Pick,220,181,181,0,0
2024-02-22,3,Dispatch,221,190,190,0,190
2024-02-22,3,Pack,189,147,147,0,147
2024-02-22,3,Pick,240,156,156,0,0
2024-02-23,1,Dispatch,230,179,179,0,179
2024-02-23,1,Pack,239,172,172,0,172
2024-02-23,1,Pick,218,161,161,0,0
2024-02-23,2,Dispatch,232,207,207,0,207
2024-02-23,2,Pack,227,181,181,0,181
2024-02-23,2,Pick,254,162,162,0,0
2024-02-23,3,Dispatch,239,147,147,0,147
2024-02-23,3,Pack,197,156,156,0,156
2024-02-23,3,Pick,266,174,174,0,0
2024-02-26,1,Dispatch,253,172,172,0,516
2024-02-26,1,Pack,209,161,161,0,483
2024-02-26,1,Pick,264,135,135,0,0
2024-02-26,2,Dispatch,210,181,181,0,543
2024-02-26,2,Pack,199,162,162,0,486
2024-02-26,2,Pick,224,180,180,0,0
2024-02-26,3,Dispatch,248,156,156,0,468
2024-02-26,3,Pack,189,174,174,0,522
2024-02-26,3,Pick,237,176,176,0,0
2024-02-27,1,Dispatch,225,161,161,0,161
2024-02-27,1,Pack,193,135,135,0,135
2024-02-27,1,Pick,264,165,165,0,0
2024-02-27,2,Dispatch,250,162,162,0,162
2024-02-27,2,Pack,207,180,180,0,180
2024-02-27,2,Pick,234,178,181,3,0
2024-02-27,3,Dispatch,243,174,174,0,174
2024-02-27,3,Pack,193,176,176,0,176
2024-02-27,3,Pick,214,117,117,0,0
2024-02-28,1,Dispatch,229,135,135,0,135
2024-02-28,1,Pack,214,165,165,0,165
2024-02-28,1,Pick,262,151,151,0,0
2024-02-28,2,Dispatch,255,180,180,0,180
2024-02-28,2,Pack,186,178,178,0,178
2024-02-28,2,Pick,236,150,150,0,3
2024-02-28,3,Dispatch,243,176,176,0,176
2024-02-28,3,Pack,193,117,117,0,117
2024-02-28,3,Pick,265,142,142,0,0
2024-02-29,1,Dispatch,220,165,165,0,165
2024-02-29,1,Pack,231,151,151,0,151
2024-02-29,1,Pick,227,118,118,0,0
2024-02-29,2,Dispatch,256,178,178,0,178
2024-02-29,2,Pack,198,150,150,0,150
2024-02-29,2,Pick,207,110,110,0,0
2024-02-29,3,Dispatch,253,117,117,0,117
2024-02-29,3,Pack,240,142,142,0,142
2024-02-29,3,Pick,243,159,159,0,0
2024-03-01,1,Dispatch,203,151,151,0,151
2024-03-01,1,Pack,225,118,118,0,118
2024-03-01,1,Pick,213,213,232,19,0
2024-03-01,2,Dispatch,203,150,150,0,150
2024-03-01,2,Pack,203,110,110,0,110
2024-03-01,2,Pick,268,124,132,8,0
2024-03-01,3,Dispatch,200,142,142,0,142
2024-03-01,3,Pack,202,159,159,0,159
2024-03-01,3,Pick,243,169,169,0,0
2024-03-04,1,Dispatch,216,118,118,0,354
2024-03-04,1,Pack,240,213,213,0,639
2024-03-04,1,Pick,268,159,159,0,57
2024-03-04,2,Dispatch,204,110,110,0,330
2024-03-04,2,Pack,188,124,124,0,372
2024-03-04,2,Pick,265,203,203,0,24
2024-03-04,3,Dispatch,259,159,159,0,477
2024-03-04,3,Pack,184,169,169,0,507
2024-03-04,3,Pick,239,155,155,0,0
2024-03-05,1,Dispatch,215,213,213,0,213
2024-03-05,1,Pack,190,159,159,0,159
2024-03-05,1,Pick,232,132,132,0,0
2024-03-05,2,Dispatch,204,124,124,0,124
2024-03-05,2,Pack,185,185,203,18,185
2024-03-05,2,Pick,260,126,126,0,0
2024-03-05,3,Dispatch,210,169,169,0,169
2024-03-05,3,Pack,191,155,155,0,155
2024-03-05,3,Pick,209,136,136,0,0
2024-03-06,1,Dispatch,251,159,159,0,159
2024-03-06,1,Pack,199,132,132,0,132
2024-03-06,1,Pick,233,142,142,0,0
2024-03-06,2,Dispatch,246,185,185,0,185
2024-03-06,2,Pack,190,144,144,0,162
2024-03-06,2,Pick,261,154,154,0,0
2024-03-06,3,Dispatch,259,155,155,0,155
2024-03-06,3,Pack,227,136,136,0,136
2024-03-06,3,Pick,210,155,155,0,0
2024-03-07,1,Dispatch,205,132,132,0,132
2024-03-07,1,Pack,240,142,142,0,142
2024-03-07,1,Pick,221,144,144,0,0
2024-03-07,2,Dispatch,218,144,144,0,144
2024-03-07,2,Pack,213,154,154,0,154
2024-03-07,2,Pick,253,136,136,0,0
2024-03-07,3,Dispatch,223,136,136,0,136
2024-03-07,3,Pack,199,155,155,0,155
2024-03-07,3,Pick,222,178,178,0,0
2024-03-08,1,Dispatch,220,142,142,0,142
2024-03-08,1,Pack,230,144,144,0,144
2024-03-08,1,Pick,261,161,161,0,0
2024-03-08,2,Dispatch,236,154,154,0,154
2024-03-08,2,Pack,188,136,136,0,136
2024-03-08,2,Pick,263,172,172,0,0
2024-03-08,3,Dispatch,258,155,155,0,155
2024-03-08,3,Pack,231,178,178,0,178
2024-03-08,3,Pick,256,138,138,0,0
2024-03-11,1,Dispatch,243,144,144,0,432
2024-03-11,1,Pack,204,161,161,0,483
2024-03-11,1,Pick,215,168,168,0,0
2024-03-11,2,Dispatch,231,136,136,0,408
2024-03-11,2,Pack,232,172,172,0,516
2024-03-11,2,Pick,254,159,159,0,0
2024-03-11,3,Dispatch,228,178,178,0,534
2024-03-11,3,Pack,217,138,138,0,414
2024-03-11,3,Pick,219,124,124,0,0
2024-03-12,1,Dispatch,202,161,161,0,161
2024-03-12,1,Pack,206,168,168,0,168
2024-03-12,1,Pick,260,191,191,0,0
2024-03-12,2,Dispatch,221,172,172,0,172
2024-03-12,2,Pack,215,159,159,0,159
2024-03-12,2,Pick,221,128,133,5,0
2024-03-12,3,Dispatch,218,138,138,0,138
2024-03-12,3,Pack,208,124,124,0,124
2024-03-12,3,Pick,248,145,145,0,0
2024-03-13,1,Dispatch,250,168,168,0,168
2024-03-13,1,Pack,189,189,191,2,189
2024-03-13,1,Pick,268,113,113,0,0
2024-03-13,2,Dispatch,252,159,159,0,159
2024-03-13,2,Pack,186,128,128,0,128
2024-03-13,2,Pick,259,132,137,5,0
2024-03-13,3,Dispatch,263,124,124,0,124
2024-03-13,3,Pack,229,145,145,0,145
2024-03-13,3,Pick,219,176,176,0,0
2024-03-14,1,Dispatch,240,189,189,0,189
2024-03-14,1,Pack,214,115,115,0,117
2024-03-14,1,Pick,242,142,142,0,0
2024-03-14,2,Dispatch,204,128,128,0,128
2024-03-14,2,Pack,202,132,132,0,132
2024-03-14,2,Pick,244,211,216,5,0
2024-03-14,3,Dispatch,236,145,145,0,145
2024-03-14,3,Pack,213,176,176,0,176
2024-03-14,3,Pick,250,109,109,0,0
2024-03-15,1,Dispatch,210,115,115,0,115
2024-03-15,1,Pack,189,142,142,0,142
2024-03-15,1,Pick,264,164,164,0,0
2024-03-15,2,Dispatch,240,132,132,0,132
2024-03-15,2,Pack,188,188,211,23,188
2024-03-15,2,Pick,234,160,186,26,0
2024-03-15,3,Dispatch,261,176,176,0,176
2024-03-15,3,Pack,222,109,109,0,109
2024-03-15,3,Pick,226,118,118,0,0
2024-03-18,1,Dispatch,212,142,142,0,426
2024-03-18,1,Pack,207,164,164,0,492
2024-03-18,1,Pick,235,168,168,0,0
2024-03-18,2,Dispatch,221,188,188,0,564
2024-03-18,2,Pack,206,183,183,0,572
2024-03-18,2,Pick,236,182,182,0,93
2024-03-18,3,Dispatch,229,109,109,0,327
2024-03-18,3,Pack,189,118,118,0,354
2024-03-18,3,Pick,220,173,173,0,0
2024-03-19,1,Dispatch,200,164,164,0,164
2024-03-19,1,Pack,224,168,168,0,168
2024-03-19,1,Pick,215,148,148,0,0
2024-03-19,2,Dispatch,260,183,183,0,183
2024-03-19,2,Pack,206,182,182,0,182
2024-03-19,2,Pick,218,177,211,34,0
2024-03-19,3,Dispatch,204,118,118,0,118
2024-03-19,3,Pack,227,173,173,0,173
2024-03-19,3,Pick,234,164,164,0,0
2024-03-20,1,Dispatch,201,168,168,0,168
2024-03-20,1,Pack,212,148,148,0,148
2024-03-20,1,Pick,229,189,189,0,0
2024-03-20,2,Dispatch,241,182,182,0,182
2024-03-20,2,Pack,207,177,177,0,177
2024-03-20,2,Pick,220,210,217,7,27
2024-03-20,3,Dispatch,233,173,173,0,173
2024-03-20,3,Pack,234,164,164,0,164
2024-03-20,3,Pick,224,177,177,0,0
2024-03-21,1,Dispatch,210,148,148,0,148
2024-03-21,1,Pack,197,189,189,0,189
2024-03-21,1,Pick,230,216,216,0,0
2024-03-21,2,Dispatch,233,177,177,0,177
2024-03-21,2,Pack,216,210,210,0,210
2024-03-21,2,Pick,264,175,182,7,0
2024-03-21,3,Dispatch,249,164,164,0,164
2024-03-21,3,Pack,233,177,177,0,177
2024-03-21,3,Pick,261,104,104,0,0
2024-03-22,1,Dispatch,253,189,189,0,189
2024-03-22,1,Pack,230,216,216,0,216
2024-03-22,1,Pick,257,129,147,18,0
2024-03-22,2,Dispatch,234,210,210,0,210
2024-03-22,2,Pack,188,175,175,0,175
2024-03-22,2,Pick,264,181,188,7,0
2024-03-22,3,Dispatch,239,177,177,0,177
2024-03-22,3,Pack,216,104,104,0,104
2024-03-22,3,Pick,207,166,166,0,0
2024-03-25,1,Dispatch,220,216,216,0,648
2024-03-25,1,Pack,218,129,129,0,387
2024-03-25,1,Pick,211,112,147,35,0
2024-03-25,2,Dispatch,210,175,175,0,525
2024-03-25,2,Pack,211,181,181,0,543
2024-03-25,2,Pick,218,112,112,0,42
2024-03-25,3,Dispatch,210,104,104,0,312
2024-03-25,3,Pack,236,166,166,0,498
2024-03-25,3,Pick,264,162,162,0,0
2024-03-26,1,Dispatch,245,129,129,0,129
2024-03-26,1,Pack,235,112,112,0,112
2024-03-26,1,Pick,220,151,151,0,89
2024-03-26,2,Dispatch,215,181,181,0,181
2024-03-26,2,Pack,226,112,112,0,112
2024-03-26,2,Pick,262,204,204,0,0
2024-03-26,3,Dispatch,263,166,166,0,166
2024-03-26,3,Pack,232,162,162,0,162
2024-03-26,3,Pick,260,155,155,0,0
2024-03-27,1,Dispatch,262,112,112,0,112
2024-03-27,1,Pack,190,151,151,0,151
2024-03-27,1,Pick,221,155,155,0,0
2024-03-27,2,Dispatch,241,112,112,0,112
2024-03-27,2,Pack,212,204,204,0,204
2024-03-27,2,Pick,222,176,176,0,0
2024-03-27,3,Dispatch,217,162,162,0,162
2024-03-27,3,Pack,230,155,155,0,155
2024-03-27,3,Pick,226,189,189,0,0
2024-03-28,1,Dispatch,230,151,151,0,151
2024-03-28,1,Pack,213,155,155,0,155
2024-03-28,1,Pick,204,153,153,0,0
2024-03-28,2,Dispatch,223,204,204,0,204
2024-03-28,2,Pack,236,176,176,0,176
2024-03-28,2,Pick,246,180,180,0,0
2024-03-28,3,Dispatch,204,155,155,0,155
2024-03-28,3,Pack,224,189,189,0,189
2024-03-28,3,Pick,233,121,121,0,0
2024-03-29,1,Dispatch,260,155,155,0,155
2024-03-29,1,Pack,189,153,153,0,153
2024-03-29,1,Pick,228,155,155,0,0
2024-03-29,2,Dispatch,241,176,176,0,176
2024-03-29,2,Pack,189,180,180,0,180
2024-03-29,2,Pick,247,130,130,0,0
2024-03-29,3,Dispatch,208,189,189,0,189
2024-03-29,3,Pack,199,121,121,0,121
2024-03-29,3,Pick,207,125,125,0,0
2024-04-01,1,Dispatch,226,153,153,0,459
2024-04-01,1,Pack,214,155,155,0,465
2024-04-01,1,Pick,218,126,126,0,0
2024-04-01,2,Dispatch,217,180,180,0,540
2024-04-01,2,Pack,219,130,130,0,390
2024-04-01,2,Pick,220,134,134,0,0
2024-04-01,3,Dispatch,263,121,121,0,363
2024-04-01,3,Pack,216,125,125,0,375
2024-04-01,3,Pick,248,166,166,0,0
2024-04-02,1,Dispatch,231,155,155,0,155
2024-04-02,1,Pack,183,126,126,0,126
2024-04-02,1,Pick,230,141,141,0,0
2024-04-02,2,Dispatch,231,130,130,0,130
2024-04-02,2,Pack,233,134,134,0,134
2024-04-02,2,Pick,224,130,130,0,0
2024-04-02,3,Dispatch,253,125,125,0,125
2024-04-02,3,Pack,193,166,166,0,166
2024-04-02,3,Pick,222,115,115,0,0
2024-04-03,1,Dispatch,235,126,126,0,126
2024-04-03,1,Pack,203,141,141,0,141
2024-04-03,1,Pick,256,204,204,0,0
2024-04-03,2,Dispatch,247,134,134,0,134
2024-04-03,2,Pack,190,130,130,0,130
2024-04-03,2,Pick,224,115,115,0,0
2024-04-03,3,Dispatch,217,166,166,0,166
2024-04-03,3,Pack,229,115,115,0,115
2024-04-03,3,Pick,257,159,165,6,0
2024-04-04,1,Dispatch,204,141,141,0,141
2024-04-04,1,Pack,198,198,204,6,198
2024-04-04,1,Pick,207,132,132,0,0
2024-04-04,2,Dispatch,232,130,130,0,130
2024-04-04,2,Pack,198,115,115,0,115
2024-04-04,2,Pick,225,154,154,0,0
2024-04-04,3,Dispatch,241,115,115,0,115
2024-04-04,3,Pack,197,159,159,0,159
2024-04-04,3,Pick,206,168,188,20,0
2024-04-05,1,Dispatch,222,198,198,0,198
2024-04-05,1,Pack,190,138,138,0,144
2024-04-05,1,Pick,233,153,153,0,0
2024-04-05,2,Dispatch,220,115,115,0,115
2024-04-05,2,Pack,218,154,154,0,154
2024-04-05,2,Pick,213,190,190,0,0
2024-04-05,3,Dispatch,237,159,159,0,159
2024-04-05,3,Pack,214,168,168,0,168
2024-04-05,3,Pick,249,170,181,11,20
2024-04-08,1,Dispatch,200,138,138,0,414
2024-04-08,1,Pack,224,153,153,0,459
2024-04-08,1,Pick,235,132,132,0,0
2024-04-08,2,Dispatch,243,154,154,0,462
2024-04-08,2,Pack,185,185,190,5,555
2024-04-08,2,Pick,247,214,214,0,0
2024-04-08,3,Dispatch,232,168,168,0,504
2024-04-08,3,Pack,202,170,170,0,510
2024-04-08,3,Pick,229,212,223,11,0
2024-04-09,1,Dispatch,237,153,153,0,153
2024-04-09,1,Pack,208,132,132,0,132
2024-04-09,1,Pick,258,207,207,0,0
2024-04-09,2,Dispatch,258,185,185,0,185
2024-04-09,2,Pack,215,215,219,4,230
2024-04-09,2,Pick,265,146,148,2,0
2024-04-09,3,Dispatch,260,170,170,0,170
2024-04-09,3,Pack,193,193,212,19,193
2024-04-09,3,Pick,211,168,174,6,20
2024-04-10,1,Dispatch,232,132,132,0,132
2024-04-10,1,Pack,227,207,207,0,207
2024-04-10,1,Pick,257,171,171,0,0
2024-04-10,2,Dispatch,207,207,215,8,207
2024-04-10,2,Pack,200,150,150,0,154
2024-04-10,2,Pick,234,159,161,2,0
2024-04-10,3,Dispatch,233,193,193,0,193
2024-04-10,3,Pack,184,184,187,3,203
2024-04-10,3,Pick,228,176,182,6,0
2024-04-11,1,Dispatch,263,207,207,0,207
2024-04-11,1,Pack,209,171,171,0,171
2024-04-11,1,Pick,206,134,134,0,0
2024-04-11,2,Dispatch,227,158,158,0,166
2024-04-11,2,Pack,202,159,159,0,159
2024-04-11,2,Pick,226,185,187,2,0
2024-04-11,3,Dispatch,213,184,184,0,184
2024-04-11,3,Pack,227,179,179,0,182
2024-04-11,3,Pick,245,159,183,24,0
2024-04-12,1,Dispatch,232,171,171,0,171
2024-04-12,1,Pack,190,134,134,0,134
2024-04-12,1,Pick,231,171,171,0,0
2024-04-12,2,Dispatch,249,159,159,0,159
2024-04-12,2,Pack,203,185,185,0,185
2024-04-12,2,Pick,217,193,193,0,6
2024-04-12,3,Dispatch,223,179,179,0,179
2024-04-12,3,Pack,235,159,159,0,159
2024-04-12,3,Pick,260,135,159,24,0
2024-04-15,1,Dispatch,220,134,134,0,402
2024-04-15,1,Pack,239,171,171,0,513
2024-04-15,1,Pick,227,185,185,0,0
2024-04-15,2,Dispatch,218,185,185,0,555
2024-04-15,2,Pack,210,193,193,0,579
2024-04-15,2,Pick,238,169,169,0,0
2024-04-15,3,Dispatch,202,159,159,0,477
2024-04-15,3,Pack,212,135,135,0,405
2024-04-15,3,Pick,213,144,168,24,0
2024-04-16,1,Dispatch,260,171,171,0,171
2024-04-16,1,Pack,238,185,185,0,185
2024-04-16,1,Pick,217,150,150,0,0
2024-04-16,2,Dispatch,262,193,193,0,193
2024-04-16,2,Pack,183,169,169,0,169
2024-04-16,2,Pick,209,98,98,0,0
2024-04-16,3,Dispatch,219,135,135,0,135
2024-04-16,3,Pack,212,144,144,0,144
2024-04-16,3,Pick,259,177,201,24,0
2024-04-17,1,Dispatch,228,185,185,0,185
2024-04-17,1,Pack,217,150,150,0,150
2024-04-17,1,Pick,237,113,113,0,0
2024-04-17,2,Dispatch,219,169,169,0,169
2024-04-17,2,Pack,192,98,98,0,98
2024-04-17,2,Pick,236,164,164,0,0
2024-04-17,3,Dispatch,246,144,144,0,144
2024-04-17,3,Pack,186,177,177,0,177
2024-04-17,3,Pick,265,130,161,31,0
2024-04-18,1,Dispatch,222,150,150,0,150
2024-04-18,1,Pack,186,113,113,0,113
2024-04-18,1,Pick,264,113,113,0,0
2024-04-18,2,Dispatch,227,98,98,0,98
2024-04-18,2,Pack,214,164,164,0,164
2024-04-18,2,Pick,244,130,130,0,0
2024-04-18,3,Dispatch,231,177,177,0,177
2024-04-18,3,Pack,192,130,130,0,130
2024-04-18,3,Pick,241,124,176,52,0
2024-04-19,1,Dispatch,235,113,113,0,113
2024-04-19,1,Pack,237,113,113,0,113
2024-04-19,1,Pick,210,151,166,15,0
2024-04-19,2,Dispatch,208,164,164,0,164
2024-04-19,2,Pack,226,130,130,0,130
2024-04-19,2,Pick,257,193,196,3,0
2024-04-19,3,Dispatch,237,130,130,0,130
2024-04-19,3,Pack,218,124,124,0,124
2024-04-19,3,Pick,205,96,148,52,0
2024-04-22,1,Dispatch,258,113,113,0,339
2024-04-22,1,Pack,232,151,151,0,453
2024-04-22,1,Pick,213,155,155,0,45
2024-04-22,2,Dispatch,221,130,130,0,390
2024-04-22,2,Pack,198,193,193,0,579
2024-04-22,2,Pick,244,114,117,3,0
2024-04-22,3,Dispatch,221,124,124,0,372
2024-04-22,3,Pack,214,96,96,0,288
2024-04-22,3,Pick,209,209,220,11,425
2024-04-23,1,Dispatch,217,151,151,0,151
2024-04-23,1,Pack,205,155,155,0,155
2024-04-23,1,Pick,226,134,134,0,0
2024-04-23,2,Dispatch,200,193,193,0,193
2024-04-23,2,Pack,212,114,114,0,114
2024-04-23,2,Pick,241,178,181,3,0
2024-04-23,3,Dispatch,256,96,96,0,96
2024-04-23,3,Pack,193,193,209,16,193
2024-04-23,3,Pick,244,178,178,0,11
2024-04-24,1,Dispatch,246,155,155,0,155
2024-04-24,1,Pack,185,134,134,0,134
2024-04-24,1,Pick,230,229,229,0,0
2024-04-24,2,Dispatch,225,114,114,0,114
2024-04-24,2,Pack,226,178,178,0,178
2024-04-24,2,Pick,216,112,120,8,0
2024-04-24,3,Dispatch,244,193,193,0,193
2024-04-24,3,Pack,183,183,194,11,199
2024-04-24,3,Pick,267,140,140,0,0
2024-04-25,1,Dispatch,230,134,134,0,134
2024-04-25,1,Pack,234,229,229,0,229
2024-04-25,1,Pick,222,205,205,0,0
2024-04-25,2,Dispatch,235,178,178,0,178
2024-04-25,2,Pack,197,112,112,0,112
2024-04-25,2,Pick,258,172,180,8,0
2024-04-25,3,Dispatch,200,183,183,0,183
2024-04-25,3,Pack,229,151,151,0,162
2024-04-25,3,Pick,242,157,157,0,0
2024-04-26,1,Dispatch,216,216,229,13,216
2024-04-26,1,Pack,221,205,205,0,205
2024-04-26,1,Pick,257,135,148,13,0
2024-04-26,2,Dispatch,224,112,112,0,112
2024-04-26,2,Pack,184,172,172,0,172
2024-04-26,2,Pick,262,128,136,8,0
2024-04-26,3,Dispatch,203,151,151,0,151
2024-04-26,3,Pack,210,157,157,0,157
2024-04-26,3,Pick,250,155,155,0,0
2024-04-29,1,Dispatch,207,207,218,11,634
2024-04-29,1,Pack,219,135,135,0,405
2024-04-29,1,Pick,255,169,169,0,39
2024-04-29,2,Dispatch,229,172,172,0,516
2024-04-29,2,Pack,220,128,128,0,384
2024-04-29,2,Pick,265,164,164,0,55
2024-04-29,3,Dispatch,251,157,157,0,471
2024-04-29,3,Pack,234,155,155,0,465
2024-04-29,3,Pick,212,183,183,0,0
2024-04-30,1,Dispatch,259,146,146,0,179
2024-04-30,1,Pack,230,169,169,0,169
2024-04-30,1,Pick,254,140,140,0,0
2024-04-30,2,Dispatch,228,128,128,0,128
2024-04-30,2,Pack,212,164,164,0,164
2024-04-30,2,Pick,225,116,116,0,0
2024-04-30,3,Dispatch,224,155,155,0,155
2024-04-30,3,Pack,195,183,183,0,183
2024-04-30,3,Pick,206,198,198,0,0
2024-05-01,1,Dispatch,202,169,169,0,169
2024-05-01,1,Pack,218,140,140,0,140
2024-05-01,1,Pick,246,158,158,0,0
2024-05-01,2,Dispatch,209,164,164,0,164
2024-05-01,2,Pack,190,116,116,0,116
2024-05-01,2,Pick,236,170,170,0,0
2024-05-01,3,Dispatch,202,183,183,0,183
2024-05-01,3,Pack,189,189,198,9,189
2024-05-01,3,Pick,237,214,214,0,0
2024-05-02,1,Dispatch,212,140,140,0,140
2024-05-02,1,Pack,185,158,158,0,158
2024-05-02,1,Pick,218,171,181,10,0
2024-05-02,2,Dispatch,232,116,116,0,116
2024-05-02,2,Pack,218,170,170,0,170
2024-05-02,2,Pick,246,158,158,0,0
2024-05-02,3,Dispatch,258,189,189,0,189
2024-05-02,3,Pack,195,195,223,28,204
2024-05-02,3,Pick,252,148,148,0,0
2024-05-03,1,Dispatch,234,158,158,0,158
2024-05-03,1,Pack,205,171,171,0,171
2024-05-03,1,Pick,225,171,189,18,10
2024-05-03,2,Dispatch,259,170,170,0,170
2024-05-03,2,Pack,226,158,158,0,158
2024-05-03,2,Pick,206,160,160,0,0
2024-05-03,3,Dispatch,201,195,195,0,195
2024-05-03,3,Pack,226,176,176,0,204
2024-05-03,3,Pick,252,175,175,0,0
2024-05-06,1,Dispatch,218,171,171,0,513
2024-05-06,1,Pack,191,171,171,0,513
2024-05-06,1,Pick,214,202,220,18,0
2024-05-06,2,Dispatch,212,158,158,0,474
2024-05-06,2,Pack,226,160,160,0,480
2024-05-06,2,Pick,216,126,126,0,0
2024-05-06,3,Dispatch,236,176,176,0,528
2024-05-06,3,Pack,192,175,175,0,525
2024-05-06,3,Pick,206,114,114,0,0
2024-05-07,1,Dispatch,240,171,171,0,171
2024-05-07,1,Pack,223,202,202,0,202
2024-05-07,1,Pick,223,173,173,0,72
2024-05-07,2,Dispatch,223,160,160,0,160
2024-05-07,2,Pack,199,126,126,0,126
2024-05-07,2,Pick,257,130,130,0,0
2024-05-07,3,Dispatch,215,175,175,0,175
2024-05-07,3,Pack,232,114,114,0,114
2024-05-07,3,Pick,205,141,141,0,0
2024-05-08,1,Dispatch,201,201,202,1,201
2024-05-08,1,Pack,186,173,173,0,173
2024-05-08,1,Pick,234,199,199,0,0
2024-05-08,2,Dispatch,262,126,126,0,126
2024-05-08,2,Pack,211,130,130,0,130
2024-05-08,2,Pick,268,130,130,0,0
2024-05-08,3,Dispatch,210,114,114,0,114
2024-05-08,3,Pack,217,141,141,0,141
2024-05-08,3,Pick,263,146,146,0,0
2024-05-09,1,Dispatch,212,174,174,0,175
2024-05-09,1,Pack,199,199,199,0,199
2024-05-09,1,Pick,208,163,163,0,0
2024-05-09,2,Dispatch,219,130,130,0,130
2024-05-09,2,Pack,209,130,130,0,130
2024-05-09,2,Pick,239,169,169,0,0
2024-05-09,3,Dispatch,217,141,141,0,141
2024-05-09,3,Pack,200,146,146,0,146
2024-05-09,3,Pick,266,178,178,0,0
2024-05-10,1,Dispatch,245,199,199,0,199
2024-05-10,1,Pack,194,163,163,0,163
2024-05-10,1,Pick,227,173,173,0,0
2024-05-10,2,Dispatch,231,130,130,0,130
2024-05-10,2,Pack,204,169,169,0,169
2024-05-10,2,Pick,266,148,148,0,0
2024-05-10,3,Dispatch,258,146,146,0,146
2024-05-10,3,Pack,216,178,178,0,178
2024-05-10,3,Pick,244,188,188,0,0
2024-05-13,1,Dispatch,227,163,163,0,489
2024-05-13,1,Pack,194,173,173,0,519
2024-05-13,1,Pick,234,132,132,0,0
2024-05-13,2,Dispatch,245,169,169,0,507
2024-05-13,2,Pack,215,148,148,0,444
2024-05-13,2,Pick,235,190,190,0,0
2024-05-13,3,Dispatch,247,178,178,0,534
2024-05-13,3,Pack,202,188,188,0,564
2024-05-13,3,Pick,232,137,137,0,0
2024-05-14,1,Dispatch,257,173,173,0,173
2024-05-14,1,Pack,212,132,132,0,132
2024-05-14,1,Pick,238,149,149,0,0
2024-05-14,2,Dispatch,262,148,148,0,148
2024-05-14,2,Pack,219,190,190,0,190
2024-05-14,2,Pick,236,85,85,0,0
2024-05-14,3,Dispatch,215,188,188,0,188
2024-05-14,3,Pack,196,137,137,0,137
2024-05-14,3,Pick,259,119,119,0,0
2024-05-15,1,Dispatch,201,132,132,0,132
2024-05-15,1,Pack,198,149,149,0,149
2024-05-15,1,Pick,220,170,170,0,0
2024-05-15,2,Dispatch,200,190,190,0,190
2024-05-15,2,Pack,219,85,85,0,85
2024-05-15,2,Pick,209,201,201,0,0
2024-05-15,3,Dispatch,261,137,137,0,137
2024-05-15,3,Pack,183,119,119,0,119
2024-05-15,3,Pick,250,181,181,0,0
2024-05-16,1,Dispatch,235,149,149,0,149
2024-05-16,1,Pack,197,170,170,0,170
2024-05-16,1,Pick,237,148,148,0,0
2024-05-16,2,Dispatch,226,85,85,0,85
2024-05-16,2,Pack,193,193,201,8,193
2024-05-16,2,Pick,248,119,119,0,0
2024-05-16,3,Dispatch,216,119,119,0,119
2024-05-16,3,Pack,220,181,181,0,181
2024-05-16,3,Pick,208,176,176,0,0
2024-05-17,1,Dispatch,219,170,170,0,170
2024-05-17,1,Pack,204,148,148,0,148
2024-05-17,1,Pick,223,170,170,0,0
2024-05-17,2,Dispatch,232,193,193,0,193
2024-05-17,2,Pack,221,127,127,0,135
2024-05-17,2,Pick,245,165,165,0,0
2024-05-17,3,Dispatch,214,181,181,0,181
2024-05-17,3,Pack,218,176,176,0,176
2024-05-17,3,Pick,216,167,167,0,0
2024-05-20,1,Dispatch,204,148,148,0,444
2024-05-20,1,Pack,203,170,170,0,510
2024-05-20,1,Pick,222,129,129,0,0
2024-05-20,2,Dispatch,250,127,127,0,381
2024-05-20,2,Pack,229,165,165,0,495
2024-05-20,2,Pick,253,161,161,0,0
2024-05-20,3,Dispatch,230,176,176,0,528
2024-05-20,3,Pack,219,167,167,0,501
2024-05-20,3,Pick,251,166,166,0,0
2024-05-21,1,Dispatch,246,170,170,0,170
2024-05-21,1,Pack,237,129,129,0,129
2024-05-21,1,Pick,216,116,116,0,0
2024-05-21,2,Dispatch,229,165,165,0,165
2024-05-21,2,Pack,237,161,161,0,161
2024-05-21,2,Pick,235,192,192,0,0
2024-05-21,3,Dispatch,250,167,167,0,167
2024-05-21,3,Pack,190,166,166,0,166
2024-05-21,3,Pick,204,152,152,0,0
2024-05-22,1,Dispatch,219,129,129,0,129
2024-05-22,1,Pack,203,116,116,0,116
2024-05-22,1,Pick,227,119,119,0,0
2024-05-22,2,Dispatch,216,161,161,0,161
2024-05-22,2,Pack,200,192,192,0,192
2024-05-22,2,Pick,244,138,138,0,0
2024-05-22,3,Dispatch,202,166,166,0,166
2024-05-22,3,Pack,195,152,152,0,152
2024-05-22,3,Pick,218,182,182,0,0
2024-05-23,1,Dispatch,227,116,116,0,116
2024-05-23,1,Pack,194,119,119,0,119
2024-05-23,1,Pick,225,143,143,0,0
2024-05-23,2,Dispatch,218,192,192,0,192
2024-05-23,2,Pack,220,138,138,0,138
2024-05-23,2,Pick,249,124,129,5,0
2024-05-23,3,Dispatch,243,152,152,0,152
2024-05-23,3,Pack,197,182,182,0,182
2024-05-23,3,Pick,221,162,162,0,0
2024-05-24,1,Dispatch,237,119,119,0,119
2024-05-24,1,Pack,189,143,143,0,143
2024-05-24,1,Pick,255,186,186,0,0
2024-05-24,2,Dispatch,229,138,138,0,138
2024-05-24,2,Pack,226,124,124,0,124
2024-05-24,2,Pick,247,216,236,20,0
2024-05-24,3,Dispatch,247,182,182,0,182
2024-05-24,3,Pack,204,162,162,0,162
2024-05-24,3,Pick,249,138,138,0,0
2024-05-27,1,Dispatch,210,143,143,0,429
2024-05-27,1,Pack,193,186,186,0,558
2024-05-27,1,Pick,240,112,112,0,0
2024-05-27,2,Dispatch,259,124,124,0,372
2024-05-27,2,Pack,191,191,216,25,573
2024-05-27,2,Pick,235,232,250,18,65
2024-05-27,3,Dispatch,234,162,162,0,486
2024-05-27,3,Pack,218,138,138,0,414
2024-05-27,3,Pick,253,209,209,0,0
2024-05-28,1,Dispatch,250,186,186,0,186
2024-05-28,1,Pack,208,112,112,0,112
2024-05-28,1,Pick,253,128,128,0,0
2024-05-28,2,Dispatch,252,191,191,0,191
2024-05-28,2,Pack,191,191,257,66,266
2024-05-28,2,Pick,216,155,185,30,0
2024-05-28,3,Dispatch,253,138,138,0,138
2024-05-28,3,Pack,233,209,209,0,209
2024-05-28,3,Pick,230,134,134,0,0
2024-05-29,1,Dispatch,201,112,112,0,112
2024-05-29,1,Pack,193,128,128,0,128
2024-05-29,1,Pick,245,207,214,7,0
2024-05-29,2,Dispatch,261,191,191,0,191
2024-05-29,2,Pack,207,207,221,14,273
2024-05-29,2,Pick,252,159,201,42,0
2024-05-29,3,Dispatch,204,204,209,5,204
2024-05-29,3,Pack,185,134,134,0,134
2024-05-29,3,Pick,254,171,171,0,0
2024-05-30,1,Dispatch,254,128,128,0,128
2024-05-30,1,Pack,201,201,207,6,201
2024-05-30,1,Pick,228,180,187,7,0
2024-05-30,2,Dispatch,205,205,207,2,205
2024-05-30,2,Pack,218,173,173,0,187
2024-05-30,2,Pick,214,204,250,46,5
2024-05-30,3,Dispatch,221,139,139,0,144
2024-05-30,3,Pack,237,171,171,0,171
2024-05-30,3,Pick,266,173,173,0,0
2024-05-31,1,Dispatch,200,200,201,1,200
2024-05-31,1,Pack,219,186,186,0,192
2024-05-31,1,Pick,229,142,149,7,0
2024-05-31,2,Dispatch,203,175,175,0,177
2024-05-31,2,Pack,201,201,204,3,201
2024-05-31,2,Pick,218,163,217,54,0
2024-05-31,3,Dispatch,214,171,171,0,171
2024-05-31,3,Pack,207,173,173,0,173
2024-05-31,3,Pick,235,189,189,0,0
2024-06-03,1,Dispatch,220,187,187,0,562
2024-06-03,1,Pack,208,142,142,0,426
2024-06-03,1,Pick,244,181,188,7,0
2024-06-03,2,Dispatch,212,201,201,0,603
2024-06-03,2,Pack,229,166,166,0,501
2024-06-03,2,Pick,215,144,198,54,0
2024-06-03,3,Dispatch,219,173,173,0,519
2024-06-03,3,Pack,199,189,189,0,567
2024-06-03,3,Pick,234,128,128,0,0
2024-06-04,1,Dispatch,209,142,142,0,142
2024-06-04,1,Pack,234,181,181,0,181
2024-06-04,1,Pick,262,137,144,7,0
2024-06-04,2,Dispatch,219,166,166,0,166
2024-06-04,2,Pack,202,144,144,0,144
2024-06-04,2,Pick,217,147,195,48,116
2024-06-04,3,Dispatch,244,189,189,0,189
2024-06-04,3,Pack,202,128,128,0,128
2024-06-04,3,Pick,222,179,179,0,0
2024-06-05,1,Dispatch,219,181,181,0,181
2024-06-05,1,Pack,184,137,137,0,137
2024-06-05,1,Pick,222,181,188,7,0
2024-06-05,2,Dispatch,248,144,144,0,144
2024-06-05,2,Pack,192,147,147,0,147
2024-06-05,2,Pick,263,166,214,48,0
2024-06-05,3,Dispatch,203,128,128,0,128
2024-06-05,3,Pack,187,179,179,0,179
2024-06-05,3,Pick,249,221,221,0,0
2024-06-06,1,Dispatch,254,137,137,0,137
2024-06-06,1,Pack,214,181,181,0,181
2024-06-06,1,Pick,207,169,176,7,0
2024-06-06,2,Dispatch,226,147,147,0,147
2024-06-06,2,Pack,219,166,166,0,166
2024-06-06,2,Pick,214,181,240,59,0
2024-06-06,3,Dispatch,207,179,179,0,179
2024-06-06,3,Pack,240,221,221,0,221
2024-06-06,3,Pick,207,129,143,14,0
2024-06-07,1,Dispatch,256,181,181,0,181
2024-06-07,1,Pack,197,169,169,0,169
2024-06-07,1,Pick,237,132,153,21,0
2024-06-07,2,Dispatch,224,166,166,0,166
2024-06-07,2,Pack,231,181,181,0,181
2024-06-07,2,Pick,242,131,214,83,0
2024-06-07,3,Dispatch,224,221,221,0,221
2024-06-07,3,Pack,234,129,129,0,129
2024-06-07,3,Pick,246,159,185,26,0
2024-06-10,1,Dispatch,240,169,169,0,507
2024-06-10,1,Pack,183,132,132,0,396
2024-06-10,1,Pick,221,185,199,14,84
2024-06-10,2,Dispatch,249,181,181,0,543
2024-06-10,2,Pack,209,131,131,0,393
2024-06-10,2,Pick,243,243,261,18,635
2024-06-10,3,Dispatch,237,129,129,0,387
2024-06-10,3,Pack,223,159,159,0,477
2024-06-10,3,Pick,246,198,198,0,92
2024-06-11,1,Dispatch,228,132,132,0,132
2024-06-11,1,Pack,211,185,185,0,185
2024-06-11,1,Pick,257,151,151,0,56
2024-06-11,2,Dispatch,251,131,131,0,131
2024-06-11,2,Pack,196,196,243,47,196
2024-06-11,2,Pick,252,211,211,0,18
2024-06-11,3,Dispatch,243,159,159,0,159
2024-06-11,3,Pack,190,190,198,8,190
2024-06-11,3,Pick,228,138,138,0,0
2024-06-12,1,Dispatch,234,185,185,0,185
2024-06-12,1,Pack,233,151,151,0,151
2024-06-12,1,Pick,261,144,144,0,0
2024-06-12,2,Dispatch,253,196,196,0,196
2024-06-12,2,Pack,211,211,258,47,258
2024-06-12,2,Pick,243,153,160,7,0
2024-06-12,3,Dispatch,201,190,190,0,190
2024-06-12,3,Pack,185,146,146,0,154
2024-06-12,3,Pick,205,180,180,0,0
2024-06-13,1,Dispatch,216,151,151,0,151
2024-06-13,1,Pack,236,144,144,0,144
2024-06-13,1,Pick,251,145,145,0,0
2024-06-13,2,Dispatch,222,211,211,0,211
2024-06-13,2,Pack,212,200,200,0,247
2024-06-13,2,Pick,253,191,206,15,0
2024-06-13,3,Dispatch,242,146,146,0,146
2024-06-13,3,Pack,217,180,180,0,180
2024-06-13,3,Pick,214,200,200,0,0
2024-06-14,1,Dispatch,241,144,144,0,144
2024-06-14,1,Pack,238,145,145,0,145
2024-06-14,1,Pick,211,152,152,0,0
2024-06-14,2,Dispatch,216,200,200,0,200
2024-06-14,2,Pack,226,191,191,0,191
2024-06-14,2,Pick,234,183,205,22,0
2024-06-14,3,Dispatch,255,180,180,0,180
2024-06-14,3,Pack,234,200,200,0,200
2024-06-14,3,Pick,259,169,169,0,0
2024-06-17,1,Dispatch,238,145,145,0,435
2024-06-17,1,Pack,211,152,152,0,456
2024-06-17,1,Pick,238,119,132,13,0
2024-06-17,2,Dispatch,225,191,191,0,573
2024-06-17,2,Pack,237,183,183,0,549
2024-06-17,2,Pick,265,168,168,0,88
2024-06-17,3,Dispatch,257,200,200,0,600
2024-06-17,3,Pack,222,169,169,0,507
2024-06-17,3,Pick,247,142,142,0,0
2024-06-18,1,Dispatch,247,152,152,0,152
2024-06-18,1,Pack,235,119,119,0,119
2024-06-18,1,Pick,214,129,142,13,0
2024-06-18,2,Dispatch,228,183,183,0,183
2024-06-18,2,Pack,201,168,168,0,168
2024-06-18,2,Pick,257,156,170,14,0
2024-06-18,3,Dispatch,209,169,169,0,169
2024-06-18,3,Pack,185,142,142,0,142
2024-06-18,3,Pick,254,117,138,21,0
2024-06-19,1,Dispatch,255,119,119,0,119
2024-06-19,1,Pack,185,129,129,0,129
2024-06-19,1,Pick,233,141,154,13,0
2024-06-19,2,Dispatch,263,168,168,0,168
2024-06-19,2,Pack,220,156,156,0,156
2024-06-19,2,Pick,214,214,242,28,14
2024-06-19,3,Dispatch,252,142,142,0,142
2024-06-19,3,Pack,210,117,117,0,117
2024-06-19,3,Pick,265,180,216,36,0
2024-06-20,1,Dispatch,259,129,129,0,129
2024-06-20,1,Pack,210,141,141,0,141
2024-06-20,1,Pick,250,181,194,13,0
2024-06-20,2,Dispatch,212,156,156,0,156
2024-06-20,2,Pack,223,214,214,0,214
2024-06-20,2,Pick,220,220,234,14,28
2024-06-20,3,Dispatch,242,117,117,0,117
2024-06-20,3,Pack,206,180,180,0,180
2024-06-20,3,Pick,220,161,217,56,0
2024-06-21,1,Dispatch,201,141,141,0,141
2024-06-21,1,Pack,208,181,181,0,181
2024-06-21,1,Pick,252,160,173,13,0
2024-06-21,2,Dispatch,239,214,214,0,214
2024-06-21,2,Pack,214,214,220,6,214
2024-06-21,2,Pick,212,151,151,0,14
2024-06-21,3,Dispatch,232,180,180,0,180
2024-06-21,3,Pack,227,161,161,0,161
2024-06-21,3,Pick,223,180,236,56,0
2024-06-24,1,Dispatch,202,181,181,0,543
2024-06-24,1,Pack,199,160,160,0,480
2024-06-24,1,Pick,234,200,213,13,0
2024-06-24,2,Dispatch,231,214,214,0,642
2024-06-24,2,Pack,231,157,157,0,477
2024-06-24,2,Pick,220,142,142,0,0
2024-06-24,3,Dispatch,262,161,161,0,483
2024-06-24,3,Pack,202,180,180,0,540
2024-06-24,3,Pick,215,169,189,20,201
2024-06-25,1,Dispatch,228,160,160,0,160
2024-06-25,1,Pack,186,186,200,14,186
2024-06-25,1,Pick,251,136,136,0,104
2024-06-25,2,Dispatch,202,157,157,0,157
2024-06-25,2,Pack,210,142,142,0,142
2024-06-25,2,Pick,258,195,195,0,0
2024-06-25,3,Dispatch,243,180,180,0,180
2024-06-25,3,Pack,225,169,169,0,169
2024-06-25,3,Pick,225,166,195,29,0
2024-06-26,1,Dispatch,226,186,186,0,186
2024-06-26,1,Pack,190,150,150,0,164
2024-06-26,1,Pick,248,169,169,0,0
2024-06-26,2,Dispatch,257,142,142,0,142
2024-06-26,2,Pack,221,195,195,0,195
2024-06-26,2,Pick,238,121,125,4,0
2024-06-26,3,Dispatch,250,169,169,0,169
2024-06-26,3,Pack,196,166,166,0,166
2024-06-26,3,Pick,217,137,171,34,0
2024-06-27,1,Dispatch,241,150,150,0,150
2024-06-27,1,Pack,215,169,169,0,169
2024-06-27,1,Pick,225,184,184,0,0
2024-06-27,2,Dispatch,258,195,195,0,195
2024-06-27,2,Pack,235,121,121,0,121
2024-06-27,2,Pick,268,189,198,9,0
2024-06-27,3,Dispatch,250,166,166,0,166
2024-06-27,3,Pack,183,137,137,0,137
2024-06-27,3,Pick,208,128,162,34,0
2024-06-28,1,Dispatch,203,169,169,0,169
2024-06-28,1,Pack,238,184,184,0,184
2024-06-28,1,Pick,204,122,122,0,0
2024-06-28,2,Dispatch,202,121,121,0,121
2024-06-28,2,Pack,224,189,189,0,189
2024-06-28,2,Pick,208,157,166,9,0
2024-06-28,3,Dispatch,261,137,137,0,137
2024-06-28,3,Pack,187,128,128,0,128
2024-06-28,3,Pick,232,147,181,34,0
2024-07-01,1,Dispatch,239,184,184,0,552
2024-07-01,1,Pack,207,122,122,0,366
2024-07-01,1,Pick,218,134,134,0,0
2024-07-01,2,Dispatch,216,189,189,0,567
2024-07-01,2,Pack,229,157,157,0,471
2024-07-01,2,Pick,220,145,180,35,0
2024-07-01,3,Dispatch,261,128,128,0,384
2024-07-01,3,Pack,193,147,147,0,441
2024-07-01,3,Pick,231,213,213,0,299
2024-07-02,1,Dispatch,215,122,122,0,122
2024-07-02,1,Pack,210,134,134,0,134
2024-07-02,1,Pick,268,184,184,0,0
2024-07-02,2,Dispatch,262,157,157,0,157
2024-07-02,2,Pack,204,145,145,0,145
2024-07-02,2,Pick,248,220,255,35,0
2024-07-02,3,Dispatch,224,147,147,0,147
2024-07-02,3,Pack,185,185,213,28,185
2024-07-02,3,Pick,268,86,86,0,0
2024-07-03,1,Dispatch,252,134,134,0,134
2024-07-03,1,Pack,237,184,184,0,184
2024-07-03,1,Pick,249,154,154,0,0
2024-07-03,2,Dispatch,233,145,145,0,145
2024-07-03,2,Pack,217,217,220,3,217
2024-07-03,2,Pick,230,121,156,35,0
2024-07-03,3,Dispatch,222,185,185,0,185
2024-07-03,3,Pack,221,114,114,0,142
2024-07-03,3,Pick,228,169,169,0,0
2024-07-04,1,Dispatch,260,184,184,0,184
2024-07-04,1,Pack,193,154,154,0,154
2024-07-04,1,Pick,253,172,172,0,0
2024-07-04,2,Dispatch,236,217,217,0,217
2024-07-04,2,Pack,226,124,124,0,127
2024-07-04,2,Pick,209,169,204,35,0
2024-07-04,3,Dispatch,254,114,114,0,114
2024-07-04,3,Pack,236,169,169,0,169
2024-07-04,3,Pick,214,138,138,0,0
2024-07-05,1,Dispatch,252,154,154,0,154
2024-07-05,1,Pack,206,172,172,0,172
2024-07-05,1,Pick,222,178,178,0,0
2024-07-05,2,Dispatch,232,124,124,0,124
2024-07-05,2,Pack,223,169,169,0,169
2024-07-05,2,Pick,212,212,273,61,0
2024-07-05,3,Dispatch,209,169,169,0,169
2024-07-05,3,Pack,185,138,138,0,138
2024-07-05,3,Pick,241,127,127,0,0
2024-07-08,1,Dispatch,234,172,172,0,516
2024-07-08,1,Pack,212,178,178,0,534
2024-07-08,1,Pick,265,169,169,0,0
2024-07-08,2,Dispatch,251,169,169,0,507
2024-07-08,2,Pack,200,200,212,12,600
2024-07-08,2,Pick,222,222,246,24,363
2024-07-08,3,Dispatch,214,138,138,0,414
2024-07-08,3,Pack,204,127,127,0,381
2024-07-08,3,Pick,267,125,125,0,0
2024-07-09,1,Dispatch,228,178,178,0,178
2024-07-09,1,Pack,237,169,169,0,169
2024-07-09,1,Pick,267,220,220,0,0
2024-07-09,2,Dispatch,202,200,200,0,200
2024-07-09,2,Pack,202,202,234,32,238
2024-07-09,2,Pick,210,210,242,32,24
2024-07-09,3,Dispatch,241,127,127,0,127
2024-07-09,3,Pack,192,125,125,0,125
2024-07-09,3,Pick,236,173,173,0,0
2024-07-10,1,Dispatch,210,169,169,0,169
2024-07-10,1,Pack,193,193,220,27,193
2024-07-10,1,Pick,245,124,124,0,0
2024-07-10,2,Dispatch,218,202,202,0,202
2024-07-10,2,Pack,211,211,242,31,243
2024-07-10,2,Pick,239,239,239,0,32
2024-07-10,3,Dispatch,201,125,125,0,125
2024-07-10,3,Pack,201,173,173,0,173
2024-07-10,3,Pick,227,140,140,0,0
2024-07-11,1,Dispatch,263,193,193,0,193
2024-07-11,1,Pack,233,151,151,0,178
2024-07-11,1,Pick,248,183,183,0,0
2024-07-11,2,Dispatch,221,211,211,0,211
2024-07-11,2,Pack,204,204,270,66,235
2024-07-11,2,Pick,244,160,160,0,0
2024-07-11,3,Dispatch,242,173,173,0,173
2024-07-11,3,Pack,223,140,140,0,140
2024-07-11,3,Pick,214,214,215,1,0
2024-07-12,1,Dispatch,207,151,151,0,151
2024-07-12,1,Pack,217,183,183,0,183
2024-07-12,1,Pick,265,161,161,0,0
2024-07-12,2,Dispatch,257,204,204,0,204
2024-07-12,2,Pack,213,213,226,13,279
2024-07-12,2,Pick,244,180,180,0,0
2024-07-12,3,Dispatch,209,140,140,0,140
2024-07-12,3,Pack,195,195,214,19,195
2024-07-12,3,Pick,268,120,120,0,1
2024-07-15,1,Dispatch,242,183,183,0,549
2024-07-15,1,Pack,202,161,161,0,483
2024-07-15,1,Pick,232,97,97,0,0
2024-07-15,2,Dispatch,230,213,213,0,639
2024-07-15,2,Pack,211,193,193,0,592
2024-07-15,2,Pick,221,145,145,0,0
2024-07-15,3,Dispatch,227,195,195,0,585
2024-07-15,3,Pack,189,139,139,0,436
2024-07-15,3,Pick,217,146,146,0,0
2024-07-16,1,Dispatch,236,161,161,0,161
2024-07-16,1,Pack,185,97,97,0,97
2024-07-16,1,Pick,248,200,200,0,0
2024-07-16,2,Dispatch,215,193,193,0,193
2024-07-16,2,Pack,211,145,145,0,145
2024-07-16,2,Pick,215,166,166,0,0
2024-07-16,3,Dispatch,242,139,139,0,139
2024-07-16,3,Pack,206,146,146,0,146
2024-07-16,3,Pick,235,134,134,0,0
2024-07-17,1,Dispatch,218,97,97,0,97
2024-07-17,1,Pack,208,200,200,0,200
2024-07-17,1,Pick,205,189,189,0,0
2024-07-17,2,Dispatch,209,145,145,0,145
2024-07-17,2,Pack,204,166,166,0,166
2024-07-17,2,Pick,221,166,166,0,0
2024-07-17,3,Dispatch,259,146,146,0,146
2024-07-17,3,Pack,224,134,134,0,134
2024-07-17,3,Pick,235,129,129,0,0
2024-07-18,1,Dispatch,240,200,200,0,200
2024-07-18,1,Pack,208,189,189,0,189
2024-07-18,1,Pick,251,146,146,0,0
2024-07-18,2,Dispatch,207,166,166,0,166
2024-07-18,2,Pack,216,166,166,0,166
2024-07-18,2,Pick,244,151,151,0,0
2024-07-18,3,Dispatch,226,134,134,0,134
2024-07-18,3,Pack,241,129,129,0,129
2024-07-18,3,Pick,220,209,209,0,0
2024-07-19,1,Dispatch,228,189,189,0,189
2024-07-19,1,Pack,208,146,146,0,146
2024-07-19,1,Pick,237,158,158,0,0
2024-07-19,2,Dispatch,219,166,166,0,166
2024-07-19,2,Pack,204,151,151,0,151
2024-07-19,2,Pick,255,156,166,10,0
2024-07-19,3,Dispatch,211,129,129,0,129
2024-07-19,3,Pack,195,195,209,14,195
2024-07-19,3,Pick,241,149,149,0,0
2024-07-22,1,Dispatch,208,146,146,0,438
2024-07-22,1,Pack,240,158,158,0,474
2024-07-22,1,Pick,215,162,162,0,0
2024-07-22,2,Dispatch,258,151,151,0,453
2024-07-22,2,Pack,225,156,156,0,468
2024-07-22,2,Pick,228,221,221,0,30
2024-07-22,3,Dispatch,230,195,195,0,585
2024-07-22,3,Pack,204,163,163,0,503
2024-07-22,3,Pick,217,164,164,0,0
2024-07-23,1,Dispatch,254,158,158,0,158
2024-07-23,1,Pack,225,162,162,0,162
2024-07-23,1,Pick,205,139,139,0,0
2024-07-23,2,Dispatch,258,156,156,0,156
2024-07-23,2,Pack,208,208,221,13,208
2024-07-23,2,Pick,268,151,151,0,0
2024-07-23,3,Dispatch,234,163,163,0,163
2024-07-23,3,Pack,187,164,164,0,164
2024-07-23,3,Pick,251,108,108,0,0
2024-07-24,1,Dispatch,212,162,162,0,162
2024-07-24,1,Pack,236,139,139,0,139
2024-07-24,1,Pick,209,166,166,0,0
2024-07-24,2,Dispatch,228,208,208,0,208
2024-07-24,2,Pack,198,164,164,0,177
2024-07-24,2,Pick,262,154,154,0,0
2024-07-24,3,Dispatch,226,164,164,0,164
2024-07-24,3,Pack,199,108,108,0,108
2024-07-24,3,Pick,256,139,139,0,0
2024-07-25,1,Dispatch,223,139,139,0,139
2024-07-25,1,Pack,219,166,166,0,166
2024-07-25,1,Pick,249,233,233,0,0
2024-07-25,2,Dispatch,243,164,164,0,164
2024-07-25,2,Pack,198,154,154,0,154
2024-07-25,2,Pick,243,166,177,11,0
2024-07-25,3,Dispatch,263,108,108,0,108
2024-07-25,3,Pack,194,139,139,0,139
2024-07-25,3,Pick,243,166,166,0,0
2024-07-26,1,Dispatch,218,166,166,0,166
2024-07-26,1,Pack,206,206,233,27,206
2024-07-26,1,Pick,258,168,168,0,0
2024-07-26,2,Dispatch,260,154,154,0,154
2024-07-26,2,Pack,233,166,166,0,166
2024-07-26,2,Pick,264,132,173,41,0
2024-07-26,3,Dispatch,230,139,139,0,139
2024-07-26,3,Pack,188,166,166,0,166
2024-07-26,3,Pick,216,137,149,12,0
2024-07-29,1,Dispatch,256,206,206,0,618
2024-07-29,1,Pack,208,195,195,0,612
2024-07-29,1,Pick,244,97,97,0,0
2024-07-29,2,Dispatch,212,166,166,0,498
2024-07-29,2,Pack,218,132,132,0,396
2024-07-29,2,Pick,255,203,230,27,42
2024-07-29,3,Dispatch,201,166,166,0,498
2024-07-29,3,Pack,228,137,137,0,411
2024-07-29,3,Pick,261,130,142,12,0
2024-07-30,1,Dispatch,208,195,195,0,195
2024-07-30,1,Pack,218,97,97,0,97
2024-07-30,1,Pick,220,194,194,0,0
2024-07-30,2,Dispatch,252,132,132,0,132
2024-07-30,2,Pack,216,203,203,0,203
2024-07-30,2,Pick,231,153,180,27,0
2024-07-30,3,Dispatch,255,137,137,0,137
2024-07-30,3,Pack,219,130,130,0,130
2024-07-30,3,Pick,217,155,167,12,0
2024-07-31,1,Dispatch,249,97,97,0,97
2024-07-31,1,Pack,236,194,194,0,194
2024-07-31,1,Pick,208,113,113,0,0
2024-07-31,2,Dispatch,263,203,203,0,203
2024-07-31,2,Pack,237,153,153,0,153
2024-07-31,2,Pick,249,198,225,27,0
2024-07-31,3,Dispatch,256,130,130,0,130
2024-07-31,3,Pack,224,155,155,0,155
2024-07-31,3,Pick,211,168,168,0,60
2024-08-01,1,Dispatch,226,194,194,0,194
2024-08-01,1,Pack,195,113,113,0,113
2024-08-01,1,Pick,225,186,186,0,0
2024-08-01,2,Dispatch,232,153,153,0,153
2024-08-01,2,Pack,221,198,198,0,198
2024-08-01,2,Pick,241,155,190,35,0
2024-08-01,3,Dispatch,254,155,155,0,155
2024-08-01,3,Pack,187,168,168,0,168
2024-08-01,3,Pick,222,192,192,0,0
2024-08-02,1,Dispatch,248,113,113,0,113
2024-08-02,1,Pack,203,186,186,0,186
2024-08-02,1,Pick,219,203,203,0,0
2024-08-02,2,Dispatch,206,198,198,0,198
2024-08-02,2,Pack,192,155,155,0,155
2024-08-02,2,Pick,229,169,217,48,0
2024-08-02,3,Dispatch,214,168,168,0,168
2024-08-02,3,Pack,212,192,192,0,192
2024-08-02,3,Pick,242,150,150,0,0
2024-08-05,1,Dispatch,237,186,186,0,558
2024-08-05,1,Pack,203,203,203,0,609
2024-08-05,1,Pick,221,158,158,0,0
2024-08-05,2,Dispatch,245,155,155,0,465
2024-08-05,2,Pack,186,169,169,0,507
2024-08-05,2,Pick,231,229,259,30,293
2024-08-05,3,Dispatch,228,192,192,0,576
2024-08-05,3,Pack,217,150,150,0,450
2024-08-05,3,Pick,267,209,209,0,0
2024-08-06,1,Dispatch,238,203,203,0,203
2024-08-06,1,Pack,204,158,158,0,158
2024-08-06,1,Pick,245,161,161,0,0
2024-08-06,2,Dispatch,253,169,169,0,169
2024-08-06,2,Pack,231,229,229,0,229
2024-08-06,2,Pick,268,95,134,39,0
2024-08-06,3,Dispatch,251,150,150,0,150
2024-08-06,3,Pack,227,209,209,0,209
2024-08-06,3,Pick,223,116,116,0,0
2024-08-07,1,Dispatch,212,158,158,0,158
2024-08-07,1,Pack,190,161,161,0,161
2024-08-07,1,Pick,260,186,186,0,0
2024-08-07,2,Dispatch,248,229,229,0,229
2024-08-07,2,Pack,221,95,95,0,95
2024-08-07,2,Pick,266,160,160,0,128
2024-08-07,3,Dispatch,230,209,209,0,209
2024-08-07,3,Pack,212,116,116,0,116
2024-08-07,3,Pick,247,130,130,0,0
2024-08-08,1,Dispatch,229,161,161,0,161
2024-08-08,1,Pack,226,186,186,0,186
2024-08-08,1,Pick,227,182,182,0,0
2024-08-08,2,Dispatch,241,95,95,0,95
2024-08-08,2,Pack,189,160,160,0,160
2024-08-08,2,Pick,225,163,163,0,0
2024-08-08,3,Dispatch,201,116,116,0,116
2024-08-08,3,Pack,212,130,130,0,130
2024-08-08,3,Pick,267,149,149,0,0
2024-08-09,1,Dispatch,215,186,186,0,186
2024-08-09,1,Pack,239,182,182,0,182
2024-08-09,1,Pick,218,218,227,9,0
2024-08-09,2,Dispatch,206,160,160,0,160
2024-08-09,2,Pack,203,163,163,0,163
2024-08-09,2,Pick,223,128,128,0,0
2024-08-09,3,Dispatch,232,130,130,0,130
2024-08-09,3,Pack,203,149,149,0,149
2024-08-09,3,Pick,219,95,95,0,0
2024-08-12,1,Dispatch,258,182,182,0,546
2024-08-12,1,Pack,216,216,218,2,648
2024-08-12,1,Pick,225,130,130,0,27
2024-08-12,2,Dispatch,256,163,163,0,489
2024-08-12,2,Pack,226,128,128,0,384
2024-08-12,2,Pick,220,161,161,0,0
2024-08-12,3,Dispatch,248,149,149,0,447
2024-08-12,3,Pack,216,95,95,0,285
2024-08-12,3,Pick,254,221,221,0,0
2024-08-13,1,Dispatch,247,216,216,0,216
2024-08-13,1,Pack,193,132,132,0,138
2024-08-13,1,Pick,210,178,178,0,0
2024-08-13,2,Dispatch,220,128,128,0,128
2024-08-13,2,Pack,197,161,161,0,161
2024-08-13,2,Pick,217,166,166,0,0
2024-08-13,3,Dispatch,214,95,95,0,95
2024-08-13,3,Pack,188,188,221,33,188
2024-08-13,3,Pick,262,177,177,0,0
2024-08-14,1,Dispatch,213,132,132,0,132
2024-08-14,1,Pack,211,178,178,0,178
2024-08-14,1,Pick,206,151,151,0,0
2024-08-14,2,Dispatch,225,161,161,0,161
2024-08-14,2,Pack,204,166,166,0,166
2024-08-14,2,Pick,263,195,195,0,0
2024-08-14,3,Dispatch,208,188,188,0,188
2024-08-14,3,Pack,192,192,210,18,225
2024-08-14,3,Pick,205,170,170,0,0
2024-08-15,1,Dispatch,223,178,178,0,178
2024-08-15,1,Pack,216,151,151,0,151
2024-08-15,1,Pick,233,123,123,0,0
2024-08-15,2,Dispatch,229,166,166,0,166
2024-08-15,2,Pack,223,195,195,0,195
2024-08-15,2,Pick,245,197,202,5,0
2024-08-15,3,Dispatch,232,192,192,0,192
2024-08-15,3,Pack,199,188,188,0,206
2024-08-15,3,Pick,235,187,187,0,0
2024-08-16,1,Dispatch,219,151,151,0,151
2024-08-16,1,Pack,201,123,123,0,123
2024-08-16,1,Pick,208,163,163,0,0
2024-08-16,2,Dispatch,221,195,195,0,195
2024-08-16,2,Pack,235,197,197,0,197
2024-08-16,2,Pick,211,202,202,0,5
2024-08-16,3,Dispatch,204,188,188,0,188
2024-08-16,3,Pack,205,187,187,0,187
2024-08-16,3,Pick,232,147,147,0,0
2024-08-19,1,Dispatch,218,123,123,0,369
2024-08-19,1,Pack,208,163,163,0,489
2024-08-19,1,Pick,210,188,188,0,0
2024-08-19,2,Dispatch,218,197,197,0,591
2024-08-19,2,Pack,205,202,202,0,606
2024-08-19,2,Pick,250,142,142,0,0
2024-08-19,3,Dispatch,220,187,187,0,561
2024-08-19,3,Pack,239,147,147,0,441
2024-08-19,3,Pick,219,195,195,0,0
2024-08-20,1,Dispatch,203,163,163,0,163
2024-08-20,1,Pack,217,188,188,0,188
2024-08-20,1,Pick,239,233,233,0,0
2024-08-20,2,Dispatch,245,202,202,0,202
2024-08-20,2,Pack,229,142,142,0,142
2024-08-20,2,Pick,208,198,198,0,0
2024-08-20,3,Dispatch,259,147,147,0,147
2024-08-20,3,Pack,198,195,195,0,195
2024-08-20,3,Pick,218,179,179,0,0
2024-08-21,1,Dispatch,251,188,188,0,188
2024-08-21,1,Pack,234,233,233,0,233
2024-08-21,1,Pick,223,195,195,0,0
2024-08-21,2,Dispatch,219,142,142,0,142
2024-08-21,2,Pack,192,192,198,6,192
2024-08-21,2,Pick,252,148,148,0,0
2024-08-21,3,Dispatch,212,195,195,0,195
2024-08-21,3,Pack,218,179,179,0,179
2024-08-21,3,Pick,227,143,143,0,0
2024-08-22,1,Dispatch,208,208,233,25,208
2024-08-22,1,Pack,238,195,195,0,195
2024-08-22,1,Pick,243,157,157,0,0
2024-08-22,2,Dispatch,202,192,192,0,192
2024-08-22,2,Pack,206,154,154,0,160
2024-08-22,2,Pick,210,161,161,0,0
2024-08-22,3,Dispatch,248,179,179,0,179
2024-08-22,3,Pack,222,143,143,0,143
2024-08-22,3,Pick,262,175,175,0,0
2024-08-23,1,Dispatch,215,215,220,5,240
2024-08-23,1,Pack,207,157,157,0,157
2024-08-23,1,Pick,261,168,168,0,0
2024-08-23,2,Dispatch,255,154,154,0,154
2024-08-23,2,Pack,239,161,161,0,161
2024-08-23,2,Pick,235,156,156,0,0
2024-08-23,3,Dispatch,218,143,143,0,143
2024-08-23,3,Pack,214,175,175,0,175
2024-08-23,3,Pick,252,166,166,0,0
2024-08-26,1,Dispatch,218,162,162,0,491
2024-08-26,1,Pack,183,168,168,0,504
2024-08-26,1,Pick,222,153,153,0,0
2024-08-26,2,Dispatch,253,161,161,0,483
2024-08-26,2,Pack,195,156,156,0,468
2024-08-26,2,Pick,208,160,160,0,0
2024-08-26,3,Dispatch,229,175,175,0,525
2024-08-26,3,Pack,211,166,166,0,498
2024-08-26,3,Pick,254,203,203,0,0
2024-08-27,1,Dispatch,221,168,168,0,168
2024-08-27,1,Pack,196,153,153,0,153
2024-08-27,1,Pick,262,168,168,0,0
2024-08-27,2,Dispatch,231,156,156,0,156
2024-08-27,2,Pack,220,160,160,0,160
2024-08-27,2,Pick,266,184,184,0,0
2024-08-27,3,Dispatch,233,166,166,0,166
2024-08-27,3,Pack,218,203,203,0,203
2024-08-27,3,Pick,266,202,202,0,0
2024-08-28,1,Dispatch,256,153,153,0,153
2024-08-28,1,Pack,205,168,168,0,168
2024-08-28,1,Pick,259,170,170,0,0
2024-08-28,2,Dispatch,238,160,160,0,160
2024-08-28,2,Pack,234,184,184,0,184
2024-08-28,2,Pick,245,147,147,0,0
2024-08-28,3,Dispatch,203,203,203,0,203
2024-08-28,3,Pack,230,202,202,0,202
2024-08-28,3,Pick,207,142,142,0,0
2024-08-29,1,Dispatch,202,168,168,0,168
2024-08-29,1,Pack,231,170,170,0,170
2024-08-29,1,Pick,235,107,107,0,0
2024-08-29,2,Dispatch,248,184,184,0,184
2024-08-29,2,Pack,233,147,147,0,147
2024-08-29,2,Pick,210,185,185,0,0
2024-08-29,3,Dispatch,224,202,202,0,202
2024-08-29,3,Pack,193,142,142,0,142
2024-08-29,3,Pick,246,146,146,0,0
2024-08-30,1,Dispatch,220,170,170,0,170
2024-08-30,1,Pack,223,107,107,0,107
2024-08-30,1,Pick,216,202,202,0,0
2024-08-30,2,Dispatch,226,147,147,0,147
2024-08-30,2,Pack,234,185,185,0,185
2024-08-30,2,Pick,252,156,156,0,0
2024-08-30,3,Dispatch,205,142,142,0,142
2024-08-30,3,Pack,229,146,146,0,146
2024-08-30,3,Pick,261,182,182,0,0
2024-09-02,1,Dispatch,241,107,107,0,321
2024-09-02,1,Pack,236,202,202,0,606
2024-09-02,1,Pick,205,146,146,0,0
2024-09-02,2,Dispatch,241,185,185,0,555
2024-09-02,2,Pack,192,156,156,0,468
2024-09-02,2,Pick,221,129,129,0,0
2024-09-02,3,Dispatch,232,146,146,0,438
2024-09-02,3,Pack,239,182,182,0,546
2024-09-02,3,Pick,241,154,154,0,0
2024-09-03,1,Dispatch,241,202,202,0,202
2024-09-03,1,Pack,235,146,146,0,146
2024-09-03,1,Pick,253,162,162,0,0
2024-09-03,2,Dispatch,244,156,156,0,156
2024-09-03,2,Pack,197,129,129,0,129
2024-09-03,2,Pick,242,153,153,0,0
2024-09-03,3,Dispatch,219,182,182,0,182
2024-09-03,3,Pack,195,154,154,0,154
2024-09-03,3,Pick,264,141,141,0,0
2024-09-04,1,Dispatch,221,146,146,0,146
2024-09-04,1,Pack,211,162,162,0,162
2024-09-04,1,Pick,246,182,182,0,0
2024-09-04,2,Dispatch,254,129,129,0,129
2024-09-04,2,Pack,202,153,153,0,153
2024-09-04,2,Pick,210,150,150,0,0
2024-09-04,3,Dispatch,234,154,154,0,154
2024-09-04,3,Pack,188,141,141,0,141
2024-09-04,3,Pick,232,207,207,0,0
2024-09-05,1,Dispatch,223,162,162,0,162
2024-09-05,1,Pack,236,182,182,0,182
2024-09-05,1,Pick,213,152,152,0,0
2024-09-05,2,Dispatch,211,153,153,0,153
2024-09-05,2,Pack,209,150,150,0,150
2024-09-05,2,Pick,244,144,144,0,0
2024-09-05,3,Dispatch,240,141,141,0,141
2024-09-05,3,Pack,208,207,207,0,207
2024-09-05,3,Pick,222,197,197,0,0
2024-09-06,1,Dispatch,261,182,182,0,182
2024-09-06,1,Pack,194,152,152,0,152
2024-09-06,1,Pick,261,217,217,0,0
2024-09-06,2,Dispatch,247,150,150,0,150
2024-09-06,2,Pack,187,144,144,0,144
2024-09-06,2,Pick,219,183,183,0,0
2024-09-06,3,Dispatch,260,207,207,0,207
2024-09-06,3,Pack,216,197,197,0,197
2024-09-06,3,Pick,240,144,144,0,0
2024-09-09,1,Dispatch,204,152,152,0,456
2024-09-09,1,Pack,234,217,217,0,651
2024-09-09,1,Pick,253,129,130,1,0
2024-09-09,2,Dispatch,226,144,144,0,432
2024-09-09,2,Pack,196,183,183,0,549
2024-09-09,2,Pick,207,178,178,0,0
2024-09-09,3,Dispatch,210,197,197,0,591
2024-09-09,3,Pack,232,144,144,0,432
2024-09-09,3,Pick,225,186,186,0,0
2024-09-10,1,Dispatch,257,217,217,0,217
2024-09-10,1,Pack,191,129,129,0,129
2024-09-10,1,Pick,266,158,159,1,0
2024-09-10,2,Dispatch,248,183,183,0,183
2024-09-10,2,Pack,187,178,178,0,178
2024-09-10,2,Pick,216,147,147,0,0
2024-09-10,3,Dispatch,212,144,144,0,144
2024-09-10,3,Pack,198,186,186,0,186
2024-09-10,3,Pick,224,165,165,0,0
2024-09-11,1,Dispatch,249,129,129,0,129
2024-09-11,1,Pack,184,158,158,0,158
2024-09-11,1,Pick,214,155,164,9,2
2024-09-11,2,Dispatch,253,178,178,0,178
2024-09-11,2,Pack,236,147,147,0,147
2024-09-11,2,Pick,249,133,133,0,0
2024-09-11,3,Dispatch,236,186,186,0,186
2024-09-11,3,Pack,213,165,165,0,165
2024-09-11,3,Pick,211,125,125,0,0
2024-09-12,1,Dispatch,232,158,158,0,158
2024-09-12,1,Pack,184,155,155,0,155
2024-09-12,1,Pick,206,157,157,0,9
2024-09-12,2,Dispatch,215,147,147,0,147
2024-09-12,2,Pack,233,133,133,0,133
2024-09-12,2,Pick,211,167,167,0,0
2024-09-12,3,Dispatch,257,165,165,0,165
2024-09-12,3,Pack,194,125,125,0,125
2024-09-12,3,Pick,211,166,166,0,0
2024-09-13,1,Dispatch,237,155,155,0,155
2024-09-13,1,Pack,204,157,157,0,157
2024-09-13,1,Pick,253,140,140,0,0
2024-09-13,2,Dispatch,207,133,133,0,133
2024-09-13,2,Pack,233,167,167,0,167
2024-09-13,2,Pick,242,131,131,0,0
2024-09-13,3,Dispatch,237,125,125,0,125
2024-09-13,3,Pack,218,166,166,0,166
2024-09-13,3,Pick,245,169,169,0,0
2024-09-16,1,Dispatch,215,157,157,0,471
2024-09-16,1,Pack,225,140,140,0,420
2024-09-16,1,Pick,206,147,147,0,0
2024-09-16,2,Dispatch,226,167,167,0,501
2024-09-16,2,Pack,234,131,131,0,393
2024-09-16,2,Pick,240,175,175,0,0
2024-09-16,3,Dispatch,202,166,166,0,498
2024-09-16,3,Pack,230,169,169,0,507
2024-09-16,3,Pick,227,133,133,0,0
2024-09-17,1,Dispatch,238,140,140,0,140
2024-09-17,1,Pack,190,147,147,0,147
2024-09-17,1,Pick,210,178,178,0,0
2024-09-17,2,Dispatch,211,131,131,0,131
2024-09-17,2,Pack,237,175,175,0,175
2024-09-17,2,Pick,240,204,204,0,0
2024-09-17,3,Dispatch,203,169,169,0,169
2024-09-17,3,Pack,195,133,133,0,133
2024-09-17,3,Pick,227,209,209,0,0
2024-09-18,1,Dispatch,241,147,147,0,147
2024-09-18,1,Pack,209,178,178,0,178
2024-09-18,1,Pick,234,180,180,0,0
2024-09-18,2,Dispatch,246,175,175,0,175
2024-09-18,2,Pack,205,204,204,0,204
2024-09-18,2,Pick,222,170,170,0,0
2024-09-18,3,Dispatch,243,133,133,0,133
2024-09-18,3,Pack,221,209,209,0,209
2024-09-18,3,Pick,208,128,128,0,0
2024-09-19,1,Dispatch,261,178,178,0,178
2024-09-19,1,Pack,195,180,180,0,180
2024-09-19,1,Pick,230,113,113,0,0
2024-09-19,2,Dispatch,249,204,204,0,204
2024-09-19,2,Pack,234,170,170,0,170
2024-09-19,2,Pick,237,189,189,0,0
2024-09-19,3,Dispatch,226,209,209,0,209
2024-09-19,3,Pack,186,128,128,0,128
2024-09-19,3,Pick,222,144,144,0,0
2024-09-20,1,Dispatch,229,180,180,0,180
2024-09-20,1,Pack,184,113,113,0,113
2024-09-20,1,Pick,261,155,155,0,0
2024-09-20,2,Dispatch,210,170,170,0,170
2024-09-20,2,Pack,236,189,189,0,189
2024-09-20,2,Pick,232,188,188,0,0
2024-09-20,3,Dispatch,239,128,128,0,128
2024-09-20,3,Pack,215,144,144,0,144
2024-09-20,3,Pick,243,180,180,0,0
2024-09-23,1,Dispatch,209,113,113,0,339
2024-09-23,1,Pack,216,155,155,0,465
2024-09-23,1,Pick,238,142,142,0,0
2024-09-23,2,Dispatch,207,189,189,0,567
2024-09-23,2,Pack,236,188,188,0,564
2024-09-23,2,Pick,232,177,177,0,0
2024-09-23,3,Dispatch,249,144,144,0,432
2024-09-23,3,Pack,225,180,180,0,540
2024-09-23,3,Pick,267,93,93,0,0
2024-09-24,1,Dispatch,214,155,155,0,155
2024-09-24,1,Pack,208,142,142,0,142
2024-09-24,1,Pick,223,148,152,4,0
2024-09-24,2,Dispatch,213,188,188,0,188
2024-09-24,2,Pack,216,177,177,0,177
2024-09-24,2,Pick,244,160,160,0,0
2024-09-24,3,Dispatch,243,180,180,0,180
2024-09-24,3,Pack,187,93,93,0,93
2024-09-24,3,Pick,214,183,183,0,0
2024-09-25,1,Dispatch,262,142,142,0,142
2024-09-25,1,Pack,203,148,148,0,148
2024-09-25,1,Pick,217,127,153,26,0
2024-09-25,2,Dispatch,261,177,177,0,177
2024-09-25,2,Pack,209,160,160,0,160
2024-09-25,2,Pick,263,182,182,0,0
2024-09-25,3,Dispatch,223,93,93,0,93
2024-09-25,3,Pack,185,183,183,0,183
2024-09-25,3,Pick,252,186,186,0,0
2024-09-26,1,Dispatch,202,148,148,0,148
2024-09-26,1,Pack,211,127,127,0,127
2024-09-26,1,Pick,251,195,221,26,0
2024-09-26,2,Dispatch,258,160,160,0,160
2024-09-26,2,Pack,185,182,182,0,182
2024-09-26,2,Pick,242,154,154,0,0
2024-09-26,3,Dispatch,243,183,183,0,183
2024-09-26,3,Pack,184,184,186,2,184
2024-09-26,3,Pick,209,187,187,0,0
2024-09-27,1,Dispatch,236,127,127,0,127
2024-09-27,1,Pack,221,195,195,0,195
2024-09-27,1,Pick,249,142,168,26,0
2024-09-27,2,Dispatch,215,182,182,0,182
2024-09-27,2,Pack,183,154,154,0,154
2024-09-27,2,Pick,232,131,131,0,0
2024-09-27,3,Dispatch,232,184,184,0,184
2024-09-27,3,Pack,215,189,189,0,191
2024-09-27,3,Pick,252,150,150,0,0
2024-09-30,1,Dispatch,253,195,195,0,585
2024-09-30,1,Pack,204,142,142,0,426
2024-09-30,1,Pick,210,194,194,0,134
2024-09-30,2,Dispatch,225,154,154,0,462
2024-09-30,2,Pack,211,131,131,0,393
2024-09-30,2,Pick,218,218,218,0,0
2024-09-30,3,Dispatch,233,189,189,0,567
2024-09-30,3,Pack,195,150,150,0,450
2024-09-30,3,Pick,237,164,164,0,0
2024-10-01,1,Dispatch,235,142,142,0,142
2024-10-01,1,Pack,233,194,194,0,194
2024-10-01,1,Pick,210,210,232,22,0
2024-10-01,2,Dispatch,217,131,131,0,131
2024-10-01,2,Pack,197,197,218,21,197
2024-10-01,2,Pick,262,225,225,0,0
2024-10-01,3,Dispatch,261,150,150,0,150
2024-10-01,3,Pack,207,164,164,0,164
2024-10-01,3,Pick,205,205,267,62,0
2024-10-02,1,Dispatch,251,194,194,0,194
2024-10-02,1,Pack,223,210,210,0,210
2024-10-02,1,Pick,249,195,196,1,22
2024-10-02,2,Dispatch,229,197,197,0,197
2024-10-02,2,Pack,215,215,246,31,236
2024-10-02,2,Pick,224,220,220,0,0
2024-10-02,3,Dispatch,233,164,164,0,164
2024-10-02,3,Pack,213,205,205,0,205
2024-10-02,3,Pick,209,209,277,68,62
2024-10-03,1,Dispatch,206,206,210,4,206
2024-10-03,1,Pack,219,195,195,0,195
2024-10-03,1,Pick,216,186,201,15,1
2024-10-03,2,Dispatch,218,215,215,0,215
2024-10-03,2,Pack,225,225,251,26,256
2024-10-03,2,Pick,217,183,183,0,0
2024-10-03,3,Dispatch,213,205,205,0,205
2024-10-03,3,Pack,237,209,209,0,209
2024-10-03,3,Pick,252,252,297,45,68
2024-10-04,1,Dispatch,206,199,199,0,203
2024-10-04,1,Pack,194,186,186,0,186
2024-10-04,1,Pick,231,202,217,15,0
2024-10-04,2,Dispatch,251,225,225,0,225
2024-10-04,2,Pack,184,184,209,25,210
2024-10-04,2,Pick,207,191,191,0,0
2024-10-04,3,Dispatch,251,209,209,0,209
2024-10-04,3,Pack,198,198,252,54,198
2024-10-04,3,Pick,255,255,307,52,45
2024-10-07,1,Dispatch,222,186,186,0,558
2024-10-07,1,Pack,185,185,202,17,555
2024-10-07,1,Pick,264,192,197,5,40
2024-10-07,2,Dispatch,203,184,184,0,552
2024-10-07,2,Pack,206,206,216,10,643
2024-10-07,2,Pick,242,190,190,0,0
2024-10-07,3,Dispatch,216,198,198,0,594
2024-10-07,3,Pack,211,211,309,98,687
2024-10-07,3,Pick,236,236,306,70,156
2024-10-08,1,Dispatch,258,185,185,0,185
2024-10-08,1,Pack,190,190,209,19,241
2024-10-08,1,Pick,219,160,165,5,0
2024-10-08,2,Dispatch,237,206,206,0,206
2024-10-08,2,Pack,240,200,200,0,230
2024-10-08,2,Pick,239,156,156,0,0
2024-10-08,3,Dispatch,210,210,211,1,210
2024-10-08,3,Pack,237,237,334,97,531
2024-10-08,3,Pick,242,242,274,32,70
2024-10-09,1,Dispatch,232,190,190,0,190
2024-10-09,1,Pack,224,179,179,0,198
2024-10-09,1,Pick,244,168,173,5,0
2024-10-09,2,Dispatch,242,200,200,0,200
2024-10-09,2,Pack,231,156,156,0,156
2024-10-09,2,Pick,221,159,159,0,0
2024-10-09,3,Dispatch,257,238,238,0,239
2024-10-09,3,Pack,202,202,339,137,299
2024-10-09,3,Pick,241,241,276,35,30
2024-10-10,1,Dispatch,227,179,179,0,179
2024-10-10,1,Pack,212,168,168,0,168
2024-10-10,1,Pick,219,183,188,5,0
2024-10-10,2,Dispatch,257,156,156,0,156
2024-10-10,2,Pack,207,159,159,0,159
2024-10-10,2,Pick,214,205,205,0,0
2024-10-10,3,Dispatch,255,202,202,0,202
2024-10-10,3,Pack,230,230,378,148,367
2024-10-10,3,Pick,228,200,207,7,28
2024-10-11,1,Dispatch,214,168,168,0,168
2024-10-11,1,Pack,205,183,183,0,183
2024-10-11,1,Pick,229,218,238,20,0
2024-10-11,2,Dispatch,236,159,159,0,159
2024-10-11,2,Pack,189,189,205,16,189
2024-10-11,2,Pick,227,164,164,0,0
2024-10-11,3,Dispatch,224,224,230,6,224
2024-10-11,3,Pack,224,224,348,124,372
2024-10-11,3,Pick,246,208,215,7,0
2024-10-14,1,Dispatch,210,183,183,0,549
2024-10-14,1,Pack,228,218,218,0,654
2024-10-14,1,Pick,212,212,236,24,0
2024-10-14,2,Dispatch,263,189,189,0,567
2024-10-14,2,Pack,215,180,180,0,556
2024-10-14,2,Pick,224,214,214,0,0
2024-10-14,3,Dispatch,260,230,230,0,696
2024-10-14,3,Pack,214,214,332,118,766
2024-10-14,3,Pick,209,209,213,4,37
2024-10-15,1,Dispatch,243,218,218,0,218
2024-10-15,1,Pack,187,187,212,25,187
2024-10-15,1,Pick,246,141,161,20,4
2024-10-15,2,Dispatch,222,180,180,0,180
2024-10-15,2,Pack,202,202,214,12,202
2024-10-15,2,Pick,246,199,199,0,0
2024-10-15,3,Dispatch,249,214,214,0,214
2024-10-15,3,Pack,235,235,327,92,589
2024-10-15,3,Pick,263,201,201,0,4
2024-10-16,1,Dispatch,252,187,187,0,187
2024-10-16,1,Pack,190,166,166,0,191
2024-10-16,1,Pick,253,171,171,0,140
2024-10-16,2,Dispatch,249,202,202,0,202
2024-10-16,2,Pack,200,200,211,11,212
2024-10-16,2,Pick,211,185,185,0,0
2024-10-16,3,Dispatch,263,235,235,0,235
2024-10-16,3,Pack,228,228,293,65,320
2024-10-16,3,Pick,220,202,202,0,0
2024-10-17,1,Dispatch,202,166,166,0,166
2024-10-17,1,Pack,191,171,171,0,171
2024-10-17,1,Pick,240,235,235,0,0
2024-10-17,2,Dispatch,259,200,200,0,200
2024-10-17,2,Pack,192,192,196,4,203
2024-10-17,2,Pick,238,238,238,0,0
2024-10-17,3,Dispatch,220,220,228,8,220
2024-10-17,3,Pack,194,194,267,73,259
2024-10-17,3,Pick,268,233,233,0,0
2024-10-18,1,Dispatch,247,171,171,0,171
2024-10-18,1,Pack,205,205,235,30,205
2024-10-18,1,Pick,261,195,195,0,0
2024-10-18,2,Dispatch,222,192,192,0,192
2024-10-18,2,Pack,190,190,242,52,194
2024-10-18,2,Pick,233,195,195,0,0
2024-10-18,3,Dispatch,201,201,202,1,209
2024-10-18,3,Pack,212,212,306,94,285
2024-10-18,3,Pick,239,166,166,0,0
2024-10-21,1,Dispatch,258,205,205,0,615
2024-10-21,1,Pack,210,210,225,15,660
2024-10-21,1,Pick,260,163,163,0,0
2024-10-21,2,Dispatch,222,190,190,0,570
2024-10-21,2,Pack,204,204,247,43,664
2024-10-21,2,Pick,219,219,264,45,0
2024-10-21,3,Dispatch,217,213,213,0,640
2024-10-21,3,Pack,193,193,260,67,673
2024-10-21,3,Pick,207,175,175,0,0
2024-10-22,1,Dispatch,229,210,210,0,210
2024-10-22,1,Pack,189,178,178,0,223
2024-10-22,1,Pick,241,203,208,5,0
2024-10-22,2,Dispatch,245,204,204,0,204
2024-10-22,2,Pack,231,231,262,31,360
2024-10-22,2,Pick,206,206,272,66,45
2024-10-22,3,Dispatch,259,193,193,0,193
2024-10-22,3,Pack,230,230,242,12,431
2024-10-22,3,Pick,209,153,153,0,0
2024-10-23,1,Dispatch,225,178,178,0,178
2024-10-23,1,Pack,240,203,203,0,203
2024-10-23,1,Pick,253,234,234,0,5
2024-10-23,2,Dispatch,200,200,231,31,200
2024-10-23,2,Pack,233,233,237,4,264
2024-10-23,2,Pick,236,236,293,57,66
2024-10-23,3,Dispatch,235,230,230,0,230
2024-10-23,3,Pack,184,165,165,0,177
2024-10-23,3,Pick,216,212,212,0,0
2024-10-24,1,Dispatch,239,203,203,0,203
2024-10-24,1,Pack,206,206,234,28,206
2024-10-24,1,Pick,219,219,229,10,0
2024-10-24,2,Dispatch,226,226,264,38,257
2024-10-24,2,Pack,236,236,240,4,240
2024-10-24,2,Pick,240,240,256,16,57
2024-10-24,3,Dispatch,201,165,165,0,165
2024-10-24,3,Pack,216,212,212,0,212
2024-10-24,3,Pick,258,253,253,0,0
2024-10-25,1,Dispatch,242,206,206,0,206
2024-10-25,1,Pack,228,228,247,19,256
2024-10-25,1,Pick,259,251,257,6,10
2024-10-25,2,Dispatch,215,215,274,59,253
2024-10-25,2,Pack,218,218,244,26,222
2024-10-25,2,Pick,258,158,158,0,16
2024-10-25,3,Dispatch,224,212,212,0,212
2024-10-25,3,Pack,226,226,253,27,226
2024-10-25,3,Pick,264,167,167,0,0
2024-10-28,1,Dispatch,217,217,228,11,651
2024-10-28,1,Pack,233,233,270,37,718
2024-10-28,1,Pick,240,174,189,15,0
2024-10-28,2,Dispatch,259,259,277,18,836
2024-10-28,2,Pack,201,184,184,0,578
2024-10-28,2,Pick,225,225,251,26,0
2024-10-28,3,Dispatch,241,226,226,0,678
2024-10-28,3,Pack,220,194,194,0,609
2024-10-28,3,Pick,207,206,208,2,0
2024-10-29,1,Dispatch,255,244,244,0,277
2024-10-29,1,Pack,214,211,211,0,322
2024-10-29,1,Pick,244,193,239,46,0
2024-10-29,2,Dispatch,249,202,202,0,256
2024-10-29,2,Pack,210,210,225,15,210
2024-10-29,2,Pick,207,207,245,38,26
2024-10-29,3,Dispatch,230,194,194,0,194
2024-10-29,3,Pack,220,206,206,0,206
2024-10-29,3,Pick,207,125,147,22,0
2024-10-30,1,Dispatch,263,211,211,0,211
2024-10-30,1,Pack,195,193,193,0,193
2024-10-30,1,Pick,221,221,291,70,0
2024-10-30,2,Dispatch,260,210,210,0,210
2024-10-30,2,Pack,218,218,222,4,233
2024-10-30,2,Pick,221,161,161,0,38
2024-10-30,3,Dispatch,222,206,206,0,206
2024-10-30,3,Pack,240,125,125,0,125
2024-10-30,3,Pick,248,148,176,28,3
2024-10-31,1,Dispatch,249,193,193,0,193
2024-10-31,1,Pack,233,221,221,0,221
2024-10-31,1,Pick,248,230,311,81,24
2024-10-31,2,Dispatch,226,218,218,0,218
2024-10-31,2,Pack,192,165,165,0,169
2024-10-31,2,Pick,260,215,215,0,0
2024-10-31,3,Dispatch,212,125,125,0,125
2024-10-31,3,Pack,233,148,148,0,148
2024-10-31,3,Pick,260,253,281,28,0
2024-11-01,1,Dispatch,214,214,221,7,214
2024-11-01,1,Pack,216,216,230,14,216
2024-11-01,1,Pick,264,174,276,102,0
2024-11-01,2,Dispatch,223,165,165,0,165
2024-11-01,2,Pack,203,203,215,12,203
2024-11-01,2,Pick,209,173,173,0,0
2024-11-01,3,Dispatch,257,148,148,0,148
2024-11-01,3,Pack,195,195,253,58,195
2024-11-01,3,Pick,254,207,235,28,0
2024-11-04,1,Dispatch,224,223,223,0,676
2024-11-04,1,Pack,193,188,188,0,578
2024-11-04,1,Pick,210,210,326,116,78
2024-11-04,2,Dispatch,224,203,203,0,609
2024-11-04,2,Pack,212,185,185,0,567
2024-11-04,2,Pick,242,242,248,6,0
2024-11-04,3,Dispatch,209,195,195,0,585
2024-11-04,3,Pack,216,216,265,49,706
2024-11-04,3,Pick,245,179,207,28,0
2024-11-05,1,Dispatch,218,188,188,0,188
2024-11-05,1,Pack,227,210,210,0,210
2024-11-05,1,Pick,260,191,317,126,13
2024-11-05,2,Dispatch,230,185,185,0,185
2024-11-05,2,Pack,186,186,242,56,186
2024-11-05,2,Pick,263,232,232,0,6
2024-11-05,3,Dispatch,245,216,216,0,216
2024-11-05,3,Pack,198,198,228,30,345
2024-11-05,3,Pick,242,209,237,28,0
2024-11-06,1,Dispatch,202,202,210,8,202
2024-11-06,1,Pack,188,188,191,3,188
2024-11-06,1,Pick,259,254,317,63,398
2024-11-06,2,Dispatch,204,186,186,0,186
2024-11-06,2,Pack,238,238,288,50,294
2024-11-06,2,Pick,266,165,165,0,0
2024-11-06,3,Dispatch,210,198,198,0,198
2024-11-06,3,Pack,187,187,239,52,217
2024-11-06,3,Pick,229,157,185,28,0
2024-11-07,1,Dispatch,205,196,196,0,204
2024-11-07,1,Pack,196,196,257,61,199
2024-11-07,1,Pick,212,158,245,87,0
2024-11-07,2,Dispatch,239,238,238,0,238
2024-11-07,2,Pack,227,215,215,0,265
2024-11-07,2,Pick,254,211,211,0,0
2024-11-07,3,Dispatch,258,187,187,0,187
2024-11-07,3,Pack,186,186,209,23,238
2024-11-07,3,Pick,260,223,258,35,0
2024-11-08,1,Dispatch,227,196,196,0,196
2024-11-08,1,Pack,209,209,219,10,270
2024-11-08,1,Pick,227,227,263,36,415
2024-11-08,2,Dispatch,244,215,215,0,215
2024-11-08,2,Pack,217,211,211,0,211
2024-11-08,2,Pick,252,151,151,0,0
2024-11-08,3,Dispatch,213,186,186,0,186
2024-11-08,3,Pack,232,232,246,14,255
2024-11-08,3,Pick,220,220,256,36,0
2024-11-11,1,Dispatch,209,209,209,0,627
2024-11-11,1,Pack,205,205,237,32,625
2024-11-11,1,Pick,240,207,207,0,108
2024-11-11,2,Dispatch,250,211,211,0,633
2024-11-11,2,Pack,219,151,151,0,453
2024-11-11,2,Pick,240,232,232,0,0
2024-11-11,3,Dispatch,212,212,232,20,636
2024-11-11,3,Pack,240,234,234,0,716
2024-11-11,3,Pick,267,229,280,51,360
2024-11-12,1,Dispatch,227,205,205,0,205
2024-11-12,1,Pack,226,226,239,13,322
2024-11-12,1,Pick,268,250,250,0,0
2024-11-12,2,Dispatch,263,151,151,0,151
2024-11-12,2,Pack,234,232,232,0,232
2024-11-12,2,Pick,266,210,210,0,0
2024-11-12,3,Dispatch,216,216,254,38,276
2024-11-12,3,Pack,211,211,229,18,211
2024-11-12,3,Pick,206,178,239,61,35
2024-11-13,1,Dispatch,261,226,226,0,226
2024-11-13,1,Pack,225,225,263,38,238
2024-11-13,1,Pick,205,200,200,0,0
2024-11-13,2,Dispatch,210,210,232,22,210
2024-11-13,2,Pack,218,210,210,0,210
2024-11-13,2,Pick,208,208,236,28,0
2024-11-13,3,Dispatch,200,200,249,49,238
2024-11-13,3,Pack,196,196,196,0,214
2024-11-13,3,Pick,222,222,329,107,0
2024-11-14,1,Dispatch,223,223,225,2,223
2024-11-14,1,Pack,207,207,238,31,245
2024-11-14,1,Pick,261,224,224,0,0
2024-11-14,2,Dispatch,204,204,232,28,226
2024-11-14,2,Pack,187,187,208,21,187
2024-11-14,2,Pick,239,227,227,0,28
2024-11-14,3,Dispatch,254,245,245,0,294
2024-11-14,3,Pack,230,222,222,0,222
2024-11-14,3,Pick,209,209,290,81,212
2024-11-15,1,Dispatch,225,209,209,0,211
2024-11-15,1,Pack,241,241,255,14,272
2024-11-15,1,Pick,213,213,238,25,0
2024-11-15,2,Dispatch,245,215,215,0,243
2024-11-15,2,Pack,194,194,248,54,215
2024-11-15,2,Pick,210,210,301,91,0
2024-11-15,3,Dispatch,249,222,222,0,222
2024-11-15,3,Pack,205,205,209,4,205
2024-11-15,3,Pick,254,242,242,0,81
2024-11-18,1,Dispatch,238,238,241,3,714
2024-11-18,1,Pack,205,205,227,22,629
2024-11-18,1,Pick,230,230,269,39,75
2024-11-18,2,Dispatch,215,194,194,0,582
2024-11-18,2,Pack,211,211,264,53,687
2024-11-18,2,Pick,244,244,245,1,273
2024-11-18,3,Dispatch,222,205,205,0,615
2024-11-18,3,Pack,200,200,246,46,604
2024-11-18,3,Pick,253,186,186,0,0
2024-11-19,1,Dispatch,217,208,208,0,217
2024-11-19,1,Pack,191,191,252,61,257
2024-11-19,1,Pick,267,263,263,0,39
2024-11-19,2,Dispatch,259,211,211,0,211
2024-11-19,2,Pack,226,226,297,71,385
2024-11-19,2,Pick,224,218,218,0,1
2024-11-19,3,Dispatch,213,200,200,0,200
2024-11-19,3,Pack,223,223,232,9,361
2024-11-19,3,Pick,256,219,224,5,0
2024-11-20,1,Dispatch,261,191,191,0,191
2024-11-20,1,Pack,234,234,324,90,295
2024-11-20,1,Pick,249,193,193,0,0
2024-11-20,2,Dispatch,238,226,226,0,226
2024-11-20,2,Pack,195,195,289,94,266
2024-11-20,2,Pick,244,200,200,0,0
2024-11-20,3,Dispatch,215,215,223,8,215
2024-11-20,3,Pack,193,193,228,35,202
2024-11-20,3,Pick,255,182,182,0,5
2024-11-21,1,Dispatch,207,207,234,27,207
2024-11-21,1,Pack,228,228,283,55,318
2024-11-21,1,Pick,243,243,256,13,0
2024-11-21,2,Dispatch,237,195,195,0,195
2024-11-21,2,Pack,223,223,294,71,317
2024-11-21,2,Pick,244,231,231,0,0
2024-11-21,3,Dispatch,245,201,201,0,209
2024-11-21,3,Pack,204,204,217,13,239
2024-11-21,3,Pick,243,202,202,0,0
2024-11-22,1,Dispatch,236,236,255,19,263
2024-11-22,1,Pack,195,195,298,103,250
2024-11-22,1,Pick,227,194,200,6,13
2024-11-22,2,Dispatch,218,218,223,5,218
2024-11-22,2,Pack,186,186,302,116,257
2024-11-22,2,Pick,252,159,173,14,0
2024-11-22,3,Dispatch,233,204,204,0,204
2024-11-22,3,Pack,234,215,215,0,228
2024-11-22,3,Pick,257,198,198,0,0
2024-11-25,1,Dispatch,238,214,214,0,661
2024-11-25,1,Pack,191,191,297,106,676
2024-11-25,1,Pick,257,186,186,0,18
2024-11-25,2,Dispatch,220,191,191,0,578
2024-11-25,2,Pack,225,225,275,50,791
2024-11-25,2,Pick,242,186,195,9,42
2024-11-25,3,Dispatch,200,200,215,15,600
2024-11-25,3,Pack,210,198,198,0,594
2024-11-25,3,Pick,243,223,223,0,0
2024-11-26,1,Dispatch,237,191,191,0,191
2024-11-26,1,Pack,224,224,292,68,542
2024-11-26,1,Pick,217,154,154,0,0
2024-11-26,2,Dispatch,230,225,225,0,225
2024-11-26,2,Pack,220,220,236,16,370
2024-11-26,2,Pick,217,217,238,21,0
2024-11-26,3,Dispatch,254,213,213,0,258
2024-11-26,3,Pack,212,212,223,11,212
2024-11-26,3,Pick,223,156,157,1,0
2024-11-27,1,Dispatch,232,224,224,0,224
2024-11-27,1,Pack,219,219,222,3,287
2024-11-27,1,Pick,241,241,248,7,0
2024-11-27,2,Dispatch,256,220,220,0,220
2024-11-27,2,Pack,198,198,233,35,214
2024-11-27,2,Pick,242,213,222,9,12
2024-11-27,3,Dispatch,242,212,212,0,212
2024-11-27,3,Pack,219,167,167,0,178
2024-11-27,3,Pick,238,115,168,53,0
2024-11-28,1,Dispatch,254,219,219,0,219
2024-11-28,1,Pack,239,239,244,5,242
2024-11-28,1,Pick,252,214,214,0,7
2024-11-28,2,Dispatch,242,198,198,0,198
2024-11-28,2,Pack,184,184,248,64,219
2024-11-28,2,Pick,220,220,238,18,0
2024-11-28,3,Dispatch,204,167,167,0,167
2024-11-28,3,Pack,202,115,115,0,115
2024-11-28,3,Pick,245,231,263,32,21
2024-11-29,1,Dispatch,208,208,239,31,208
2024-11-29,1,Pack,193,193,219,26,198
2024-11-29,1,Pick,209,205,205,0,0
2024-11-29,2,Dispatch,236,184,184,0,184
2024-11-29,2,Pack,195,195,284,89,259
2024-11-29,2,Pick,226,204,226,22,8
2024-11-29,3,Dispatch,255,115,115,0,115
2024-11-29,3,Pack,229,229,231,2,229
2024-11-29,3,Pick,218,218,273,55,20
2024-12-02,1,Dispatch,237,224,224,0,703
2024-12-02,1,Pack,192,192,231,39,602
2024-12-02,1,Pick,206,194,225,31,0
2024-12-02,2,Dispatch,206,195,195,0,585
2024-12-02,2,Pack,235,235,293,58,794
2024-12-02,2,Pick,248,160,175,15,99
2024-12-02,3,Dispatch,211,211,229,18,633
2024-12-02,3,Pack,240,220,220,0,662
2024-12-02,3,Pick,221,213,213,0,210
2024-12-03,1,Dispatch,257,192,192,0,192
2024-12-03,1,Pack,215,215,233,18,332
2024-12-03,1,Pick,208,157,188,31,0
2024-12-03,2,Dispatch,245,235,235,0,235
2024-12-03,2,Pack,202,202,218,16,376
2024-12-03,2,Pick,233,176,208,32,0
2024-12-03,3,Dispatch,247,238,238,0,292
2024-12-03,3,Pack,208,208,213,5,208
2024-12-03,3,Pick,242,162,162,0,0
2024-12-04,1,Dispatch,234,215,215,0,215
2024-12-04,1,Pack,186,175,175,0,193
2024-12-04,1,Pick,215,215,215,0,62
2024-12-04,2,Dispatch,257,202,202,0,202
2024-12-04,2,Pack,184,184,192,8,200
2024-12-04,2,Pick,208,197,203,6,39
2024-12-04,3,Dispatch,261,208,208,0,208
2024-12-04,3,Pack,227,167,167,0,172
2024-12-04,3,Pick,244,140,151,11,0
2024-12-05,1,Dispatch,219,175,175,0,175
2024-12-05,1,Pack,194,194,215,21,194
2024-12-05,1,Pick,219,206,206,0,0
2024-12-05,2,Dispatch,263,184,184,0,184
2024-12-05,2,Pack,219,205,205,0,213
2024-12-05,2,Pick,249,161,167,6,0
2024-12-05,3,Dispatch,214,167,167,0,167
2024-12-05,3,Pack,228,140,140,0,140
2024-12-05,3,Pick,231,209,220,11,0
2024-12-06,1,Dispatch,252,194,194,0,194
2024-12-06,1,Pack,210,210,227,17,231
2024-12-06,1,Pick,223,204,205,1,0
2024-12-06,2,Dispatch,253,205,205,0,205
2024-12-06,2,Pack,208,161,161,0,161
2024-12-06,2,Pick,260,225,231,6,0
2024-12-06,3,Dispatch,203,140,140,0,140
2024-12-06,3,Pack,206,206,209,3,206
2024-12-06,3,Pick,223,128,154,26,0
2024-12-09,1,Dispatch,245,210,210,0,630
2024-12-09,1,Pack,207,207,221,14,638
2024-12-09,1,Pick,241,219,220,1,0
2024-12-09,2,Dispatch,206,161,161,0,483
2024-12-09,2,Pack,212,212,225,13,636
2024-12-09,2,Pick,212,173,177,4,42
2024-12-09,3,Dispatch,222,206,206,0,618
2024-12-09,3,Pack,216,131,131,0,396
2024-12-09,3,Pick,249,175,201,26,0
2024-12-10,1,Dispatch,215,207,207,0,207
2024-12-10,1,Pack,233,233,233,0,275
2024-12-10,1,Pick,205,138,139,1,0
2024-12-10,2,Dispatch,203,203,212,9,203
2024-12-10,2,Pack,187,186,186,0,225
2024-12-10,2,Pick,250,147,157,10,0
2024-12-10,3,Dispatch,227,131,131,0,131
2024-12-10,3,Pack,222,175,175,0,175
2024-12-10,3,Pick,234,96,143,47,0
2024-12-11,1,Dispatch,209,209,233,24,209
2024-12-11,1,Pack,204,138,138,0,138
2024-12-11,1,Pick,267,153,153,0,5
2024-12-11,2,Dispatch,203,195,195,0,204
2024-12-11,2,Pack,233,147,147,0,147
2024-12-11,2,Pick,248,130,158,28,0
2024-12-11,3,Dispatch,231,175,175,0,175
2024-12-11,3,Pack,186,96,96,0,96
2024-12-11,3,Pick,250,157,206,49,0
2024-12-12,1,Dispatch,213,162,162,0,186
2024-12-12,1,Pack,227,153,153,0,153
2024-12-12,1,Pick,231,168,168,0,0
2024-12-12,2,Dispatch,259,147,147,0,147
2024-12-12,2,Pack,225,130,130,0,130
2024-12-12,2,Pick,220,155,183,28,0
2024-12-12,3,Dispatch,255,96,96,0,96
2024-12-12,3,Pack,216,157,157,0,157
2024-12-12,3,Pick,219,135,184,49,0
2024-12-13,1,Dispatch,220,153,153,0,153
2024-12-13,1,Pack,212,168,168,0,168
2024-12-13,1,Pick,256,198,198,0,0
2024-12-13,2,Dispatch,202,130,130,0,130
2024-12-13,2,Pack,238,155,155,0,155
2024-12-13,2,Pick,245,183,211,28,0
2024-12-13,3,Dispatch,202,157,157,0,157
2024-12-13,3,Pack,204,135,135,0,135
2024-12-13,3,Pick,253,131,187,56,0
2024-12-16,1,Dispatch,220,168,168,0,504
2024-12-16,1,Pack,218,198,198,0,594
2024-12-16,1,Pick,236,169,169,0,0
2024-12-16,2,Dispatch,225,155,155,0,465
2024-12-16,2,Pack,217,183,183,0,549
2024-12-16,2,Pick,221,216,216,0,154
2024-12-16,3,Dispatch,212,135,135,0,405
2024-12-16,3,Pack,240,131,131,0,393
2024-12-16,3,Pick,251,244,244,0,439
2024-12-17,1,Dispatch,261,198,198,0,198
2024-12-17,1,Pack,204,169,169,0,169
2024-12-17,1,Pick,225,114,114,0,0
2024-12-17,2,Dispatch,219,183,183,0,183
2024-12-17,2,Pack,221,216,216,0,216
2024-12-17,2,Pick,226,126,126,0,0
2024-12-17,3,Dispatch,219,131,131,0,131
2024-12-17,3,Pack,193,193,244,51,193
2024-12-17,3,Pick,234,133,148,15,0
2024-12-18,1,Dispatch,230,169,169,0,169
2024-12-18,1,Pack,207,114,114,0,114
2024-12-18,1,Pick,215,188,188,0,0
2024-12-18,2,Dispatch,261,216,216,0,216
2024-12-18,2,Pack,190,126,126,0,126
2024-12-18,2,Pick,251,202,202,0,0
2024-12-18,3,Dispatch,215,193,193,0,193
2024-12-18,3,Pack,197,184,184,0,235
2024-12-18,3,Pick,214,193,208,15,0
2024-12-19,1,Dispatch,239,114,114,0,114
2024-12-19,1,Pack,220,188,188,0,188
2024-12-19,1,Pick,255,191,191,0,0
2024-12-19,2,Dispatch,236,126,126,0,126
2024-12-19,2,Pack,231,202,202,0,202
2024-12-19,2,Pick,237,170,170,0,0
2024-12-19,3,Dispatch,250,184,184,0,184
2024-12-19,3,Pack,238,193,193,0,193
2024-12-19,3,Pick,268,161,176,15,0
2024-12-20,1,Dispatch,227,188,188,0,188
2024-12-20,1,Pack,224,191,191,0,191
2024-12-20,1,Pick,256,177,177,0,0
2024-12-20,2,Dispatch,249,202,202,0,202
2024-12-20,2,Pack,193,170,170,0,170
2024-12-20,2,Pick,253,168,168,0,0
2024-12-20,3,Dispatch,245,193,193,0,193
2024-12-20,3,Pack,188,161,161,0,161
2024-12-20,3,Pick,243,141,156,15,0
2024-12-23,1,Dispatch,205,191,191,0,573
2024-12-23,1,Pack,227,177,177,0,531
2024-12-23,1,Pick,210,210,217,7,0
2024-12-23,2,Dispatch,242,170,170,0,510
2024-12-23,2,Pack,230,168,168,0,504
2024-12-23,2,Pick,205,176,176,0,0
2024-12-23,3,Dispatch,205,161,161,0,483
2024-12-23,3,Pack,207,141,141,0,423
2024-12-23,3,Pick,234,183,183,0,90
2024-12-24,1,Dispatch,239,177,177,0,177
2024-12-24,1,Pack,219,210,210,0,210
2024-12-24,1,Pick,256,140,140,0,7
2024-12-24,2,Dispatch,241,168,168,0,168
2024-12-24,2,Pack,219,176,176,0,176
2024-12-24,2,Pick,218,218,219,1,0
2024-12-24,3,Dispatch,253,141,141,0,141
2024-12-24,3,Pack,196,183,183,0,183
2024-12-24,3,Pick,238,168,168,0,0
2024-12-25,1,Dispatch,263,210,210,0,210
2024-12-25,1,Pack,214,140,140,0,140
2024-12-25,1,Pick,257,217,217,0,0
2024-12-25,2,Dispatch,214,176,176,0,176
2024-12-25,2,Pack,190,190,218,28,190
2024-12-25,2,Pick,233,207,207,0,1
2024-12-25,3,Dispatch,256,183,183,0,183
2024-12-25,3,Pack,205,168,168,0,168
2024-12-25,3,Pick,251,189,189,0,0
2024-12-26,1,Dispatch,211,140,140,0,140
2024-12-26,1,Pack,203,203,217,14,203
2024-12-26,1,Pick,225,132,132,0,0
2024-12-26,2,Dispatch,202,190,190,0,190
2024-12-26,2,Pack,239,235,235,0,263
2024-12-26,2,Pick,225,179,179,0,0
2024-12-26,3,Dispatch,257,168,168,0,168
2024-12-26,3,Pack,202,189,189,0,189
2024-12-26,3,Pick,253,150,150,0,0
2024-12-27,1,Dispatch,232,203,203,0,203
2024-12-27,1,Pack,184,146,146,0,160
2024-12-27,1,Pick,259,135,135,0,0
2024-12-27,2,Dispatch,253,235,235,0,235
2024-12-27,2,Pack,200,179,179,0,179
2024-12-27,2,Pick,239,169,169,0,0
2024-12-27,3,Dispatch,240,189,189,0,189
2024-12-27,3,Pack,203,150,150,0,150
2024-12-27,3,Pick,208,188,188,0,0
2024-12-30,1,Dispatch,213,146,146,0,438
2024-12-30,1,Pack,233,135,135,0,405
2024-12-30,1,Pick,207,156,156,0,0
2024-12-30,2,Dispatch,219,179,179,0,537
2024-12-30,2,Pack,196,169,169,0,507
2024-12-30,2,Pick,205,162,162,0,0
2024-12-30,3,Dispatch,205,150,150,0,450
2024-12-30,3,Pack,188,188,188,0,564
2024-12-30,3,Pick,211,173,173,0,0
2024-12-31,1,Dispatch,262,135,135,0,135
2024-12-31,1,Pack,203,156,156,0,156
2024-12-31,1,Pick,244,138,138,0,0
2024-12-31,2,Dispatch,245,169,169,0,169
2024-12-31,2,Pack,187,162,162,0,162
2024-12-31,2,Pick,249,168,168,0,0
2024-12-31,3,Dispatch,239,188,188,0,188
2024-12-31,3,Pack,237,173,173,0,173
2024-12-31,3,Pick,213,193,193,0,0
2025-01-01,1,Dispatch,244,156,156,0,156
2025-01-01,1,Pack,199,138,138,0,138
2025-01-01,1,Pick,244,114,114,0,0
2025-01-01,2,Dispatch,261,162,162,0,162
2025-01-01,2,Pack,220,168,168,0,168
2025-01-01,2,Pick,205,140,140,0,0
2025-01-01,3,Dispatch,202,173,173,0,173
2025-01-01,3,Pack,211,193,193,0,193
2025-01-01,3,Pick,231,159,159,0,0
2025-01-02,1,Dispatch,250,138,138,0,138
2025-01-02,1,Pack,234,114,114,0,114
2025-01-02,1,Pick,223,146,146,0,0
2025-01-02,2,Dispatch,247,168,168,0,168
2025-01-02,2,Pack,215,140,140,0,140
2025-01-02,2,Pick,220,168,188,20,0
2025-01-02,3,Dispatch,205,193,193,0,193
2025-01-02,3,Pack,206,159,159,0,159
2025-01-02,3,Pick,244,141,141,0,0
2025-01-03,1,Dispatch,247,114,114,0,114
2025-01-03,1,Pack,239,146,146,0,146
2025-01-03,1,Pick,247,155,155,0,0
2025-01-03,2,Dispatch,256,140,140,0,140
2025-01-03,2,Pack,196,168,168,0,168
2025-01-03,2,Pick,257,147,167,20,0
2025-01-03,3,Dispatch,200,159,159,0,159
2025-01-03,3,Pack,216,141,141,0,141
2025-01-03,3,Pick,217,151,151,0,0
2025-01-06,1,Dispatch,203,146,146,0,438
2025-01-06,1,Pack,188,155,155,0,465
2025-01-06,1,Pick,242,144,144,0,0
2025-01-06,2,Dispatch,221,168,168,0,504
2025-01-06,2,Pack,196,147,147,0,441
2025-01-06,2,Pick,208,158,178,20,0
2025-01-06,3,Dispatch,228,141,141,0,423
2025-01-06,3,Pack,218,151,151,0,453
2025-01-06,3,Pick,241,146,146,0,0
2025-01-07,1,Dispatch,239,155,155,0,155
2025-01-07,1,Pack,233,144,144,0,144
2025-01-07,1,Pick,213,129,129,0,0
2025-01-07,2,Dispatch,207,147,147,0,147
2025-01-07,2,Pack,185,158,158,0,158
2025-01-07,2,Pick,211,126,146,20,0
2025-01-07,3,Dispatch,229,151,151,0,151
2025-01-07,3,Pack,226,146,146,0,146
2025-01-07,3,Pick,247,165,165,0,0
2025-01-08,1,Dispatch,209,144,144,0,144
2025-01-08,1,Pack,230,129,129,0,129
2025-01-08,1,Pick,250,222,222,0,0
2025-01-08,2,Dispatch,247,158,158,0,158
2025-01-08,2,Pack,209,126,126,0,126
2025-01-08,2,Pick,213,170,170,0,120
2025-01-08,3,Dispatch,249,146,146,0,146
2025-01-08,3,Pack,192,165,165,0,165
2025-01-08,3,Pick,244,148,148,0,0
2025-01-09,1,Dispatch,224,129,129,0,129
2025-01-09,1,Pack,235,222,222,0,222
2025-01-09,1,Pick,263,186,186,0,0
2025-01-09,2,Dispatch,208,126,126,0,126
2025-01-09,2,Pack,229,170,170,0,170
2025-01-09,2,Pick,206,172,172,0,0
2025-01-09,3,Dispatch,235,165,165,0,165
2025-01-09,3,Pack,201,148,148,0,148
2025-01-09,3,Pick,231,158,158,0,0
2025-01-10,1,Dispatch,231,222,222,0,222
2025-01-10,1,Pack,229,186,186,0,186
2025-01-10,1,Pick,206,206,211,5,0
2025-01-10,2,Dispatch,208,170,170,0,170
2025-01-10,2,Pack,191,172,172,0,172
2025-01-10,2,Pick,248,131,131,0,0
2025-01-10,3,Dispatch,202,148,148,0,148
2025-01-10,3,Pack,207,158,158,0,158
2025-01-10,3,Pick,249,140,140,0,0
2025-01-13,1,Dispatch,253,186,186,0,558
2025-01-13,1,Pack,185,185,206,21,555
2025-01-13,1,Pick,253,204,204,0,15
2025-01-13,2,Dispatch,248,172,172,0,516
2025-01-13,2,Pack,211,131,131,0,393
2025-01-13,2,Pick,234,159,172,13,0
2025-01-13,3,Dispatch,253,158,158,0,474
2025-01-13,3,Pack,217,140,140,0,420
2025-01-13,3,Pick,215,178,178,0,0
2025-01-14,1,Dispatch,221,185,185,0,185
2025-01-14,1,Pack,204,204,225,21,267
2025-01-14,1,Pick,241,158,158,0,0
2025-01-14,2,Dispatch,236,131,131,0,131
2025-01-14,2,Pack,207,159,159,0,159
2025-01-14,2,Pick,245,197,210,13,0
2025-01-14,3,Dispatch,203,140,140,0,140
2025-01-14,3,Pack,230,178,178,0,178
2025-01-14,3,Pick,255,247,247,0,0
2025-01-15,1,Dispatch,208,204,204,0,204
2025-01-15,1,Pack,223,179,179,0,200
2025-01-15,1,Pick,230,182,182,0,0
2025-01-15,2,Dispatch,203,159,159,0,159
2025-01-15,2,Pack,205,197,197,0,197
2025-01-15,2,Pick,242,198,211,13,0
2025-01-15,3,Dispatch,227,178,178,0,178
2025-01-15,3,Pack,214,214,247,33,214
2025-01-15,3,Pick,241,148,148,0,0
2025-01-16,1,Dispatch,211,179,179,0,179
2025-01-16,1,Pack,216,182,182,0,182
2025-01-16,1,Pick,221,182,188,6,0
2025-01-16,2,Dispatch,233,197,197,0,197
2025-01-16,2,Pack,187,187,198,11,187
2025-01-16,2,Pick,265,203,216,13,0
2025-01-16,3,Dispatch,200,200,214,14,200
2025-01-16,3,Pack,197,181,181,0,214
2025-01-16,3,Pick,250,152,152,0,0
2025-01-17,1,Dispatch,242,182,182,0,182
2025-01-17,1,Pack,228,182,182,0,182
2025-01-17,1,Pick,210,210,238,28,0
2025-01-17,2,Dispatch,262,187,187,0,187
2025-01-17,2,Pack,205,205,214,9,216
2025-01-17,2,Pick,264,188,206,18,0
2025-01-17,3,Dispatch,260,195,195,0,209
2025-01-17,3,Pack,201,152,152,0,152
2025-01-17,3,Pick,246,200,200,0,0
2025-01-20,1,Dispatch,238,182,182,0,546
2025-01-20,1,Pack,221,210,210,0,630
2025-01-20,1,Pick,211,199,199,0,90
2025-01-20,2,Dispatch,202,202,205,3,606
2025-01-20,2,Pack,231,197,197,0,600
2025-01-20,2,Pick,216,152,152,0,106
2025-01-20,3,Dispatch,206,152,152,0,456
2025-01-20,3,Pack,185,185,200,15,555
2025-01-20,3,Pick,238,185,185,0,0
2025-01-21,1,Dispatch,220,210,210,0,210
2025-01-21,1,Pack,231,199,199,0,199
2025-01-21,1,Pick,249,205,205,0,0
2025-01-21,2,Dispatch,262,200,200,0,209
2025-01-21,2,Pack,192,152,152,0,152
2025-01-21,2,Pick,237,199,199,0,0
2025-01-21,3,Dispatch,208,185,185,0,185
2025-01-21,3,Pack,230,200,200,0,245
2025-01-21,3,Pick,266,150,150,0,0
2025-01-22,1,Dispatch,245,199,199,0,199
2025-01-22,1,Pack,221,205,205,0,205
2025-01-22,1,Pick,234,188,188,0,0
2025-01-22,2,Dispatch,253,152,152,0,152
2025-01-22,2,Pack,229,199,199,0,199
2025-01-22,2,Pick,263,150,150,0,0
2025-01-22,3,Dispatch,245,200,200,0,200
2025-01-22,3,Pack,218,150,150,0,150
2025-01-22,3,Pick,268,153,153,0,0
2025-01-23,1,Dispatch,257,205,205,0,205
2025-01-23,1,Pack,239,188,188,0,188
2025-01-23,1,Pick,264,158,158,0,0
2025-01-23,2,Dispatch,213,199,199,0,199
2025-01-23,2,Pack,240,150,150,0,150
2025-01-23,2,Pick,217,151,151,0,0
2025-01-23,3,Dispatch,243,150,150,0,150
2025-01-23,3,Pack,207,153,153,0,153
2025-01-23,3,Pick,215,158,158,0,0
2025-01-24,1,Dispatch,241,188,188,0,188
2025-01-24,1,Pack,185,158,158,0,158
2025-01-24,1,Pick,243,223,235,12,0
2025-01-24,2,Dispatch,262,150,150,0,150
2025-01-24,2,Pack,224,151,151,0,151
2025-01-24,2,Pick,260,200,200,0,0
2025-01-24,3,Dispatch,200,153,153,0,153
2025-01-24,3,Pack,188,158,158,0,158
2025-01-24,3,Pick,225,120,147,27,0
2025-01-27,1,Dispatch,225,158,158,0,474
2025-01-27,1,Pack,196,196,223,27,588
2025-01-27,1,Pick,234,188,203,15,0
2025-01-27,2,Dispatch,247,151,151,0,453
2025-01-27,2,Pack,226,200,200,0,600
2025-01-27,2,Pick,233,137,137,0,0
2025-01-27,3,Dispatch,200,158,158,0,474
2025-01-27,3,Pack,201,120,120,0,360
2025-01-27,3,Pick,243,210,210,0,81
2025-01-28,1,Dispatch,215,196,196,0,196
2025-01-28,1,Pack,235,215,215,0,296
2025-01-28,1,Pick,219,149,175,26,0
2025-01-28,2,Dispatch,214,200,200,0,200
2025-01-28,2,Pack,196,137,137,0,137
2025-01-28,2,Pick,266,159,159,0,0
2025-01-28,3,Dispatch,262,120,120,0,120
2025-01-28,3,Pack,226,210,210,0,210
2025-01-28,3,Pick,216,168,168,0,0
2025-01-29,1,Dispatch,249,215,215,0,215
2025-01-29,1,Pack,225,149,149,0,149
2025-01-29,1,Pick,248,187,190,3,71
2025-01-29,2,Dispatch,232,137,137,0,137
2025-01-29,2,Pack,222,159,159,0,159
2025-01-29,2,Pick,223,208,208,0,0
2025-01-29,3,Dispatch,223,210,210,0,210
2025-01-29,3,Pack,204,168,168,0,168
2025-01-29,3,Pick,237,137,137,0,0
2025-01-30,1,Dispatch,258,149,149,0,149
2025-01-30,1,Pack,219,187,187,0,187
2025-01-30,1,Pick,232,196,199,3,0
2025-01-30,2,Dispatch,238,159,159,0,159
2025-01-30,2,Pack,226,208,208,0,208
2025-01-30,2,Pick,244,164,164,0,0
2025-01-30,3,Dispatch,239,168,168,0,168
2025-01-30,3,Pack,212,137,137,0,137
2025-01-30,3,Pick,208,144,144,0,0
2025-01-31,1,Dispatch,235,187,187,0,187
2025-01-31,1,Pack,226,196,196,0,196
2025-01-31,1,Pick,212,143,165,22,0
2025-01-31,2,Dispatch,256,208,208,0,208
2025-01-31,2,Pack,208,164,164,0,164
2025-01-31,2,Pick,258,162,162,0,0
2025-01-31,3,Dispatch,241,137,137,0,137
2025-01-31,3,Pack,218,144,144,0,144
2025-01-31,3,Pick,253,168,168,0,0
2025-02-03,1,Dispatch,206,196,196,0,588
2025-02-03,1,Pack,200,143,143,0,429
2025-02-03,1,Pick,240,187,187,0,78
2025-02-03,2,Dispatch,208,164,164,0,492
2025-02-03,2,Pack,186,162,162,0,486
2025-02-03,2,Pick,269,211,211,0,0
2025-02-03,3,Dispatch,218,144,144,0,432
2025-02-03,3,Pack,221,168,168,0,504
2025-02-03,3,Pick,228,191,191,0,0
2025-02-04,1,Dispatch,229,143,143,0,143
2025-02-04,1,Pack,218,187,187,0,187
2025-02-04,1,Pick,224,168,168,0,0
2025-02-04,2,Dispatch,222,162,162,0,162
2025-02-04,2,Pack,232,211,211,0,211
2025-02-04,2,Pick,265,186,186,0,0
2025-02-04,3,Dispatch,209,168,168,0,168
2025-02-04,3,Pack,235,191,191,0,191
2025-02-04,3,Pick,207,203,203,0,0
2025-02-05,1,Dispatch,232,187,187,0,187
2025-02-05,1,Pack,232,168,168,0,168
2025-02-05,1,Pick,228,154,154,0,0
2025-02-05,2,Dispatch,231,211,211,0,211
2025-02-05,2,Pack,216,186,186,0,186
2025-02-05,2,Pick,226,191,191,0,0
2025-02-05,3,Dispatch,241,191,191,0,191
2025-02-05,3,Pack,235,203,203,0,203
2025-02-05,3,Pick,216,125,125,0,0
2025-02-06,1,Dispatch,215,168,168,0,168
2025-02-06,1,Pack,206,154,154,0,154
2025-02-06,1,Pick,229,181,181,0,0
2025-02-06,2,Dispatch,214,186,186,0,186
2025-02-06,2,Pack,235,191,191,0,191
2025-02-06,2,Pick,207,102,102,0,0
2025-02-06,3,Dispatch,253,203,203,0,203
2025-02-06,3,Pack,232,125,125,0,125
2025-02-06,3,Pick,226,161,161,0,0
2025-02-07,1,Dispatch,241,154,154,0,154
2025-02-07,1,Pack,224,181,181,0,181
2025-02-07,1,Pick,236,174,174,0,0
2025-02-07,2,Dispatch,245,191,191,0,191
2025-02-07,2,Pack,224,102,102,0,102
2025-02-07,2,Pick,250,180,180,0,0
2025-02-07,3,Dispatch,219,125,125,0,125
2025-02-07,3,Pack,237,161,161,0,161
2025-02-07,3,Pick,210,142,142,0,0
2025-02-10,1,Dispatch,248,181,181,0,543
2025-02-10,1,Pack,239,174,174,0,522
2025-02-10,1,Pick,232,164,179,15,0
2025-02-10,2,Dispatch,206,102,102,0,306
2025-02-10,2,Pack,223,180,180,0,540
2025-02-10,2,Pick,210,172,172,0,0
2025-02-10,3,Dispatch,201,161,161,0,483
2025-02-10,3,Pack,209,142,142,0,426
2025-02-10,3,Pick,222,206,217,11,0
2025-02-11,1,Dispatch,254,174,174,0,174
2025-02-11,1,Pack,208,164,164,0,164
2025-02-11,1,Pick,258,253,253,0,15
2025-02-11,2,Dispatch,204,180,180,0,180
2025-02-11,2,Pack,199,172,172,0,172
2025-02-11,2,Pick,241,149,155,6,0
2025-02-11,3,Dispatch,244,142,142,0,142
2025-02-11,3,Pack,208,206,206,0,206
2025-02-11,3,Pick,244,171,182,11,0
2025-02-12,1,Dispatch,215,164,164,0,164
2025-02-12,1,Pack,199,199,253,54,199
2025-02-12,1,Pick,207,174,196,22,0
2025-02-12,2,Dispatch,236,172,172,0,172
2025-02-12,2,Pack,207,149,149,0,149
2025-02-12,2,Pick,252,173,179,6,0
2025-02-12,3,Dispatch,207,206,206,0,206
2025-02-12,3,Pack,219,171,171,0,171
2025-02-12,3,Pick,256,153,153,0,22
2025-02-13,1,Dispatch,229,199,199,0,199
2025-02-13,1,Pack,226,226,228,2,280
2025-02-13,1,Pick,249,180,180,0,22
2025-02-13,2,Dispatch,216,149,149,0,149
2025-02-13,2,Pack,197,173,173,0,173
2025-02-13,2,Pick,241,151,172,21,0
2025-02-13,3,Dispatch,234,171,171,0,171
2025-02-13,3,Pack,206,153,153,0,153
2025-02-13,3,Pick,251,142,142,0,0
2025-02-14,1,Dispatch,227,226,226,0,226
2025-02-14,1,Pack,196,182,182,0,184
2025-02-14,1,Pick,228,173,173,0,0
2025-02-14,2,Dispatch,246,173,173,0,173
2025-02-14,2,Pack,235,151,151,0,151
2025-02-14,2,Pick,244,170,211,41,0
2025-02-14,3,Dispatch,235,153,153,0,153
2025-02-14,3,Pack,229,142,142,0,142
2025-02-14,3,Pick,245,192,192,0,0
2025-02-17,1,Dispatch,206,182,182,0,546
2025-02-17,1,Pack,194,173,173,0,519
2025-02-17,1,Pick,222,115,115,0,0
2025-02-17,2,Dispatch,237,151,151,0,453
2025-02-17,2,Pack,196,170,170,0,510
2025-02-17,2,Pick,205,205,224,19,156
2025-02-17,3,Dispatch,225,142,142,0,426
2025-02-17,3,Pack,232,192,192,0,576
2025-02-17,3,Pick,259,210,210,0,0
2025-02-18,1,Dispatch,238,173,173,0,173
2025-02-18,1,Pack,223,115,115,0,115
2025-02-18,1,Pick,214,103,103,0,0
2025-02-18,2,Dispatch,216,170,170,0,170
2025-02-18,2,Pack,204,204,205,1,204
2025-02-18,2,Pick,267,184,184,0,19
2025-02-18,3,Dispatch,203,192,192,0,192
2025-02-18,3,Pack,214,210,210,0,210
2025-02-18,3,Pick,257,118,118,0,0
2025-02-19,1,Dispatch,214,115,115,0,115
2025-02-19,1,Pack,218,103,103,0,103
2025-02-19,1,Pick,267,176,176,0,0
2025-02-19,2,Dispatch,227,204,204,0,204
2025-02-19,2,Pack,215,185,185,0,186
2025-02-19,2,Pick,249,193,193,0,0
2025-02-19,3,Dispatch,231,210,210,0,210
2025-02-19,3,Pack,195,118,118,0,118
2025-02-19,3,Pick,222,158,158,0,0
2025-02-20,1,Dispatch,231,103,103,0,103
2025-02-20,1,Pack,207,176,176,0,176
2025-02-20,1,Pick,241,141,141,0,0
2025-02-20,2,Dispatch,238,185,185,0,185
2025-02-20,2,Pack,230,193,193,0,193
2025-02-20,2,Pick,267,183,183,0,0
2025-02-20,3,Dispatch,200,118,118,0,118
2025-02-20,3,Pack,215,158,158,0,158
2025-02-20,3,Pick,204,131,131,0,0
2025-02-21,1,Dispatch,239,176,176,0,176
2025-02-21,1,Pack,196,141,141,0,141
2025-02-21,1,Pick,239,158,158,0,0
2025-02-21,2,Dispatch,237,193,193,0,193
2025-02-21,2,Pack,187,183,183,0,183
2025-02-21,2,Pick,254,179,179,0,0
2025-02-21,3,Dispatch,222,158,158,0,158
2025-02-21,3,Pack,183,131,131,0,131
2025-02-21,3,Pick,266,131,131,0,0
2025-02-24,1,Dispatch,228,141,141,0,423
2025-02-24,1,Pack,228,158,158,0,474
2025-02-24,1,Pick,236,177,177,0,0
2025-02-24,2,Dispatch,232,183,183,0,549
2025-02-24,2,Pack,197,179,179,0,537
2025-02-24,2,Pick,254,172,172,0,0
2025-02-24,3,Dispatch,235,131,131,0,393
2025-02-24,3,Pack,224,131,131,0,393
2025-02-24,3,Pick,225,100,100,0,0
2025-02-25,1,Dispatch,232,158,158,0,158
2025-02-25,1,Pack,204,177,177,0,177
2025-02-25,1,Pick,209,187,187,0,0
2025-02-25,2,Dispatch,217,179,179,0,179
2025-02-25,2,Pack,230,172,172,0,172
2025-02-25,2,Pick,223,160,160,0,0
2025-02-25,3,Dispatch,253,131,131,0,131
2025-02-25,3,Pack,218,100,100,0,100
2025-02-25,3,Pick,223,180,180,0,0
2025-02-26,1,Dispatch,210,177,177,0,177
2025-02-26,1,Pack,196,187,187,0,187
2025-02-26,1,Pick,260,115,115,0,0
2025-02-26,2,Dispatch,224,172,172,0,172
2025-02-26,2,Pack,235,160,160,0,160
2025-02-26,2,Pick,208,181,181,0,0
2025-02-26,3,Dispatch,223,100,100,0,100
2025-02-26,3,Pack,230,180,180,0,180
2025-02-26,3,Pick,268,200,200,0,0
2025-02-27,1,Dispatch,262,187,187,0,187
2025-02-27,1,Pack,218,115,115,0,115
2025-02-27,1,Pick,226,179,180,1,0
2025-02-27,2,Dispatch,258,160,160,0,160
2025-02-27,2,Pack,188,181,181,0,181
2025-02-27,2,Pick,242,216,216,0,0
2025-02-27,3,Dispatch,215,180,180,0,180
2025-02-27,3,Pack,212,200,200,0,200
2025-02-27,3,Pick,211,211,212,1,0
2025-02-28,1,Dispatch,230,115,115,0,115
2025-02-28,1,Pack,204,179,179,0,179
2025-02-28,1,Pick,217,134,135,1,0
2025-02-28,2,Dispatch,232,181,181,0,181
2025-02-28,2,Pack,198,198,216,18,198
2025-02-28,2,Pick,263,131,131,0,0
2025-02-28,3,Dispatch,261,200,200,0,200
2025-02-28,3,Pack,207,207,211,4,207
2025-02-28,3,Pick,258,216,216,0,1
2025-03-03,1,Dispatch,220,179,179,0,537
2025-03-03,1,Pack,214,134,134,0,402
2025-03-03,1,Pick,249,146,146,0,4
2025-03-03,2,Dispatch,223,198,198,0,594
2025-03-03,2,Pack,231,149,149,0,465
2025-03-03,2,Pick,225,194,194,0,0
2025-03-03,3,Dispatch,214,207,207,0,621
2025-03-03,3,Pack,210,210,220,10,634
2025-03-03,3,Pick,243,198,198,0,0
2025-03-04,1,Dispatch,221,134,134,0,134
2025-03-04,1,Pack,215,146,146,0,146
2025-03-04,1,Pick,230,144,144,0,0
2025-03-04,2,Dispatch,247,149,149,0,149
2025-03-04,2,Pack,238,194,194,0,194
2025-03-04,2,Pick,222,182,182,0,0
2025-03-04,3,Dispatch,200,200,210,10,200
2025-03-04,3,Pack,183,183,208,25,213
2025-03-04,3,Pick,218,191,191,0,0
2025-03-05,1,Dispatch,218,146,146,0,146
2025-03-05,1,Pack,189,144,144,0,144
2025-03-05,1,Pick,226,128,128,0,0
2025-03-05,2,Dispatch,252,194,194,0,194
2025-03-05,2,Pack,201,182,182,0,182
2025-03-05,2,Pick,245,134,134,0,0
2025-03-05,3,Dispatch,236,193,193,0,203
2025-03-05,3,Pack,212,212,216,4,237
2025-03-05,3,Pick,268,198,198,0,0
2025-03-06,1,Dispatch,220,144,144,0,144
2025-03-06,1,Pack,202,128,128,0,128
2025-03-06,1,Pick,246,207,207,0,0
2025-03-06,2,Dispatch,236,182,182,0,182
2025-03-06,2,Pack,188,134,134,0,134
2025-03-06,2,Pick,229,148,148,0,0
2025-03-06,3,Dispatch,212,212,212,0,212
2025-03-06,3,Pack,235,202,202,0,206
2025-03-06,3,Pick,247,233,233,0,0
2025-03-07,1,Dispatch,201,128,128,0,128
2025-03-07,1,Pack,186,186,207,21,186
2025-03-07,1,Pick,212,174,174,0,0
2025-03-07,2,Dispatch,261,134,134,0,134
2025-03-07,2,Pack,204,148,148,0,148
2025-03-07,2,Pick,216,160,160,0,0
2025-03-07,3,Dispatch,200,200,202,2,200
2025-03-07,3,Pack,210,210,233,23,210
2025-03-07,3,Pick,265,168,168,0,0
2025-03-10,1,Dispatch,249,186,186,0,558
2025-03-10,1,Pack,214,195,195,0,606
2025-03-10,1,Pick,237,185,185,0,0
2025-03-10,2,Dispatch,236,148,148,0,444
2025-03-10,2,Pack,240,160,160,0,480
2025-03-10,2,Pick,246,159,159,0,0
2025-03-10,3,Dispatch,215,212,212,0,638
2025-03-10,3,Pack,220,191,191,0,596
2025-03-10,3,Pick,252,140,140,0,0
2025-03-11,1,Dispatch,204,195,195,0,195
2025-03-11,1,Pack,217,185,185,0,185
2025-03-11,1,Pick,239,148,148,0,0
2025-03-11,2,Dispatch,244,160,160,0,160
2025-03-11,2,Pack,226,159,159,0,159
2025-03-11,2,Pick,210,148,153,5,0
2025-03-11,3,Dispatch,253,191,191,0,191
2025-03-11,3,Pack,203,140,140,0,140
2025-03-11,3,Pick,211,172,172,0,0
2025-03-12,1,Dispatch,233,185,185,0,185
2025-03-12,1,Pack,208,148,148,0,148
2025-03-12,1,Pick,213,196,196,0,0
2025-03-12,2,Dispatch,205,159,159,0,159
2025-03-12,2,Pack,201,148,148,0,148
2025-03-12,2,Pick,228,204,204,0,5
2025-03-12,3,Dispatch,244,140,140,0,140
2025-03-12,3,Pack,228,172,172,0,172
2025-03-12,3,Pick,242,159,159,0,0
2025-03-13,1,Dispatch,200,148,148,0,148
2025-03-13,1,Pack,191,191,196,5,191
2025-03-13,1,Pick,221,140,140,0,0
2025-03-13,2,Dispatch,228,148,148,0,148
2025-03-13,2,Pack,185,185,204,19,185
2025-03-13,2,Pick,231,193,193,0,0
2025-03-13,3,Dispatch,212,172,172,0,172
2025-03-13,3,Pack,227,159,159,0,159
2025-03-13,3,Pick,221,153,153,0,0
2025-03-14,1,Dispatch,240,191,191,0,191
2025-03-14,1,Pack,220,145,145,0,150
2025-03-14,1,Pick,251,228,228,0,0
2025-03-14,2,Dispatch,259,185,185,0,185
2025-03-14,2,Pack,189,189,212,23,208
2025-03-14,2,Pick,250,226,226,0,0
2025-03-14,3,Dispatch,246,159,159,0,159
2025-03-14,3,Pack,233,153,153,0,153
2025-03-14,3,Pick,238,158,158,0,0
2025-03-17,1,Dispatch,216,145,145,0,435
2025-03-17,1,Pack,227,227,228,1,681
2025-03-17,1,Pick,234,184,184,0,0
2025-03-17,2,Dispatch,229,189,189,0,567
2025-03-17,2,Pack,231,231,249,18,716
2025-03-17,2,Pick,205,123,123,0,0
2025-03-17,3,Dispatch,242,153,153,0,459
2025-03-17,3,Pack,219,158,158,0,474
2025-03-17,3,Pick,245,152,152,0,0
2025-03-18,1,Dispatch,250,227,227,0,227
2025-03-18,1,Pack,195,185,185,0,188
2025-03-18,1,Pick,218,200,200,0,0
2025-03-18,2,Dispatch,208,208,231,23,208
2025-03-18,2,Pack,215,141,141,0,195
2025-03-18,2,Pick,253,133,133,0,0
2025-03-18,3,Dispatch,207,158,158,0,158
2025-03-18,3,Pack,203,152,152,0,152
2025-03-18,3,Pick,204,200,200,0,0
2025-03-19,1,Dispatch,255,185,185,0,185
2025-03-19,1,Pack,186,186,200,14,186
2025-03-19,1,Pick,229,164,164,0,0
2025-03-19,2,Dispatch,210,164,164,0,187
2025-03-19,2,Pack,238,133,133,0,133
2025-03-19,2,Pick,228,202,202,0,0
2025-03-19,3,Dispatch,253,152,152,0,152
2025-03-19,3,Pack,201,200,200,0,200
2025-03-19,3,Pick,214,150,150,0,0
2025-03-20,1,Dispatch,224,186,186,0,186
2025-03-20,1,Pack,211,178,178,0,192
2025-03-20,1,Pick,268,151,151,0,0
2025-03-20,2,Dispatch,226,133,133,0,133
2025-03-20,2,Pack,193,193,202,9,193
2025-03-20,2,Pick,225,93,93,0,0
2025-03-20,3,Dispatch,201,200,200,0,200
2025-03-20,3,Pack,229,150,150,0,150
2025-03-20,3,Pick,242,171,171,0,0
2025-03-21,1,Dispatch,248,178,178,0,178
2025-03-21,1,Pack,224,151,151,0,151
2025-03-21,1,Pick,236,157,157,0,0
2025-03-21,2,Dispatch,211,193,193,0,193
2025-03-21,2,Pack,192,102,102,0,111
2025-03-21,2,Pick,233,216,216,0,0
2025-03-21,3,Dispatch,251,150,150,0,150
2025-03-21,3,Pack,218,171,171,0,171
2025-03-21,3,Pick,233,233,236,3,0
2025-03-24,1,Dispatch,259,151,151,0,453
2025-03-24,1,Pack,203,157,157,0,471
2025-03-24,1,Pick,230,158,158,0,0
2025-03-24,2,Dispatch,229,102,102,0,306
2025-03-24,2,Pack,205,205,216,11,615
2025-03-24,2,Pick,259,153,153,0,0
2025-03-24,3,Dispatch,248,171,171,0,513
2025-03-24,3,Pack,212,212,233,21,636
2025-03-24,3,Pick,263,175,175,0,9
2025-03-25,1,Dispatch,251,157,157,0,157
2025-03-25,1,Pack,215,158,158,0,158
2025-03-25,1,Pick,214,168,168,0,0
2025-03-25,2,Dispatch,222,205,205,0,205
2025-03-25,2,Pack,220,164,164,0,197
2025-03-25,2,Pick,251,177,177,0,0
2025-03-25,3,Dispatch,254,212,212,0,212
2025-03-25,3,Pack,217,196,196,0,259
2025-03-25,3,Pick,248,195,195,0,0
2025-03-26,1,Dispatch,209,158,158,0,158
2025-03-26,1,Pack,221,168,168,0,168
2025-03-26,1,Pick,206,161,161,0,0
2025-03-26,2,Dispatch,221,164,164,0,164
2025-03-26,2,Pack,195,177,177,0,177
2025-03-26,2,Pick,243,167,167,0,0
2025-03-26,3,Dispatch,245,196,196,0,196
2025-03-26,3,Pack,193,193,195,2,193
2025-03-26,3,Pick,233,147,147,0,0
2025-03-27,1,Dispatch,231,168,168,0,168
2025-03-27,1,Pack,202,161,161,0,161
2025-03-27,1,Pick,213,165,167,2,0
2025-03-27,2,Dispatch,251,177,177,0,177
2025-03-27,2,Pack,238,167,167,0,167
2025-03-27,2,Pick,205,205,209,4,0
2025-03-27,3,Dispatch,253,193,193,0,193
2025-03-27,3,Pack,203,149,149,0,151
2025-03-27,3,Pick,232,128,144,16,0
2025-03-28,1,Dispatch,241,161,161,0,161
2025-03-28,1,Pack,238,165,165,0,165
2025-03-28,1,Pick,209,165,167,2,0
2025-03-28,2,Dispatch,250,167,167,0,167
2025-03-28,2,Pack,184,184,205,21,184
2025-03-28,2,Pick,225,128,149,21,4
2025-03-28,3,Dispatch,203,149,149,0,149
2025-03-28,3,Pack,198,128,128,0,128
2025-03-28,3,Pick,244,126,155,29,0
2025-03-31,1,Dispatch,216,165,165,0,495
2025-03-31,1,Pack,236,165,165,0,495
2025-03-31,1,Pick,208,148,148,0,8
2025-03-31,2,Dispatch,213,184,184,0,552
2025-03-31,2,Pack,226,149,149,0,468
2025-03-31,2,Pick,219,205,205,0,63
2025-03-31,3,Dispatch,255,128,128,0,384
2025-03-31,3,Pack,207,126,126,0,378
2025-03-31,3,Pick,253,133,149,16,64
2025-04-01,1,Dispatch,259,165,165,0,165
2025-04-01,1,Pack,210,148,148,0,148
2025-04-01,1,Pick,250,171,171,0,0
2025-04-01,2,Dispatch,247,149,149,0,149
2025-04-01,2,Pack,204,204,205,1,204
2025-04-01,2,Pick,218,198,198,0,0
2025-04-01,3,Dispatch,208,126,126,0,126
2025-04-01,3,Pack,232,133,133,0,133
2025-04-01,3,Pick,256,163,179,16,0
2025-04-02,1,Dispatch,225,148,148,0,148
2025-04-02,1,Pack,225,171,171,0,171
2025-04-02,1,Pick,252,168,168,0,0
2025-04-02,2,Dispatch,243,204,204,0,204
2025-04-02,2,Pack,239,199,199,0,200
2025-04-02,2,Pick,226,143,143,0,0
2025-04-02,3,Dispatch,217,133,133,0,133
2025-04-02,3,Pack,211,163,163,0,163
2025-04-02,3,Pick,251,170,202,32,0
2025-04-03,1,Dispatch,208,171,171,0,171
2025-04-03,1,Pack,211,168,168,0,168
2025-04-03,1,Pick,220,154,154,0,0
2025-04-03,2,Dispatch,208,199,199,0,199
2025-04-03,2,Pack,221,143,143,0,143
2025-04-03,2,Pick,226,222,222,0,0
2025-04-03,3,Dispatch,246,163,163,0,163
2025-04-03,3,Pack,189,170,170,0,170
2025-04-03,3,Pick,234,201,227,26,25
2025-04-04,1,Dispatch,237,168,168,0,168
2025-04-04,1,Pack,229,154,154,0,154
2025-04-04,1,Pick,223,168,168,0,0
2025-04-04,2,Dispatch,200,143,143,0,143
2025-04-04,2,Pack,205,205,222,17,205
2025-04-04,2,Pick,218,218,228,10,0
2025-04-04,3,Dispatch,258,170,170,0,170
2025-04-04,3,Pack,234,201,201,0,201
2025-04-04,3,Pick,248,161,192,31,0
2025-04-07,1,Dispatch,259,154,154,0,462
2025-04-07,1,Pack,238,168,168,0,504
2025-04-07,1,Pick,242,195,195,0,0
2025-04-07,2,Dispatch,214,205,205,0,615
2025-04-07,2,Pack,225,225,235,10,692
2025-04-07,2,Pick,261,198,198,0,30
2025-04-07,3,Dispatch,230,201,201,0,603
2025-04-07,3,Pack,218,161,161,0,483
2025-04-07,3,Pick,232,138,138,0,197
2025-04-08,1,Dispatch,234,168,168,0,168
2025-04-08,1,Pack,223,195,195,0,195
2025-04-08,1,Pick,247,155,155,0,0
2025-04-08,2,Dispatch,255,225,225,0,225
2025-04-08,2,Pack,206,206,208,2,236
2025-04-08,2,Pick,267,145,145,0,0
2025-04-08,3,Dispatch,254,161,161,0,161
2025-04-08,3,Pack,190,138,138,0,138
2025-04-08,3,Pick,261,197,197,0,0
2025-04-09,1,Dispatch,202,195,195,0,195
2025-04-09,1,Pack,235,155,155,0,155
2025-04-09,1,Pick,261,228,228,0,0
2025-04-09,2,Dispatch,213,206,206,0,206
2025-04-09,2,Pack,198,147,147,0,149
2025-04-09,2,Pick,242,146,146,0,0
2025-04-09,3,Dispatch,227,138,138,0,138
2025-04-09,3,Pack,222,197,197,0,197
2025-04-09,3,Pick,208,173,173,0,0
2025-04-10,1,Dispatch,258,155,155,0,155
2025-04-10,1,Pack,188,188,228,40,188
2025-04-10,1,Pick,266,154,154,0,0
2025-04-10,2,Dispatch,250,147,147,0,147
2025-04-10,2,Pack,227,146,146,0,146
2025-04-10,2,Pick,247,151,151,0,0
2025-04-10,3,Dispatch,218,197,197,0,197
2025-04-10,3,Pack,206,173,173,0,173
2025-04-10,3,Pick,264,165,165,0,0
2025-04-11,1,Dispatch,224,188,188,0,188
2025-04-11,1,Pack,207,194,194,0,234
2025-04-11,1,Pick,223,150,150,0,0
2025-04-11,2,Dispatch,220,146,146,0,146
2025-04-11,2,Pack,210,151,151,0,151
2025-04-11,2,Pick,228,193,205,12,0
2025-04-11,3,Dispatch,258,173,173,0,173
2025-04-11,3,Pack,203,165,165,0,165
2025-04-11,3,Pick,228,155,155,0,0
2025-04-14,1,Dispatch,222,194,194,0,582
2025-04-14,1,Pack,225,150,150,0,450
2025-04-14,1,Pick,219,172,172,0,0
2025-04-14,2,Dispatch,252,151,151,0,453
2025-04-14,2,Pack,216,193,193,0,579
2025-04-14,2,Pick,243,191,191,0,36
2025-04-14,3,Dispatch,206,165,165,0,495
2025-04-14,3,Pack,195,155,155,0,465
2025-04-14,3,Pick,258,206,206,0,0
2025-04-15,1,Dispatch,224,150,150,0,150
2025-04-15,1,Pack,190,172,172,0,172
2025-04-15,1,Pick,239,100,100,0,0
2025-04-15,2,Dispatch,213,193,193,0,193
2025-04-15,2,Pack,218,191,191,0,191
2025-04-15,2,Pick,230,117,117,0,0
2025-04-15,3,Dispatch,240,155,155,0,155
2025-04-15,3,Pack,192,192,206,14,192
2025-04-15,3,Pick,222,162,162,0,0
2025-04-16,1,Dispatch,210,172,172,0,172
2025-04-16,1,Pack,208,100,100,0,100
2025-04-16,1,Pick,239,211,211,0,0
2025-04-16,2,Dispatch,256,191,191,0,191
2025-04-16,2,Pack,233,117,117,0,117
2025-04-16,2,Pick,238,136,174,38,0
2025-04-16,3,Dispatch,209,192,192,0,192
2025-04-16,3,Pack,237,176,176,0,190
2025-04-16,3,Pick,256,153,153,0,0
2025-04-17,1,Dispatch,221,100,100,0,100
2025-04-17,1,Pack,198,198,211,13,198
2025-04-17,1,Pick,218,141,141,0,0
2025-04-17,2,Dispatch,204,117,117,0,117
2025-04-17,2,Pack,225,136,136,0,136
2025-04-17,2,Pick,228,131,188,57,0
2025-04-17,3,Dispatch,220,176,176,0,176
2025-04-17,3,Pack,236,153,153,0,153
2025-04-17,3,Pick,213,114,114,0,0
2025-04-18,1,Dispatch,240,198,198,0,198
2025-04-18,1,Pack,229,154,154,0,167
2025-04-18,1,Pick,216,216,243,27,0
2025-04-18,2,Dispatch,257,136,136,0,136
2025-04-18,2,Pack,212,131,131,0,131
2025-04-18,2,Pick,263,155,212,57,0
2025-04-18,3,Dispatch,240,153,153,0,153
2025-04-18,3,Pack,217,114,114,0,114
2025-04-18,3,Pick,237,148,148,0,0
2025-04-21,1,Dispatch,217,154,154,0,462
2025-04-21,1,Pack,230,216,216,0,648
2025-04-21,1,Pick,240,220,220,0,81
2025-04-21,2,Dispatch,214,131,131,0,393
2025-04-21,2,Pack,236,155,155,0,465
2025-04-21,2,Pick,254,192,249,57,0
2025-04-21,3,Dispatch,222,114,114,0,342
2025-04-21,3,Pack,218,148,148,0,444
2025-04-21,3,Pick,239,193,193,0,0
2025-04-22,1,Dispatch,243,216,216,0,216
2025-04-22,1,Pack,203,203,220,17,203
2025-04-22,1,Pick,213,140,140,0,0
2025-04-22,2,Dispatch,206,155,155,0,155
2025-04-22,2,Pack,209,192,192,0,192
2025-04-22,2,Pick,219,219,292,73,0
2025-04-22,3,Dispatch,233,148,148,0,148
2025-04-22,3,Pack,225,193,193,0,193
2025-04-22,3,Pick,261,129,129,0,0
2025-04-23,1,Dispatch,212,203,203,0,203
2025-04-23,1,Pack,187,157,157,0,174
2025-04-23,1,Pick,230,160,160,0,0
2025-04-23,2,Dispatch,263,192,192,0,192
2025-04-23,2,Pack,191,191,219,28,191
2025-04-23,2,Pick,246,134,191,57,16
2025-04-23,3,Dispatch,234,193,193,0,193
2025-04-23,3,Pack,210,129,129,0,129
2025-04-23,3,Pick,212,176,176,0,0
2025-04-24,1,Dispatch,217,157,157,0,157
2025-04-24,1,Pack,240,160,160,0,160
2025-04-24,1,Pick,257,159,159,0,0
2025-04-24,2,Dispatch,201,191,191,0,191
2025-04-24,2,Pack,192,162,162,0,190
2025-04-24,2,Pick,214,148,218,70,0
2025-04-24,3,Dispatch,216,129,129,0,129
2025-04-24,3,Pack,235,176,176,0,176
2025-04-24,3,Pick,253,183,183,0,0
2025-04-25,1,Dispatch,245,160,160,0,160
2025-04-25,1,Pack,188,159,159,0,159
2025-04-25,1,Pick,263,139,139,0,0
2025-04-25,2,Dispatch,216,162,162,0,162
2025-04-25,2,Pack,191,148,148,0,148
2025-04-25,2,Pick,236,219,289,70,0
2025-04-25,3,Dispatch,230,176,176,0,176
2025-04-25,3,Pack,238,183,183,0,183
2025-04-25,3,Pick,226,185,185,0,0
2025-04-28,1,Dispatch,238,159,159,0,477
2025-04-28,1,Pack,239,139,139,0,417
2025-04-28,1,Pick,248,167,167,0,0
2025-04-28,2,Dispatch,208,148,148,0,444
2025-04-28,2,Pack,226,219,219,0,657
2025-04-28,2,Pick,232,191,261,70,0
2025-04-28,3,Dispatch,234,183,183,0,549
2025-04-28,3,Pack,203,185,185,0,555
2025-04-28,3,Pick,263,175,175,0,0
2025-04-29,1,Dispatch,218,139,139,0,139
2025-04-29,1,Pack,207,167,167,0,167
2025-04-29,1,Pick,264,156,156,0,0
2025-04-29,2,Dispatch,233,219,219,0,219
2025-04-29,2,Pack,230,191,191,0,191
2025-04-29,2,Pick,218,185,271,86,0
2025-04-29,3,Dispatch,210,185,185,0,185
2025-04-29,3,Pack,224,175,175,0,175
2025-04-29,3,Pick,263,147,147,0,0
2025-04-30,1,Dispatch,253,167,167,0,167
2025-04-30,1,Pack,220,156,156,0,156
2025-04-30,1,Pick,251,173,173,0,0
2025-04-30,2,Dispatch,218,191,191,0,191
2025-04-30,2,Pack,235,185,185,0,185
2025-04-30,2,Pick,236,208,294,86,0
2025-04-30,3,Dispatch,261,175,175,0,175
2025-04-30,3,Pack,223,147,147,0,147
2025-04-30,3,Pick,205,150,154,4,0
2025-05-01,1,Dispatch,202,156,156,0,156
2025-05-01,1,Pack,235,173,173,0,173
2025-05-01,1,Pick,209,161,161,0,0
2025-05-01,2,Dispatch,204,185,185,0,185
2025-05-01,2,Pack,208,208,208,0,208
2025-05-01,2,Pick,257,257,299,42,959
2025-05-01,3,Dispatch,256,147,147,0,147
2025-05-01,3,Pack,224,150,150,0,150
2025-05-01,3,Pick,228,193,197,4,0
2025-05-02,1,Dispatch,208,173,173,0,173
2025-05-02,1,Pack,224,161,161,0,161
2025-05-02,1,Pick,266,151,151,0,0
2025-05-02,2,Dispatch,247,208,208,0,208
2025-05-02,2,Pack,233,233,257,24,233
2025-05-02,2,Pick,216,176,176,0,42
2025-05-02,3,Dispatch,224,150,150,0,150
2025-05-02,3,Pack,227,193,193,0,193
2025-05-02,3,Pick,237,170,174,4,0
2025-05-05,1,Dispatch,235,161,161,0,483
2025-05-05,1,Pack,226,151,151,0,453
2025-05-05,1,Pick,268,129,129,0,0
2025-05-05,2,Dispatch,262,233,233,0,699
2025-05-05,2,Pack,192,192,200,8,600
2025-05-05,2,Pick,249,142,142,0,0
2025-05-05,3,Dispatch,223,193,193,0,579
2025-05-05,3,Pack,219,170,170,0,510
2025-05-05,3,Pick,235,172,172,0,20
2025-05-06,1,Dispatch,248,151,151,0,151
2025-05-06,1,Pack,215,129,129,0,129
2025-05-06,1,Pick,250,134,134,0,0
2025-05-06,2,Dispatch,223,192,192,0,192
2025-05-06,2,Pack,210,150,150,0,174
2025-05-06,2,Pick,268,169,169,0,0
2025-05-06,3,Dispatch,247,170,170,0,170
2025-05-06,3,Pack,206,172,172,0,172
2025-05-06,3,Pick,253,156,156,0,0
2025-05-07,1,Dispatch,212,129,129,0,129
2025-05-07,1,Pack,228,134,134,0,134
2025-05-07,1,Pick,234,212,212,0,0
2025-05-07,2,Dispatch,200,150,150,0,150
2025-05-07,2,Pack,226,169,169,0,169
2025-05-07,2,Pick,240,229,229,0,0
2025-05-07,3,Dispatch,262,172,172,0,172
2025-05-07,3,Pack,228,156,156,0,156
2025-05-07,3,Pick,252,160,160,0,0
2025-05-08,1,Dispatch,237,134,134,0,134
2025-05-08,1,Pack,211,211,212,1,211
2025-05-08,1,Pick,254,196,196,0,0
2025-05-08,2,Dispatch,229,169,169,0,169
2025-05-08,2,Pack,186,186,229,43,186
2025-05-08,2,Pick,269,170,190,20,0
2025-05-08,3,Dispatch,258,156,156,0,156
2025-05-08,3,Pack,211,160,160,0,160
2025-05-08,3,Pick,225,121,129,8,0
2025-05-09,1,Dispatch,263,211,211,0,211
2025-05-09,1,Pack,198,197,197,0,198
2025-05-09,1,Pick,211,181,189,8,0
2025-05-09,2,Dispatch,234,186,186,0,186
2025-05-09,2,Pack,205,205,213,8,248
2025-05-09,2,Pick,206,163,183,20,0
2025-05-09,3,Dispatch,247,160,160,0,160
2025-05-09,3,Pack,224,121,121,0,121
2025-05-09,3,Pick,236,127,154,27,0
2025-05-12,1,Dispatch,221,197,197,0,591
2025-05-12,1,Pack,211,181,181,0,543
2025-05-12,1,Pick,216,135,135,0,24
2025-05-12,2,Dispatch,263,205,205,0,615
2025-05-12,2,Pack,200,171,171,0,521
2025-05-12,2,Pick,213,160,180,20,0
2025-05-12,3,Dispatch,219,121,121,0,363
2025-05-12,3,Pack,234,127,127,0,381
2025-05-12,3,Pick,256,99,158,59,0
2025-05-13,1,Dispatch,256,181,181,0,181
2025-05-13,1,Pack,184,135,135,0,135
2025-05-13,1,Pick,256,198,198,0,0
2025-05-13,2,Dispatch,226,171,171,0,171
2025-05-13,2,Pack,206,160,160,0,160
2025-05-13,2,Pick,208,178,178,0,100
2025-05-13,3,Dispatch,247,127,127,0,127
2025-05-13,3,Pack,223,99,99,0,99
2025-05-13,3,Pick,265,151,210,59,0
2025-05-14,1,Dispatch,255,135,135,0,135
2025-05-14,1,Pack,236,198,198,0,198
2025-05-14,1,Pick,229,180,180,0,0
2025-05-14,2,Dispatch,213,160,160,0,160
2025-05-14,2,Pack,199,178,178,0,178
2025-05-14,2,Pick,257,164,164,0,0
2025-05-14,3,Dispatch,218,99,99,0,99
2025-05-14,3,Pack,229,151,151,0,151
2025-05-14,3,Pick,247,165,245,80,0
2025-05-15,1,Dispatch,227,198,198,0,198
2025-05-15,1,Pack,235,180,180,0,180
2025-05-15,1,Pick,207,142,142,0,0
2025-05-15,2,Dispatch,252,178,178,0,178
2025-05-15,2,Pack,186,164,164,0,164
2025-05-15,2,Pick,263,183,183,0,0
2025-05-15,3,Dispatch,255,151,151,0,151
2025-05-15,3,Pack,209,165,165,0,165
2025-05-15,3,Pick,213,143,223,80,0
2025-05-16,1,Dispatch,202,180,180,0,180
2025-05-16,1,Pack,224,142,142,0,142
2025-05-16,1,Pick,209,128,128,0,0
2025-05-16,2,Dispatch,228,164,164,0,164
2025-05-16,2,Pack,222,183,183,0,183
2025-05-16,2,Pick,247,172,172,0,0
2025-05-16,3,Dispatch,207,165,165,0,165
2025-05-16,3,Pack,199,143,143,0,143
2025-05-16,3,Pick,265,202,301,99,0
2025-05-19,1,Dispatch,226,142,142,0,426
2025-05-19,1,Pack,228,128,128,0,384
2025-05-19,1,Pick,232,163,163,0,0
2025-05-19,2,Dispatch,261,183,183,0,549
2025-05-19,2,Pack,210,172,172,0,516
2025-05-19,2,Pick,265,172,172,0,0
2025-05-19,3,Dispatch,261,143,143,0,429
2025-05-19,3,Pack,194,194,202,8,582
2025-05-19,3,Pick,255,255,317,62,664
2025-05-20,1,Dispatch,244,128,128,0,128
2025-05-20,1,Pack,223,163,163,0,163
2025-05-20,1,Pick,251,207,207,0,0
2025-05-20,2,Dispatch,214,172,172,0,172
2025-05-20,2,Pack,209,172,172,0,172
2025-05-20,2,Pick,214,203,203,0,0
2025-05-20,3,Dispatch,259,194,194,0,194
2025-05-20,3,Pack,217,217,263,46,241
2025-05-20,3,Pick,222,222,292,70,62
2025-05-21,1,Dispatch,237,163,163,0,163
2025-05-21,1,Pack,231,207,207,0,207
2025-05-21,1,Pick,253,204,204,0,0
2025-05-21,2,Dispatch,217,172,172,0,172
2025-05-21,2,Pack,238,203,203,0,203
2025-05-21,2,Pick,232,232,235,3,0
2025-05-21,3,Dispatch,231,217,217,0,217
2025-05-21,3,Pack,201,201,268,67,247
2025-05-21,3,Pick,223,223,301,78,70
2025-05-22,1,Dispatch,229,207,207,0,207
2025-05-22,1,Pack,230,204,204,0,204
2025-05-22,1,Pick,252,169,169,0,0
2025-05-22,2,Dispatch,235,203,203,0,203
2025-05-22,2,Pack,217,217,232,15,217
2025-05-22,2,Pick,256,134,134,0,3
2025-05-22,3,Dispatch,214,201,201,0,201
2025-05-22,3,Pack,227,227,290,63,294
2025-05-22,3,Pick,230,223,223,0,78
2025-05-23,1,Dispatch,258,204,204,0,204
2025-05-23,1,Pack,241,169,169,0,169
2025-05-23,1,Pick,206,194,194,0,0
2025-05-23,2,Dispatch,244,217,217,0,217
2025-05-23,2,Pack,235,149,149,0,164
2025-05-23,2,Pick,267,200,200,0,0
2025-05-23,3,Dispatch,257,227,227,0,227
2025-05-23,3,Pack,213,213,286,73,276
2025-05-23,3,Pick,207,207,210,3,0
2025-05-26,1,Dispatch,258,169,169,0,507
2025-05-26,1,Pack,224,194,194,0,582
2025-05-26,1,Pick,231,211,211,0,0
2025-05-26,2,Dispatch,254,149,149,0,447
2025-05-26,2,Pack,199,199,200,1,597
2025-05-26,2,Pick,258,153,153,0,0
2025-05-26,3,Dispatch,216,213,213,0,639
2025-05-26,3,Pack,222,222,280,58,739
2025-05-26,3,Pick,215,149,149,0,9
2025-05-27,1,Dispatch,214,194,194,0,194
2025-05-27,1,Pack,191,191,211,20,191
2025-05-27,1,Pick,260,169,169,0,0
2025-05-27,2,Dispatch,261,199,199,0,199
2025-05-27,2,Pack,226,154,154,0,157
2025-05-27,2,Pick,228,161,161,0,0
2025-05-27,3,Dispatch,236,222,222,0,222
2025-05-27,3,Pack,225,207,207,0,381
2025-05-27,3,Pick,216,140,140,0,0
2025-05-28,1,Dispatch,252,191,191,0,191
2025-05-28,1,Pack,225,189,189,0,209
2025-05-28,1,Pick,215,185,185,0,0
2025-05-28,2,Dispatch,216,154,154,0,154
2025-05-28,2,Pack,213,161,161,0,161
2025-05-28,2,Pick,220,198,198,0,0
2025-05-28,3,Dispatch,213,207,207,0,207
2025-05-28,3,Pack,187,140,140,0,140
2025-05-28,3,Pick,209,188,205,17,0
2025-05-29,1,Dispatch,230,189,189,0,189
2025-05-29,1,Pack,207,185,185,0,185
2025-05-29,1,Pick,206,178,178,0,0
2025-05-29,2,Dispatch,242,161,161,0,161
2025-05-29,2,Pack,229,198,198,0,198
2025-05-29,2,Pick,217,149,149,0,0
2025-05-29,3,Dispatch,263,140,140,0,140
2025-05-29,3,Pack,237,188,188,0,188
2025-05-29,3,Pick,212,118,135,17,0
2025-05-30,1,Dispatch,224,185,185,0,185
2025-05-30,1,Pack,218,178,178,0,178
2025-05-30,1,Pick,221,221,223,2,0
2025-05-30,2,Dispatch,253,198,198,0,198
2025-05-30,2,Pack,212,149,149,0,149
2025-05-30,2,Pick,219,140,140,0,0
2025-05-30,3,Dispatch,212,188,188,0,188
2025-05-30,3,Pack,211,118,118,0,118
2025-05-30,3,Pick,266,181,198,17,0
2025-06-02,1,Dispatch,248,178,178,0,534
2025-06-02,1,Pack,203,203,221,18,609
2025-06-02,1,Pick,242,156,156,0,6
2025-06-02,2,Dispatch,249,149,149,0,447
2025-06-02,2,Pack,240,140,140,0,420
2025-06-02,2,Pick,216,209,209,0,0
2025-06-02,3,Dispatch,246,118,118,0,354
2025-06-02,3,Pack,213,181,181,0,543
2025-06-02,3,Pick,252,169,169,0,85
2025-06-03,1,Dispatch,243,203,203,0,203
2025-06-03,1,Pack,236,174,174,0,228
2025-06-03,1,Pick,261,152,152,0,0
2025-06-03,2,Dispatch,220,140,140,0,140
2025-06-03,2,Pack,233,209,209,0,209
2025-06-03,2,Pick,210,210,243,33,0
2025-06-03,3,Dispatch,257,181,181,0,181
2025-06-03,3,Pack,217,169,169,0,169
2025-06-03,3,Pick,250,224,224,0,0
2025-06-04,1,Dispatch,247,174,174,0,174
2025-06-04,1,Pack,213,152,152,0,152
2025-06-04,1,Pick,241,161,161,0,0
2025-06-04,2,Dispatch,219,209,209,0,209
2025-06-04,2,Pack,230,210,210,0,210
2025-06-04,2,Pick,230,177,177,0,33
2025-06-04,3,Dispatch,207,169,169,0,169
2025-06-04,3,Pack,228,224,224,0,224
2025-06-04,3,Pick,249,147,147,0,0
2025-06-05,1,Dispatch,252,152,152,0,152
2025-06-05,1,Pack,216,161,161,0,161
2025-06-05,1,Pick,236,131,131,0,0
2025-06-05,2,Dispatch,244,210,210,0,210
2025-06-05,2,Pack,238,177,177,0,177
2025-06-05,2,Pick,211,186,186,0,0
2025-06-05,3,Dispatch,236,224,224,0,224
2025-06-05,3,Pack,222,147,147,0,147
2025-06-05,3,Pick,263,225,225,0,0
2025-06-06,1,Dispatch,244,161,161,0,161
2025-06-06,1,Pack,232,131,131,0,131
2025-06-06,1,Pick,264,192,192,0,0
2025-06-06,2,Dispatch,236,177,177,0,177
2025-06-06,2,Pack,217,186,186,0,186
2025-06-06,2,Pick,253,205,205,0,0
2025-06-06,3,Dispatch,216,147,147,0,147
2025-06-06,3,Pack,201,201,225,24,201
2025-06-06,3,Pick,249,150,150,0,0
2025-06-09,1,Dispatch,224,131,131,0,393
2025-06-09,1,Pack,213,192,192,0,576
2025-06-09,1,Pick,242,175,177,2,0
2025-06-09,2,Dispatch,255,186,186,0,558
2025-06-09,2,Pack,222,205,205,0,615
2025-06-09,2,Pick,215,121,150,29,0
2025-06-09,3,Dispatch,252,201,201,0,603
2025-06-09,3,Pack,226,174,174,0,546
2025-06-09,3,Pick,209,175,175,0,0
2025-06-10,1,Dispatch,247,192,192,0,192
2025-06-10,1,Pack,223,175,175,0,175
2025-06-10,1,Pick,245,163,165,2,0
2025-06-10,2,Dispatch,232,205,205,0,205
2025-06-10,2,Pack,228,121,121,0,121
2025-06-10,2,Pick,227,166,212,46,0
2025-06-10,3,Dispatch,257,174,174,0,174
2025-06-10,3,Pack,191,175,175,0,175
2025-06-10,3,Pick,237,199,199,0,0
2025-06-11,1,Dispatch,246,175,175,0,175
2025-06-11,1,Pack,205,163,163,0,163
2025-06-11,1,Pick,242,188,203,15,0
2025-06-11,2,Dispatch,252,121,121,0,121
2025-06-11,2,Pack,199,166,166,0,166
2025-06-11,2,Pick,252,171,217,46,0
2025-06-11,3,Dispatch,209,175,175,0,175
2025-06-11,3,Pack,213,199,199,0,199
2025-06-11,3,Pick,239,186,199,13,0
2025-06-12,1,Dispatch,225,163,163,0,163
2025-06-12,1,Pack,212,188,188,0,188
2025-06-12,1,Pick,263,164,200,36,0
2025-06-12,2,Dispatch,208,166,166,0,166
2025-06-12,2,Pack,195,171,171,0,171
2025-06-12,2,Pick,262,145,191,46,0
2025-06-12,3,Dispatch,246,199,199,0,199
2025-06-12,3,Pack,221,186,186,0,186
2025-06-12,3,Pick,261,130,164,34,0
2025-06-13,1,Dispatch,251,188,188,0,188
2025-06-13,1,Pack,190,164,164,0,164
2025-06-13,1,Pick,226,128,195,67,0
2025-06-13,2,Dispatch,261,171,171,0,171
2025-06-13,2,Pack,189,145,145,0,145
2025-06-13,2,Pick,249,173,240,67,0
2025-06-13,3,Dispatch,256,186,186,0,186
2025-06-13,3,Pack,189,130,130,0,130
2025-06-13,3,Pick,246,197,231,34,0
2025-06-16,1,Dispatch,249,164,164,0,492
2025-06-16,1,Pack,235,128,128,0,384
2025-06-16,1,Pick,244,224,261,37,177
2025-06-16,2,Dispatch,211,145,145,0,435
2025-06-16,2,Pack,233,173,173,0,519
2025-06-16,2,Pick,219,215,215,0,368
2025-06-16,3,Dispatch,222,130,130,0,390
2025-06-16,3,Pack,212,197,197,0,591
2025-06-16,3,Pick,232,220,220,0,149
2025-06-17,1,Dispatch,236,128,128,0,128
2025-06-17,1,Pack,233,224,224,0,224
2025-06-17,1,Pick,241,241,284,43,11
2025-06-17,2,Dispatch,211,173,173,0,173
2025-06-17,2,Pack,210,210,215,5,210
2025-06-17,2,Pick,223,168,185,17,0
2025-06-17,3,Dispatch,256,197,197,0,197
2025-06-17,3,Pack,234,220,220,0,220
2025-06-17,3,Pick,211,161,161,0,0
2025-06-18,1,Dispatch,256,224,224,0,224
2025-06-18,1,Pack,233,233,241,8,233
2025-06-18,1,Pick,265,189,189,0,148
2025-06-18,2,Dispatch,256,210,210,0,210
2025-06-18,2,Pack,205,173,173,0,178
2025-06-18,2,Pick,234,184,201,17,0
2025-06-18,3,Dispatch,224,220,220,0,220
2025-06-18,3,Pack,225,161,161,0,161
2025-06-18,3,Pick,254,173,173,0,0
2025-06-19,1,Dispatch,204,204,233,29,204
2025-06-19,1,Pack,217,197,197,0,205
2025-06-19,1,Pick,247,237,237,0,0
2025-06-19,2,Dispatch,215,173,173,0,173
2025-06-19,2,Pack,227,184,184,0,184
2025-06-19,2,Pick,216,155,194,39,0
2025-06-19,3,Dispatch,256,161,161,0,161
2025-06-19,3,Pack,218,173,173,0,173
2025-06-19,3,Pick,267,150,150,0,0
2025-06-20,1,Dispatch,213,213,226,13,242
2025-06-20,1,Pack,184,184,237,53,184
2025-06-20,1,Pick,257,148,148,0,0
2025-06-20,2,Dispatch,200,184,184,0,184
2025-06-20,2,Pack,222,155,155,0,155
2025-06-20,2,Pick,250,167,206,39,0
2025-06-20,3,Dispatch,240,173,173,0,173
2025-06-20,3,Pack,210,150,150,0,150
2025-06-20,3,Pick,241,189,213,24,0
2025-06-23,1,Dispatch,242,197,197,0,604
2025-06-23,1,Pack,211,201,201,0,656
2025-06-23,1,Pick,247,195,195,0,0
2025-06-23,2,Dispatch,230,155,155,0,465
2025-06-23,2,Pack,204,167,167,0,501
2025-06-23,2,Pick,216,177,177,0,190
2025-06-23,3,Dispatch,234,150,150,0,450
2025-06-23,3,Pack,212,189,189,0,567
2025-06-23,3,Pick,230,204,206,2,66
2025-06-24,1,Dispatch,215,201,201,0,201
2025-06-24,1,Pack,221,195,195,0,195
2025-06-24,1,Pick,220,204,204,0,0
2025-06-24,2,Dispatch,249,167,167,0,167
2025-06-24,2,Pack,200,177,177,0,177
2025-06-24,2,Pick,207,172,172,0,0
2025-06-24,3,Dispatch,201,189,189,0,189
2025-06-24,3,Pack,241,204,204,0,204
2025-06-24,3,Pick,236,223,225,2,0
2025-06-25,1,Dispatch,255,195,195,0,195
2025-06-25,1,Pack,220,204,204,0,204
2025-06-25,1,Pick,233,185,185,0,0
2025-06-25,2,Dispatch,232,177,177,0,177
2025-06-25,2,Pack,197,172,172,0,172
2025-06-25,2,Pick,218,167,172,5,0
2025-06-25,3,Dispatch,263,204,204,0,204
2025-06-25,3,Pack,225,223,223,0,223
2025-06-25,3,Pick,251,138,140,2,0
2025-06-26,1,Dispatch,206,204,204,0,204
2025-06-26,1,Pack,205,185,185,0,185
2025-06-26,1,Pick,249,174,174,0,0
2025-06-26,2,Dispatch,228,172,172,0,172
2025-06-26,2,Pack,185,167,167,0,167
2025-06-26,2,Pick,208,199,199,0,5
2025-06-26,3,Dispatch,245,223,223,0,223
2025-06-26,3,Pack,191,138,138,0,138
2025-06-26,3,Pick,206,166,182,16,0
2025-06-27,1,Dispatch,239,185,185,0,185
2025-06-27,1,Pack,239,174,174,0,174
2025-06-27,1,Pick,231,179,179,0,0
2025-06-27,2,Dispatch,210,167,167,0,167
2025-06-27,2,Pack,190,190,199,9,190
2025-06-27,2,Pick,224,153,153,0,0
2025-06-27,3,Dispatch,208,138,138,0,138
2025-06-27,3,Pack,195,166,166,0,166
2025-06-27,3,Pick,240,146,162,16,0
2025-06-30,1,Dispatch,210,174,174,0,522
2025-06-30,1,Pack,228,179,179,0,537
2025-06-30,1,Pick,246,206,206,0,0
2025-06-30,2,Dispatch,263,190,190,0,570
2025-06-30,2,Pack,210,162,162,0,495
2025-06-30,2,Pick,220,133,133,0,0
2025-06-30,3,Dispatch,221,166,166,0,498
2025-06-30,3,Pack,220,146,146,0,438
2025-06-30,3,Pick,238,168,168,0,76
2025-07-01,1,Dispatch,229,179,179,0,179
2025-07-01,1,Pack,212,206,206,0,206
2025-07-01,1,Pick,264,149,152,3,0
2025-07-01,2,Dispatch,222,162,162,0,162
2025-07-01,2,Pack,189,133,133,0,133
2025-07-01,2,Pick,261,167,167,0,0
2025-07-01,3,Dispatch,209,146,146,0,146
2025-07-01,3,Pack,230,168,168,0,168
2025-07-01,3,Pick,227,211,211,0,0
2025-07-02,1,Dispatch,214,206,206,0,206
2025-07-02,1,Pack,204,149,149,0,149
2025-07-02,1,Pick,242,194,206,12,0
2025-07-02,2,Dispatch,258,133,133,0,133
2025-07-02,2,Pack,189,167,167,0,167
2025-07-02,2,Pick,234,225,225,0,0
2025-07-02,3,Dispatch,229,168,168,0,168
2025-07-02,3,Pack,236,211,211,0,211
2025-07-02,3,Pick,217,206,206,0,0
2025-07-03,1,Dispatch,246,149,149,0,149
2025-07-03,1,Pack,187,187,194,7,187
2025-07-03,1,Pick,217,134,152,18,0
2025-07-03,2,Dispatch,236,167,167,0,167
2025-07-03,2,Pack,237,225,225,0,225
2025-07-03,2,Pick,234,154,154,0,0
2025-07-03,3,Dispatch,233,211,211,0,211
2025-07-03,3,Pack,189,189,206,17,189
2025-07-03,3,Pick,226,162,162,0,0
2025-07-04,1,Dispatch,232,187,187,0,187
2025-07-04,1,Pack,225,141,141,0,148
2025-07-04,1,Pick,248,156,174,18,0
2025-07-04,2,Dispatch,245,225,225,0,225
2025-07-04,2,Pack,190,154,154,0,154
2025-07-04,2,Pick,224,156,156,0,0
2025-07-04,3,Dispatch,209,189,189,0,189
2025-07-04,3,Pack,206,179,179,0,196
2025-07-04,3,Pick,229,210,210,0,0
2025-07-07,1,Dispatch,253,141,141,0,423
2025-07-07,1,Pack,209,156,156,0,468
2025-07-07,1,Pick,211,103,161,58,0
2025-07-07,2,Dispatch,233,154,154,0,462
2025-07-07,2,Pack,209,156,156,0,468
2025-07-07,2,Pick,215,207,207,0,0
2025-07-07,3,Dispatch,261,179,179,0,537
2025-07-07,3,Pack,216,210,210,0,630
2025-07-07,3,Pick,209,141,141,0,0
2025-07-08,1,Dispatch,214,156,156,0,156
2025-07-08,1,Pack,236,103,103,0,103
2025-07-08,1,Pick,207,194,207,13,132
2025-07-08,2,Dispatch,258,156,156,0,156
2025-07-08,2,Pack,230,207,207,0,207
2025-07-08,2,Pick,227,194,194,0,0
2025-07-08,3,Dispatch,263,210,210,0,210
2025-07-08,3,Pack,236,141,141,0,141
2025-07-08,3,Pick,250,185,185,0,0
2025-07-09,1,Dispatch,234,103,103,0,103
2025-07-09,1,Pack,220,194,194,0,194
2025-07-09,1,Pick,214,186,199,13,0
2025-07-09,2,Dispatch,223,207,207,0,207
2025-07-09,2,Pack,220,194,194,0,194
2025-07-09,2,Pick,255,142,142,0,0
2025-07-09,3,Dispatch,234,141,141,0,141
2025-07-09,3,Pack,224,185,185,0,185
2025-07-09,3,Pick,243,143,151,8,0
2025-07-10,1,Dispatch,205,194,194,0,194
2025-07-10,1,Pack,236,186,186,0,186
2025-07-10,1,Pick,214,213,233,20,0
2025-07-10,2,Dispatch,233,194,194,0,194
2025-07-10,2,Pack,225,142,142,0,142
2025-07-10,2,Pick,261,236,236,0,0
2025-07-10,3,Dispatch,249,185,185,0,185
2025-07-10,3,Pack,239,143,143,0,143
2025-07-10,3,Pick,251,212,212,0,8
2025-07-11,1,Dispatch,214,186,186,0,186
2025-07-11,1,Pack,215,213,213,0,213
2025-07-11,1,Pick,265,140,160,20,0
2025-07-11,2,Dispatch,233,142,142,0,142
2025-07-11,2,Pack,220,220,236,16,220
2025-07-11,2,Pick,267,172,172,0,0
2025-07-11,3,Dispatch,257,143,143,0,143
2025-07-11,3,Pack,240,212,212,0,212
2025-07-11,3,Pick,228,164,164,0,0
2025-07-14,1,Dispatch,207,207,213,6,621
2025-07-14,1,Pack,204,140,140,0,420
2025-07-14,1,Pick,241,235,235,0,119
2025-07-14,2,Dispatch,261,220,220,0,660
2025-07-14,2,Pack,229,188,188,0,580
2025-07-14,2,Pick,206,200,200,0,0
2025-07-14,3,Dispatch,250,212,212,0,636
2025-07-14,3,Pack,211,164,164,0,492
2025-07-14,3,Pick,223,148,149,1,0
2025-07-15,1,Dispatch,217,146,146,0,164
2025-07-15,1,Pack,230,230,235,5,230
2025-07-15,1,Pick,205,179,179,0,0
2025-07-15,2,Dispatch,231,188,188,0,188
2025-07-15,2,Pack,222,200,200,0,200
2025-07-15,2,Pick,209,160,160,0,0
2025-07-15,3,Dispatch,232,164,164,0,164
2025-07-15,3,Pack,204,148,148,0,148
2025-07-15,3,Pick,252,133,134,1,0
2025-07-16,1,Dispatch,248,230,230,0,230
2025-07-16,1,Pack,185,184,184,0,189
2025-07-16,1,Pick,268,182,183,1,0
2025-07-16,2,Dispatch,261,200,200,0,200
2025-07-16,2,Pack,231,160,160,0,160
2025-07-16,2,Pick,223,209,209,0,0
2025-07-16,3,Dispatch,220,148,148,0,148
2025-07-16,3,Pack,232,133,133,0,133
2025-07-16,3,Pick,251,251,273,22,0
2025-07-17,1,Dispatch,234,184,184,0,184
2025-07-17,1,Pack,206,182,182,0,182
2025-07-17,1,Pick,238,200,223,23,0
2025-07-17,2,Dispatch,203,160,160,0,160
2025-07-17,2,Pack,238,209,209,0,209
2025-07-17,2,Pick,219,219,227,8,0
2025-07-17,3,Dispatch,234,133,133,0,133
2025-07-17,3,Pack,235,235,251,16,235
2025-07-17,3,Pick,221,221,229,8,24
2025-07-18,1,Dispatch,236,182,182,0,182
2025-07-18,1,Pack,240,200,200,0,200
2025-07-18,1,Pick,260,169,192,23,0
2025-07-18,2,Dispatch,212,209,209,0,209
2025-07-18,2,Pack,237,219,219,0,219
2025-07-18,2,Pick,267,205,205,0,8
2025-07-18,3,Dispatch,203,203,235,32,203
2025-07-18,3,Pack,226,226,237,11,242
2025-07-18,3,Pick,250,227,227,0,8
2025-07-21,1,Dispatch,210,200,200,0,600
2025-07-21,1,Pack,202,169,169,0,507
2025-07-21,1,Pick,248,205,205,0,93
2025-07-21,2,Dispatch,226,219,219,0,657
2025-07-21,2,Pack,204,204,205,1,612
2025-07-21,2,Pick,204,161,161,0,0
2025-07-21,3,Dispatch,242,242,258,16,758
2025-07-21,3,Pack,235,235,238,3,716
2025-07-21,3,Pick,246,133,133,0,0
2025-07-22,1,Dispatch,232,169,169,0,169
2025-07-22,1,Pack,193,193,205,12,193
2025-07-22,1,Pick,222,147,147,0,0
2025-07-22,2,Dispatch,242,204,204,0,204
2025-07-22,2,Pack,236,162,162,0,165
2025-07-22,2,Pick,214,141,141,0,0
2025-07-22,3,Dispatch,232,232,251,19,280
2025-07-22,3,Pack,187,136,136,0,145
2025-07-22,3,Pick,209,197,197,0,0
2025-07-23,1,Dispatch,235,193,193,0,193
2025-07-23,1,Pack,202,159,159,0,171
2025-07-23,1,Pick,206,206,211,5,0
2025-07-23,2,Dispatch,207,162,162,0,162
2025-07-23,2,Pack,210,141,141,0,141
2025-07-23,2,Pick,211,211,230,19,0
2025-07-23,3,Dispatch,215,155,155,0,174
2025-07-23,3,Pack,232,197,197,0,197
2025-07-23,3,Pick,240,195,195,0,0
2025-07-24,1,Dispatch,243,159,159,0,159
2025-07-24,1,Pack,211,206,206,0,206
2025-07-24,1,Pick,266,213,213,0,5
2025-07-24,2,Dispatch,216,141,141,0,141
2025-07-24,2,Pack,236,211,211,0,211
2025-07-24,2,Pick,231,207,207,0,19
2025-07-24,3,Dispatch,249,197,197,0,197
2025-07-24,3,Pack,236,195,195,0,195
2025-07-24,3,Pick,254,231,239,8,0
2025-07-25,1,Dispatch,246,206,206,0,206
2025-07-25,1,Pack,194,194,213,19,194
2025-07-25,1,Pick,260,160,160,0,0
2025-07-25,2,Dispatch,209,209,211,2,209
2025-07-25,2,Pack,237,207,207,0,207
2025-07-25,2,Pick,237,185,199,14,0
2025-07-25,3,Dispatch,226,195,195,0,195
2025-07-25,3,Pack,223,223,231,8,223
2025-07-25,3,Pick,263,187,195,8,0
2025-07-28,1,Dispatch,225,194,194,0,582
2025-07-28,1,Pack,237,179,179,0,556
2025-07-28,1,Pick,217,179,179,0,0
2025-07-28,2,Dispatch,223,209,209,0,629
2025-07-28,2,Pack,214,185,185,0,555
2025-07-28,2,Pick,224,205,219,14,0
2025-07-28,3,Dispatch,225,223,223,0,669
2025-07-28,3,Pack,239,195,195,0,593
2025-07-28,3,Pick,210,149,157,8,0
2025-07-29,1,Dispatch,261,179,179,0,179
2025-07-29,1,Pack,187,179,179,0,179
2025-07-29,1,Pick,213,210,210,0,0
2025-07-29,2,Dispatch,217,185,185,0,185
2025-07-29,2,Pack,230,205,205,0,205
2025-07-29,2,Pick,231,160,174,14,0
2025-07-29,3,Dispatch,225,195,195,0,195
2025-07-29,3,Pack,205,149,149,0,149
2025-07-29,3,Pick,244,207,215,8,0
2025-07-30,1,Dispatch,260,179,179,0,179
2025-07-30,1,Pack,194,194,210,16,194
2025-07-30,1,Pick,210,153,153,0,0
2025-07-30,2,Dispatch,248,205,205,0,205
2025-07-30,2,Pack,238,160,160,0,160
2025-07-30,2,Pick,263,199,199,0,70
2025-07-30,3,Dispatch,202,149,149,0,149
2025-07-30,3,Pack,198,198,207,9,198
2025-07-30,3,Pick,213,165,173,8,0
2025-07-31,1,Dispatch,253,194,194,0,194
2025-07-31,1,Pack,212,169,169,0,185
2025-07-31,1,Pick,238,208,208,0,0
2025-07-31,2,Dispatch,253,160,160,0,160
2025-07-31,2,Pack,210,199,199,0,199
2025-07-31,2,Pick,236,183,183,0,0
2025-07-31,3,Dispatch,201,198,198,0,198
2025-07-31,3,Pack,230,174,174,0,183
2025-07-31,3,Pick,230,213,236,23,0
2025-08-01,1,Dispatch,231,169,169,0,169
2025-08-01,1,Pack,208,208,208,0,208
2025-08-01,1,Pick,232,159,159,0,0
2025-08-01,2,Dispatch,220,199,199,0,199
2025-08-01,2,Pack,238,183,183,0,183
2025-08-01,2,Pick,220,191,191,0,0
2025-08-01,3,Dispatch,247,174,174,0,174
2025-08-01,3,Pack,218,213,213,0,213
2025-08-01,3,Pick,254,216,239,23,0
2025-08-04,1,Dispatch,224,208,208,0,624
2025-08-04,1,Pack,223,159,159,0,477
2025-08-04,1,Pick,210,113,113,0,0
2025-08-04,2,Dispatch,206,183,183,0,549
2025-08-04,2,Pack,226,191,191,0,573
2025-08-04,2,Pick,225,174,174,0,0
2025-08-04,3,Dispatch,247,213,213,0,639
2025-08-04,3,Pack,203,203,216,13,609
2025-08-04,3,Pick,210,156,179,23,0
2025-08-05,1,Dispatch,222,159,159,0,159
2025-08-05,1,Pack,239,113,113,0,113
2025-08-05,1,Pick,233,169,169,0,0
2025-08-05,2,Dispatch,237,191,191,0,191
2025-08-05,2,Pack,208,174,174,0,174
2025-08-05,2,Pick,214,184,184,0,0
2025-08-05,3,Dispatch,246,203,203,0,203
2025-08-05,3,Pack,230,169,169,0,208
2025-08-05,3,Pick,258,160,160,0,171
2025-08-06,1,Dispatch,234,113,113,0,113
2025-08-06,1,Pack,230,169,169,0,169
2025-08-06,1,Pick,231,199,206,7,0
2025-08-06,2,Dispatch,250,174,174,0,174
2025-08-06,2,Pack,210,184,184,0,184
2025-08-06,2,Pick,260,186,194,8,0
2025-08-06,3,Dispatch,228,169,169,0,169
2025-08-06,3,Pack,193,160,160,0,160
2025-08-06,3,Pick,259,118,130,12,0
2025-08-07,1,Dispatch,226,169,169,0,169
2025-08-07,1,Pack,238,199,199,0,199
2025-08-07,1,Pick,220,161,161,0,7
2025-08-07,2,Dispatch,206,184,184,0,184
2025-08-07,2,Pack,206,186,186,0,186
2025-08-07,2,Pick,234,193,211,18,0
2025-08-07,3,Dispatch,257,160,160,0,160
2025-08-07,3,Pack,215,118,118,0,118
2025-08-07,3,Pick,267,100,112,12,0
2025-08-08,1,Dispatch,206,199,199,0,199
2025-08-08,1,Pack,228,161,161,0,161
2025-08-08,1,Pick,212,209,209,0,0
2025-08-08,2,Dispatch,238,186,186,0,186
2025-08-08,2,Pack,184,184,193,9,184
2025-08-08,2,Pick,260,168,168,0,26
2025-08-08,3,Dispatch,247,118,118,0,118
2025-08-08,3,Pack,191,100,100,0,100
2025-08-08,3,Pick,218,123,138,15,0
2025-08-11,1,Dispatch,205,161,161,0,483
2025-08-11,1,Pack,224,209,209,0,627
2025-08-11,1,Pick,218,198,198,0,0
2025-08-11,2,Dispatch,238,184,184,0,552
2025-08-11,2,Pack,223,177,177,0,540
2025-08-11,2,Pick,239,183,183,0,0
2025-08-11,3,Dispatch,260,100,100,0,300
2025-08-11,3,Pack,183,123,123,0,369
2025-08-11,3,Pick,225,173,173,0,69
2025-08-12,1,Dispatch,251,209,209,0,209
2025-08-12,1,Pack,232,198,198,0,198
2025-08-12,1,Pick,213,143,143,0,0
2025-08-12,2,Dispatch,200,177,177,0,177
2025-08-12,2,Pack,206,183,183,0,183
2025-08-12,2,Pick,247,187,187,0,0
2025-08-12,3,Dispatch,238,123,123,0,123
2025-08-12,3,Pack,191,173,173,0,173
2025-08-12,3,Pick,229,139,139,0,0
2025-08-13,1,Dispatch,219,198,198,0,198
2025-08-13,1,Pack,199,143,143,0,143
2025-08-13,1,Pick,238,149,149,0,0
2025-08-13,2,Dispatch,204,183,183,0,183
2025-08-13,2,Pack,189,187,187,0,187
2025-08-13,2,Pick,252,183,183,0,0
2025-08-13,3,Dispatch,209,173,173,0,173
2025-08-13,3,Pack,231,139,139,0,139
2025-08-13,3,Pick,222,222,222,0,0
2025-08-14,1,Dispatch,224,143,143,0,143
2025-08-14,1,Pack,212,149,149,0,149
2025-08-14,1,Pick,233,176,176,0,0
2025-08-14,2,Dispatch,234,187,187,0,187
2025-08-14,2,Pack,222,183,183,0,183
2025-08-14,2,Pick,222,137,137,0,0
2025-08-14,3,Dispatch,212,139,139,0,139
2025-08-14,3,Pack,214,214,222,8,214
2025-08-14,3,Pick,262,147,147,0,0
2025-08-15,1,Dispatch,259,149,149,0,149
2025-08-15,1,Pack,203,176,176,0,176
2025-08-15,1,Pick,243,166,166,0,0
2025-08-15,2,Dispatch,234,183,183,0,183
2025-08-15,2,Pack,217,137,137,0,137
2025-08-15,2,Pick,244,199,214,15,0
2025-08-15,3,Dispatch,215,214,214,0,214
2025-08-15,3,Pack,199,155,155,0,163
2025-08-15,3,Pick,233,133,133,0,0
2025-08-18,1,Dispatch,211,176,176,0,528
2025-08-18,1,Pack,208,166,166,0,498
2025-08-18,1,Pick,211,180,180,0,0
2025-08-18,2,Dispatch,246,137,137,0,411
2025-08-18,2,Pack,216,199,199,0,597
2025-08-18,2,Pick,218,179,179,0,45
2025-08-18,3,Dispatch,215,155,155,0,465
2025-08-18,3,Pack,186,133,133,0,399
2025-08-18,3,Pick,222,164,164,0,0
2025-08-19,1,Dispatch,236,166,166,0,166
2025-08-19,1,Pack,215,180,180,0,180
2025-08-19,1,Pick,225,198,198,0,0
2025-08-19,2,Dispatch,252,199,199,0,199
2025-08-19,2,Pack,201,179,179,0,179
2025-08-19,2,Pick,246,176,176,0,0
2025-08-19,3,Dispatch,248,133,133,0,133
2025-08-19,3,Pack,230,164,164,0,164
2025-08-19,3,Pick,243,189,189,0,0
2025-08-20,1,Dispatch,250,180,180,0,180
2025-08-20,1,Pack,211,198,198,0,198
2025-08-20,1,Pick,245,230,230,0,0
2025-08-20,2,Dispatch,220,179,179,0,179
2025-08-20,2,Pack,214,176,176,0,176
2025-08-20,2,Pick,245,165,165,0,0
2025-08-20,3,Dispatch,257,164,164,0,164
2025-08-20,3,Pack,196,189,189,0,189
2025-08-20,3,Pick,236,125,125,0,0
2025-08-21,1,Dispatch,202,198,198,0,198
2025-08-21,1,Pack,237,230,230,0,230
2025-08-21,1,Pick,231,213,213,0,0
2025-08-21,2,Dispatch,256,176,176,0,176
2025-08-21,2,Pack,203,165,165,0,165
2025-08-21,2,Pick,241,126,126,0,0
2025-08-21,3,Dispatch,258,189,189,0,189
2025-08-21,3,Pack,187,125,125,0,125
2025-08-21,3,Pick,204,144,144,0,0
2025-08-22,1,Dispatch,218,218,230,12,218
2025-08-22,1,Pack,237,213,213,0,213
2025-08-22,1,Pick,213,213,214,1,0
2025-08-22,2,Dispatch,210,165,165,0,165
2025-08-22,2,Pack,210,126,126,0,126
2025-08-22,2,Pick,232,183,183,0,0
2025-08-22,3,Dispatch,212,125,125,0,125
2025-08-22,3,Pack,226,144,144,0,144
2025-08-22,3,Pick,235,197,197,0,0
2025-08-25,1,Dispatch,244,225,225,0,687
2025-08-25,1,Pack,202,202,213,11,606
2025-08-25,1,Pick,234,150,150,0,3
2025-08-25,2,Dispatch,256,126,126,0,378
2025-08-25,2,Pack,220,183,183,0,549
2025-08-25,2,Pick,242,161,161,0,0
2025-08-25,3,Dispatch,203,144,144,0,432
2025-08-25,3,Pack,220,197,197,0,591
2025-08-25,3,Pick,228,157,157,0,0
2025-08-26,1,Dispatch,253,202,202,0,202
2025-08-26,1,Pack,189,161,161,0,194
2025-08-26,1,Pick,208,208,223,15,0
2025-08-26,2,Dispatch,206,183,183,0,183
2025-08-26,2,Pack,213,161,161,0,161
2025-08-26,2,Pick,211,142,142,0,0
2025-08-26,3,Dispatch,245,197,197,0,197
2025-08-26,3,Pack,186,157,157,0,157
2025-08-26,3,Pick,233,190,190,0,0
2025-08-27,1,Dispatch,238,161,161,0,161
2025-08-27,1,Pack,232,208,208,0,208
2025-08-27,1,Pick,210,198,211,13,2
2025-08-27,2,Dispatch,208,161,161,0,161
2025-08-27,2,Pack,214,142,142,0,142
2025-08-27,2,Pick,251,159,159,0,0
2025-08-27,3,Dispatch,222,157,157,0,157
2025-08-27,3,Pack,212,190,190,0,190
2025-08-27,3,Pick,213,147,147,0,0
2025-08-28,1,Dispatch,226,208,208,0,208
2025-08-28,1,Pack,221,198,198,0,198
2025-08-28,1,Pick,235,198,211,13,0
2025-08-28,2,Dispatch,215,142,142,0,142
2025-08-28,2,Pack,200,159,159,0,159
2025-08-28,2,Pick,249,172,172,0,0
2025-08-28,3,Dispatch,214,190,190,0,190
2025-08-28,3,Pack,207,147,147,0,147
2025-08-28,3,Pick,255,219,219,0,0
2025-08-29,1,Dispatch,230,198,198,0,198
2025-08-29,1,Pack,233,198,198,0,198
2025-08-29,1,Pick,224,155,168,13,0
2025-08-29,2,Dispatch,200,159,159,0,159
2025-08-29,2,Pack,205,172,172,0,172
2025-08-29,2,Pick,235,219,219,0,0
2025-08-29,3,Dispatch,237,147,147,0,147
2025-08-29,3,Pack,200,200,219,19,200
2025-08-29,3,Pick,222,181,181,0,0
2025-09-01,1,Dispatch,239,198,198,0,594
2025-09-01,1,Pack,195,155,155,0,465
2025-09-01,1,Pick,263,202,202,0,78
2025-09-01,2,Dispatch,250,172,172,0,516
2025-09-01,2,Pack,183,183,219,36,549
2025-09-01,2,Pick,230,210,210,0,0
2025-09-01,3,Dispatch,258,200,200,0,600
2025-09-01,3,Pack,238,200,200,0,619
2025-09-01,3,Pick,227,166,166,0,0
2025-09-02,1,Dispatch,219,155,155,0,155
2025-09-02,1,Pack,229,202,202,0,202
2025-09-02,1,Pick,247,183,183,0,0
2025-09-02,2,Dispatch,207,183,183,0,183
2025-09-02,2,Pack,225,225,246,21,333
2025-09-02,2,Pick,210,137,137,0,0
2025-09-02,3,Dispatch,204,200,200,0,200
2025-09-02,3,Pack,191,166,166,0,166
2025-09-02,3,Pick,258,166,175,9,0
2025-09-03,1,Dispatch,205,202,202,0,202
2025-09-03,1,Pack,200,183,183,0,183
2025-09-03,1,Pick,231,179,179,0,0
2025-09-03,2,Dispatch,230,225,225,0,225
2025-09-03,2,Pack,188,158,158,0,179
2025-09-03,2,Pick,242,197,197,0,0
2025-09-03,3,Dispatch,242,166,166,0,166
2025-09-03,3,Pack,227,166,166,0,166
2025-09-03,3,Pick,209,192,201,9,0
2025-09-04,1,Dispatch,262,183,183,0,183
2025-09-04,1,Pack,186,179,179,0,179
2025-09-04,1,Pick,241,147,166,19,0
2025-09-04,2,Dispatch,223,158,158,0,158
2025-09-04,2,Pack,224,197,197,0,197
2025-09-04,2,Pick,237,220,220,0,0
2025-09-04,3,Dispatch,228,166,166,0,166
2025-09-04,3,Pack,191,191,192,1,191
2025-09-04,3,Pick,216,216,277,61,0
2025-09-05,1,Dispatch,205,179,179,0,179
2025-09-05,1,Pack,239,147,147,0,147
2025-09-05,1,Pick,213,162,198,36,0
2025-09-05,2,Dispatch,214,197,197,0,197
2025-09-05,2,Pack,240,220,220,0,220
2025-09-05,2,Pick,207,166,175,9,0
2025-09-05,3,Dispatch,228,191,191,0,191
2025-09-05,3,Pack,237,217,217,0,218
2025-09-05,3,Pick,205,156,201,45,35
2025-09-08,1,Dispatch,255,147,147,0,441
2025-09-08,1,Pack,205,162,162,0,486
2025-09-08,1,Pick,224,146,192,46,0
2025-09-08,2,Dispatch,229,220,220,0,660
2025-09-08,2,Pack,212,166,166,0,498
2025-09-08,2,Pick,240,165,193,28,0
2025-09-08,3,Dispatch,208,208,217,9,624
2025-09-08,3,Pack,215,156,156,0,468
2025-09-08,3,Pick,267,227,227,0,179
2025-09-09,1,Dispatch,213,162,162,0,162
2025-09-09,1,Pack,213,146,146,0,146
2025-09-09,1,Pick,216,151,212,61,0
2025-09-09,2,Dispatch,243,166,166,0,166
2025-09-09,2,Pack,189,165,165,0,165
2025-09-09,2,Pick,252,145,173,28,0
2025-09-09,3,Dispatch,218,165,165,0,192
2025-09-09,3,Pack,193,193,227,34,193
2025-09-09,3,Pick,212,212,224,12,0
2025-09-10,1,Dispatch,256,146,146,0,146
2025-09-10,1,Pack,188,151,151,0,151
2025-09-10,1,Pick,220,220,280,60,25
2025-09-10,2,Dispatch,244,165,165,0,165
2025-09-10,2,Pack,199,145,145,0,145
2025-09-10,2,Pick,205,187,215,28,0
2025-09-10,3,Dispatch,228,193,193,0,193
2025-09-10,3,Pack,222,222,246,24,256
2025-09-10,3,Pick,216,161,161,0,12
2025-09-11,1,Dispatch,207,151,151,0,151
2025-09-11,1,Pack,206,206,220,14,206
2025-09-11,1,Pick,237,195,241,46,14
2025-09-11,2,Dispatch,212,145,145,0,145
2025-09-11,2,Pack,232,187,187,0,187
2025-09-11,2,Pick,226,190,218,28,0
2025-09-11,3,Dispatch,216,216,222,6,216
2025-09-11,3,Pack,228,185,185,0,209
2025-09-11,3,Pick,237,144,144,0,0
2025-09-12,1,Dispatch,247,206,206,0,206
2025-09-12,1,Pack,191,191,209,18,205
2025-09-12,1,Pick,250,102,164,62,0
2025-09-12,2,Dispatch,243,187,187,0,187
2025-09-12,2,Pack,235,190,190,0,190
2025-09-12,2,Pick,223,204,257,53,0
2025-09-12,3,Dispatch,250,191,191,0,197
2025-09-12,3,Pack,226,144,144,0,144
2025-09-12,3,Pick,250,228,228,0,0
2025-09-15,1,Dispatch,226,191,191,0,573
2025-09-15,1,Pack,197,120,120,0,378
2025-09-15,1,Pick,259,171,204,33,444
2025-09-15,2,Dispatch,215,190,190,0,570
2025-09-15,2,Pack,184,184,204,20,552
2025-09-15,2,Pick,243,184,261,77,0
2025-09-15,3,Dispatch,240,144,144,0,432
2025-09-15,3,Pack,231,228,228,0,684
2025-09-15,3,Pick,235,175,175,0,0
2025-09-16,1,Dispatch,261,120,120,0,120
2025-09-16,1,Pack,191,171,171,0,171
2025-09-16,1,Pick,258,180,226,46,30
2025-09-16,2,Dispatch,256,184,184,0,184
2025-09-16,2,Pack,201,201,204,3,261
2025-09-16,2,Pick,210,134,245,111,6
2025-09-16,3,Dispatch,215,215,228,13,215
2025-09-16,3,Pack,222,175,175,0,175
2025-09-16,3,Pick,210,119,119,0,0
2025-09-17,1,Dispatch,218,171,171,0,171
2025-09-17,1,Pack,238,180,180,0,180
2025-09-17,1,Pick,248,150,226,76,0
2025-09-17,2,Dispatch,211,201,201,0,201
2025-09-17,2,Pack,203,137,137,0,140
2025-09-17,2,Pick,231,143,275,132,0
2025-09-17,3,Dispatch,224,188,188,0,201
2025-09-17,3,Pack,202,119,119,0,119
2025-09-17,3,Pick,247,148,148,0,0
2025-09-18,1,Dispatch,248,180,180,0,180
2025-09-18,1,Pack,211,150,150,0,150
2025-09-18,1,Pick,249,181,257,76,0
2025-09-18,2,Dispatch,246,137,137,0,137
2025-09-18,2,Pack,219,143,143,0,143
2025-09-18,2,Pick,238,148,287,139,5
2025-09-18,3,Dispatch,228,119,119,0,119
2025-09-18,3,Pack,201,148,148,0,148
2025-09-18,3,Pick,226,213,213,0,0
2025-09-19,1,Dispatch,253,150,150,0,150
2025-09-19,1,Pack,240,181,181,0,181
2025-09-19,1,Pick,250,238,324,86,0
2025-09-19,2,Dispatch,235,143,143,0,143
2025-09-19,2,Pack,236,148,148,0,148
2025-09-19,2,Pick,209,171,310,139,0
2025-09-19,3,Dispatch,262,148,148,0,148
2025-09-19,3,Pack,206,206,213,7,206
2025-09-19,3,Pick,206,174,174,0,0
2025-09-22,1,Dispatch,257,181,181,0,543
2025-09-22,1,Pack,226,226,238,12,678
2025-09-22,1,Pick,226,130,216,86,0
2025-09-22,2,Dispatch,211,148,148,0,444
2025-09-22,2,Pack,238,171,171,0,513
2025-09-22,2,Pick,213,213,331,118,346
2025-09-22,3,Dispatch,253,206,206,0,618
2025-09-22,3,Pack,209,181,181,0,550
2025-09-22,3,Pick,238,172,172,0,0
2025-09-23,1,Dispatch,217,217,226,9,217
2025-09-23,1,Pack,190,142,142,0,178
2025-09-23,1,Pick,266,193,279,86,0
2025-09-23,2,Dispatch,209,171,171,0,171
2025-09-23,2,Pack,212,212,213,1,212
2025-09-23,2,Pick,249,244,256,12,875
2025-09-23,3,Dispatch,215,181,181,0,181
2025-09-23,3,Pack,236,172,172,0,172
2025-09-23,3,Pick,228,204,204,0,0
2025-09-24,1,Dispatch,234,151,151,0,160
2025-09-24,1,Pack,197,193,193,0,193
2025-09-24,1,Pick,252,181,267,86,0
2025-09-24,2,Dispatch,244,212,212,0,212
2025-09-24,2,Pack,209,209,245,36,210
2025-09-24,2,Pick,217,203,233,30,0
2025-09-24,3,Dispatch,261,172,172,0,172
2025-09-24,3,Pack,216,204,204,0,204
2025-09-24,3,Pick,249,166,170,4,0
2025-09-25,1,Dispatch,221,193,193,0,193
2025-09-25,1,Pack,212,181,181,0,181
2025-09-25,1,Pick,260,144,250,106,0
2025-09-25,2,Dispatch,254,209,209,0,209
2025-09-25,2,Pack,185,185,239,54,221
2025-09-25,2,Pick,212,137,172,35,0
2025-09-25,3,Dispatch,238,204,204,0,204
2025-09-25,3,Pack,241,166,166,0,166
2025-09-25,3,Pick,250,176,207,31,0
2025-09-26,1,Dispatch,241,181,181,0,181
2025-09-26,1,Pack,216,144,144,0,144
2025-09-26,1,Pick,256,204,297,93,90
2025-09-26,2,Dispatch,238,185,185,0,185
2025-09-26,2,Pack,184,184,191,7,238
2025-09-26,2,Pick,260,158,208,50,0
2025-09-26,3,Dispatch,245,166,166,0,166
2025-09-26,3,Pack,194,176,176,0,176
2025-09-26,3,Pick,218,136,136,0,35
2025-09-29,1,Dispatch,252,144,144,0,432
2025-09-29,1,Pack,228,204,204,0,612
2025-09-29,1,Pick,234,234,279,45,1031
2025-09-29,2,Dispatch,223,184,184,0,552
2025-09-29,2,Pack,209,165,165,0,502
2025-09-29,2,Pick,265,185,223,38,132
2025-09-29,3,Dispatch,223,176,176,0,528
2025-09-29,3,Pack,201,136,136,0,408
2025-09-29,3,Pick,242,145,145,0,0
2025-09-30,1,Dispatch,223,204,204,0,204
2025-09-30,1,Pack,202,202,234,32,202
2025-09-30,1,Pick,232,143,205,62,16
2025-09-30,2,Dispatch,207,165,165,0,165
2025-09-30,2,Pack,226,185,185,0,185
2025-09-30,2,Pick,240,203,256,53,0
2025-09-30,3,Dispatch,223,136,136,0,136
2025-09-30,3,Pack,233,145,145,0,145
2025-09-30,3,Pick,251,201,201,0,0
2025-10-01,1,Dispatch,256,202,202,0,202
2025-10-01,1,Pack,196,175,175,0,207
2025-10-01,1,Pick,208,208,369,161,0
2025-10-01,2,Dispatch,200,185,185,0,185
2025-10-01,2,Pack,135,135,203,68,135
2025-10-01,2,Pick,265,197,250,53,0
2025-10-01,3,Dispatch,259,145,145,0,145
2025-10-01,3,Pack,198,198,201,3,198
2025-10-01,3,Pick,215,149,149,0,0
2025-10-02,1,Dispatch,212,175,175,0,175
2025-10-02,1,Pack,224,208,208,0,208
2025-10-02,1,Pick,240,224,328,104,79
2025-10-02,2,Dispatch,256,135,135,0,135
2025-10-02,2,Pack,135,135,265,130,203
2025-10-02,2,Pick,256,194,261,67,0
2025-10-02,3,Dispatch,254,198,198,0,198
2025-10-02,3,Pack,201,152,152,0,155
2025-10-02,3,Pick,235,168,173,5,0
2025-10-03,1,Dispatch,215,208,208,0,208
2025-10-03,1,Pack,225,224,224,0,224
2025-10-03,1,Pick,216,176,283,107,0
2025-10-03,2,Dispatch,263,135,135,0,135
2025-10-03,2,Pack,135,135,324,189,265
2025-10-03,2,Pick,260,172,280,108,0
2025-10-03,3,Dispatch,209,152,152,0,152
2025-10-03,3,Pack,189,168,168,0,168
2025-10-03,3,Pick,263,249,277,28,0
2025-10-06,1,Dispatch,223,223,224,1,669
2025-10-06,1,Pack,214,176,176,0,528
2025-10-06,1,Pick,247,247,333,86,552
2025-10-06,2,Dispatch,229,135,135,0,405
2025-10-06,2,Pack,135,135,361,226,540
2025-10-06,2,Pick,218,143,276,133,87
2025-10-06,3,Dispatch,224,168,168,0,504
2025-10-06,3,Pack,207,207,249,42,621
2025-10-06,3,Pick,214,214,288,74,89
2025-10-07,1,Dispatch,227,177,177,0,180
2025-10-07,1,Pack,193,193,247,54,193
2025-10-07,1,Pick,260,260,331,71,54
2025-10-07,2,Dispatch,235,135,135,0,135
2025-10-07,2,Pack,135,135,369,234,594
2025-10-07,2,Pick,205,205,366,161,0
2025-10-07,3,Dispatch,237,207,207,0,207
2025-10-07,3,Pack,193,193,256,63,319
2025-10-07,3,Pick,264,207,246,39,52
2025-10-08,1,Dispatch,256,193,193,0,193
2025-10-08,1,Pack,191,191,314,123,245
2025-10-08,1,Pick,254,254,286,32,173
2025-10-08,2,Dispatch,211,135,135,0,135
2025-10-08,2,Pack,135,135,439,304,543
2025-10-08,2,Pick,228,180,363,183,8
2025-10-08,3,Dispatch,201,193,193,0,193
2025-10-08,3,Pack,237,237,270,33,300
2025-10-08,3,Pick,242,179,224,45,0
2025-10-09,1,Dispatch,259,191,191,0,191
2025-10-09,1,Pack,197,197,377,180,320
2025-10-09,1,Pick,214,214,253,39,32
2025-10-09,2,Dispatch,206,135,135,0,135
2025-10-09,2,Pack,135,135,484,349,369
2025-10-09,2,Pick,213,213,429,216,0
2025-10-09,3,Dispatch,242,237,237,0,237
2025-10-09,3,Pack,217,212,212,0,245
2025-10-09,3,Pick,248,224,283,59,0
2025-10-10,1,Dispatch,213,197,197,0,197
2025-10-10,1,Pack,190,190,394,204,370
2025-10-10,1,Pick,251,222,257,35,25
2025-10-10,2,Dispatch,253,135,135,0,135
2025-10-10,2,Pack,135,135,562,427,405
2025-10-10,2,Pick,212,159,369,210,11
2025-10-10,3,Dispatch,215,212,212,0,212
2025-10-10,3,Pack,230,224,224,0,224
2025-10-10,3,Pick,259,252,311,59,0
2025-10-13,1,Dispatch,233,190,190,0,570
2025-10-13,1,Pack,207,207,426,219,825
2025-10-13,1,Pick,229,194,242,48,0
2025-10-13,2,Dispatch,206,135,135,0,405
2025-10-13,2,Pack,135,135,586,451,709
2025-10-13,2,Pick,247,247,481,234,103
2025-10-13,3,Dispatch,226,224,224,0,672
2025-10-13,3,Pack,191,191,252,61,573
2025-10-13,3,Pick,225,194,291,97,30
2025-10-14,1,Dispatch,205,205,207,2,205
2025-10-14,1,Pack,240,240,413,173,897
2025-10-14,1,Pick,241,200,248,48,0
2025-10-14,2,Dispatch,239,135,135,0,135
2025-10-14,2,Pack,135,135,698,563,754
2025-10-14,2,Pick,256,256,466,210,42
2025-10-14,3,Dispatch,234,191,191,0,191
2025-10-14,3,Pack,197,197,255,58,380
2025-10-14,3,Pick,214,214,343,129,0
2025-10-15,1,Dispatch,207,207,242,35,209
2025-10-15,1,Pack,239,239,373,134,412
2025-10-15,1,Pick,252,239,289,50,0
2025-10-15,2,Dispatch,243,135,135,0,135
2025-10-15,2,Pack,135,135,819,684,810
2025-10-15,2,Pick,216,145,369,224,14
2025-10-15,3,Dispatch,229,197,197,0,197
2025-10-15,3,Pack,220,220,272,52,278
2025-10-15,3,Pick,219,159,294,135,6
2025-10-16,1,Dispatch,229,229,274,45,264
2025-10-16,1,Pack,226,226,373,147,360
2025-10-16,1,Pick,229,229,311,82,2
2025-10-16,2,Dispatch,234,135,135,0,135
2025-10-16,2,Pack,135,135,829,694,832
2025-10-16,2,Pick,251,251,422,171,1650
2025-10-16,3,Dispatch,217,217,220,3,217
2025-10-16,3,Pack,240,211,211,0,263
2025-10-16,3,Pick,238,200,378,178,0
2025-10-17,1,Dispatch,247,247,271,24,292
2025-10-17,1,Pack,236,236,376,140,383
2025-10-17,1,Pick,246,246,329,83,14
2025-10-17,2,Dispatch,232,135,135,0,135
2025-10-17,2,Pack,135,135,945,810,678
2025-10-17,2,Pick,244,244,384,140,66
2025-10-17,3,Dispatch,256,214,214,0,217
2025-10-17,3,Pack,192,192,200,8,192
2025-10-17,3,Pick,250,207,365,158,40
2025-10-20,1,Dispatch,233,233,260,27,723
2025-10-20,1,Pack,206,206,386,180,758
2025-10-20,1,Pick,206,175,256,81,6
2025-10-20,2,Dispatch,229,135,135,0,405
2025-10-20,2,Pack,135,135,1054,919,945
2025-10-20,2,Pick,233,233,363,130,1291
2025-10-20,3,Dispatch,205,192,192,0,576
2025-10-20,3,Pack,230,215,215,0,653
2025-10-20,3,Pick,217,217,354,137,1160
2025-10-21,1,Dispatch,210,210,233,23,291
2025-10-21,1,Pack,240,240,355,115,780
2025-10-21,1,Pick,220,162,272,110,0
2025-10-21,2,Dispatch,237,135,135,0,135
2025-10-21,2,Pack,135,135,1152,1017,968
2025-10-21,2,Pick,261,261,340,79,130
2025-10-21,3,Dispatch,225,215,215,0,215
2025-10-21,3,Pack,227,217,217,0,217
2025-10-21,3,Pick,231,231,333,102,82
2025-10-22,1,Dispatch,259,259,263,4,282
2025-10-22,1,Pack,213,213,277,64,328
2025-10-22,1,Pick,208,203,352,149,0
2025-10-22,2,Dispatch,261,135,135,0,135
2025-10-22,2,Pack,135,135,1278,1143,1080
2025-10-22,2,Pick,257,257,270,13,79
2025-10-22,3,Dispatch,207,207,217,10,207
2025-10-22,3,Pack,215,215,231,16,215
2025-10-22,3,Pick,231,226,306,80,47
2025-10-23,1,Dispatch,200,200,217,17,204
2025-10-23,1,Pack,199,199,267,68,263
2025-10-23,1,Pick,252,205,377,172,66
2025-10-23,2,Dispatch,239,135,135,0,135
2025-10-23,2,Pack,135,135,1400,1265,1089
2025-10-23,2,Pick,243,228,228,0,13
2025-10-23,3,Dispatch,220,220,225,5,230
2025-10-23,3,Pack,200,200,242,42,216
2025-10-23,3,Pick,231,186,284,98,0
2025-10-24,1,Dispatch,242,216,216,0,233
2025-10-24,1,Pack,216,216,273,57,284
2025-10-24,1,Pick,216,216,379,163,370
2025-10-24,2,Dispatch,248,135,135,0,135
2025-10-24,2,Pack,135,135,1493,1358,1099
2025-10-24,2,Pick,245,245,263,18,0
2025-10-24,3,Dispatch,246,205,205,0,210
2025-10-24,3,Pack,199,199,228,29,241
2025-10-24,3,Pick,266,188,291,103,0
2025-10-27,1,Dispatch,241,216,216,0,648
2025-10-27,1,Pack,191,191,273,82,630
2025-10-27,1,Pick,249,249,441,192,282
2025-10-27,2,Dispatch,219,135,135,0,405
2025-10-27,2,Pack,135,135,1603,1468,1485
2025-10-27,2,Pick,246,188,189,1,54
2025-10-27,3,Dispatch,244,199,199,0,597
2025-10-27,3,Pack,226,217,217,0,680
2025-10-27,3,Pick,257,182,244,62,491
2025-10-28,1,Dispatch,224,191,191,0,191
2025-10-28,1,Pack,234,234,331,97,480
2025-10-28,1,Pick,263,263,408,145,62
2025-10-28,2,Dispatch,261,135,135,0,135
2025-10-28,2,Pack,135,135,1656,1521,1485
2025-10-28,2,Pick,257,177,196,19,0
2025-10-28,3,Dispatch,217,217,217,0,217
2025-10-28,3,Pack,217,182,182,0,182
2025-10-28,3,Pick,249,220,291,71,0
2025-10-29,1,Dispatch,246,234,234,0,234
2025-10-29,1,Pack,238,238,360,122,335
2025-10-29,1,Pick,209,198,328,130,15
2025-10-29,2,Dispatch,205,135,135,0,135
2025-10-29,2,Pack,135,135,1698,1563,1542
2025-10-29,2,Pick,216,216,237,21,0
2025-10-29,3,Dispatch,245,182,182,0,182
2025-10-29,3,Pack,191,191,220,29,191
2025-10-29,3,Pick,256,131,251,120,0
2025-10-30,1,Dispatch,200,200,238,38,200
2025-10-30,1,Pack,233,233,320,87,355
2025-10-30,1,Pick,212,154,284,130,0
2025-10-30,2,Dispatch,206,135,135,0,135
2025-10-30,2,Pack,135,135,1779,1644,1350
2025-10-30,2,Pick,217,217,237,20,41
2025-10-30,3,Dispatch,240,191,191,0,191
2025-10-30,3,Pack,189,160,160,0,189
2025-10-30,3,Pick,214,214,352,138,0
2025-10-31,1,Dispatch,243,243,271,28,281
2025-10-31,1,Pack,223,223,241,18,310
2025-10-31,1,Pick,247,183,321,138,0
2025-10-31,2,Dispatch,237,135,135,0,135
2025-10-31,2,Pack,135,135,1861,1726,1422
2025-10-31,2,Pick,268,220,253,33,20
2025-10-31,3,Dispatch,250,160,160,0,160
2025-10-31,3,Pack,222,214,214,0,214
2025-10-31,3,Pick,224,155,297,142,12
2025-11-03,1,Dispatch,253,251,251,0,781
2025-11-03,1,Pack,226,201,201,0,621
2025-11-03,1,Pick,267,201,284,83,1107
2025-11-03,2,Dispatch,225,135,135,0,405
2025-11-03,2,Pack,135,135,1946,1811,1755
2025-11-03,2,Pick,259,247,293,46,0
2025-11-03,3,Dispatch,209,209,214,5,627
2025-11-03,3,Pack,213,155,155,0,465
2025-11-03,3,Pick,260,260,414,154,309
2025-11-04,1,Dispatch,207,201,201,0,201
2025-11-04,1,Pack,213,201,201,0,201
2025-11-04,1,Pick,224,224,372,148,0
2025-11-04,2,Dispatch,220,135,135,0,135
2025-11-04,2,Pack,135,135,2058,1923,1818
2025-11-04,2,Pick,252,242,294,52,0
2025-11-04,3,Dispatch,226,160,160,0,175
2025-11-04,3,Pack,216,216,260,44,216
2025-11-04,3,Pick,258,214,339,125,36
2025-11-05,1,Dispatch,214,201,201,0,201
2025-11-05,1,Pack,215,215,224,9,215
2025-11-05,1,Pick,266,266,398,132,26
2025-11-05,2,Dispatch,209,135,135,0,135
2025-11-05,2,Pack,135,135,2165,2030,1890
2025-11-05,2,Pick,254,178,246,68,0
2025-11-05,3,Dispatch,262,216,216,0,216
2025-11-05,3,Pack,234,234,258,24,278
2025-11-05,3,Pick,221,121,332,211,0
2025-11-06,1,Dispatch,260,215,215,0,215
2025-11-06,1,Pack,214,214,275,61,223
2025-11-06,1,Pick,210,188,327,139,10
2025-11-06,2,Dispatch,205,135,135,0,135
2025-11-06,2,Pack,135,135,2208,2073,1940
2025-11-06,2,Pick,247,194,272,78,6
2025-11-06,3,Dispatch,241,234,234,0,234
2025-11-06,3,Pack,201,145,145,0,169
2025-11-06,3,Pick,268,237,505,268,0
2025-11-07,1,Dispatch,223,214,214,0,214
2025-11-07,1,Pack,224,224,249,25,285
2025-11-07,1,Pick,219,217,378,161,0
2025-11-07,2,Dispatch,210,135,135,0,135
2025-11-07,2,Pack,135,135,2267,2132,2025
2025-11-07,2,Pick,224,176,288,112,0
2025-11-07,3,Dispatch,230,145,145,0,145
2025-11-07,3,Pack,240,237,237,0,237
2025-11-07,3,Pick,221,180,492,312,0
2025-11-10,1,Dispatch,209,209,224,15,627
2025-11-10,1,Pack,234,234,242,8,727
2025-11-10,1,Pick,209,187,348,161,0
2025-11-10,2,Dispatch,218,135,135,0,405
2025-11-10,2,Pack,135,135,2308,2173,2303
2025-11-10,2,Pick,215,201,309,108,52
2025-11-10,3,Dispatch,232,232,237,5,696
2025-11-10,3,Pack,226,180,180,0,540
2025-11-10,3,Pick,223,223,484,261,924
2025-11-11,1,Dispatch,204,204,249,45,249
2025-11-11,1,Pack,208,195,195,0,219
2025-11-11,1,Pick,221,212,393,181,0
2025-11-11,2,Dispatch,243,135,135,0,135
2025-11-11,2,Pack,135,135,2374,2239,2379
2025-11-11,2,Pick,220,211,329,118,0
2025-11-11,3,Dispatch,217,185,185,0,200
2025-11-11,3,Pack,229,223,223,0,223
2025-11-11,3,Pick,252,252,496,244,87
2025-11-12,1,Dispatch,263,240,240,0,285
2025-11-12,1,Pack,203,203,212,9,203
2025-11-12,1,Pick,222,202,388,186,0
2025-11-12,2,Dispatch,224,135,135,0,135
2025-11-12,2,Pack,135,135,2450,2315,2160
2025-11-12,2,Pick,204,204,338,134,110
2025-11-12,3,Dispatch,205,205,223,18,205
2025-11-12,3,Pack,240,240,252,12,240
2025-11-12,3,Pick,263,246,439,193,70
2025-11-13,1,Dispatch,228,203,203,0,203
2025-11-13,1,Pack,186,186,211,25,195
2025-11-13,1,Pick,222,133,350,217,0
2025-11-13,2,Dispatch,202,135,135,0,135
2025-11-13,2,Pack,135,135,2519,2384,2196
2025-11-13,2,Pick,224,224,327,103,839
2025-11-13,3,Dispatch,261,258,258,0,276
2025-11-13,3,Pack,232,232,258,26,244
2025-11-13,3,Pick,248,241,505,264,0
2025-11-14,1,Dispatch,261,186,186,0,186
2025-11-14,1,Pack,204,158,158,0,183
2025-11-14,1,Pick,240,240,495,255,0
2025-11-14,2,Dispatch,226,135,135,0,135
2025-11-14,2,Pack,135,135,2608,2473,2238
2025-11-14,2,Pick,245,245,352,107,41
2025-11-14,3,Dispatch,230,230,232,2,230
2025-11-14,3,Pack,212,212,267,55,238
2025-11-14,3,Pick,262,262,500,238,1673
2025-11-17,1,Dispatch,235,158,158,0,474
2025-11-17,1,Pack,221,221,240,19,663
2025-11-17,1,Pick,231,208,484,276,21
2025-11-17,2,Dispatch,218,135,135,0,405
2025-11-17,2,Pack,135,135,2718,2583,2565
2025-11-17,2,Pick,251,251,299,48,334
2025-11-17,3,Dispatch,222,214,214,0,644
2025-11-17,3,Pack,214,214,317,103,697
2025-11-17,3,Pick,225,225,443,218,251
2025-11-18,1,Dispatch,246,221,221,0,221
2025-11-18,1,Pack,199,199,227,28,256
2025-11-18,1,Pick,214,214,561,347,122
2025-11-18,2,Dispatch,227,135,135,0,135
2025-11-18,2,Pack,135,135,2834,2699,2589
2025-11-18,2,Pick,243,243,300,57,17
2025-11-18,3,Dispatch,259,214,214,0,214
2025-11-18,3,Pack,183,183,328,145,492
2025-11-18,3,Pick,205,205,419,214,37
2025-11-19,1,Dispatch,250,199,199,0,199
2025-11-19,1,Pack,205,205,242,37,233
2025-11-19,1,Pick,253,253,546,293,2895
2025-11-19,2,Dispatch,230,135,135,0,135
2025-11-19,2,Pack,135,135,2942,2807,2671
2025-11-19,2,Pick,207,207,333,126,26
2025-11-19,3,Dispatch,205,183,183,0,183
2025-11-19,3,Pack,227,227,350,123,372
2025-11-19,3,Pick,212,212,470,258,1088
2025-11-20,1,Dispatch,257,205,205,0,205
2025-11-20,1,Pack,199,199,290,91,236
2025-11-20,1,Pick,226,226,493,267,236
2025-11-20,2,Dispatch,222,135,135,0,135
2025-11-20,2,Pack,135,135,3014,2879,2700
2025-11-20,2,Pick,226,226,380,154,76
2025-11-20,3,Dispatch,221,221,227,6,221
2025-11-20,3,Pack,204,204,335,131,327
2025-11-20,3,Pick,237,237,513,276,135
2025-11-21,1,Dispatch,244,199,199,0,199
2025-11-21,1,Pack,233,233,317,84,324
2025-11-21,1,Pick,263,263,465,202,141
2025-11-21,2,Dispatch,247,135,135,0,135
2025-11-21,2,Pack,135,135,3105,2970,2598
2025-11-21,2,Pick,223,223,359,136,94
2025-11-21,3,Dispatch,258,210,210,0,216
2025-11-21,3,Pack,206,206,368,162,337
2025-11-21,3,Pick,214,214,541,327,108
2025-11-24,1,Dispatch,257,233,233,0,699
2025-11-24,1,Pack,210,210,347,137,714
2025-11-24,1,Pick,237,237,355,118,452
2025-11-24,2,Dispatch,205,135,135,0,405
2025-11-24,2,Pack,135,135,3193,3058,2835
2025-11-24,2,Pick,242,242,379,137,203
2025-11-24,3,Dispatch,203,203,206,3,609
2025-11-24,3,Pack,224,224,376,152,834
2025-11-24,3,Pick,220,220,544,324,333
2025-11-25,1,Dispatch,220,210,210,0,210
2025-11-25,1,Pack,226,226,374,148,637
2025-11-25,1,Pick,259,206,325,119,16
2025-11-25,2,Dispatch,225,135,135,0,135
2025-11-25,2,Pack,135,135,3300,3165,2868
2025-11-25,2,Pick,256,172,312,140,29
2025-11-25,3,Dispatch,229,227,227,0,236
2025-11-25,3,Pack,196,196,372,176,652
2025-11-25,3,Pick,240,200,512,312,55
2025-11-26,1,Dispatch,220,220,226,6,220
2025-11-26,1,Pack,188,188,354,166,336
2025-11-26,1,Pick,205,205,369,164,1276
2025-11-26,2,Dispatch,207,135,135,0,135
2025-11-26,2,Pack,135,135,3337,3202,2970
2025-11-26,2,Pick,252,252,324,72,435
2025-11-26,3,Dispatch,232,196,196,0,196
2025-11-26,3,Pack,223,223,376,153,399
2025-11-26,3,Pick,263,135,512,377,0
2025-11-27,1,Dispatch,209,194,194,0,200
2025-11-27,1,Pack,217,217,371,154,383
2025-11-27,1,Pick,224,224,389,165,136
2025-11-27,2,Dispatch,239,135,135,0,135
2025-11-27,2,Pack,135,135,3454,3319,2975
2025-11-27,2,Pick,268,219,279,60,23
2025-11-27,3,Dispatch,261,223,223,0,223
2025-11-27,3,Pack,214,214,288,74,367
2025-11-27,3,Pick,258,234,577,343,209
2025-11-28,1,Dispatch,210,210,217,7,210
2025-11-28,1,Pack,203,203,378,175,357
2025-11-28,1,Pick,242,242,334,92,122
2025-11-28,2,Dispatch,233,135,135,0,135
2025-11-28,2,Pack,135,135,3538,3403,3018
2025-11-28,2,Pick,249,215,304,89,0
2025-11-28,3,Dispatch,249,214,214,0,214
2025-11-28,3,Pack,204,204,308,104,278
2025-11-28,3,Pick,238,203,651,448,0
2025-12-01,1,Dispatch,214,210,210,0,637
2025-12-01,1,Pack,194,194,417,223,757
2025-12-01,1,Pick,221,221,268,47,206
2025-12-01,2,Dispatch,204,135,135,0,405
2025-12-01,2,Pack,135,135,3618,3483,3347
2025-12-01,2,Pick,211,163,289,126,0
2025-12-01,3,Dispatch,232,204,204,0,612
2025-12-01,3,Pack,226,226,307,81,782
2025-12-01,3,Pick,211,211,626,415,562
2025-12-02,1,Dispatch,257,194,194,0,194
2025-12-02,1,Pack,237,237,444,207,906
2025-12-02,1,Pick,236,146,216,70,3
2025-12-02,2,Dispatch,235,135,135,0,135
2025-12-02,2,Pack,135,135,3646,3511,3375
2025-12-02,2,Pick,206,171,322,151,0
2025-12-02,3,Dispatch,227,226,226,0,226
2025-12-02,3,Pack,239,239,292,53,482
2025-12-02,3,Pick,240,201,599,398,45
2025-12-03,1,Dispatch,211,211,237,26,211
2025-12-03,1,Pack,200,200,353,153,400
2025-12-03,1,Pick,252,131,221,90,0
2025-12-03,2,Dispatch,237,135,135,0,135
2025-12-03,2,Pack,135,135,3682,3547,3144
2025-12-03,2,Pick,265,133,325,192,0
2025-12-03,3,Dispatch,234,234,239,5,234
2025-12-03,3,Pack,184,184,254,70,237
2025-12-03,3,Pick,215,167,575,408,9
2025-12-04,1,Dispatch,217,217,226,9,243
2025-12-04,1,Pack,234,234,284,50,394
2025-12-04,1,Pick,260,200,296,96,0
2025-12-04,2,Dispatch,214,135,135,0,135
2025-12-04,2,Pack,135,135,3680,3545,3184
2025-12-04,2,Pick,249,161,353,192,0
2025-12-04,3,Dispatch,262,189,189,0,194
2025-12-04,3,Pack,185,185,237,52,255
2025-12-04,3,Pick,205,156,588,432,0
2025-12-05,1,Dispatch,260,243,243,0,252
2025-12-05,1,Pack,223,223,250,27,273
2025-12-05,1,Pick,247,124,296,172,0
2025-12-05,2,Dispatch,263,135,135,0,135
2025-12-05,2,Pack,135,135,3706,3571,3240
2025-12-05,2,Pick,251,251,383,132,915
2025-12-05,3,Dispatch,245,185,185,0,185
2025-12-05,3,Pack,215,208,208,0,260
2025-12-05,3,Pick,223,98,570,472,0
2025-12-08,1,Dispatch,244,223,223,0,669
2025-12-08,1,Pack,209,151,151,0,480
2025-12-08,1,Pick,254,194,341,147,231
2025-12-08,2,Dispatch,242,135,135,0,405
2025-12-08,2,Pack,135,135,3822,3687,3530
2025-12-08,2,Pick,234,234,366,132,789
2025-12-08,3,Dispatch,254,208,208,0,624
2025-12-08,3,Pack,215,98,98,0,294
2025-12-08,3,Pick,219,219,665,446,3905
2025-12-09,1,Dispatch,213,151,151,0,151
2025-12-09,1,Pack,188,188,194,6,188
2025-12-09,1,Pick,221,204,370,166,0
2025-12-09,2,Dispatch,212,135,135,0,135
2025-12-09,2,Pack,135,135,3921,3786,3599
2025-12-09,2,Pick,227,227,305,78,132
2025-12-09,3,Dispatch,226,98,98,0,98
2025-12-09,3,Pack,228,219,219,0,219
2025-12-09,3,Pick,228,228,616,388,233
2025-12-10,1,Dispatch,241,188,188,0,188
2025-12-10,1,Pack,224,210,210,0,216
2025-12-10,1,Pick,220,131,338,207,0
2025-12-10,2,Dispatch,259,135,135,0,135
2025-12-10,2,Pack,135,135,4013,3878,3645
2025-12-10,2,Pick,235,235,297,62,76
2025-12-10,3,Dispatch,238,219,219,0,219
2025-12-10,3,Pack,202,202,228,26,202
2025-12-10,3,Pick,242,242,568,326,117
2025-12-11,1,Dispatch,258,210,210,0,210
2025-12-11,1,Pack,223,131,131,0,131
2025-12-11,1,Pick,234,234,380,146,361
2025-12-11,2,Dispatch,203,135,135,0,135
2025-12-11,2,Pack,135,135,4113,3978,3688
2025-12-11,2,Pick,252,212,224,12,50
2025-12-11,3,Dispatch,231,202,202,0,202
2025-12-11,3,Pack,218,218,268,50,244
2025-12-11,3,Pick,207,207,460,253,2284
2025-12-12,1,Dispatch,211,131,131,0,131
2025-12-12,1,Pack,219,219,234,15,219
2025-12-12,1,Pick,233,177,349,172,11
2025-12-12,2,Dispatch,204,135,135,0,135
2025-12-12,2,Pack,135,135,4190,4055,3780
2025-12-12,2,Pick,231,197,230,33,0
2025-12-12,3,Dispatch,216,216,218,2,216
2025-12-12,3,Pack,208,208,257,49,258
2025-12-12,3,Pick,251,251,420,169,130
2025-12-15,1,Dispatch,227,219,219,0,657
2025-12-15,1,Pack,224,192,192,0,591
2025-12-15,1,Pick,261,175,348,173,0
2025-12-15,2,Dispatch,246,135,135,0,405
2025-12-15,2,Pack,135,135,4252,4117,3834
2025-12-15,2,Pick,252,237,247,10,125
2025-12-15,3,Dispatch,220,210,210,0,632
2025-12-15,3,Pack,199,199,300,101,646
2025-12-15,3,Pick,206,139,336,197,6
2025-12-16,1,Dispatch,219,192,192,0,192
2025-12-16,1,Pack,197,175,175,0,175
2025-12-16,1,Pick,241,136,319,183,0
2025-12-16,2,Dispatch,205,135,135,0,135
2025-12-16,2,Pack,135,135,4354,4219,3914
2025-12-16,2,Pick,255,182,209,27,0
2025-12-16,3,Dispatch,238,199,199,0,199
2025-12-16,3,Pack,234,234,240,6,537
2025-12-16,3,Pick,228,136,361,225,0
2025-12-17,1,Dispatch,217,175,175,0,175
2025-12-17,1,Pack,203,136,136,0,136
2025-12-17,1,Pick,218,187,388,201,2
2025-12-17,2,Dispatch,215,135,135,0,135
2025-12-17,2,Pack,135,135,4401,4266,3915
2025-12-17,2,Pick,268,158,258,100,0
2025-12-17,3,Dispatch,207,207,234,27,207
2025-12-17,3,Pack,240,142,142,0,148
2025-12-17,3,Pick,262,178,420,242,10
2025-12-18,1,Dispatch,205,136,136,0,136
2025-12-18,1,Pack,185,185,187,2,185
2025-12-18,1,Pick,259,226,427,201,0
2025-12-18,2,Dispatch,227,135,135,0,135
2025-12-18,2,Pack,135,135,4424,4289,4022
2025-12-18,2,Pick,256,85,223,138,0
2025-12-18,3,Dispatch,236,169,169,0,196
2025-12-18,3,Pack,225,178,178,0,178
2025-12-18,3,Pick,228,177,434,257,0
2025-12-19,1,Dispatch,252,185,185,0,185
2025-12-19,1,Pack,193,193,228,35,195
2025-12-19,1,Pick,255,195,419,224,0
2025-12-19,2,Dispatch,237,135,135,0,135
2025-12-19,2,Pack,135,135,4374,4239,4050
2025-12-19,2,Pick,243,210,348,138,0
2025-12-19,3,Dispatch,211,178,178,0,178
2025-12-19,3,Pack,200,177,177,0,177
2025-12-19,3,Pick,215,181,374,193,792
2025-12-22,1,Dispatch,208,193,193,0,579
2025-12-22,1,Pack,229,229,230,1,722
2025-12-22,1,Pick,243,154,411,257,0
2025-12-22,2,Dispatch,238,135,135,0,405
2025-12-22,2,Pack,135,135,4449,4314,4364
2025-12-22,2,Pick,212,148,297,149,0
2025-12-22,3,Dispatch,214,177,177,0,531
2025-12-22,3,Pack,204,181,181,0,543
2025-12-22,3,Pick,266,266,398,132,2083
2025-12-23,1,Dispatch,258,229,229,0,229
2025-12-23,1,Pack,190,155,155,0,158
2025-12-23,1,Pick,242,121,385,264,0
2025-12-23,2,Dispatch,226,135,135,0,135
2025-12-23,2,Pack,135,135,4462,4327,4455
2025-12-23,2,Pick,229,124,290,166,0
2025-12-23,3,Dispatch,224,181,181,0,181
2025-12-23,3,Pack,230,230,266,36,230
2025-12-23,3,Pick,223,223,328,105,97
2025-12-24,1,Dispatch,256,155,155,0,155
2025-12-24,1,Pack,193,121,121,0,121
2025-12-24,1,Pick,237,237,463,226,1952
2025-12-24,2,Dispatch,231,135,135,0,135
2025-12-24,2,Pack,135,135,4451,4316,4455
2025-12-24,2,Pick,221,131,321,190,0
2025-12-24,3,Dispatch,220,220,230,10,220
2025-12-24,3,Pack,218,218,259,41,254
2025-12-24,3,Pick,205,205,314,109,63
2025-12-25,1,Dispatch,220,121,121,0,121
2025-12-25,1,Pack,219,219,237,18,219
2025-12-25,1,Pick,241,208,408,200,40
2025-12-25,2,Dispatch,203,135,135,0,135
2025-12-25,2,Pack,135,135,4447,4312,4449
2025-12-25,2,Pick,257,104,310,206,0
2025-12-25,3,Dispatch,221,221,228,7,231
2025-12-25,3,Pack,212,212,246,34,253
2025-12-25,3,Pick,247,245,301,56,53
2025-12-26,1,Dispatch,241,219,219,0,219
2025-12-26,1,Pack,224,224,226,2,242
2025-12-26,1,Pick,222,195,412,217,0
2025-12-26,2,Dispatch,247,135,135,0,135
2025-12-26,2,Pack,135,135,4416,4281,4320
2025-12-26,2,Pick,229,229,357,128,695
2025-12-26,3,Dispatch,262,219,219,0,226
2025-12-26,3,Pack,203,203,279,76,237
2025-12-26,3,Pick,223,208,278,70,0
2025-12-29,1,Dispatch,260,224,224,0,672
2025-12-29,1,Pack,184,184,197,13,554
2025-12-29,1,Pick,246,193,431,238,0
2025-12-29,2,Dispatch,250,135,135,0,405
2025-12-29,2,Pack,135,135,4510,4375,4650
2025-12-29,2,Pick,218,218,340,122,597
2025-12-29,3,Dispatch,208,203,203,0,609
2025-12-29,3,Pack,219,219,284,65,733
2025-12-29,3,Pick,267,133,210,77,0
2025-12-30,1,Dispatch,217,184,184,0,184
2025-12-30,1,Pack,193,193,206,13,232
2025-12-30,1,Pick,238,216,450,234,4
2025-12-30,2,Dispatch,240,135,135,0,135
2025-12-30,2,Pack,135,135,4593,4458,4687
2025-12-30,2,Pick,206,206,316,110,68
2025-12-30,3,Dispatch,203,203,219,16,203
2025-12-30,3,Pack,231,198,198,0,393
2025-12-30,3,Pick,233,158,238,80,0
2025-12-31,1,Dispatch,231,193,193,0,193
2025-12-31,1,Pack,216,216,229,13,229
2025-12-31,1,Pick,216,216,469,253,0
2025-12-31,2,Dispatch,227,135,135,0,135
2025-12-31,2,Pack,135,135,4664,4529,4725
2025-12-31,2,Pick,229,229,322,93,56
2025-12-31,3,Dispatch,250,214,214,0,230
2025-12-31,3,Pack,219,158,158,0,158
2025-12-31,3,Pick,258,155,235,80,0
2026-01-01,1,Dispatch,251,216,216,0,216
2026-01-01,1,Pack,186,186,229,43,199
2026-01-01,1,Pick,216,214,455,241,19
2026-01-01,2,Dispatch,224,135,135,0,135
2026-01-01,2,Pack,135,135,4758,4623,4804
2026-01-01,2,Pick,221,184,238,54,39
2026-01-01,3,Dispatch,256,158,158,0,158
2026-01-01,3,Pack,231,155,155,0,155
2026-01-01,3,Pick,224,198,281,83,0
2026-01-02,1,Dispatch,200,186,186,0,186
2026-01-02,1,Pack,234,234,257,23,277
2026-01-02,1,Pick,228,154,465,311,0
2026-01-02,2,Dispatch,201,135,135,0,135
2026-01-02,2,Pack,135,135,4807,4672,4860
2026-01-02,2,Pick,223,166,220,54,0
2026-01-02,3,Dispatch,209,155,155,0,155
2026-01-02,3,Pack,204,198,198,0,198
2026-01-02,3,Pick,268,151,234,83,0
2026-01-05,1,Dispatch,227,227,234,7,681
2026-01-05,1,Pack,192,177,177,0,554
2026-01-05,1,Pick,261,261,428,167,3413
2026-01-05,2,Dispatch,214,135,135,0,405
2026-01-05,2,Pack,135,135,4838,4703,5158
2026-01-05,2,Pick,213,213,247,34,870
2026-01-05,3,Dispatch,239,198,198,0,594
2026-01-05,3,Pack,209,151,151,0,453
2026-01-05,3,Pick,212,142,274,132,0
2026-01-06,1,Dispatch,236,184,184,0,205
2026-01-06,1,Pack,228,228,261,33,228
2026-01-06,1,Pick,256,195,377,182,29
2026-01-06,2,Dispatch,261,135,135,0,135
2026-01-06,2,Pack,135,135,4916,4781,5184
2026-01-06,2,Pick,229,229,246,17,34
2026-01-06,3,Dispatch,207,151,151,0,151
2026-01-06,3,Pack,197,142,142,0,142
2026-01-06,3,Pick,263,178,341,163,0
2026-01-07,1,Dispatch,238,228,228,0,228
2026-01-07,1,Pack,207,207,228,21,240
2026-01-07,1,Pick,208,159,375,216,0
2026-01-07,2,Dispatch,258,135,135,0,135
2026-01-07,2,Pack,135,135,5010,4875,4995
2026-01-07,2,Pick,215,162,162,0,17
2026-01-07,3,Dispatch,243,142,142,0,142
2026-01-07,3,Pack,194,178,178,0,178
2026-01-07,3,Pick,222,181,344,163,0
2026-01-08,1,Dispatch,263,207,207,0,207
2026-01-08,1,Pack,238,180,180,0,201
2026-01-08,1,Pick,217,187,423,236,0
2026-01-08,2,Dispatch,203,135,135,0,135
2026-01-08,2,Pack,135,135,5037,4902,4996
2026-01-08,2,Pick,257,172,172,0,0
2026-01-08,3,Dispatch,202,178,178,0,178
2026-01-08,3,Pack,198,181,181,0,181
2026-01-08,3,Pick,256,105,286,181,0
2026-01-09,1,Dispatch,226,180,180,0,180
2026-01-09,1,Pack,220,187,187,0,187
2026-01-09,1,Pick,256,111,391,280,0
2026-01-09,2,Dispatch,225,135,135,0,135
2026-01-09,2,Pack,135,135,5074,4939,5032
2026-01-09,2,Pick,224,218,218,0,0
2026-01-09,3,Dispatch,254,181,181,0,181
2026-01-09,3,Pack,227,105,105,0,105
2026-01-09,3,Pick,265,208,362,154,187
2026-01-12,1,Dispatch,232,187,187,0,561
2026-01-12,1,Pack,200,111,111,0,333
2026-01-12,1,Pick,209,209,444,235,1091
2026-01-12,2,Dispatch,215,135,135,0,405
2026-01-12,2,Pack,135,135,5157,5022,5300
2026-01-12,2,Pick,210,210,221,11,0
2026-01-12,3,Dispatch,204,105,105,0,315
2026-01-12,3,Pack,239,208,208,0,624
2026-01-12,3,Pick,242,173,344,171,0
2026-01-13,1,Dispatch,230,111,111,0,111
2026-01-13,1,Pack,196,196,209,13,196
2026-01-13,1,Pick,220,174,382,208,38
2026-01-13,2,Dispatch,207,135,135,0,135
2026-01-13,2,Pack,135,135,5232,5097,5326
2026-01-13,2,Pick,267,132,144,12,10
2026-01-13,3,Dispatch,226,208,208,0,208
2026-01-13,3,Pack,187,173,173,0,173
2026-01-13,3,Pick,236,236,304,68,1563
2026-01-14,1,Dispatch,234,196,196,0,196
2026-01-14,1,Pack,233,187,187,0,200
2026-01-14,1,Pick,219,219,410,191,1012
2026-01-14,2,Dispatch,238,135,135,0,135
2026-01-14,2,Pack,135,135,5229,5094,5400
2026-01-14,2,Pick,268,172,205,33,0
2026-01-14,3,Dispatch,213,173,173,0,173
2026-01-14,3,Pack,220,220,236,16,220
2026-01-14,3,Pick,262,180,224,44,24
2026-01-15,1,Dispatch,247,187,187,0,187
2026-01-15,1,Pack,205,205,219,14,205
2026-01-15,1,Pick,224,224,346,122,1091
2026-01-15,2,Dispatch,216,135,135,0,135
2026-01-15,2,Pack,135,135,5266,5131,5256
2026-01-15,2,Pick,225,186,240,54,0
2026-01-15,3,Dispatch,245,220,220,0,220
2026-01-15,3,Pack,210,196,196,0,212
2026-01-15,3,Pick,257,212,272,60,0
2026-01-16,1,Dispatch,244,205,205,0,205
2026-01-16,1,Pack,200,200,238,38,214
2026-01-16,1,Pick,225,225,299,74,91
2026-01-16,2,Dispatch,216,135,135,0,135
2026-01-16,2,Pack,135,135,5317,5182,5265
2026-01-16,2,Pick,220,160,214,54,0
2026-01-16,3,Dispatch,238,196,196,0,196
2026-01-16,3,Pack,192,192,212,20,192
2026-01-16,3,Pick,215,147,226,79,0
2026-01-19,1,Dispatch,211,200,200,0,600
2026-01-19,1,Pack,186,186,263,77,596
2026-01-19,1,Pick,223,223,276,53,123
2026-01-19,2,Dispatch,218,135,135,0,405
2026-01-19,2,Pack,135,135,5342,5207,5541
2026-01-19,2,Pick,237,215,270,55,0
2026-01-19,3,Dispatch,240,192,192,0,576
2026-01-19,3,Pack,223,167,167,0,521
2026-01-19,3,Pick,225,163,225,62,135
2026-01-20,1,Dispatch,203,186,186,0,186
2026-01-20,1,Pack,195,195,300,105,426
2026-01-20,1,Pick,263,217,253,36,20
2026-01-20,2,Dispatch,256,135,135,0,135
2026-01-20,2,Pack,135,135,5422,5287,5633
2026-01-20,2,Pick,268,131,218,87,0
2026-01-20,3,Dispatch,224,167,167,0,167
2026-01-20,3,Pack,207,163,163,0,163
2026-01-20,3,Pick,263,186,263,77,0
2026-01-21,1,Dispatch,218,195,195,0,195
2026-01-21,1,Pack,215,215,322,107,320
2026-01-21,1,Pick,245,191,265,74,0
2026-01-21,2,Dispatch,204,135,135,0,135
2026-01-21,2,Pack,135,135,5418,5283,5670
2026-01-21,2,Pick,223,122,215,93,13
2026-01-21,3,Dispatch,229,163,163,0,163
2026-01-21,3,Pack,185,185,186,1,185
2026-01-21,3,Pick,265,153,273,120,0
2026-01-22,1,Dispatch,243,215,215,0,215
2026-01-22,1,Pack,234,234,298,64,341
2026-01-22,1,Pick,235,129,212,83,0
2026-01-22,2,Dispatch,258,135,135,0,135
2026-01-22,2,Pack,135,135,5405,5270,5733
2026-01-22,2,Pick,224,190,285,95,0
2026-01-22,3,Dispatch,223,185,185,0,185
2026-01-22,3,Pack,219,154,154,0,155
2026-01-22,3,Pick,254,160,288,128,4
2026-01-23,1,Dispatch,241,234,234,0,234
2026-01-23,1,Pack,213,193,193,0,257
2026-01-23,1,Pick,268,139,256,117,0
2026-01-23,2,Dispatch,217,135,135,0,135
2026-01-23,2,Pack,135,135,5460,5325,5805
2026-01-23,2,Pick,260,208,319,111,0
2026-01-23,3,Dispatch,214,154,154,0,154
2026-01-23,3,Pack,230,160,160,0,160
2026-01-23,3,Pick,257,170,310,140,5
2026-01-26,1,Dispatch,260,193,193,0,579
2026-01-26,1,Pack,223,139,139,0,417
2026-01-26,1,Pick,246,126,253,127,398
2026-01-26,2,Dispatch,214,135,135,0,405
2026-01-26,2,Pack,135,135,5533,5398,6080
2026-01-26,2,Pick,260,178,313,135,0
2026-01-26,3,Dispatch,240,160,160,0,480
2026-01-26,3,Pack,229,170,170,0,510
2026-01-26,3,Pick,250,250,341,91,1507
2026-01-27,1,Dispatch,246,139,139,0,139
2026-01-27,1,Pack,228,126,126,0,126
2026-01-27,1,Pick,266,261,369,108,19
2026-01-27,2,Dispatch,262,135,135,0,135
2026-01-27,2,Pack,135,135,5576,5441,6006
2026-01-27,2,Pick,205,196,353,157,0
2026-01-27,3,Dispatch,260,170,170,0,170
2026-01-27,3,Pack,238,238,250,12,238
2026-01-27,3,Pick,239,235,237,2,167
2026-01-28,1,Dispatch,215,126,126,0,126
2026-01-28,1,Pack,220,220,261,41,220
2026-01-28,1,Pick,267,211,318,107,121
2026-01-28,2,Dispatch,245,135,135,0,135
2026-01-28,2,Pack,135,135,5637,5502,5940
2026-01-28,2,Pick,242,236,316,80,961
2026-01-28,3,Dispatch,258,238,238,0,238
2026-01-28,3,Pack,189,189,247,58,201
2026-01-28,3,Pick,230,230,264,34,0
2026-01-29,1,Dispatch,239,220,220,0,220
2026-01-29,1,Pack,193,193,252,59,234
2026-01-29,1,Pick,236,124,251,127,0
2026-01-29,2,Dispatch,261,135,135,0,135
2026-01-29,2,Pack,135,135,5738,5603,5974
2026-01-29,2,Pick,223,116,227,111,0
2026-01-29,3,Dispatch,249,189,189,0,189
2026-01-29,3,Pack,239,239,288,49,297
2026-01-29,3,Pick,218,218,302,84,28
2026-01-30,1,Dispatch,256,193,193,0,193
2026-01-30,1,Pack,200,183,183,0,242
2026-01-30,1,Pick,261,208,315,107,289
2026-01-30,2,Dispatch,203,135,135,0,135
2026-01-30,2,Pack,135,135,5719,5584,6021
2026-01-30,2,Pick,221,132,260,128,0
2026-01-30,3,Dispatch,236,236,239,3,236
2026-01-30,3,Pack,208,208,267,59,257
2026-01-30,3,Pick,247,230,261,31,62
2026-02-02,1,Dispatch,234,183,183,0,549
2026-02-02,1,Pack,233,208,208,0,624
2026-02-02,1,Pick,216,216,280,64,557
2026-02-02,2,Dispatch,260,135,135,0,405
2026-02-02,2,Pack,135,135,5716,5581,6314
2026-02-02,2,Pick,251,228,314,86,585
2026-02-02,3,Dispatch,251,211,211,0,636
2026-02-02,3,Pack,216,216,289,73,707
2026-02-02,3,Pick,245,245,252,7,91
2026-02-03,1,Dispatch,257,208,208,0,208
2026-02-03,1,Pack,239,216,216,0,216
2026-02-03,1,Pick,240,180,263,83,20
2026-02-03,2,Dispatch,217,135,135,0,135
2026-02-03,2,Pack,135,135,5809,5674,6264
2026-02-03,2,Pick,244,168,254,86,0
2026-02-03,3,Dispatch,216,216,216,0,216
2026-02-03,3,Pack,238,238,318,80,457
2026-02-03,3,Pick,220,163,178,15,1
2026-02-04,1,Dispatch,247,216,216,0,216
2026-02-04,1,Pack,228,180,180,0,180
2026-02-04,1,Pick,228,144,230,86,21
2026-02-04,2,Dispatch,224,135,135,0,135
2026-02-04,2,Pack,135,135,5842,5707,6327
2026-02-04,2,Pick,230,204,275,71,231
2026-02-04,3,Dispatch,215,215,238,23,215
2026-02-04,3,Pack,215,215,243,28,295
2026-02-04,3,Pick,216,135,169,34,28
2026-02-05,1,Dispatch,244,180,180,0,180
2026-02-05,1,Pack,202,144,144,0,144
2026-02-05,1,Pick,204,181,276,95,0
2026-02-05,2,Dispatch,215,135,135,0,135
2026-02-05,2,Pack,135,135,5911,5776,6075
2026-02-05,2,Pick,247,237,252,15,200
2026-02-05,3,Dispatch,253,238,238,0,261
2026-02-05,3,Pack,202,163,163,0,191
2026-02-05,3,Pick,243,197,253,56,0
2026-02-06,1,Dispatch,224,144,144,0,144
2026-02-06,1,Pack,200,181,181,0,181
2026-02-06,1,Pick,206,206,337,131,349
2026-02-06,2,Dispatch,217,135,135,0,135
2026-02-06,2,Pack,135,135,6013,5878,6078
2026-02-06,2,Pick,222,187,202,15,0
2026-02-06,3,Dispatch,254,163,163,0,163
2026-02-06,3,Pack,224,197,197,0,197
2026-02-06,3,Pick,250,151,225,74,0
2026-02-09,1,Dispatch,263,181,181,0,543
2026-02-09,1,Pack,184,184,206,22,552
2026-02-09,1,Pick,244,244,318,74,285
2026-02-09,2,Dispatch,233,135,135,0,405
2026-02-09,2,Pack,135,135,6065,5930,6337
2026-02-09,2,Pick,258,144,179,35,0
2026-02-09,3,Dispatch,239,197,197,0,591
2026-02-09,3,Pack,225,151,151,0,453
2026-02-09,3,Pick,245,245,256,11,325
2026-02-10,1,Dispatch,231,184,184,0,184
2026-02-10,1,Pack,194,194,266,72,260
2026-02-10,1,Pick,209,190,226,36,38
2026-02-10,2,Dispatch,221,135,135,0,135
2026-02-10,2,Pack,135,135,6074,5939,6306
2026-02-10,2,Pick,217,203,238,35,0
2026-02-10,3,Dispatch,204,151,151,0,151
2026-02-10,3,Pack,224,224,245,21,224
2026-02-10,3,Pick,258,227,246,19,8
2026-02-11,1,Dispatch,254,194,194,0,194
2026-02-11,1,Pack,235,235,262,27,307
2026-02-11,1,Pick,266,122,161,39,0
2026-02-11,2,Dispatch,232,135,135,0,135
2026-02-11,2,Pack,135,135,6142,6007,6345
2026-02-11,2,Pick,221,221,221,0,175
2026-02-11,3,Dispatch,210,210,224,14,210
2026-02-11,3,Pack,207,207,248,41,228
2026-02-11,3,Pick,225,120,173,53,0
2026-02-12,1,Dispatch,250,235,235,0,235
2026-02-12,1,Pack,189,149,149,0,176
2026-02-12,1,Pick,220,138,186,48,0
2026-02-12,2,Dispatch,244,135,135,0,135
2026-02-12,2,Pack,135,135,6228,6093,6240
2026-02-12,2,Pick,255,189,192,3,0
2026-02-12,3,Dispatch,254,221,221,0,235
2026-02-12,3,Pack,231,161,161,0,202
2026-02-12,3,Pick,238,191,252,61,37
2026-02-13,1,Dispatch,217,149,149,0,149
2026-02-13,1,Pack,188,138,138,0,138
2026-02-13,1,Pick,233,189,237,48,0
2026-02-13,2,Dispatch,208,135,135,0,135
2026-02-13,2,Pack,135,135,6282,6147,6210
2026-02-13,2,Pick,215,214,217,3,0
2026-02-13,3,Dispatch,222,161,161,0,161
2026-02-13,3,Pack,211,191,191,0,191
2026-02-13,3,Pick,222,209,270,61,0
2026-02-16,1,Dispatch,204,138,138,0,414
2026-02-16,1,Pack,201,189,189,0,567
2026-02-16,1,Pick,266,179,222,43,51
2026-02-16,2,Dispatch,256,135,135,0,405
2026-02-16,2,Pack,135,135,6361,6226,6483
2026-02-16,2,Pick,230,165,165,0,12
2026-02-16,3,Dispatch,200,191,191,0,573
2026-02-16,3,Pack,201,201,209,8,603
2026-02-16,3,Pick,266,232,232,0,294
2026-02-17,1,Dispatch,203,189,189,0,189
2026-02-17,1,Pack,184,179,179,0,179
2026-02-17,1,Pick,228,168,211,43,0
2026-02-17,2,Dispatch,208,135,135,0,135
2026-02-17,2,Pack,135,135,6391,6256,6554
2026-02-17,2,Pick,262,144,179,35,0
2026-02-17,3,Dispatch,214,201,201,0,201
2026-02-17,3,Pack,212,212,240,28,236
2026-02-17,3,Pick,251,167,167,0,0
2026-02-18,1,Dispatch,258,179,179,0,179
2026-02-18,1,Pack,186,168,168,0,168
2026-02-18,1,Pick,263,180,187,7,540
2026-02-18,2,Dispatch,207,135,135,0,135
2026-02-18,2,Pack,135,135,6400,6265,6615
2026-02-18,2,Pick,227,165,200,35,0
2026-02-18,3,Dispatch,250,212,212,0,212
2026-02-18,3,Pack,192,192,195,3,220
2026-02-18,3,Pick,251,194,196,2,0
2026-02-19,1,Dispatch,224,168,168,0,168
2026-02-19,1,Pack,207,180,180,0,180
2026-02-19,1,Pick,218,131,162,31,0
2026-02-19,2,Dispatch,258,135,135,0,135
2026-02-19,2,Pack,135,135,6430,6295,6648
2026-02-19,2,Pick,247,247,247,0,70
2026-02-19,3,Dispatch,247,192,192,0,192
2026-02-19,3,Pack,200,197,197,0,200
2026-02-19,3,Pick,212,154,160,6,1
2026-02-20,1,Dispatch,236,180,180,0,180
2026-02-20,1,Pack,228,131,131,0,131
2026-02-20,1,Pick,204,187,228,41,0
2026-02-20,2,Dispatch,217,135,135,0,135
2026-02-20,2,Pack,135,135,6542,6407,6697
2026-02-20,2,Pick,244,190,190,0,0
2026-02-20,3,Dispatch,253,197,197,0,197
2026-02-20,3,Pack,237,154,154,0,154
2026-02-20,3,Pick,267,240,263,23,0
2026-02-23,1,Dispatch,236,131,131,0,393
2026-02-23,1,Pack,216,187,187,0,561
2026-02-23,1,Pick,268,148,189,41,0
2026-02-23,2,Dispatch,202,135,135,0,405
2026-02-23,2,Pack,135,135,6597,6462,6954
2026-02-23,2,Pick,230,173,173,0,0
2026-02-23,3,Dispatch,243,154,154,0,462
2026-02-23,3,Pack,189,189,240,51,567
2026-02-23,3,Pick,225,180,189,9,56
2026-02-24,1,Dispatch,217,187,187,0,187
2026-02-24,1,Pack,185,148,148,0,148
2026-02-24,1,Pick,269,133,179,46,95
2026-02-24,2,Dispatch,259,135,135,0,135
2026-02-24,2,Pack,135,135,6635,6500,6750
2026-02-24,2,Pick,266,206,206,0,0
2026-02-24,3,Dispatch,200,189,189,0,189
2026-02-24,3,Pack,204,204,231,27,357
2026-02-24,3,Pick,237,168,183,15,0
2026-02-25,1,Dispatch,220,148,148,0,148
2026-02-25,1,Pack,231,133,133,0,133
2026-02-25,1,Pick,260,123,187,64,2
2026-02-25,2,Dispatch,207,135,135,0,135
2026-02-25,2,Pack,135,135,6706,6571,6806
2026-02-25,2,Pick,208,155,155,0,0
2026-02-25,3,Dispatch,247,204,204,0,204
2026-02-25,3,Pack,221,195,195,0,222
2026-02-25,3,Pick,212,187,204,17,1
2026-02-26,1,Dispatch,229,133,133,0,133
2026-02-26,1,Pack,189,123,123,0,123
2026-02-26,1,Pick,239,137,213,76,0
2026-02-26,2,Dispatch,249,135,135,0,135
2026-02-26,2,Pack,135,135,6726,6591,6885
2026-02-26,2,Pick,209,209,220,11,0
2026-02-26,3,Dispatch,233,195,195,0,195
2026-02-26,3,Pack,220,187,187,0,187
2026-02-26,3,Pick,245,181,204,23,47
2026-02-27,1,Dispatch,225,123,123,0,123
2026-02-27,1,Pack,231,137,137,0,137
2026-02-27,1,Pick,242,181,269,88,0
2026-02-27,2,Dispatch,233,135,135,0,135
2026-02-27,2,Pack,135,135,6800,6665,6900
2026-02-27,2,Pick,264,178,178,0,11
2026-02-27,3,Dispatch,208,187,187,0,187
2026-02-27,3,Pack,235,181,181,0,181
2026-02-27,3,Pick,257,210,249,39,0
2026-03-02,1,Dispatch,236,137,137,0,411
2026-03-02,1,Pack,222,181,181,0,543
2026-03-02,1,Pick,237,210,298,88,0
2026-03-02,2,Dispatch,226,135,135,0,405
2026-03-02,2,Pack,255,255,6843,6588,13516
2026-03-02,2,Pick,245,215,219,4,0
2026-03-02,3,Dispatch,237,181,181,0,543
2026-03-02,3,Pack,218,210,210,0,630
2026-03-02,3,Pick,242,160,196,36,15
2026-03-03,1,Dispatch,230,181,181,0,181
2026-03-03,1,Pack,205,205,210,5,205
2026-03-03,1,Pick,228,228,294,66,463
2026-03-03,2,Dispatch,244,244,255,11,244
2026-03-03,2,Pack,255,255,6803,6548,13281
2026-03-03,2,Pick,257,164,164,0,4
2026-03-03,3,Dispatch,240,210,210,0,210
2026-03-03,3,Pack,218,160,160,0,160
2026-03-03,3,Pick,262,202,250,48,0
2026-03-04,1,Dispatch,247,205,205,0,205
2026-03-04,1,Pack,192,192,233,41,197
2026-03-04,1,Pick,223,223,245,22,44
2026-03-04,2,Dispatch,227,227,266,39,238
2026-03-04,2,Pack,255,255,6712,6457,12882
2026-03-04,2,Pick,236,158,167,9,0
2026-03-04,3,Dispatch,227,160,160,0,160
2026-03-04,3,Pack,190,190,202,12,190
2026-03-04,3,Pick,215,145,236,91,0
2026-03-05,1,Dispatch,235,192,192,0,192
2026-03-05,1,Pack,212,212,264,52,253
2026-03-05,1,Pick,242,151,173,22,0
2026-03-05,2,Dispatch,216,216,294,78,255
2026-03-05,2,Pack,255,255,6615,6360,12685
2026-03-05,2,Pick,209,159,168,9,0
2026-03-05,3,Dispatch,205,190,190,0,190
2026-03-05,3,Pack,221,157,157,0,169
2026-03-05,3,Pick,268,268,309,41,230
2026-03-06,1,Dispatch,251,212,212,0,212
2026-03-06,1,Pack,192,192,203,11,244
2026-03-06,1,Pick,249,170,192,22,0
2026-03-06,2,Dispatch,249,249,333,84,327
2026-03-06,2,Pack,255,255,6519,6264,12607
2026-03-06,2,Pick,216,212,231,19,0
2026-03-06,3,Dispatch,248,157,157,0,157
2026-03-06,3,Pack,217,217,268,51,217
2026-03-06,3,Pick,216,181,217,36,5
2026-03-09,1,Dispatch,207,192,192,0,576
2026-03-09,1,Pack,204,181,181,0,554
2026-03-09,1,Pick,216,216,238,22,0
2026-03-09,2,Dispatch,258,258,339,81,858
2026-03-09,2,Pack,255,255,6476,6221,12523
2026-03-09,2,Pick,219,176,176,0,75
2026-03-09,3,Dispatch,253,217,217,0,651
2026-03-09,3,Pack,217,217,232,15,702
2026-03-09,3,Pick,247,218,218,0,227
2026-03-10,1,Dispatch,221,181,181,0,181
2026-03-10,1,Pack,232,216,216,0,216
2026-03-10,1,Pick,236,211,233,22,0
2026-03-10,2,Dispatch,257,257,336,79,500
2026-03-10,2,Pack,255,255,6397,6142,12323
2026-03-10,2,Pick,236,176,176,0,0
2026-03-10,3,Dispatch,217,217,217,0,217
2026-03-10,3,Pack,217,217,233,16,262
2026-03-10,3,Pick,214,214,230,16,0
2026-03-11,1,Dispatch,225,216,216,0,216
2026-03-11,1,Pack,223,211,211,0,211
2026-03-11,1,Pick,239,239,262,23,370
2026-03-11,2,Dispatch,260,260,334,74,339
2026-03-11,2,Pack,255,255,6318,6063,12150
2026-03-11,2,Pick,239,154,154,0,0
2026-03-11,3,Dispatch,204,204,217,13,204
2026-03-11,3,Pack,234,230,230,0,246
2026-03-11,3,Pick,236,236,252,16,16
2026-03-12,1,Dispatch,214,211,211,0,211
2026-03-12,1,Pack,220,220,239,19,220
2026-03-12,1,Pick,257,207,207,0,23
2026-03-12,2,Dispatch,254,254,329,75,328
2026-03-12,2,Pack,255,255,6217,5962,11829
2026-03-12,2,Pick,208,149,149,0,0
2026-03-12,3,Dispatch,210,210,243,33,223
2026-03-12,3,Pack,188,188,236,48,188
2026-03-12,3,Pick,212,212,235,23,2
2026-03-13,1,Dispatch,260,220,220,0,220
2026-03-13,1,Pack,221,221,226,5,240
2026-03-13,1,Pick,228,224,224,0,0
2026-03-13,2,Dispatch,251,251,330,79,326
2026-03-13,2,Pack,255,255,6111,5856,11498
2026-03-13,2,Pick,223,204,204,0,0
2026-03-13,3,Dispatch,220,220,221,1,253
2026-03-13,3,Pack,191,191,260,69,239
2026-03-13,3,Pick,252,186,208,22,9
2026-03-16,1,Dispatch,229,221,221,0,663
2026-03-16,1,Pack,185,185,229,44,560
2026-03-16,1,Pick,259,184,184,0,0
2026-03-16,2,Dispatch,210,210,334,124,709
2026-03-16,2,Pack,255,255,6060,5805,11948
2026-03-16,2,Pick,242,217,217,0,0
2026-03-16,3,Dispatch,228,192,192,0,577
2026-03-16,3,Pack,185,185,255,70,624
2026-03-16,3,Pick,218,152,193,41,0
2026-03-17,1,Dispatch,249,185,185,0,185
2026-03-17,1,Pack,225,225,228,3,357
2026-03-17,1,Pick,249,136,163,27,0
2026-03-17,2,Dispatch,224,224,379,155,596
2026-03-17,2,Pack,255,255,6022,5767,11677
2026-03-17,2,Pick,241,241,250,9,0
2026-03-17,3,Dispatch,252,185,185,0,185
2026-03-17,3,Pack,190,190,222,32,400
2026-03-17,3,Pick,246,171,212,41,0
2026-03-18,1,Dispatch,234,225,225,0,225
2026-03-18,1,Pack,200,139,139,0,142
2026-03-18,1,Pick,223,212,253,41,0
2026-03-18,2,Dispatch,243,243,410,167,398
2026-03-18,2,Pack,255,255,6008,5753,11149
2026-03-18,2,Pick,222,201,203,2,9
2026-03-18,3,Dispatch,239,190,190,0,190
2026-03-18,3,Pack,226,203,203,0,235
2026-03-18,3,Pick,230,214,214,0,176
2026-03-19,1,Dispatch,237,139,139,0,139
2026-03-19,1,Pack,207,207,212,5,207
2026-03-19,1,Pick,256,201,274,73,0
2026-03-19,2,Dispatch,255,255,422,167,422
2026-03-19,2,Pack,255,255,5954,5699,11062
2026-03-19,2,Pick,214,197,199,2,0
2026-03-19,3,Dispatch,211,203,203,0,203
2026-03-19,3,Pack,192,192,214,22,192
2026-03-19,3,Pick,232,190,190,0,0
2026-03-20,1,Dispatch,251,207,207,0,207
2026-03-20,1,Pack,213,206,206,0,211
2026-03-20,1,Pick,260,254,278,24,103
2026-03-20,2,Dispatch,240,240,422,182,407
2026-03-20,2,Pack,255,255,5896,5641,11011
2026-03-20,2,Pick,235,172,174,2,0
2026-03-20,3,Dispatch,251,192,192,0,192
2026-03-20,3,Pack,235,212,212,0,234
2026-03-20,3,Pick,231,166,184,18,0
2026-03-23,1,Dispatch,242,206,206,0,618
2026-03-23,1,Pack,201,201,254,53,603
2026-03-23,1,Pick,205,190,214,24,0
2026-03-23,2,Dispatch,258,258,437,179,956
2026-03-23,2,Pack,255,255,5813,5558,11383
2026-03-23,2,Pick,210,175,177,2,0
2026-03-23,3,Dispatch,224,212,212,0,636
2026-03-23,3,Pack,191,166,166,0,498
2026-03-23,3,Pick,250,197,197,0,54
2026-03-24,1,Dispatch,260,201,201,0,201
2026-03-24,1,Pack,241,241,243,2,400
2026-03-24,1,Pick,244,169,210,41,0
2026-03-24,2,Dispatch,252,252,434,182,789
2026-03-24,2,Pack,255,255,5733,5478,10814
2026-03-24,2,Pick,241,203,227,24,0
2026-03-24,3,Dispatch,252,166,166,0,166
2026-03-24,3,Pack,193,193,197,4,193
2026-03-24,3,Pick,230,156,156,0,0
2026-03-25,1,Dispatch,245,241,241,0,241
2026-03-25,1,Pack,240,171,171,0,173
2026-03-25,1,Pick,242,179,190,11,108
2026-03-25,2,Dispatch,237,237,437,200,419
2026-03-25,2,Pack,255,255,5681,5426,10762
2026-03-25,2,Pick,204,153,177,24,0
2026-03-25,3,Dispatch,225,193,193,0,193
2026-03-25,3,Pack,187,160,160,0,164
2026-03-25,3,Pick,244,168,168,0,0
2026-03-26,1,Dispatch,262,171,171,0,171
2026-03-26,1,Pack,228,179,179,0,179
2026-03-26,1,Pick,213,175,213,38,0
2026-03-26,2,Dispatch,203,203,455,252,403
2026-03-26,2,Pack,255,255,5579,5324,10680
2026-03-26,2,Pick,265,196,196,0,60
2026-03-26,3,Dispatch,245,160,160,0,160
2026-03-26,3,Pack,220,168,168,0,168
2026-03-26,3,Pick,246,159,159,0,0
2026-03-27,1,Dispatch,259,179,179,0,179
2026-03-27,1,Pack,202,175,175,0,175
2026-03-27,1,Pick,248,222,260,38,0
2026-03-27,2,Dispatch,215,215,507,292,430
2026-03-27,2,Pack,255,255,5520,5265,10443
2026-03-27,2,Pick,219,132,132,0,0
2026-03-27,3,Dispatch,232,168,168,0,168
2026-03-27,3,Pack,195,159,159,0,159
2026-03-27,3,Pick,247,247,250,3,0
2026-03-30,1,Dispatch,242,175,175,0,525
2026-03-30,1,Pack,236,222,222,0,666
2026-03-30,1,Pick,234,169,207,38,0
2026-03-30,2,Dispatch,250,250,547,297,1037
2026-03-30,2,Pack,255,255,5397,5142,10496
2026-03-30,2,Pick,237,183,183,0,0
2026-03-30,3,Dispatch,222,159,159,0,477
2026-03-30,3,Pack,195,195,247,52,585
2026-03-30,3,Pick,243,201,201,0,9
2026-03-31,1,Dispatch,245,222,222,0,222
2026-03-31,1,Pack,185,169,169,0,169
2026-03-31,1,Pick,254,223,278,55,0
2026-03-31,2,Dispatch,230,230,552,322,962
2026-03-31,2,Pack,255,255,5325,5070,10330
2026-03-31,2,Pick,246,141,141,0,0
2026-03-31,3,Dispatch,204,195,195,0,195
2026-03-31,3,Pack,221,221,253,32,377
2026-03-31,3,Pick,234,140,140,0,0
2026-04-01,1,Dispatch,213,169,169,0,169
2026-04-01,1,Pack,234,223,223,0,223
2026-04-01,1,Pick,241,241,260,19,323
2026-04-01,2,Dispatch,255,255,577,322,711
2026-04-01,2,Pack,255,255,5211,4956,10322
2026-04-01,2,Pick,228,169,175,6,0
2026-04-01,3,Dispatch,229,221,221,0,221
2026-04-01,3,Pack,224,172,172,0,204
2026-04-01,3,Pick,227,110,126,16,0
2026-04-02,1,Dispatch,238,223,223,0,223
2026-04-02,1,Pack,227,227,241,14,227
2026-04-02,1,Pick,218,171,187,16,19
2026-04-02,2,Dispatch,206,206,577,371,479
2026-04-02,2,Pack,255,255,5125,4870,9836
2026-04-02,2,Pick,229,229,261,32,6
2026-04-02,3,Dispatch,261,172,172,0,172
2026-04-02,3,Pack,193,110,110,0,110
2026-04-02,3,Pick,239,239,243,4,16
2026-04-03,1,Dispatch,221,221,227,6,221
2026-04-03,1,Pack,194,185,185,0,199
2026-04-03,1,Pick,243,151,180,29,0
2026-04-03,2,Dispatch,225,225,626,401,566
2026-04-03,2,Pack,255,255,5099,4844,9616
2026-04-03,2,Pick,265,255,255,0,32
2026-04-03,3,Dispatch,201,110,110,0,110
2026-04-03,3,Pack,191,191,239,48,191
2026-04-03,3,Pick,224,165,165,0,4
2026-04-06,1,Dispatch,207,191,191,0,579
2026-04-06,1,Pack,219,151,151,0,453
2026-04-06,1,Pick,263,161,217,56,0
2026-04-06,2,Dispatch,258,258,656,398,1178
2026-04-06,2,Pack,255,255,5099,4844,10026
2026-04-06,2,Pick,212,196,208,12,0
2026-04-06,3,Dispatch,202,191,191,0,573
2026-04-06,3,Pack,220,213,213,0,687
2026-04-06,3,Pick,223,161,161,0,0
2026-04-07,1,Dispatch,237,151,151,0,151
2026-04-07,1,Pack,202,161,161,0,161
2026-04-07,1,Pick,227,157,225,68,0
2026-04-07,2,Dispatch,213,213,653,440,995
2026-04-07,2,Pack,255,255,5040,4785,9854
2026-04-07,2,Pick,206,206,231,25,0
2026-04-07,3,Dispatch,210,210,213,3,210
2026-04-07,3,Pack,204,161,161,0,161
2026-04-07,3,Pick,240,146,146,0,0
2026-04-08,1,Dispatch,247,161,161,0,161
2026-04-08,1,Pack,185,157,157,0,157
2026-04-08,1,Pick,253,155,223,68,0
2026-04-08,2,Dispatch,252,252,695,443,1059
2026-04-08,2,Pack,255,255,4991,4736,9353
2026-04-08,2,Pick,219,147,165,18,7
2026-04-08,3,Dispatch,203,164,164,0,167
2026-04-08,3,Pack,222,146,146,0,146
2026-04-08,3,Pick,222,222,231,9,0
2026-04-09,1,Dispatch,201,157,157,0,157
2026-04-09,1,Pack,224,155,155,0,155
2026-04-09,1,Pick,232,167,238,71,0
2026-04-09,2,Dispatch,235,235,698,463,658
2026-04-09,2,Pack,255,255,4883,4628,9247
2026-04-09,2,Pick,223,180,198,18,0
2026-04-09,3,Dispatch,201,146,146,0,146
2026-04-09,3,Pack,184,184,222,38,184
2026-04-09,3,Pick,217,183,183,0,9
2026-04-10,1,Dispatch,237,155,155,0,155
2026-04-10,1,Pack,217,167,167,0,167
2026-04-10,1,Pick,205,143,237,94,0
2026-04-10,2,Dispatch,248,248,718,470,704
2026-04-10,2,Pack,255,255,4808,4553,9069
2026-04-10,2,Pick,215,107,125,18,0
2026-04-10,3,Dispatch,257,184,184,0,184
2026-04-10,3,Pack,239,221,221,0,259
2026-04-10,3,Pick,206,149,149,0,0
2026-04-13,1,Dispatch,223,167,167,0,501
2026-04-13,1,Pack,238,143,143,0,429
2026-04-13,1,Pick,265,174,288,114,0
2026-04-13,2,Dispatch,259,259,725,466,1251
2026-04-13,2,Pack,255,255,4660,4405,9228
2026-04-13,2,Pick,235,217,229,12,36
2026-04-13,3,Dispatch,252,221,221,0,663
2026-04-13,3,Pack,226,149,149,0,447
2026-04-13,3,Pick,236,172,172,0,0
2026-04-14,1,Dispatch,206,143,143,0,143
2026-04-14,1,Pack,211,174,174,0,174
2026-04-14,1,Pick,225,177,295,118,0
2026-04-14,2,Dispatch,229,229,721,492,1127
2026-04-14,2,Pack,255,255,4622,4367,8890
2026-04-14,2,Pick,261,141,153,12,0
2026-04-14,3,Dispatch,261,149,149,0,149
2026-04-14,3,Pack,232,172,172,0,172
2026-04-14,3,Pick,266,129,129,0,0
2026-04-15,1,Dispatch,261,174,174,0,174
2026-04-15,1,Pack,192,177,177,0,177
2026-04-15,1,Pick,249,185,323,138,4
2026-04-15,2,Dispatch,241,241,747,506,1193
2026-04-15,2,Pack,255,255,4508,4253,8758
2026-04-15,2,Pick,264,204,204,0,108
2026-04-15,3,Dispatch,258,172,172,0,172
2026-04-15,3,Pack,210,129,129,0,129
2026-04-15,3,Pick,219,174,202,28,0
2026-04-16,1,Dispatch,207,177,177,0,177
2026-04-16,1,Pack,210,185,185,0,185
2026-04-16,1,Pick,241,149,285,136,5
2026-04-16,2,Dispatch,200,200,761,561,600
2026-04-16,2,Pack,255,255,4457,4202,8490
2026-04-16,2,Pick,232,194,194,0,0
2026-04-16,3,Dispatch,255,129,129,0,129
2026-04-16,3,Pack,217,174,174,0,174
2026-04-16,3,Pick,226,206,234,28,0
2026-04-17,1,Dispatch,261,185,185,0,185
2026-04-17,1,Pack,194,149,149,0,149
2026-04-17,1,Pick,267,204,340,136,0
2026-04-17,2,Dispatch,215,215,816,601,696
2026-04-17,2,Pack,255,255,4396,4141,8062
2026-04-17,2,Pick,210,187,187,0,0
2026-04-17,3,Dispatch,220,174,174,0,174
2026-04-17,3,Pack,208,206,206,0,206
2026-04-17,3,Pick,221,174,220,46,0
2026-04-20,1,Dispatch,245,149,149,0,447
2026-04-20,1,Pack,185,185,204,19,555
2026-04-20,1,Pick,220,220,303,83,1553
2026-04-20,2,Dispatch,240,240,856,616,1291
2026-04-20,2,Pack,255,255,4328,4073,8558
2026-04-20,2,Pick,254,243,243,0,0
2026-04-20,3,Dispatch,228,206,206,0,618
2026-04-20,3,Pack,206,174,174,0,522
2026-04-20,3,Pick,246,150,202,52,0
2026-04-21,1,Dispatch,251,185,185,0,185
2026-04-21,1,Pack,209,209,239,30,266
2026-04-21,1,Pick,260,260,288,28,83
2026-04-21,2,Dispatch,233,233,871,638,1271
2026-04-21,2,Pack,255,255,4316,4061,8504
2026-04-21,2,Pick,256,127,127,0,0
2026-04-21,3,Dispatch,250,174,174,0,174
2026-04-21,3,Pack,229,150,150,0,150
2026-04-21,3,Pick,221,123,180,57,0
2026-04-22,1,Dispatch,263,209,209,0,209
2026-04-22,1,Pack,228,228,290,62,258
2026-04-22,1,Pick,230,162,162,0,28
2026-04-22,2,Dispatch,213,213,893,680,1193
2026-04-22,2,Pack,255,255,4188,3933,8290
2026-04-22,2,Pick,268,164,164,0,0
2026-04-22,3,Dispatch,258,150,150,0,150
2026-04-22,3,Pack,227,123,123,0,123
2026-04-22,3,Pick,211,211,247,36,291
2026-04-23,1,Dispatch,211,211,228,17,211
2026-04-23,1,Pack,213,213,224,11,275
2026-04-23,1,Pick,256,193,193,0,0
2026-04-23,2,Dispatch,210,210,935,725,1140
2026-04-23,2,Pack,255,255,4097,3842,7773
2026-04-23,2,Pick,253,171,171,0,0
2026-04-23,3,Dispatch,239,123,123,0,123
2026-04-23,3,Pack,231,211,211,0,211
2026-04-23,3,Pick,239,218,224,6,30
2026-04-24,1,Dispatch,242,230,230,0,247
2026-04-24,1,Pack,210,204,204,0,215
2026-04-24,1,Pick,257,228,228,0,0
2026-04-24,2,Dispatch,214,214,980,766,856
2026-04-24,2,Pack,255,255,4013,3758,7690
2026-04-24,2,Pick,245,166,166,0,0
2026-04-24,3,Dispatch,249,211,211,0,211
2026-04-24,3,Pack,220,218,218,0,218
2026-04-24,3,Pick,253,161,180,19,0
2026-04-27,1,Dispatch,238,204,204,0,612
2026-04-27,1,Pack,223,223,228,5,669
2026-04-27,1,Pick,215,154,154,0,0
2026-04-27,2,Dispatch,207,207,1021,814,1243
2026-04-27,2,Pack,255,255,3924,3669,8070
2026-04-27,2,Pick,238,216,216,0,0
2026-04-27,3,Dispatch,259,218,218,0,654
2026-04-27,3,Pack,210,161,161,0,483
2026-04-27,3,Pick,227,227,258,31,81
2026-04-28,1,Dispatch,231,223,223,0,223
2026-04-28,1,Pack,226,159,159,0,174
2026-04-28,1,Pick,231,189,189,0,0
2026-04-28,2,Dispatch,214,214,1069,855,1333
2026-04-28,2,Pack,255,255,3885,3630,7491
2026-04-28,2,Pick,213,213,223,10,0
2026-04-28,3,Dispatch,256,161,161,0,161
2026-04-28,3,Pack,197,197,227,30,197
2026-04-28,3,Pick,239,239,261,22,31
2026-04-29,1,Dispatch,237,159,159,0,159
2026-04-29,1,Pack,212,189,189,0,189
2026-04-29,1,Pick,234,166,169,3,0
2026-04-29,2,Dispatch,231,231,1110,879,1476
2026-04-29,2,Pack,255,255,3843,3588,7251
2026-04-29,2,Pick,211,211,226,15,10
2026-04-29,3,Dispatch,258,197,197,0,197
2026-04-29,3,Pack,205,205,269,64,235
2026-04-29,3,Pick,230,220,220,0,22
2026-04-30,1,Dispatch,254,189,189,0,189
2026-04-30,1,Pack,205,166,166,0,166
2026-04-30,1,Pick,259,116,141,25,0
2026-04-30,2,Dispatch,206,206,1134,928,1350
2026-04-30,2,Pack,255,255,3799,3544,7164
2026-04-30,2,Pick,222,174,174,0,15
2026-04-30,3,Dispatch,259,205,205,0,205
2026-04-30,3,Pack,206,206,284,78,270
2026-04-30,3,Pick,214,214,231,17,0
2026-05-01,1,Dispatch,218,166,166,0,166
2026-05-01,1,Pack,191,116,116,0,116
2026-05-01,1,Pick,257,146,186,40,0
2026-05-01,2,Dispatch,235,235,1183,948,1429
2026-05-01,2,Pack,255,255,3718,3463,7137
2026-05-01,2,Pick,232,227,227,0,0
2026-05-01,3,Dispatch,255,206,206,0,206
2026-05-01,3,Pack,216,216,292,76,294
2026-05-01,3,Pick,210,210,225,15,17
2026-05-04,1,Dispatch,230,116,116,0,348
2026-05-04,1,Pack,236,146,146,0,438
2026-05-04,1,Pick,261,227,252,25,45
2026-05-04,2,Dispatch,262,262,1203,941,1755
2026-05-04,2,Pack,255,255,3690,3435,7080
2026-05-04,2,Pick,251,251,268,17,0
2026-05-04,3,Dispatch,222,216,216,0,648
2026-05-04,3,Pack,193,193,286,93,655
2026-05-04,3,Pick,220,220,246,26,45
2026-05-05,1,Dispatch,206,146,146,0,146
2026-05-05,1,Pack,194,194,227,33,194
2026-05-05,1,Pick,217,175,200,25,0
2026-05-05,2,Dispatch,204,204,1196,992,1400
2026-05-05,2,Pack,255,255,3686,3431,7031
2026-05-05,2,Pick,211,211,252,41,17
2026-05-05,3,Dispatch,244,193,193,0,193
2026-05-05,3,Pack,237,237,313,76,516
2026-05-05,3,Pick,269,176,176,0,26
2026-05-06,1,Dispatch,246,194,194,0,194
2026-05-06,1,Pack,238,208,208,0,241
2026-05-06,1,Pick,248,167,167,0,153
2026-05-06,2,Dispatch,212,212,1247,1035,1484
2026-05-06,2,Pack,255,255,3642,3387,6886
2026-05-06,2,Pick,259,241,241,0,41
2026-05-06,3,Dispatch,248,237,237,0,237
2026-05-06,3,Pack,186,186,252,66,262
2026-05-06,3,Pick,230,198,198,0,0
2026-05-07,1,Dispatch,258,208,208,0,208
2026-05-07,1,Pack,210,167,167,0,167
2026-05-07,1,Pick,222,133,133,0,0
2026-05-07,2,Dispatch,232,232,1290,1058,1639
2026-05-07,2,Pack,255,255,3628,3373,6330
2026-05-07,2,Pick,212,184,184,0,0
2026-05-07,3,Dispatch,249,186,186,0,186
2026-05-07,3,Pack,205,205,264,59,271
2026-05-07,3,Pick,265,179,179,0,0
2026-05-08,1,Dispatch,238,167,167,0,167
2026-05-08,1,Pack,221,133,133,0,133
2026-05-08,1,Pick,255,129,137,8,0
2026-05-08,2,Dispatch,224,224,1313,1089,1606
2026-05-08,2,Pack,255,255,3557,3302,6070
2026-05-08,2,Pick,219,219,238,19,0
2026-05-08,3,Dispatch,249,205,205,0,205
2026-05-08,3,Pack,206,206,238,32,265
2026-05-08,3,Pick,244,177,195,18,0
2026-05-11,1,Dispatch,262,133,133,0,399
2026-05-11,1,Pack,218,129,129,0,387
2026-05-11,1,Pick,211,171,179,8,0
2026-05-11,2,Dispatch,220,220,1344,1124,1747
2026-05-11,2,Pack,255,255,3521,3266,6497
2026-05-11,2,Pick,237,209,209,0,57
2026-05-11,3,Dispatch,262,206,206,0,618
2026-05-11,3,Pack,232,209,209,0,659
2026-05-11,3,Pick,221,189,189,0,54
2026-05-12,1,Dispatch,261,129,129,0,129
2026-05-12,1,Pack,197,171,171,0,171
2026-05-12,1,Pick,232,146,161,15,0
2026-05-12,2,Dispatch,226,226,1379,1153,1686
2026-05-12,2,Pack,255,255,3475,3220,6415
2026-05-12,2,Pick,233,187,193,6,0
2026-05-12,3,Dispatch,207,207,209,2,207
2026-05-12,3,Pack,200,189,189,0,189
2026-05-12,3,Pick,232,191,191,0,0
2026-05-13,1,Dispatch,243,171,171,0,171
2026-05-13,1,Pack,185,146,146,0,146
2026-05-13,1,Pick,258,202,217,15,0
2026-05-13,2,Dispatch,208,208,1408,1200,1589
2026-05-13,2,Pack,255,255,3407,3152,5846
2026-05-13,2,Pick,259,120,155,35,0
2026-05-13,3,Dispatch,244,191,191,0,193
2026-05-13,3,Pack,208,191,191,0,191
2026-05-13,3,Pick,222,176,176,0,0
2026-05-14,1,Dispatch,218,146,146,0,146
2026-05-14,1,Pack,233,202,202,0,202
2026-05-14,1,Pick,236,203,218,15,0
2026-05-14,2,Dispatch,250,250,1455,1205,1930
2026-05-14,2,Pack,255,255,3272,3017,5718
2026-05-14,2,Pick,268,254,260,6,41
2026-05-14,3,Dispatch,231,191,191,0,191
2026-05-14,3,Pack,198,176,176,0,176
2026-05-14,3,Pick,262,230,230,0,0
2026-05-15,1,Dispatch,211,202,202,0,202
2026-05-15,1,Pack,195,195,203,8,195
2026-05-15,1,Pick,264,207,227,20,0
2026-05-15,2,Dispatch,263,263,1460,1197,2026
2026-05-15,2,Pack,255,255,3271,3016,5560
2026-05-15,2,Pick,230,147,153,6,0
2026-05-15,3,Dispatch,226,176,176,0,176
2026-05-15,3,Pack,222,222,230,8,222
2026-05-15,3,Pick,259,202,202,0,0
2026-05-18,1,Dispatch,261,195,195,0,585
2026-05-18,1,Pack,224,215,215,0,653
2026-05-18,1,Pick,230,189,207,18,137
2026-05-18,2,Dispatch,227,227,1452,1225,2120
2026-05-18,2,Pack,255,255,3163,2908,5652
2026-05-18,2,Pick,212,164,164,0,24
2026-05-18,3,Dispatch,262,222,222,0,666
2026-05-18,3,Pack,192,192,210,18,584
2026-05-18,3,Pick,211,135,135,0,0
2026-05-19,1,Dispatch,209,209,215,6,209
2026-05-19,1,Pack,228,189,189,0,189
2026-05-19,1,Pick,213,213,252,39,0
2026-05-19,2,Dispatch,233,233,1480,1247,1836
2026-05-19,2,Pack,255,255,3072,2817,5415
2026-05-19,2,Pick,253,248,268,20,0
2026-05-19,3,Dispatch,262,192,192,0,192
2026-05-19,3,Pack,223,153,153,0,207
2026-05-19,3,Pick,253,225,225,0,0
2026-05-20,1,Dispatch,230,195,195,0,201
2026-05-20,1,Pack,228,213,213,0,213
2026-05-20,1,Pick,229,229,251,22,21
2026-05-20,2,Dispatch,258,258,1502,1244,2033
2026-05-20,2,Pack,255,255,3065,2810,5347
2026-05-20,2,Pick,252,239,278,39,0
2026-05-20,3,Dispatch,249,153,153,0,153
2026-05-20,3,Pack,230,225,225,0,225
2026-05-20,3,Pick,246,98,110,12,0
2026-05-21,1,Dispatch,253,213,213,0,213
2026-05-21,1,Pack,217,217,229,12,217
2026-05-21,1,Pick,235,175,193,18,4
2026-05-21,2,Dispatch,246,246,1499,1253,1946
2026-05-21,2,Pack,255,255,3049,2794,5248
2026-05-21,2,Pick,250,177,238,61,0
2026-05-21,3,Dispatch,236,225,225,0,225
2026-05-21,3,Pack,199,98,98,0,98
2026-05-21,3,Pick,223,188,188,0,12
2026-05-22,1,Dispatch,258,217,217,0,217
2026-05-22,1,Pack,231,187,187,0,199
2026-05-22,1,Pick,247,183,183,0,72
2026-05-22,2,Dispatch,229,229,1508,1279,1832
2026-05-22,2,Pack,255,255,2971,2716,4950
2026-05-22,2,Pick,207,207,321,114,120
2026-05-22,3,Dispatch,250,98,98,0,98
2026-05-22,3,Pack,236,188,188,0,188
2026-05-22,3,Pick,211,200,204,4,0
2026-05-25,1,Dispatch,204,187,187,0,561
2026-05-25,1,Pack,207,183,183,0,549
2026-05-25,1,Pick,255,186,186,0,0
2026-05-25,2,Dispatch,225,225,1534,1309,2254
2026-05-25,2,Pack,255,255,2923,2668,5216
2026-05-25,2,Pick,250,250,293,43,342
2026-05-25,3,Dispatch,256,188,188,0,564
2026-05-25,3,Pack,207,200,200,0,600
2026-05-25,3,Pick,253,168,172,4,0
2026-05-26,1,Dispatch,237,183,183,0,183
2026-05-26,1,Pack,227,186,186,0,186
2026-05-26,1,Pick,230,189,189,0,0
2026-05-26,2,Dispatch,248,248,1564,1316,2086
2026-05-26,2,Pack,255,255,2918,2663,5172
2026-05-26,2,Pick,205,205,258,53,43
2026-05-26,3,Dispatch,232,200,200,0,200
2026-05-26,3,Pack,204,168,168,0,168
2026-05-26,3,Pick,248,164,168,4,0
2026-05-27,1,Dispatch,249,186,186,0,186
2026-05-27,1,Pack,219,189,189,0,189
2026-05-27,1,Pick,231,187,187,0,0
2026-05-27,2,Dispatch,248,248,1571,1323,2025
2026-05-27,2,Pack,255,255,2868,2613,5145
2026-05-27,2,Pick,223,223,263,40,53
2026-05-27,3,Dispatch,259,168,168,0,168
2026-05-27,3,Pack,220,164,164,0,164
2026-05-27,3,Pick,258,222,222,0,20
2026-05-28,1,Dispatch,223,189,189,0,189
2026-05-28,1,Pack,197,187,187,0,187
2026-05-28,1,Pick,265,128,128,0,0
2026-05-28,2,Dispatch,261,261,1578,1317,2136
2026-05-28,2,Pack,255,255,2836,2581,4953
2026-05-28,2,Pick,212,212,294,82,40
2026-05-28,3,Dispatch,231,164,164,0,164
2026-05-28,3,Pack,228,222,222,0,222
2026-05-28,3,Pick,253,109,131,22,0
2026-05-29,1,Dispatch,237,187,187,0,187
2026-05-29,1,Pack,218,128,128,0,128
2026-05-29,1,Pick,268,241,246,5,0
2026-05-29,2,Dispatch,258,258,1572,1314,2106
2026-05-29,2,Pack,255,255,2793,2538,4495
2026-05-29,2,Pick,211,211,257,46,82
2026-05-29,3,Dispatch,200,200,222,22,200
2026-05-29,3,Pack,229,109,109,0,109
2026-05-29,3,Pick,225,185,232,47,0
2026-06-01,1,Dispatch,247,128,128,0,384
2026-06-01,1,Pack,227,227,241,14,681
2026-06-01,1,Pick,239,193,210,17,0
2026-06-01,2,Dispatch,224,224,1569,1345,2279
2026-06-01,2,Pack,255,255,2749,2494,4894
2026-06-01,2,Pick,216,216,261,45,138
2026-06-01,3,Dispatch,207,131,131,0,415
2026-06-01,3,Pack,220,185,185,0,555
2026-06-01,3,Pick,247,160,233,73,0
2026-06-02,1,Dispatch,246,227,227,0,227
2026-06-02,1,Pack,189,189,207,18,231
2026-06-02,1,Pick,242,224,249,25,0
2026-06-02,2,Dispatch,248,248,1600,1352,2194
2026-06-02,2,Pack,255,255,2710,2455,4801
2026-06-02,2,Pick,236,236,249,13,42
2026-06-02,3,Dispatch,211,185,185,0,185
2026-06-02,3,Pack,210,160,160,0,160
2026-06-02,3,Pick,235,159,249,90,0
2026-06-03,1,Dispatch,249,189,189,0,189
2026-06-03,1,Pack,214,214,242,28,232
2026-06-03,1,Pick,217,207,249,42,0
2026-06-03,2,Dispatch,217,217,1607,1390,1813
2026-06-03,2,Pack,255,255,2691,2436,4389
2026-06-03,2,Pick,247,247,286,39,16
2026-06-03,3,Dispatch,250,160,160,0,160
2026-06-03,3,Pack,204,159,159,0,159
2026-06-03,3,Pick,221,221,314,93,326
2026-06-04,1,Dispatch,230,214,214,0,214
2026-06-04,1,Pack,213,213,235,22,241
2026-06-04,1,Pick,252,226,268,42,0
2026-06-04,2,Dispatch,201,201,1645,1444,1723
2026-06-04,2,Pack,255,255,2683,2428,4092
2026-06-04,2,Pick,259,231,231,0,39
2026-06-04,3,Dispatch,255,159,159,0,159
2026-06-04,3,Pack,206,206,221,15,206
2026-06-04,3,Pick,227,227,265,38,90
2026-06-05,1,Dispatch,218,213,213,0,213
2026-06-05,1,Pack,209,209,248,39,231
2026-06-05,1,Pick,219,138,238,100,0
2026-06-05,2,Dispatch,262,262,1699,1437,2265
2026-06-05,2,Pack,255,255,2659,2404,4074
2026-06-05,2,Pick,210,178,178,0,0
2026-06-05,3,Dispatch,229,206,206,0,206
2026-06-05,3,Pack,202,202,242,40,217
2026-06-05,3,Pick,225,225,285,60,30
2026-06-08,1,Dispatch,260,209,209,0,627
2026-06-08,1,Pack,192,177,177,0,570
2026-06-08,1,Pick,251,186,337,151,0
2026-06-08,2,Dispatch,259,259,1692,1433,2752
2026-06-08,2,Pack,255,255,2582,2327,4501
2026-06-08,2,Pick,268,197,197,0,0
2026-06-08,3,Dispatch,213,202,202,0,606
2026-06-08,3,Pack,201,201,265,64,643
2026-06-08,3,Pick,226,206,209,3,176
2026-06-09,1,Dispatch,245,177,177,0,177
2026-06-09,1,Pack,235,186,186,0,186
2026-06-09,1,Pick,262,242,303,61,423
2026-06-09,2,Dispatch,259,259,1688,1429,2546
2026-06-09,2,Pack,255,255,2524,2269,4179
2026-06-09,2,Pick,264,239,239,0,0
2026-06-09,3,Dispatch,238,201,201,0,201
2026-06-09,3,Pack,214,214,270,56,406
2026-06-09,3,Pick,246,177,185,8,0
2026-06-10,1,Dispatch,249,186,186,0,186
2026-06-10,1,Pack,189,189,242,53,189
2026-06-10,1,Pick,232,232,232,0,230
2026-06-10,2,Dispatch,239,239,1684,1445,2066
2026-06-10,2,Pack,255,255,2508,2253,3938
2026-06-10,2,Pick,266,225,229,4,0
2026-06-10,3,Dispatch,223,214,214,0,214
2026-06-10,3,Pack,221,221,233,12,277
2026-06-10,3,Pick,259,142,145,3,5
2026-06-11,1,Dispatch,221,189,189,0,189
2026-06-11,1,Pack,222,222,285,63,275
2026-06-11,1,Pick,228,163,163,0,0
2026-06-11,2,Dispatch,260,260,1700,1440,2250
2026-06-11,2,Pack,255,255,2478,2223,3888
2026-06-11,2,Pick,225,188,205,17,0
2026-06-11,3,Dispatch,245,221,221,0,221
2026-06-11,3,Pack,203,154,154,0,166
2026-06-11,3,Pick,211,144,147,3,0
2026-06-12,1,Dispatch,260,222,222,0,222
2026-06-12,1,Pack,219,219,226,7,282
2026-06-12,1,Pick,247,199,212,13,0
2026-06-12,2,Dispatch,246,246,1695,1449,2133
2026-06-12,2,Pack,255,255,2411,2156,3844
2026-06-12,2,Pick,210,128,167,39,0
2026-06-12,3,Dispatch,235,154,154,0,154
2026-06-12,3,Pack,216,144,144,0,144
2026-06-12,3,Pick,261,180,183,3,0
2026-06-15,1,Dispatch,249,219,219,0,657
2026-06-15,1,Pack,197,197,206,9,598
2026-06-15,1,Pick,250,136,188,52,0
2026-06-15,2,Dispatch,225,225,1704,1479,2424
2026-06-15,2,Pack,255,255,2284,2029,4167
2026-06-15,2,Pick,224,202,250,48,0
2026-06-15,3,Dispatch,218,144,144,0,432
2026-06-15,3,Pack,214,180,180,0,540
2026-06-15,3,Pick,219,190,193,3,0
2026-06-16,1,Dispatch,257,197,197,0,197
2026-06-16,1,Pack,228,145,145,0,172
2026-06-16,1,Pick,261,232,284,52,0
2026-06-16,2,Dispatch,209,209,1734,1525,2284
2026-06-16,2,Pack,255,255,2231,1976,3730
2026-06-16,2,Pick,210,210,255,45,115
2026-06-16,3,Dispatch,234,180,180,0,180
2026-06-16,3,Pack,227,190,190,0,190
2026-06-16,3,Pick,256,147,147,0,39
2026-06-17,1,Dispatch,216,145,145,0,145
2026-06-17,1,Pack,193,193,232,39,193
2026-06-17,1,Pick,222,172,246,74,0
2026-06-17,2,Dispatch,243,243,1780,1537,2187
2026-06-17,2,Pack,255,255,2186,1931,3711
2026-06-17,2,Pick,260,209,223,14,31
2026-06-17,3,Dispatch,248,190,190,0,190
2026-06-17,3,Pack,205,147,147,0,147
2026-06-17,3,Pick,269,103,103,0,0
2026-06-18,1,Dispatch,236,193,193,0,193
2026-06-18,1,Pack,183,183,211,28,222
2026-06-18,1,Pick,262,174,256,82,0
2026-06-18,2,Dispatch,206,206,1792,1586,1861
2026-06-18,2,Pack,255,255,2140,1885,3703
2026-06-18,2,Pick,265,205,227,22,0
2026-06-18,3,Dispatch,205,147,147,0,147
2026-06-18,3,Pack,239,103,103,0,103
2026-06-18,3,Pick,217,217,230,13,0
2026-06-19,1,Dispatch,250,183,183,0,183
2026-06-19,1,Pack,220,202,202,0,230
2026-06-19,1,Pick,265,168,250,82,0
2026-06-19,2,Dispatch,207,207,1841,1634,1919
2026-06-19,2,Pack,255,255,2090,1835,3679
2026-06-19,2,Pick,258,177,233,56,0
2026-06-19,3,Dispatch,237,103,103,0,103
2026-06-19,3,Pack,215,215,217,2,215
2026-06-19,3,Pick,204,196,196,0,13
2026-06-22,1,Dispatch,225,202,202,0,606
2026-06-22,1,Pack,236,168,168,0,504
2026-06-22,1,Pick,223,202,302,100,0
2026-06-22,2,Dispatch,217,217,1889,1672,2491
2026-06-22,2,Pack,255,255,2012,1757,3640
2026-06-22,2,Pick,227,202,231,29,229
2026-06-22,3,Dispatch,214,214,215,1,642
2026-06-22,3,Pack,235,198,198,0,596
2026-06-22,3,Pick,217,188,188,0,0
2026-06-23,1,Dispatch,234,168,168,0,168
2026-06-23,1,Pack,211,202,202,0,202
2026-06-23,1,Pick,213,187,295,108,0
2026-06-23,2,Dispatch,259,259,1927,1668,2991
2026-06-23,2,Pack,255,255,1959,1704,3528
2026-06-23,2,Pick,249,176,220,44,0
2026-06-23,3,Dispatch,255,199,199,0,202
2026-06-23,3,Pack,202,188,188,0,188
2026-06-23,3,Pick,225,171,171,0,0
2026-06-24,1,Dispatch,212,202,202,0,202
2026-06-24,1,Pack,216,187,187,0,187
2026-06-24,1,Pick,240,230,285,55,745
2026-06-24,2,Dispatch,224,224,1923,1699,2430
2026-06-24,2,Pack,255,255,1880,1625,3498
2026-06-24,2,Pick,262,200,273,73,0
2026-06-24,3,Dispatch,260,188,188,0,188
2026-06-24,3,Pack,219,171,171,0,171
2026-06-24,3,Pick,234,234,238,4,0
2026-06-25,1,Dispatch,238,187,187,0,187
2026-06-25,1,Pack,194,194,230,36,194
2026-06-25,1,Pick,208,118,173,55,0
2026-06-25,2,Dispatch,242,242,1954,1712,2347
2026-06-25,2,Pack,255,255,1825,1570,3398
2026-06-25,2,Pick,261,213,323,110,0
2026-06-25,3,Dispatch,217,171,171,0,171
2026-06-25,3,Pack,198,198,234,36,198
2026-06-25,3,Pick,205,145,169,24,4
2026-06-26,1,Dispatch,248,194,194,0,194
2026-06-26,1,Pack,186,154,154,0,190
2026-06-26,1,Pick,236,214,285,71,0
2026-06-26,2,Dispatch,248,248,1967,1719,2414
2026-06-26,2,Pack,255,255,1783,1528,2741
2026-06-26,2,Pick,226,197,310,113,0
2026-06-26,3,Dispatch,257,198,198,0,198
2026-06-26,3,Pack,188,181,181,0,217
2026-06-26,3,Pick,211,160,184,24,0
2026-06-29,1,Dispatch,250,154,154,0,462
2026-06-29,1,Pack,201,201,214,13,603
2026-06-29,1,Pick,238,222,222,0,331
2026-06-29,2,Dispatch,257,257,1974,1717,3016
2026-06-29,2,Pack,255,255,1725,1470,3206
2026-06-29,2,Pick,215,215,334,119,157
2026-06-29,3,Dispatch,210,181,181,0,543
2026-06-29,3,Pack,201,160,160,0,480
2026-06-29,3,Pick,225,225,259,34,96
2026-06-30,1,Dispatch,263,201,201,0,201
2026-06-30,1,Pack,234,234,235,1,273
2026-06-30,1,Pick,210,170,191,21,0
2026-06-30,2,Dispatch,224,224,1972,1748,2651
2026-06-30,2,Pack,255,255,1685,1430,3160
2026-06-30,2,Pick,219,219,372,153,46
2026-06-30,3,Dispatch,245,160,160,0,160
2026-06-30,3,Pack,216,216,225,9,216
2026-06-30,3,Pick,256,228,232,4,30
2026-07-01,1,Dispatch,217,217,234,17,217
2026-07-01,1,Pack,198,171,171,0,172
2026-07-01,1,Pick,263,162,188,26,0
2026-07-01,2,Dispatch,244,244,2003,1759,2850
2026-07-01,2,Pack,255,255,1649,1394,3026
2026-07-01,2,Pick,256,256,376,120,80
2026-07-01,3,Dispatch,234,216,216,0,216
2026-07-01,3,Pack,208,208,237,29,217
2026-07-01,3,Pick,220,139,152,13,0
2026-07-02,1,Dispatch,246,188,188,0,205
2026-07-02,1,Pack,194,162,162,0,162
2026-07-02,1,Pick,255,163,195,32,0
2026-07-02,2,Dispatch,231,231,2014,1783,2308
2026-07-02,2,Pack,255,255,1650,1395,2469
2026-07-02,2,Pick,251,245,318,73,47
2026-07-02,3,Dispatch,204,204,208,4,204
2026-07-02,3,Pack,208,168,168,0,197
2026-07-02,3,Pick,227,167,188,21,0
2026-07-03,1,Dispatch,220,162,162,0,162
2026-07-03,1,Pack,240,163,163,0,163
2026-07-03,1,Pick,252,144,185,41,0
2026-07-03,2,Dispatch,256,256,2038,1782,2557
2026-07-03,2,Pack,255,255,1640,1385,2390
2026-07-03,2,Pick,264,197,270,73,0
2026-07-03,3,Dispatch,251,172,172,0,176
2026-07-03,3,Pack,200,167,167,0,167
2026-07-03,3,Pick,224,162,215,53,0
2026-07-06,1,Dispatch,244,163,163,0,489
2026-07-06,1,Pack,232,144,144,0,432
2026-07-06,1,Pick,266,254,265,11,202
2026-07-06,2,Dispatch,228,228,2037,1809,2736
2026-07-06,2,Pack,255,255,1582,1327,2843
2026-07-06,2,Pick,223,174,252,78,0
2026-07-06,3,Dispatch,232,167,167,0,501
2026-07-06,3,Pack,218,162,162,0,486
2026-07-06,3,Pick,230,171,233,62,0
2026-07-07,1,Dispatch,260,144,144,0,144
2026-07-07,1,Pack,218,218,254,36,218
2026-07-07,1,Pick,262,202,213,11,0
2026-07-07,2,Dispatch,220,220,2064,1844,2664
2026-07-07,2,Pack,255,255,1501,1246,2625
2026-07-07,2,Pick,222,222,233,11,1087
2026-07-07,3,Dispatch,222,162,162,0,162
2026-07-07,3,Pack,221,171,171,0,171
2026-07-07,3,Pick,247,154,216,62,0
2026-07-08,1,Dispatch,249,218,218,0,218
2026-07-08,1,Pack,204,204,238,34,240
2026-07-08,1,Pick,263,200,232,32,0
2026-07-08,2,Dispatch,214,214,2099,1885,2627
2026-07-08,2,Pack,255,255,1468,1213,2195
2026-07-08,2,Pick,246,239,239,0,11
2026-07-08,3,Dispatch,220,171,171,0,171
2026-07-08,3,Pack,214,154,154,0,154
2026-07-08,3,Pick,213,213,329,116,143
2026-07-09,1,Dispatch,232,204,204,0,204
2026-07-09,1,Pack,216,216,234,18,250
2026-07-09,1,Pick,207,158,190,32,0
2026-07-09,2,Dispatch,250,250,2140,1890,2800
2026-07-09,2,Pack,255,255,1452,1197,2159
2026-07-09,2,Pick,231,188,188,0,0
2026-07-09,3,Dispatch,245,154,154,0,154
2026-07-09,3,Pack,197,197,213,16,197
2026-07-09,3,Pick,236,236,304,68,66
2026-07-10,1,Dispatch,254,216,216,0,216
2026-07-10,1,Pack,190,176,176,0,194
2026-07-10,1,Pick,240,147,182,35,0
2026-07-10,2,Dispatch,219,219,2145,1926,2295
2026-07-10,2,Pack,255,255,1385,1130,2160
2026-07-10,2,Pick,251,221,221,0,0
2026-07-10,3,Dispatch,245,197,197,0,197
2026-07-10,3,Pack,215,215,252,37,231
2026-07-10,3,Pick,224,212,262,50,18
2026-07-13,1,Dispatch,209,176,176,0,528
2026-07-13,1,Pack,186,147,147,0,441
2026-07-13,1,Pick,229,179,214,35,0
2026-07-13,2,Dispatch,211,211,2181,1970,2673
2026-07-13,2,Pack,255,255,1351,1096,2660
2026-07-13,2,Pick,258,182,182,0,0
2026-07-13,3,Dispatch,202,202,215,13,606
2026-07-13,3,Pack,226,226,249,23,715
2026-07-13,3,Pick,265,265,273,8,432
2026-07-14,1,Dispatch,229,147,147,0,147
2026-07-14,1,Pack,239,179,179,0,179
2026-07-14,1,Pick,236,184,234,50,0
2026-07-14,2,Dispatch,233,233,2225,1992,2981
2026-07-14,2,Pack,255,255,1278,1023,2167
2026-07-14,2,Pick,256,221,221,0,0
2026-07-14,3,Dispatch,205,205,239,34,244
2026-07-14,3,Pack,187,187,288,101,256
2026-07-14,3,Pick,234,162,171,9,8
2026-07-15,1,Dispatch,251,179,179,0,179
2026-07-15,1,Pack,221,184,184,0,184
2026-07-15,1,Pick,244,244,285,41,276
2026-07-15,2,Dispatch,210,210,2247,2037,2727
2026-07-15,2,Pack,255,255,1244,989,1978
2026-07-15,2,Pick,225,168,170,2,0
2026-07-15,3,Dispatch,231,221,221,0,255
2026-07-15,3,Pack,203,203,263,60,304
2026-07-15,3,Pick,214,153,163,10,0
2026-07-16,1,Dispatch,207,184,184,0,184
2026-07-16,1,Pack,224,224,244,20,224
2026-07-16,1,Pick,228,122,152,30,22
2026-07-16,2,Dispatch,252,252,2292,2040,3276
2026-07-16,2,Pack,255,255,1157,902,1962
2026-07-16,2,Pick,258,203,213,10,0
2026-07-16,3,Dispatch,201,201,203,2,201
2026-07-16,3,Pack,208,208,213,5,268
2026-07-16,3,Pick,224,179,202,23,0
2026-07-17,1,Dispatch,217,217,224,7,217
2026-07-17,1,Pack,216,142,142,0,162
2026-07-17,1,Pick,261,212,242,30,0
2026-07-17,2,Dispatch,244,244,2295,2051,2684
2026-07-17,2,Pack,255,255,1105,850,1895
2026-07-17,2,Pick,249,174,188,14,0
2026-07-17,3,Dispatch,202,202,210,8,204
2026-07-17,3,Pack,198,184,184,0,189
2026-07-17,3,Pick,211,154,226,72,0
2026-07-20,1,Dispatch,203,149,149,0,454
2026-07-20,1,Pack,236,212,212,0,636
2026-07-20,1,Pick,263,210,210,0,139
2026-07-20,2,Dispatch,213,213,2306,2093,2780
2026-07-20,2,Pack,255,255,1024,769,2013
2026-07-20,2,Pick,231,125,154,29,0
2026-07-20,3,Dispatch,221,192,192,0,584
2026-07-20,3,Pack,204,154,154,0,462
2026-07-20,3,Pick,267,196,222,26,205
2026-07-21,1,Dispatch,248,212,212,0,212
2026-07-21,1,Pack,198,198,210,12,198
2026-07-21,1,Pick,249,203,203,0,0
2026-07-21,2,Dispatch,244,244,2348,2104,3225
2026-07-21,2,Pack,255,255,894,639,1757
2026-07-21,2,Pick,232,158,204,46,0
2026-07-21,3,Dispatch,256,154,154,0,154
2026-07-21,3,Pack,199,196,196,0,196
2026-07-21,3,Pick,241,135,161,26,0
2026-07-22,1,Dispatch,236,198,198,0,198
2026-07-22,1,Pack,237,215,215,0,227
2026-07-22,1,Pick,231,173,173,0,0
2026-07-22,2,Dispatch,258,258,2359,2101,3418
2026-07-22,2,Pack,255,255,797,542,1667
2026-07-22,2,Pick,221,195,260,65,0
2026-07-22,3,Dispatch,222,196,196,0,196
2026-07-22,3,Pack,213,135,135,0,135
2026-07-22,3,Pick,219,219,254,35,105
2026-07-23,1,Dispatch,207,207,215,8,207
2026-07-23,1,Pack,189,173,173,0,173
2026-07-23,1,Pick,214,167,169,2,0
2026-07-23,2,Dispatch,211,211,2356,2145,2804
2026-07-23,2,Pack,255,255,737,482,1615
2026-07-23,2,Pick,228,222,306,84,0
2026-07-23,3,Dispatch,240,135,135,0,135
2026-07-23,3,Pack,212,212,219,7,212
2026-07-23,3,Pick,257,196,197,1,35
2026-07-24,1,Dispatch,232,181,181,0,189
2026-07-24,1,Pack,196,167,167,0,167
2026-07-24,1,Pick,210,156,158,2,0
2026-07-24,2,Dispatch,236,236,2400,2164,2911
2026-07-24,2,Pack,255,255,704,449,906
2026-07-24,2,Pick,225,158,242,84,0
2026-07-24,3,Dispatch,228,212,212,0,212
2026-07-24,3,Pack,189,189,203,14,196
2026-07-24,3,Pick,230,230,243,13,0
2026-07-27,1,Dispatch,231,167,167,0,501
2026-07-27,1,Pack,190,156,156,0,468
2026-07-27,1,Pick,260,142,149,7,0
2026-07-27,2,Dispatch,254,254,2419,2165,3426
2026-07-27,2,Pack,255,255,607,352,1279
2026-07-27,2,Pick,231,231,250,19,530
2026-07-27,3,Dispatch,251,189,189,0,567
2026-07-27,3,Pack,185,185,244,59,569
2026-07-27,3,Pick,208,160,160,0,40
2026-07-28,1,Dispatch,206,156,156,0,156
2026-07-28,1,Pack,213,142,142,0,142
2026-07-28,1,Pick,254,190,197,7,0
2026-07-28,2,Dispatch,216,216,2420,2204,2933
2026-07-28,2,Pack,255,255,583,328,1214
2026-07-28,2,Pick,222,222,225,3,19
2026-07-28,3,Dispatch,242,185,185,0,185
2026-07-28,3,Pack,183,183,219,36,360
2026-07-28,3,Pick,236,171,171,0,0
2026-07-29,1,Dispatch,222,142,142,0,142
2026-07-29,1,Pack,236,190,190,0,190
2026-07-29,1,Pick,209,209,226,17,22
2026-07-29,2,Dispatch,224,224,2459,2235,3076
2026-07-29,2,Pack,255,255,550,295,801
2026-07-29,2,Pick,228,179,179,0,3
2026-07-29,3,Dispatch,214,183,183,0,183
2026-07-29,3,Pack,196,196,207,11,232
2026-07-29,3,Pick,207,203,203,0,0
2026-07-30,1,Dispatch,224,190,190,0,190
2026-07-30,1,Pack,234,209,209,0,209
2026-07-30,1,Pick,259,224,224,0,17
2026-07-30,2,Dispatch,247,247,2490,2243,3406
2026-07-30,2,Pack,255,255,474,219,583
2026-07-30,2,Pick,209,209,209,0,0
2026-07-30,3,Dispatch,202,196,196,0,196
2026-07-30,3,Pack,200,200,214,14,211
2026-07-30,3,Pick,215,215,231,16,0
2026-07-31,1,Dispatch,213,209,209,0,209
2026-07-31,1,Pack,233,224,224,0,224
2026-07-31,1,Pick,207,195,202,7,0
2026-07-31,2,Dispatch,234,234,2498,2264,3183
2026-07-31,2,Pack,255,255,428,173,514
2026-07-31,2,Pick,266,227,227,0,0
2026-07-31,3,Dispatch,250,200,200,0,200
2026-07-31,3,Pack,186,186,229,43,200
2026-07-31,3,Pick,240,191,191,0,16
2026-08-03,1,Dispatch,201,201,224,23,603
2026-08-03,1,Pack,206,195,195,0,585
2026-08-03,1,Pick,263,169,176,7,0
2026-08-03,2,Dispatch,261,261,2519,2258,3617
2026-08-03,2,Pack,255,255,400,145,938
2026-08-03,2,Pick,229,157,157,0,0
2026-08-03,3,Dispatch,214,186,186,0,558
2026-08-03,3,Pack,216,216,234,18,691
2026-08-03,3,Pick,220,194,207,13,0
2026-08-04,1,Dispatch,208,208,218,10,277
2026-08-04,1,Pack,183,169,169,0,169
2026-08-04,1,Pick,229,206,250,44,0
2026-08-04,2,Dispatch,249,249,2513,2264,3455
2026-08-04,2,Pack,255,255,302,47,690
2026-08-04,2,Pick,245,163,163,0,0
2026-08-04,3,Dispatch,257,216,216,0,216
2026-08-04,3,Pack,237,212,212,0,266
2026-08-04,3,Pick,254,190,203,13,0
2026-08-05,1,Dispatch,230,179,179,0,189
2026-08-05,1,Pack,238,206,206,0,206
2026-08-05,1,Pick,220,163,205,42,2
2026-08-05,2,Dispatch,255,255,2519,2264,3539
2026-08-05,2,Pack,255,210,210,0,257
2026-08-05,2,Pick,226,180,180,0,0
2026-08-05,3,Dispatch,250,212,212,0,212
2026-08-05,3,Pack,186,186,190,4,186
2026-08-05,3,Pick,240,194,229,35,0
2026-08-06,1,Dispatch,214,206,206,0,206
2026-08-06,1,Pack,185,163,163,0,163
2026-08-06,1,Pick,259,203,245,42,0
2026-08-06,2,Dispatch,231,231,2474,2243,3227
2026-08-06,2,Pack,255,180,180,0,180
2026-08-06,2,Pick,229,190,190,0,0
2026-08-06,3,Dispatch,252,186,186,0,186
2026-08-06,3,Pack,184,184,198,14,188
2026-08-06,3,Pick,260,180,215,35,0
2026-08-07,1,Dispatch,214,163,163,0,163
2026-08-07,1,Pack,186,186,203,17,186
2026-08-07,1,Pick,238,238,285,47,0
2026-08-07,2,Dispatch,221,221,2423,2202,3094
2026-08-07,2,Pack,255,190,190,0,190
2026-08-07,2,Pick,252,226,260,34,0
2026-08-07,3,Dispatch,237,184,184,0,184
2026-08-07,3,Pack,232,194,194,0,208
2026-08-07,3,Pick,266,231,266,35,0
2026-08-10,1,Dispatch,241,186,186,0,558
2026-08-10,1,Pack,215,215,255,40,662
2026-08-10,1,Pick,256,254,254,0,295
2026-08-10,2,Dispatch,262,262,2392,2130,3749
2026-08-10,2,Pack,255,226,226,0,678
2026-08-10,2,Pick,246,187,212,25,69
2026-08-10,3,Dispatch,243,194,194,0,582
2026-08-10,3,Pack,218,218,231,13,654
2026-08-10,3,Pick,221,221,256,35,201
2026-08-11,1,Dispatch,251,215,215,0,215
2026-08-11,1,Pack,235,235,294,59,355
2026-08-11,1,Pick,224,184,184,0,0
2026-08-11,2,Dispatch,218,218,2356,2138,3072
2026-08-11,2,Pack,255,187,187,0,187
2026-08-11,2,Pick,245,147,179,32,0
2026-08-11,3,Dispatch,222,218,218,0,218
2026-08-11,3,Pack,207,207,234,27,246
2026-08-11,3,Pick,216,216,267,51,27
2026-08-12,1,Dispatch,247,235,235,0,235
2026-08-12,1,Pack,236,236,243,7,295
2026-08-12,1,Pick,249,175,175,0,0
2026-08-12,2,Dispatch,247,247,2325,2078,3515
2026-08-12,2,Pack,255,147,147,0,147
2026-08-12,2,Pick,256,157,202,45,0
2026-08-12,3,Dispatch,243,207,207,0,207
2026-08-12,3,Pack,236,236,243,7,263
2026-08-12,3,Pick,221,216,224,8,43
2026-08-13,1,Dispatch,249,236,236,0,236
2026-08-13,1,Pack,226,182,182,0,189
2026-08-13,1,Pick,245,202,202,0,0
2026-08-13,2,Dispatch,230,230,2225,1995,3285
2026-08-13,2,Pack,255,157,157,0,157
2026-08-13,2,Pick,266,167,205,38,14
2026-08-13,3,Dispatch,256,236,236,0,236
2026-08-13,3,Pack,229,223,223,0,230
2026-08-13,3,Pick,219,150,158,8,0
2026-08-14,1,Dispatch,260,182,182,0,182
2026-08-14,1,Pack,221,202,202,0,202
2026-08-14,1,Pick,246,246,257,11,0
2026-08-14,2,Dispatch,255,255,2152,1897,3660
2026-08-14,2,Pack,255,167,167,0,167
2026-08-14,2,Pick,238,190,228,38,0
2026-08-14,3,Dispatch,216,216,223,7,216
2026-08-14,3,Pack,212,150,150,0,150
2026-08-14,3,Pick,268,156,177,21,0
2026-08-17,1,Dispatch,237,202,202,0,606
2026-08-17,1,Pack,236,236,246,10,708
2026-08-17,1,Pick,253,179,180,1,33
2026-08-17,2,Dispatch,216,216,2064,1848,3294
2026-08-17,2,Pack,255,190,190,0,570
2026-08-17,2,Pick,257,225,240,15,253
2026-08-17,3,Dispatch,240,157,157,0,478
2026-08-17,3,Pack,200,156,156,0,468
2026-08-17,3,Pick,232,214,235,21,0
2026-08-18,1,Dispatch,202,202,236,34,202
2026-08-18,1,Pack,193,189,189,0,219
2026-08-18,1,Pick,223,179,180,1,0
2026-08-18,2,Dispatch,240,240,2038,1798,3489
2026-08-18,2,Pack,255,225,225,0,225
2026-08-18,2,Pick,212,198,213,15,0
2026-08-18,3,Dispatch,229,156,156,0,156
2026-08-18,3,Pack,210,210,214,4,210
2026-08-18,3,Pick,229,191,213,22,0
2026-08-19,1,Dispatch,252,223,223,0,257
2026-08-19,1,Pack,241,179,179,0,179
2026-08-19,1,Pick,268,226,227,1,0
2026-08-19,2,Dispatch,224,224,2023,1799,3280
2026-08-19,2,Pack,255,198,198,0,198
2026-08-19,2,Pick,244,162,177,15,0
2026-08-19,3,Dispatch,227,210,210,0,210
2026-08-19,3,Pack,240,195,195,0,199
2026-08-19,3,Pick,241,228,229,1,137
2026-08-20,1,Dispatch,263,179,179,0,179
2026-08-20,1,Pack,237,226,226,0,226
2026-08-20,1,Pick,248,201,202,1,0
2026-08-20,2,Dispatch,228,228,1997,1769,3322
2026-08-20,2,Pack,255,162,162,0,162
2026-08-20,2,Pick,218,150,165,15,0
2026-08-20,3,Dispatch,247,195,195,0,195
2026-08-20,3,Pack,233,228,228,0,228
2026-08-20,3,Pick,235,175,189,14,2
2026-08-21,1,Dispatch,237,226,226,0,226
2026-08-21,1,Pack,231,201,201,0,201
2026-08-21,1,Pick,218,169,170,1,0
2026-08-21,2,Dispatch,248,248,1931,1683,3554
2026-08-21,2,Pack,255,150,150,0,150
2026-08-21,2,Pick,254,185,224,39,0
2026-08-21,3,Dispatch,218,218,228,10,218
2026-08-21,3,Pack,198,175,175,0,175
2026-08-21,3,Pick,259,133,166,33,0
2026-08-24,1,Dispatch,241,201,201,0,603
2026-08-24,1,Pack,215,169,169,0,507
2026-08-24,1,Pick,215,215,230,15,0
2026-08-24,2,Dispatch,257,257,1833,1576,3663
2026-08-24,2,Pack,255,185,185,0,555
2026-08-24,2,Pick,247,181,249,68,77
2026-08-24,3,Dispatch,211,185,185,0,565
2026-08-24,3,Pack,236,133,133,0,399
2026-08-24,3,Pick,221,206,218,12,65
2026-08-25,1,Dispatch,251,169,169,0,169
2026-08-25,1,Pack,230,215,215,0,215
2026-08-25,1,Pick,267,222,232,10,22
2026-08-25,2,Dispatch,225,225,1761,1536,3105
2026-08-25,2,Pack,255,181,181,0,181
2026-08-25,2,Pick,214,190,258,68,0
2026-08-25,3,Dispatch,231,133,133,0,133
2026-08-25,3,Pack,220,206,206,0,206
2026-08-25,3,Pick,251,207,225,18,0
2026-08-26,1,Dispatch,244,215,215,0,215
2026-08-26,1,Pack,196,196,222,26,196
2026-08-26,1,Pick,254,253,281,28,0
2026-08-26,2,Dispatch,233,233,1717,1484,3131
2026-08-26,2,Pack,255,190,190,0,190
2026-08-26,2,Pick,256,136,204,68,0
2026-08-26,3,Dispatch,230,206,206,0,206
2026-08-26,3,Pack,241,207,207,0,207
2026-08-26,3,Pick,262,124,166,42,0
2026-08-27,1,Dispatch,228,196,196,0,196
2026-08-27,1,Pack,207,207,279,72,233
2026-08-27,1,Pick,206,184,243,59,0
2026-08-27,2,Dispatch,257,257,1674,1417,3175
2026-08-27,2,Pack,255,136,136,0,136
2026-08-27,2,Pick,252,252,320,68,0
2026-08-27,3,Dispatch,205,205,207,2,205
2026-08-27,3,Pack,239,124,124,0,124
2026-08-27,3,Pick,245,195,237,42,0
2026-08-28,1,Dispatch,251,207,207,0,207
2026-08-28,1,Pack,192,192,256,64,264
2026-08-28,1,Pick,222,222,288,66,97
2026-08-28,2,Dispatch,236,236,1553,1317,2486
2026-08-28,2,Pack,255,252,252,0,252
2026-08-28,2,Pick,218,181,270,89,0
2026-08-28,3,Dispatch,229,126,126,0,128
2026-08-28,3,Pack,235,195,195,0,195
2026-08-28,3,Pick,216,185,239,54,0
2026-08-31,1,Dispatch,260,192,192,0,576
2026-08-31,1,Pack,193,193,286,93,643
2026-08-31,1,Pick,238,224,224,0,198
2026-08-31,2,Dispatch,241,241,1569,1328,3007
2026-08-31,2,Pack,255,181,181,0,543
2026-08-31,2,Pick,206,206,250,44,520
2026-08-31,3,Dispatch,252,195,195,0,585
2026-08-31,3,Pack,206,185,185,0,555
2026-08-31,3,Pick,268,237,240,3,309
